ProteinID,Site,Sequon,Species,TaxonID,GeneName
sp|A0A061ACU2|PIEZ1_CAEEL,96,NRS,Caenorhabditis elegans,6239,pezo-1
sp|A0A061ACU2|PIEZ1_CAEEL,332,NGS,Caenorhabditis elegans,6239,pezo-1
sp|A0A061ACU2|PIEZ1_CAEEL,392,NAS,Caenorhabditis elegans,6239,pezo-1
sp|A0A061ACU2|PIEZ1_CAEEL,440,NTT,Caenorhabditis elegans,6239,pezo-1
sp|A0A061ACU2|PIEZ1_CAEEL,717,NTS,Caenorhabditis elegans,6239,pezo-1
sp|A0A061ACU2|PIEZ1_CAEEL,816,NQT,Caenorhabditis elegans,6239,pezo-1
sp|A0A061ACU2|PIEZ1_CAEEL,908,NCS,Caenorhabditis elegans,6239,pezo-1
sp|A0A061ACU2|PIEZ1_CAEEL,913,NIS,Caenorhabditis elegans,6239,pezo-1
sp|A0A061ACU2|PIEZ1_CAEEL,1088,NLS,Caenorhabditis elegans,6239,pezo-1
sp|A0A061ACU2|PIEZ1_CAEEL,1094,NLS,Caenorhabditis elegans,6239,pezo-1
sp|A0A061ACU2|PIEZ1_CAEEL,1131,NDS,Caenorhabditis elegans,6239,pezo-1
sp|A0A061ACU2|PIEZ1_CAEEL,1211,NST,Caenorhabditis elegans,6239,pezo-1
sp|A0A061ACU2|PIEZ1_CAEEL,1556,NTS,Caenorhabditis elegans,6239,pezo-1
sp|A0A061ACU2|PIEZ1_CAEEL,1646,NLS,Caenorhabditis elegans,6239,pezo-1
sp|A0A061ACU2|PIEZ1_CAEEL,1737,NLT,Caenorhabditis elegans,6239,pezo-1
sp|A0A061ACU2|PIEZ1_CAEEL,1921,NMT,Caenorhabditis elegans,6239,pezo-1
sp|A0A061ACU2|PIEZ1_CAEEL,2181,NTS,Caenorhabditis elegans,6239,pezo-1
sp|A0A061ACU2|PIEZ1_CAEEL,2273,NTT,Caenorhabditis elegans,6239,pezo-1
sp|A0A061ACU2|PIEZ1_CAEEL,2325,NTT,Caenorhabditis elegans,6239,pezo-1
sp|A0A061AE05|PAPSH_CAEEL,31,NIT,Caenorhabditis elegans,6239,pps-1
sp|A0A061AE05|PAPSH_CAEEL,333,NQS,Caenorhabditis elegans,6239,pps-1
sp|A0A061AE05|PAPSH_CAEEL,614,NIS,Caenorhabditis elegans,6239,pps-1
sp|A0A0K3AUE4|SEA2_CAEEL,53,NTT,Caenorhabditis elegans,6239,sea-2
sp|A0A0K3AUE4|SEA2_CAEEL,279,NRS,Caenorhabditis elegans,6239,sea-2
sp|A0A0K3AUE4|SEA2_CAEEL,347,NAS,Caenorhabditis elegans,6239,sea-2
sp|A0A0K3AUE4|SEA2_CAEEL,374,NVS,Caenorhabditis elegans,6239,sea-2
sp|A0A0K3AUE4|SEA2_CAEEL,476,NST,Caenorhabditis elegans,6239,sea-2
sp|A0A0K3AUE4|SEA2_CAEEL,480,NLT,Caenorhabditis elegans,6239,sea-2
sp|A0A0K3AUE4|SEA2_CAEEL,835,NST,Caenorhabditis elegans,6239,sea-2
sp|A0A0K3AUE4|SEA2_CAEEL,1204,NRS,Caenorhabditis elegans,6239,sea-2
sp|A0A0K3AUE4|SEA2_CAEEL,1563,NLS,Caenorhabditis elegans,6239,sea-2
sp|A0A0K3AUE4|SEA2_CAEEL,1667,NLT,Caenorhabditis elegans,6239,sea-2
sp|A0A0K3AUE4|SEA2_CAEEL,1778,NKT,Caenorhabditis elegans,6239,sea-2
sp|A0A0K3AUE4|SEA2_CAEEL,1836,NFS,Caenorhabditis elegans,6239,sea-2
sp|A0A0K3AUE4|SEA2_CAEEL,1958,NYT,Caenorhabditis elegans,6239,sea-2
sp|A0A0K3AV08|MLK1_CAEEL,414,NLS,Caenorhabditis elegans,6239,mlk-1
sp|A0A0K3AV08|MLK1_CAEEL,641,NHS,Caenorhabditis elegans,6239,mlk-1
sp|A0A0K3AV08|MLK1_CAEEL,726,NTT,Caenorhabditis elegans,6239,mlk-1
sp|A0A0K3AV08|MLK1_CAEEL,745,NQT,Caenorhabditis elegans,6239,mlk-1
sp|A0A0K3AV08|MLK1_CAEEL,804,NSS,Caenorhabditis elegans,6239,mlk-1
sp|A0A0K3AV08|MLK1_CAEEL,872,NIS,Caenorhabditis elegans,6239,mlk-1
sp|A0A0K3AV08|MLK1_CAEEL,888,NQS,Caenorhabditis elegans,6239,mlk-1
sp|A0A0K3AV08|MLK1_CAEEL,1050,NSS,Caenorhabditis elegans,6239,mlk-1
sp|A0A0K3AWM6|MOM5_CAEEL,51,NQT,Caenorhabditis elegans,6239,mom-5
sp|A0A0K3AWM6|MOM5_CAEEL,149,NSS,Caenorhabditis elegans,6239,mom-5
sp|A0A0K3AWM6|MOM5_CAEEL,439,NIS,Caenorhabditis elegans,6239,mom-5
sp|A0A0K3AXH1|ARID1_CAEEL,523,NGS,Caenorhabditis elegans,6239,arid-1
sp|A0A0K3AXH1|ARID1_CAEEL,640,NES,Caenorhabditis elegans,6239,arid-1
sp|A0A0K3AXH1|ARID1_CAEEL,912,NTT,Caenorhabditis elegans,6239,arid-1
sp|A0A131MCZ8|CNNM3_CAEEL,31,NST,Caenorhabditis elegans,6239,cnnm-3
sp|A0A131MCZ8|CNNM3_CAEEL,42,NSS,Caenorhabditis elegans,6239,cnnm-3
sp|A0A131MCZ8|CNNM3_CAEEL,676,NQS,Caenorhabditis elegans,6239,cnnm-3
sp|A0A131MCZ8|CNNM3_CAEEL,692,NNS,Caenorhabditis elegans,6239,cnnm-3
sp|A0A131MCZ8|CNNM3_CAEEL,724,NSS,Caenorhabditis elegans,6239,cnnm-3
sp|A0A131MCZ8|CNNM3_CAEEL,731,NNT,Caenorhabditis elegans,6239,cnnm-3
sp|A0A131MCZ8|CNNM3_CAEEL,761,NGS,Caenorhabditis elegans,6239,cnnm-3
sp|A0A163UT06|SET17_CAEEL,123,NLS,Caenorhabditis elegans,6239,set-17
sp|A0A1C3NSL9|AJM1_CAEEL,123,NAS,Caenorhabditis elegans,6239,ajm-1
sp|A0A1C3NSL9|AJM1_CAEEL,144,NES,Caenorhabditis elegans,6239,ajm-1
sp|A0A1C3NSL9|AJM1_CAEEL,207,NTT,Caenorhabditis elegans,6239,ajm-1
sp|A0A1C3NSL9|AJM1_CAEEL,260,NYS,Caenorhabditis elegans,6239,ajm-1
sp|A0A1C3NSL9|AJM1_CAEEL,283,NQS,Caenorhabditis elegans,6239,ajm-1
sp|A0A1C3NSL9|AJM1_CAEEL,476,NLS,Caenorhabditis elegans,6239,ajm-1
sp|A0A1C3NSL9|AJM1_CAEEL,1002,NGS,Caenorhabditis elegans,6239,ajm-1
sp|A0A1C3NSL9|AJM1_CAEEL,1070,NET,Caenorhabditis elegans,6239,ajm-1
sp|A0A1C3NSL9|AJM1_CAEEL,1252,NGT,Caenorhabditis elegans,6239,ajm-1
sp|A0A1C3NSL9|AJM1_CAEEL,1363,NFT,Caenorhabditis elegans,6239,ajm-1
sp|A0A1C3NSL9|AJM1_CAEEL,1418,NYS,Caenorhabditis elegans,6239,ajm-1
sp|A0A1C3NSL9|AJM1_CAEEL,1483,NHS,Caenorhabditis elegans,6239,ajm-1
sp|A0A5E4M3Q4|SYD9_CAEEL,107,NLT,Caenorhabditis elegans,6239,syd-9
sp|A0A5E4M3Q4|SYD9_CAEEL,147,NGS,Caenorhabditis elegans,6239,syd-9
sp|A0A5E4M3Q4|SYD9_CAEEL,322,NIS,Caenorhabditis elegans,6239,syd-9
sp|A0A5E4M3Q4|SYD9_CAEEL,341,NAS,Caenorhabditis elegans,6239,syd-9
sp|A0A5E4M3Q4|SYD9_CAEEL,432,NAS,Caenorhabditis elegans,6239,syd-9
sp|A0A5E4M3Q4|SYD9_CAEEL,509,NFS,Caenorhabditis elegans,6239,syd-9
sp|A0A5S9MMK5|FPEB1_CAEEL,343,NLS,Caenorhabditis elegans,6239,peb-1
sp|A3QM97|CNNM1_CAEEL,20,NVT,Caenorhabditis elegans,6239,cnnm-1
sp|A3QM97|CNNM1_CAEEL,49,NST,Caenorhabditis elegans,6239,cnnm-1
sp|A3QM97|CNNM1_CAEEL,60,NNT,Caenorhabditis elegans,6239,cnnm-1
sp|A3QM97|CNNM1_CAEEL,122,NCS,Caenorhabditis elegans,6239,cnnm-1
sp|A3QM97|CNNM1_CAEEL,435,NVT,Caenorhabditis elegans,6239,cnnm-1
sp|A3QM97|CNNM1_CAEEL,453,NFT,Caenorhabditis elegans,6239,cnnm-1
sp|A3QM97|CNNM1_CAEEL,472,NDT,Caenorhabditis elegans,6239,cnnm-1
sp|A3QM97|CNNM1_CAEEL,745,NSS,Caenorhabditis elegans,6239,cnnm-1
sp|A3QM97|CNNM1_CAEEL,752,NLS,Caenorhabditis elegans,6239,cnnm-1
sp|A5JYS0|PCS1_CAEEL,248,NDS,Caenorhabditis elegans,6239,pcs-1
sp|A5JYW9|SIN3_CAEEL,25,NAT,Caenorhabditis elegans,6239,sin-3
sp|A5JYW9|SIN3_CAEEL,196,NLT,Caenorhabditis elegans,6239,sin-3
sp|A5JYW9|SIN3_CAEEL,612,NGS,Caenorhabditis elegans,6239,sin-3
sp|A5JYW9|SIN3_CAEEL,831,NDT,Caenorhabditis elegans,6239,sin-3
sp|A5JYW9|SIN3_CAEEL,876,NRT,Caenorhabditis elegans,6239,sin-3
sp|A5JYW9|SIN3_CAEEL,908,NAS,Caenorhabditis elegans,6239,sin-3
sp|A5JYW9|SIN3_CAEEL,964,NRT,Caenorhabditis elegans,6239,sin-3
sp|A5JYW9|SIN3_CAEEL,1013,NNS,Caenorhabditis elegans,6239,sin-3
sp|A5JYW9|SIN3_CAEEL,1126,NES,Caenorhabditis elegans,6239,sin-3
sp|A5JYX5|DHS3_CAEEL,106,NRT,Caenorhabditis elegans,6239,dhs-3
sp|A5JYX5|DHS3_CAEEL,201,NDS,Caenorhabditis elegans,6239,dhs-3
sp|A5JYX8|NCLN_CAEEL,28,NGS,Caenorhabditis elegans,6239,nra-2
sp|A5JYX8|NCLN_CAEEL,232,NGS,Caenorhabditis elegans,6239,nra-2
sp|A7DTF0|MRG1_CAEEL,211,NVT,Caenorhabditis elegans,6239,mrg-1
sp|A8WFJ9|ETS4_CAEEL,2,NGT,Caenorhabditis elegans,6239,ets-4
sp|A8WFJ9|ETS4_CAEEL,164,NCS,Caenorhabditis elegans,6239,ets-4
sp|A8WFJ9|ETS4_CAEEL,242,NQT,Caenorhabditis elegans,6239,ets-4
sp|A8WFJ9|ETS4_CAEEL,266,NMS,Caenorhabditis elegans,6239,ets-4
sp|A8WFJ9|ETS4_CAEEL,290,NGS,Caenorhabditis elegans,6239,ets-4
sp|A8WFJ9|ETS4_CAEEL,306,NNS,Caenorhabditis elegans,6239,ets-4
sp|A8WFJ9|ETS4_CAEEL,331,NGS,Caenorhabditis elegans,6239,ets-4
sp|A8WFJ9|ETS4_CAEEL,396,NRS,Caenorhabditis elegans,6239,ets-4
sp|B1Q236|SYG1_CAEEL,93,NVT,Caenorhabditis elegans,6239,syg-1
sp|B1Q236|SYG1_CAEEL,206,NET,Caenorhabditis elegans,6239,syg-1
sp|B1Q236|SYG1_CAEEL,216,NNS,Caenorhabditis elegans,6239,syg-1
sp|B1Q236|SYG1_CAEEL,230,NLS,Caenorhabditis elegans,6239,syg-1
sp|B1Q236|SYG1_CAEEL,273,NLT,Caenorhabditis elegans,6239,syg-1
sp|B1Q236|SYG1_CAEEL,285,NGS,Caenorhabditis elegans,6239,syg-1
sp|B1Q236|SYG1_CAEEL,404,NLT,Caenorhabditis elegans,6239,syg-1
sp|B1Q236|SYG1_CAEEL,419,NCT,Caenorhabditis elegans,6239,syg-1
sp|B1Q236|SYG1_CAEEL,518,NCS,Caenorhabditis elegans,6239,syg-1
sp|B1Q236|SYG1_CAEEL,654,NNS,Caenorhabditis elegans,6239,syg-1
sp|B1Q257|GCY10_CAEEL,411,NKT,Caenorhabditis elegans,6239,odr-1
sp|B1Q257|GCY10_CAEEL,733,NAT,Caenorhabditis elegans,6239,odr-1
sp|B1V8A0|SH3GH_CAEEL,261,NES,Caenorhabditis elegans,6239,unc-57
sp|B1V8A0|SH3GH_CAEEL,281,NST,Caenorhabditis elegans,6239,unc-57
sp|B2D6K9|PPH6R_CAEEL,20,NFT,Caenorhabditis elegans,6239,saps-1
sp|B2D6K9|PPH6R_CAEEL,358,NGS,Caenorhabditis elegans,6239,saps-1
sp|B2D6K9|PPH6R_CAEEL,522,NDS,Caenorhabditis elegans,6239,saps-1
sp|B2D6K9|PPH6R_CAEEL,532,NDS,Caenorhabditis elegans,6239,saps-1
sp|B2D6K9|PPH6R_CAEEL,538,NDS,Caenorhabditis elegans,6239,saps-1
sp|B2D6K9|PPH6R_CAEEL,602,NSS,Caenorhabditis elegans,6239,saps-1
sp|B2D6K9|PPH6R_CAEEL,750,NNS,Caenorhabditis elegans,6239,saps-1
sp|B2D6M2|LIN61_CAEEL,92,NCT,Caenorhabditis elegans,6239,lin-61
sp|B2D6M2|LIN61_CAEEL,168,NLT,Caenorhabditis elegans,6239,lin-61
sp|B2D6M2|LIN61_CAEEL,309,NYS,Caenorhabditis elegans,6239,lin-61
sp|B2D6M2|LIN61_CAEEL,312,NST,Caenorhabditis elegans,6239,lin-61
sp|B2D6M2|LIN61_CAEEL,330,NVS,Caenorhabditis elegans,6239,lin-61
sp|B2D6M2|LIN61_CAEEL,481,NNT,Caenorhabditis elegans,6239,lin-61
sp|B2D6P4|TBPL1_CAEEL,34,NAT,Caenorhabditis elegans,6239,tlf-1
sp|B2D6P4|TBPL1_CAEEL,276,NYT,Caenorhabditis elegans,6239,tlf-1
sp|B2D6P4|TBPL1_CAEEL,294,NVT,Caenorhabditis elegans,6239,tlf-1
sp|B2FDA8|SMC3_CAEEL,19,NVS,Caenorhabditis elegans,6239,smc-3
sp|B2FDA8|SMC3_CAEEL,34,NGS,Caenorhabditis elegans,6239,smc-3
sp|B2FDA8|SMC3_CAEEL,607,NNS,Caenorhabditis elegans,6239,smc-3
sp|B2FDA8|SMC3_CAEEL,788,NMS,Caenorhabditis elegans,6239,smc-3
sp|B3WFY8|DYF5_CAEEL,141,NGT,Caenorhabditis elegans,6239,dyf-5
sp|B3WFY8|DYF5_CAEEL,283,NQS,Caenorhabditis elegans,6239,dyf-5
sp|B3WFY8|DYF5_CAEEL,339,NVS,Caenorhabditis elegans,6239,dyf-5
sp|B3WFY8|DYF5_CAEEL,459,NQT,Caenorhabditis elegans,6239,dyf-5
sp|B3WFY8|DYF5_CAEEL,463,NHS,Caenorhabditis elegans,6239,dyf-5
sp|B3WFY8|DYF5_CAEEL,467,NNS,Caenorhabditis elegans,6239,dyf-5
sp|B6VQ60|BRCA1_CAEEL,217,NST,Caenorhabditis elegans,6239,brc-1
sp|B6VQ60|BRCA1_CAEEL,347,NVT,Caenorhabditis elegans,6239,brc-1
sp|B6VQ60|BRCA1_CAEEL,549,NLS,Caenorhabditis elegans,6239,brc-1
sp|B7FAS6|SAM10_CAEEL,60,NST,Caenorhabditis elegans,6239,sam-10
sp|B7WN72|SHANK_CAEEL,676,NRS,Caenorhabditis elegans,6239,shn-1
sp|B7WN72|SHANK_CAEEL,693,NCS,Caenorhabditis elegans,6239,shn-1
sp|B7WN72|SHANK_CAEEL,897,NNS,Caenorhabditis elegans,6239,shn-1
sp|B7WN72|SHANK_CAEEL,1013,NMS,Caenorhabditis elegans,6239,shn-1
sp|B7WN96|ELT3_CAEEL,182,NLS,Caenorhabditis elegans,6239,elt-3
sp|B7WN96|ELT3_CAEEL,201,NSS,Caenorhabditis elegans,6239,elt-3
sp|B7WN96|ELT3_CAEEL,213,NFT,Caenorhabditis elegans,6239,elt-3
sp|B7WN96|ELT3_CAEEL,297,NES,Caenorhabditis elegans,6239,elt-3
sp|C6KRL6|ZHP3_CAEEL,54,NIS,Caenorhabditis elegans,6239,zhp-3
sp|C6KRL6|ZHP3_CAEEL,198,NST,Caenorhabditis elegans,6239,zhp-3
sp|C6KRL6|ZHP3_CAEEL,226,NGS,Caenorhabditis elegans,6239,zhp-3
sp|C6KRL6|ZHP3_CAEEL,255,NTS,Caenorhabditis elegans,6239,zhp-3
sp|C6KRL6|ZHP3_CAEEL,284,NKT,Caenorhabditis elegans,6239,zhp-3
sp|C6KRL6|ZHP3_CAEEL,289,NQT,Caenorhabditis elegans,6239,zhp-3
sp|C6KRN1|SAO1_CAEEL,158,NET,Caenorhabditis elegans,6239,sao-1
sp|C7IVR4|PQN41_CAEEL,462,NST,Caenorhabditis elegans,6239,pqn-41
sp|C7IVR4|PQN41_CAEEL,821,NQS,Caenorhabditis elegans,6239,pqn-41
sp|C7IVR4|PQN41_CAEEL,890,NKS,Caenorhabditis elegans,6239,pqn-41
sp|C7IVR4|PQN41_CAEEL,944,NFT,Caenorhabditis elegans,6239,pqn-41
sp|C7IVR4|PQN41_CAEEL,1352,NTS,Caenorhabditis elegans,6239,pqn-41
sp|D0PV95|DDX3_CAEEL,4,NQS,Caenorhabditis elegans,6239,laf-1
sp|D0PV95|DDX3_CAEEL,135,NFS,Caenorhabditis elegans,6239,laf-1
sp|D0PV95|DDX3_CAEEL,333,NES,Caenorhabditis elegans,6239,laf-1
sp|D0VWM8|TADBP_CAEEL,114,NKT,Caenorhabditis elegans,6239,tdp-1
sp|D0VWM8|TADBP_CAEEL,346,NQS,Caenorhabditis elegans,6239,tdp-1
sp|D0Z5N4|E2AKB_CAEEL,193,NGT,Caenorhabditis elegans,6239,gcn-2
sp|D0Z5N4|E2AKB_CAEEL,199,NET,Caenorhabditis elegans,6239,gcn-2
sp|D0Z5N4|E2AKB_CAEEL,352,NST,Caenorhabditis elegans,6239,gcn-2
sp|D0Z5N4|E2AKB_CAEEL,756,NTT,Caenorhabditis elegans,6239,gcn-2
sp|D0Z5N4|E2AKB_CAEEL,1403,NKS,Caenorhabditis elegans,6239,gcn-2
sp|D3KZG3|TMC1_CAEEL,209,NRT,Caenorhabditis elegans,6239,tmc-1
sp|D3KZG3|TMC1_CAEEL,459,NST,Caenorhabditis elegans,6239,tmc-1
sp|D3KZG3|TMC1_CAEEL,541,NGT,Caenorhabditis elegans,6239,tmc-1
sp|D3KZG3|TMC1_CAEEL,645,NET,Caenorhabditis elegans,6239,tmc-1
sp|D3KZG3|TMC1_CAEEL,1083,NNT,Caenorhabditis elegans,6239,tmc-1
sp|D9PTN5|MYRF2_CAEEL,38,NST,Caenorhabditis elegans,6239,myrf-2
sp|D9PTN5|MYRF2_CAEEL,41,NLS,Caenorhabditis elegans,6239,myrf-2
sp|D9PTN5|MYRF2_CAEEL,49,NMT,Caenorhabditis elegans,6239,myrf-2
sp|D9PTN5|MYRF2_CAEEL,224,NTS,Caenorhabditis elegans,6239,myrf-2
sp|D9PTN5|MYRF2_CAEEL,269,NVS,Caenorhabditis elegans,6239,myrf-2
sp|D9PTN5|MYRF2_CAEEL,277,NGS,Caenorhabditis elegans,6239,myrf-2
sp|D9PTN5|MYRF2_CAEEL,356,NYS,Caenorhabditis elegans,6239,myrf-2
sp|D9PTN5|MYRF2_CAEEL,567,NIT,Caenorhabditis elegans,6239,myrf-2
sp|D9PTN5|MYRF2_CAEEL,633,NES,Caenorhabditis elegans,6239,myrf-2
sp|D9PTN5|MYRF2_CAEEL,695,NAS,Caenorhabditis elegans,6239,myrf-2
sp|D9PTN5|MYRF2_CAEEL,999,NRT,Caenorhabditis elegans,6239,myrf-2
sp|D9PTN5|MYRF2_CAEEL,1002,NST,Caenorhabditis elegans,6239,myrf-2
sp|E7EAU8|GCY9_CAEEL,77,NYT,Caenorhabditis elegans,6239,gcy-9
sp|E7EAU8|GCY9_CAEEL,105,NAS,Caenorhabditis elegans,6239,gcy-9
sp|E7EAU8|GCY9_CAEEL,363,NGS,Caenorhabditis elegans,6239,gcy-9
sp|E7EAU8|GCY9_CAEEL,402,NGT,Caenorhabditis elegans,6239,gcy-9
sp|E7EAU8|GCY9_CAEEL,565,NIT,Caenorhabditis elegans,6239,gcy-9
sp|E7EAU8|GCY9_CAEEL,664,NWT,Caenorhabditis elegans,6239,gcy-9
sp|E7EAU8|GCY9_CAEEL,760,NKS,Caenorhabditis elegans,6239,gcy-9
sp|E7EM37|DOPR2_CAEEL,8,NVS,Caenorhabditis elegans,6239,dop-2
sp|E7EM37|DOPR2_CAEEL,358,NST,Caenorhabditis elegans,6239,dop-2
sp|E7EM37|DOPR2_CAEEL,377,NIS,Caenorhabditis elegans,6239,dop-2
sp|E7EM37|DOPR2_CAEEL,418,NSS,Caenorhabditis elegans,6239,dop-2
sp|E7EM37|DOPR2_CAEEL,444,NCT,Caenorhabditis elegans,6239,dop-2
sp|E7EM37|DOPR2_CAEEL,483,NLS,Caenorhabditis elegans,6239,dop-2
sp|E7EM37|DOPR2_CAEEL,487,NYS,Caenorhabditis elegans,6239,dop-2
sp|E7EM37|DOPR2_CAEEL,506,NNS,Caenorhabditis elegans,6239,dop-2
sp|E7EM37|DOPR2_CAEEL,515,NQS,Caenorhabditis elegans,6239,dop-2
sp|E7EM37|DOPR2_CAEEL,836,NST,Caenorhabditis elegans,6239,dop-2
sp|E9P860|ZNFX1_CAEEL,178,NLT,Caenorhabditis elegans,6239,znfx-1
sp|E9P860|ZNFX1_CAEEL,250,NSS,Caenorhabditis elegans,6239,znfx-1
sp|E9P860|ZNFX1_CAEEL,319,NSS,Caenorhabditis elegans,6239,znfx-1
sp|E9P860|ZNFX1_CAEEL,366,NDS,Caenorhabditis elegans,6239,znfx-1
sp|E9P860|ZNFX1_CAEEL,375,NGS,Caenorhabditis elegans,6239,znfx-1
sp|E9P860|ZNFX1_CAEEL,442,NDT,Caenorhabditis elegans,6239,znfx-1
sp|E9P860|ZNFX1_CAEEL,642,NES,Caenorhabditis elegans,6239,znfx-1
sp|E9P860|ZNFX1_CAEEL,778,NGT,Caenorhabditis elegans,6239,znfx-1
sp|E9P860|ZNFX1_CAEEL,865,NGS,Caenorhabditis elegans,6239,znfx-1
sp|E9P860|ZNFX1_CAEEL,882,NTT,Caenorhabditis elegans,6239,znfx-1
sp|E9P860|ZNFX1_CAEEL,1027,NVS,Caenorhabditis elegans,6239,znfx-1
sp|E9P860|ZNFX1_CAEEL,1081,NRS,Caenorhabditis elegans,6239,znfx-1
sp|E9P860|ZNFX1_CAEEL,1537,NLT,Caenorhabditis elegans,6239,znfx-1
sp|E9P860|ZNFX1_CAEEL,1552,NVT,Caenorhabditis elegans,6239,znfx-1
sp|E9P860|ZNFX1_CAEEL,1609,NYT,Caenorhabditis elegans,6239,znfx-1
sp|E9P860|ZNFX1_CAEEL,1709,NNS,Caenorhabditis elegans,6239,znfx-1
sp|E9P860|ZNFX1_CAEEL,1839,NSS,Caenorhabditis elegans,6239,znfx-1
sp|E9P860|ZNFX1_CAEEL,1933,NVT,Caenorhabditis elegans,6239,znfx-1
sp|E9P860|ZNFX1_CAEEL,2076,NCS,Caenorhabditis elegans,6239,znfx-1
sp|E9P860|ZNFX1_CAEEL,2238,NVT,Caenorhabditis elegans,6239,znfx-1
sp|E9P860|ZNFX1_CAEEL,2242,NLT,Caenorhabditis elegans,6239,znfx-1
sp|E9P860|ZNFX1_CAEEL,2245,NAS,Caenorhabditis elegans,6239,znfx-1
sp|F3Y5P4|GRDN_CAEEL,7,NWS,Caenorhabditis elegans,6239,grdn-1
sp|F3Y5P4|GRDN_CAEEL,768,NES,Caenorhabditis elegans,6239,grdn-1
sp|F3Y5P4|GRDN_CAEEL,822,NST,Caenorhabditis elegans,6239,grdn-1
sp|F3Y5P4|GRDN_CAEEL,1023,NRT,Caenorhabditis elegans,6239,grdn-1
sp|F3Y5P4|GRDN_CAEEL,1032,NLS,Caenorhabditis elegans,6239,grdn-1
sp|F3Y5P4|GRDN_CAEEL,1231,NRS,Caenorhabditis elegans,6239,grdn-1
sp|F3Y5P4|GRDN_CAEEL,1241,NSS,Caenorhabditis elegans,6239,grdn-1
sp|F3Y5P4|GRDN_CAEEL,1254,NSS,Caenorhabditis elegans,6239,grdn-1
sp|F3Y5P4|GRDN_CAEEL,1308,NES,Caenorhabditis elegans,6239,grdn-1
sp|F5GUE5|DAF14_CAEEL,94,NIS,Caenorhabditis elegans,6239,daf-14
sp|F5GUE5|DAF14_CAEEL,222,NQT,Caenorhabditis elegans,6239,daf-14
sp|G1FC92|MIG21_CAEEL,44,NFT,Caenorhabditis elegans,6239,mig-21
sp|G1FC92|MIG21_CAEEL,204,NWS,Caenorhabditis elegans,6239,mig-21
sp|G1FC92|MIG21_CAEEL,223,NSS,Caenorhabditis elegans,6239,mig-21
sp|G1FC92|MIG21_CAEEL,279,NYS,Caenorhabditis elegans,6239,mig-21
sp|G4SLH0|TTN1_CAEEL,144,NIS,Caenorhabditis elegans,6239,ttn-1
sp|G4SLH0|TTN1_CAEEL,260,NRS,Caenorhabditis elegans,6239,ttn-1
sp|G4SLH0|TTN1_CAEEL,338,NYT,Caenorhabditis elegans,6239,ttn-1
sp|G4SLH0|TTN1_CAEEL,361,NMT,Caenorhabditis elegans,6239,ttn-1
sp|G4SLH0|TTN1_CAEEL,460,NKS,Caenorhabditis elegans,6239,ttn-1
sp|G4SLH0|TTN1_CAEEL,640,NVT,Caenorhabditis elegans,6239,ttn-1
sp|G4SLH0|TTN1_CAEEL,649,NSS,Caenorhabditis elegans,6239,ttn-1
sp|G4SLH0|TTN1_CAEEL,662,NVT,Caenorhabditis elegans,6239,ttn-1
sp|G4SLH0|TTN1_CAEEL,733,NKT,Caenorhabditis elegans,6239,ttn-1
sp|G4SLH0|TTN1_CAEEL,741,NWT,Caenorhabditis elegans,6239,ttn-1
sp|G4SLH0|TTN1_CAEEL,1028,NSS,Caenorhabditis elegans,6239,ttn-1
sp|G4SLH0|TTN1_CAEEL,1149,NGT,Caenorhabditis elegans,6239,ttn-1
sp|G4SLH0|TTN1_CAEEL,1180,NVS,Caenorhabditis elegans,6239,ttn-1
sp|G4SLH0|TTN1_CAEEL,1535,NDT,Caenorhabditis elegans,6239,ttn-1
sp|G4SLH0|TTN1_CAEEL,1556,NVS,Caenorhabditis elegans,6239,ttn-1
sp|G4SLH0|TTN1_CAEEL,1590,NTS,Caenorhabditis elegans,6239,ttn-1
sp|G4SLH0|TTN1_CAEEL,1806,NTS,Caenorhabditis elegans,6239,ttn-1
sp|G4SLH0|TTN1_CAEEL,2090,NSS,Caenorhabditis elegans,6239,ttn-1
sp|G4SLH0|TTN1_CAEEL,2101,NET,Caenorhabditis elegans,6239,ttn-1
sp|G4SLH0|TTN1_CAEEL,2323,NLT,Caenorhabditis elegans,6239,ttn-1
sp|G4SLH0|TTN1_CAEEL,2488,NST,Caenorhabditis elegans,6239,ttn-1
sp|G4SLH0|TTN1_CAEEL,2495,NAS,Caenorhabditis elegans,6239,ttn-1
sp|G4SLH0|TTN1_CAEEL,2665,NST,Caenorhabditis elegans,6239,ttn-1
sp|G4SLH0|TTN1_CAEEL,2721,NFS,Caenorhabditis elegans,6239,ttn-1
sp|G4SLH0|TTN1_CAEEL,2767,NIS,Caenorhabditis elegans,6239,ttn-1
sp|G4SLH0|TTN1_CAEEL,2869,NVT,Caenorhabditis elegans,6239,ttn-1
sp|G4SLH0|TTN1_CAEEL,2935,NCT,Caenorhabditis elegans,6239,ttn-1
sp|G4SLH0|TTN1_CAEEL,2998,NLT,Caenorhabditis elegans,6239,ttn-1
sp|G4SLH0|TTN1_CAEEL,3234,NQS,Caenorhabditis elegans,6239,ttn-1
sp|G4SLH0|TTN1_CAEEL,3243,NIS,Caenorhabditis elegans,6239,ttn-1
sp|G4SLH0|TTN1_CAEEL,3665,NET,Caenorhabditis elegans,6239,ttn-1
sp|G4SLH0|TTN1_CAEEL,4031,NRT,Caenorhabditis elegans,6239,ttn-1
sp|G4SLH0|TTN1_CAEEL,4210,NET,Caenorhabditis elegans,6239,ttn-1
sp|G4SLH0|TTN1_CAEEL,4403,NSS,Caenorhabditis elegans,6239,ttn-1
sp|G4SLH0|TTN1_CAEEL,4409,NAS,Caenorhabditis elegans,6239,ttn-1
sp|G4SLH0|TTN1_CAEEL,4430,NST,Caenorhabditis elegans,6239,ttn-1
sp|G4SLH0|TTN1_CAEEL,4446,NNT,Caenorhabditis elegans,6239,ttn-1
sp|G4SLH0|TTN1_CAEEL,4494,NVS,Caenorhabditis elegans,6239,ttn-1
sp|G4SLH0|TTN1_CAEEL,4527,NYS,Caenorhabditis elegans,6239,ttn-1
sp|G4SLH0|TTN1_CAEEL,4538,NTT,Caenorhabditis elegans,6239,ttn-1
sp|G4SLH0|TTN1_CAEEL,4552,NQS,Caenorhabditis elegans,6239,ttn-1
sp|G4SLH0|TTN1_CAEEL,4563,NFT,Caenorhabditis elegans,6239,ttn-1
sp|G4SLH0|TTN1_CAEEL,8492,NQS,Caenorhabditis elegans,6239,ttn-1
sp|G4SLH0|TTN1_CAEEL,8812,NMT,Caenorhabditis elegans,6239,ttn-1
sp|G4SLH0|TTN1_CAEEL,9526,NET,Caenorhabditis elegans,6239,ttn-1
sp|G4SLH0|TTN1_CAEEL,10149,NET,Caenorhabditis elegans,6239,ttn-1
sp|G4SLH0|TTN1_CAEEL,10442,NDS,Caenorhabditis elegans,6239,ttn-1
sp|G4SLH0|TTN1_CAEEL,10486,NGS,Caenorhabditis elegans,6239,ttn-1
sp|G4SLH0|TTN1_CAEEL,10628,NTS,Caenorhabditis elegans,6239,ttn-1
sp|G4SLH0|TTN1_CAEEL,10756,NKS,Caenorhabditis elegans,6239,ttn-1
sp|G4SLH0|TTN1_CAEEL,10790,NKS,Caenorhabditis elegans,6239,ttn-1
sp|G4SLH0|TTN1_CAEEL,10833,NES,Caenorhabditis elegans,6239,ttn-1
sp|G4SLH0|TTN1_CAEEL,10892,NKS,Caenorhabditis elegans,6239,ttn-1
sp|G4SLH0|TTN1_CAEEL,10926,NKS,Caenorhabditis elegans,6239,ttn-1
sp|G4SLH0|TTN1_CAEEL,10969,NAS,Caenorhabditis elegans,6239,ttn-1
sp|G4SLH0|TTN1_CAEEL,11094,NQT,Caenorhabditis elegans,6239,ttn-1
sp|G4SLH0|TTN1_CAEEL,11302,NES,Caenorhabditis elegans,6239,ttn-1
sp|G4SLH0|TTN1_CAEEL,11352,NQS,Caenorhabditis elegans,6239,ttn-1
sp|G4SLH0|TTN1_CAEEL,11372,NKS,Caenorhabditis elegans,6239,ttn-1
sp|G4SLH0|TTN1_CAEEL,11423,NKS,Caenorhabditis elegans,6239,ttn-1
sp|G4SLH0|TTN1_CAEEL,11487,NFS,Caenorhabditis elegans,6239,ttn-1
sp|G4SLH0|TTN1_CAEEL,11757,NAS,Caenorhabditis elegans,6239,ttn-1
sp|G4SLH0|TTN1_CAEEL,12234,NVT,Caenorhabditis elegans,6239,ttn-1
sp|G4SLH0|TTN1_CAEEL,12349,NCT,Caenorhabditis elegans,6239,ttn-1
sp|G4SLH0|TTN1_CAEEL,12735,NIT,Caenorhabditis elegans,6239,ttn-1
sp|G4SLH0|TTN1_CAEEL,12837,NKS,Caenorhabditis elegans,6239,ttn-1
sp|G4SLH0|TTN1_CAEEL,14059,NVS,Caenorhabditis elegans,6239,ttn-1
sp|G4SLH0|TTN1_CAEEL,14148,NDT,Caenorhabditis elegans,6239,ttn-1
sp|G4SLH0|TTN1_CAEEL,14261,NVT,Caenorhabditis elegans,6239,ttn-1
sp|G4SLH0|TTN1_CAEEL,14549,NSS,Caenorhabditis elegans,6239,ttn-1
sp|G4SLH0|TTN1_CAEEL,14769,NGT,Caenorhabditis elegans,6239,ttn-1
sp|G4SLH0|TTN1_CAEEL,15126,NES,Caenorhabditis elegans,6239,ttn-1
sp|G4SLH0|TTN1_CAEEL,15252,NTS,Caenorhabditis elegans,6239,ttn-1
sp|G4SLH0|TTN1_CAEEL,15314,NWT,Caenorhabditis elegans,6239,ttn-1
sp|G4SLH0|TTN1_CAEEL,15574,NKT,Caenorhabditis elegans,6239,ttn-1
sp|G4SLH0|TTN1_CAEEL,15822,NYT,Caenorhabditis elegans,6239,ttn-1
sp|G4SLH0|TTN1_CAEEL,15883,NVS,Caenorhabditis elegans,6239,ttn-1
sp|G4SLH0|TTN1_CAEEL,16142,NVS,Caenorhabditis elegans,6239,ttn-1
sp|G4SLH0|TTN1_CAEEL,16421,NTT,Caenorhabditis elegans,6239,ttn-1
sp|G4SLH0|TTN1_CAEEL,16441,NDS,Caenorhabditis elegans,6239,ttn-1
sp|G4SLH0|TTN1_CAEEL,16533,NES,Caenorhabditis elegans,6239,ttn-1
sp|G4SLH0|TTN1_CAEEL,16553,NYS,Caenorhabditis elegans,6239,ttn-1
sp|G4SLH0|TTN1_CAEEL,16713,NCS,Caenorhabditis elegans,6239,ttn-1
sp|G4SLH0|TTN1_CAEEL,16996,NVT,Caenorhabditis elegans,6239,ttn-1
sp|G4SLH0|TTN1_CAEEL,17062,NGS,Caenorhabditis elegans,6239,ttn-1
sp|G4SLH0|TTN1_CAEEL,17315,NGT,Caenorhabditis elegans,6239,ttn-1
sp|G4SLH0|TTN1_CAEEL,17366,NES,Caenorhabditis elegans,6239,ttn-1
sp|G4SLH0|TTN1_CAEEL,17473,NIT,Caenorhabditis elegans,6239,ttn-1
sp|G4SLH0|TTN1_CAEEL,17583,NES,Caenorhabditis elegans,6239,ttn-1
sp|G4SLH0|TTN1_CAEEL,17651,NGT,Caenorhabditis elegans,6239,ttn-1
sp|G4SLH0|TTN1_CAEEL,17698,NVT,Caenorhabditis elegans,6239,ttn-1
sp|G4SLH0|TTN1_CAEEL,17720,NLT,Caenorhabditis elegans,6239,ttn-1
sp|G4SLH0|TTN1_CAEEL,17758,NSS,Caenorhabditis elegans,6239,ttn-1
sp|G4SLH0|TTN1_CAEEL,17844,NVS,Caenorhabditis elegans,6239,ttn-1
sp|G4SLH0|TTN1_CAEEL,17871,NVS,Caenorhabditis elegans,6239,ttn-1
sp|G4SLH0|TTN1_CAEEL,18080,NCT,Caenorhabditis elegans,6239,ttn-1
sp|G4SLH0|TTN1_CAEEL,18136,NES,Caenorhabditis elegans,6239,ttn-1
sp|G4SLH0|TTN1_CAEEL,18304,NQS,Caenorhabditis elegans,6239,ttn-1
sp|G4SLH0|TTN1_CAEEL,18390,NVT,Caenorhabditis elegans,6239,ttn-1
sp|G4SLH0|TTN1_CAEEL,18432,NES,Caenorhabditis elegans,6239,ttn-1
sp|G4SLH0|TTN1_CAEEL,18484,NSS,Caenorhabditis elegans,6239,ttn-1
sp|G5EBF1|SAX3_CAEEL,433,NQT,Caenorhabditis elegans,6239,sax-3
sp|G5EBF1|SAX3_CAEEL,541,NVT,Caenorhabditis elegans,6239,sax-3
sp|G5EBF1|SAX3_CAEEL,664,NST,Caenorhabditis elegans,6239,sax-3
sp|G5EBF1|SAX3_CAEEL,701,NVT,Caenorhabditis elegans,6239,sax-3
sp|G5EBF1|SAX3_CAEEL,765,NLT,Caenorhabditis elegans,6239,sax-3
sp|G5EBF1|SAX3_CAEEL,802,NIT,Caenorhabditis elegans,6239,sax-3
sp|G5EBF1|SAX3_CAEEL,861,NES,Caenorhabditis elegans,6239,sax-3
sp|G5EBF1|SAX3_CAEEL,870,NKS,Caenorhabditis elegans,6239,sax-3
sp|G5EBF1|SAX3_CAEEL,1118,NKT,Caenorhabditis elegans,6239,sax-3
sp|G5EBF1|SAX3_CAEEL,1252,NGT,Caenorhabditis elegans,6239,sax-3
sp|G5EBH0|PLCB_CAEEL,202,NRS,Caenorhabditis elegans,6239,egl-8
sp|G5EBH0|PLCB_CAEEL,352,NSS,Caenorhabditis elegans,6239,egl-8
sp|G5EBH0|PLCB_CAEEL,518,NET,Caenorhabditis elegans,6239,egl-8
sp|G5EBH0|PLCB_CAEEL,572,NTT,Caenorhabditis elegans,6239,egl-8
sp|G5EBH0|PLCB_CAEEL,577,NGS,Caenorhabditis elegans,6239,egl-8
sp|G5EBH0|PLCB_CAEEL,580,NRS,Caenorhabditis elegans,6239,egl-8
sp|G5EBH0|PLCB_CAEEL,620,NFS,Caenorhabditis elegans,6239,egl-8
sp|G5EBH0|PLCB_CAEEL,763,NYT,Caenorhabditis elegans,6239,egl-8
sp|G5EBH0|PLCB_CAEEL,999,NQS,Caenorhabditis elegans,6239,egl-8
sp|G5EBH0|PLCB_CAEEL,1077,NGS,Caenorhabditis elegans,6239,egl-8
sp|G5EBH0|PLCB_CAEEL,1172,NSS,Caenorhabditis elegans,6239,egl-8
sp|G5EBH1|TAT5_CAEEL,53,NAT,Caenorhabditis elegans,6239,tat-5
sp|G5EBH1|TAT5_CAEEL,100,NVT,Caenorhabditis elegans,6239,tat-5
sp|G5EBH1|TAT5_CAEEL,336,NTT,Caenorhabditis elegans,6239,tat-5
sp|G5EBH1|TAT5_CAEEL,353,NLT,Caenorhabditis elegans,6239,tat-5
sp|G5EBH1|TAT5_CAEEL,505,NVT,Caenorhabditis elegans,6239,tat-5
sp|G5EBH1|TAT5_CAEEL,735,NRT,Caenorhabditis elegans,6239,tat-5
sp|G5EBI4|CEEH1_CAEEL,48,NCS,Caenorhabditis elegans,6239,ceeh-1
sp|G5EBI4|CEEH1_CAEEL,177,NLS,Caenorhabditis elegans,6239,ceeh-1
sp|G5EBI4|CEEH1_CAEEL,187,NYS,Caenorhabditis elegans,6239,ceeh-1
sp|G5EBI4|CEEH1_CAEEL,300,NFT,Caenorhabditis elegans,6239,ceeh-1
sp|G5EBK1|PBO4_CAEEL,31,NST,Caenorhabditis elegans,6239,pbo-4
sp|G5EBK1|PBO4_CAEEL,42,NNS,Caenorhabditis elegans,6239,pbo-4
sp|G5EBK1|PBO4_CAEEL,58,NMT,Caenorhabditis elegans,6239,pbo-4
sp|G5EBK1|PBO4_CAEEL,230,NLS,Caenorhabditis elegans,6239,pbo-4
sp|G5EBK1|PBO4_CAEEL,379,NIS,Caenorhabditis elegans,6239,pbo-4
sp|G5EBK1|PBO4_CAEEL,579,NYT,Caenorhabditis elegans,6239,pbo-4
sp|G5EBK1|PBO4_CAEEL,605,NNS,Caenorhabditis elegans,6239,pbo-4
sp|G5EBK1|PBO4_CAEEL,683,NLT,Caenorhabditis elegans,6239,pbo-4
sp|G5EBL2|MES1_CAEEL,23,NST,Caenorhabditis elegans,6239,mes-1
sp|G5EBL2|MES1_CAEEL,62,NNT,Caenorhabditis elegans,6239,mes-1
sp|G5EBL2|MES1_CAEEL,126,NNS,Caenorhabditis elegans,6239,mes-1
sp|G5EBL2|MES1_CAEEL,183,NIT,Caenorhabditis elegans,6239,mes-1
sp|G5EBL2|MES1_CAEEL,214,NFS,Caenorhabditis elegans,6239,mes-1
sp|G5EBL2|MES1_CAEEL,251,NLT,Caenorhabditis elegans,6239,mes-1
sp|G5EBL2|MES1_CAEEL,349,NLS,Caenorhabditis elegans,6239,mes-1
sp|G5EBL2|MES1_CAEEL,372,NVT,Caenorhabditis elegans,6239,mes-1
sp|G5EBL2|MES1_CAEEL,758,NCS,Caenorhabditis elegans,6239,mes-1
sp|G5EBL2|MES1_CAEEL,775,NST,Caenorhabditis elegans,6239,mes-1
sp|G5EBL2|MES1_CAEEL,791,NNS,Caenorhabditis elegans,6239,mes-1
sp|G5EBL2|MES1_CAEEL,843,NYS,Caenorhabditis elegans,6239,mes-1
sp|G5EBL3|SDC2_CAEEL,9,NQS,Caenorhabditis elegans,6239,sdc-2
sp|G5EBL3|SDC2_CAEEL,17,NES,Caenorhabditis elegans,6239,sdc-2
sp|G5EBL3|SDC2_CAEEL,69,NIS,Caenorhabditis elegans,6239,sdc-2
sp|G5EBL3|SDC2_CAEEL,73,NDS,Caenorhabditis elegans,6239,sdc-2
sp|G5EBL3|SDC2_CAEEL,119,NIT,Caenorhabditis elegans,6239,sdc-2
sp|G5EBL3|SDC2_CAEEL,355,NQS,Caenorhabditis elegans,6239,sdc-2
sp|G5EBL3|SDC2_CAEEL,403,NRS,Caenorhabditis elegans,6239,sdc-2
sp|G5EBL3|SDC2_CAEEL,449,NIT,Caenorhabditis elegans,6239,sdc-2
sp|G5EBL3|SDC2_CAEEL,561,NKS,Caenorhabditis elegans,6239,sdc-2
sp|G5EBL3|SDC2_CAEEL,1037,NES,Caenorhabditis elegans,6239,sdc-2
sp|G5EBL3|SDC2_CAEEL,1469,NHT,Caenorhabditis elegans,6239,sdc-2
sp|G5EBL3|SDC2_CAEEL,1484,NYS,Caenorhabditis elegans,6239,sdc-2
sp|G5EBL3|SDC2_CAEEL,1575,NST,Caenorhabditis elegans,6239,sdc-2
sp|G5EBL3|SDC2_CAEEL,1634,NQT,Caenorhabditis elegans,6239,sdc-2
sp|G5EBL3|SDC2_CAEEL,1916,NMT,Caenorhabditis elegans,6239,sdc-2
sp|G5EBL3|SDC2_CAEEL,2097,NDT,Caenorhabditis elegans,6239,sdc-2
sp|G5EBL3|SDC2_CAEEL,2108,NTS,Caenorhabditis elegans,6239,sdc-2
sp|G5EBL3|SDC2_CAEEL,2355,NVS,Caenorhabditis elegans,6239,sdc-2
sp|G5EBL3|SDC2_CAEEL,2410,NQT,Caenorhabditis elegans,6239,sdc-2
sp|G5EBL3|SDC2_CAEEL,2418,NTS,Caenorhabditis elegans,6239,sdc-2
sp|G5EBL3|SDC2_CAEEL,2679,NGT,Caenorhabditis elegans,6239,sdc-2
sp|G5EBM1|CSP1_CAEEL,318,NLT,Caenorhabditis elegans,6239,csp-1
sp|G5EBN9|SNF3_CAEEL,165,NFT,Caenorhabditis elegans,6239,snf-3
sp|G5EBN9|SNF3_CAEEL,273,NAT,Caenorhabditis elegans,6239,snf-3
sp|G5EBQ8|CHS2_CAEEL,82,NFS,Caenorhabditis elegans,6239,chs-2
sp|G5EBQ8|CHS2_CAEEL,268,NKS,Caenorhabditis elegans,6239,chs-2
sp|G5EBQ8|CHS2_CAEEL,396,NQT,Caenorhabditis elegans,6239,chs-2
sp|G5EBQ8|CHS2_CAEEL,664,NKT,Caenorhabditis elegans,6239,chs-2
sp|G5EBQ8|CHS2_CAEEL,1033,NES,Caenorhabditis elegans,6239,chs-2
sp|G5EBQ8|CHS2_CAEEL,1303,NQS,Caenorhabditis elegans,6239,chs-2
sp|G5EBQ8|CHS2_CAEEL,1412,NHT,Caenorhabditis elegans,6239,chs-2
sp|G5EBR3|GLUCL_CAEEL,37,NGT,Caenorhabditis elegans,6239,glc-1
sp|G5EBR3|GLUCL_CAEEL,246,NTS,Caenorhabditis elegans,6239,glc-1
sp|G5EBT1|SMA5_CAEEL,30,NRS,Caenorhabditis elegans,6239,sma-5
sp|G5EBT1|SMA5_CAEEL,258,NSS,Caenorhabditis elegans,6239,sma-5
sp|G5EBT1|SMA5_CAEEL,478,NTS,Caenorhabditis elegans,6239,sma-5
sp|G5EBU3|MMPC_CAEEL,32,NSS,Caenorhabditis elegans,6239,zmp-3
sp|G5EBU3|MMPC_CAEEL,231,NWT,Caenorhabditis elegans,6239,zmp-3
sp|G5EBU4|ZAG1_CAEEL,135,NGT,Caenorhabditis elegans,6239,zag-1
sp|G5EBU4|ZAG1_CAEEL,203,NES,Caenorhabditis elegans,6239,zag-1
sp|G5EBU4|ZAG1_CAEEL,231,NDS,Caenorhabditis elegans,6239,zag-1
sp|G5EBU4|ZAG1_CAEEL,324,NNS,Caenorhabditis elegans,6239,zag-1
sp|G5EBU4|ZAG1_CAEEL,462,NES,Caenorhabditis elegans,6239,zag-1
sp|G5EBV0|EGL9_CAEEL,130,NQT,Caenorhabditis elegans,6239,egl-9
sp|G5EBV0|EGL9_CAEEL,480,NGT,Caenorhabditis elegans,6239,egl-9
sp|G5EBV6|PGL3_CAEEL,67,NDS,Caenorhabditis elegans,6239,pgl-3
sp|G5EBV6|PGL3_CAEEL,192,NVT,Caenorhabditis elegans,6239,pgl-3
sp|G5EBV6|PGL3_CAEEL,377,NET,Caenorhabditis elegans,6239,pgl-3
sp|G5EBV6|PGL3_CAEEL,622,NGT,Caenorhabditis elegans,6239,pgl-3
sp|G5EBX6|EXOSX_CAEEL,195,NIS,Caenorhabditis elegans,6239,crn-3
sp|G5EBX6|EXOSX_CAEEL,588,NDT,Caenorhabditis elegans,6239,crn-3
sp|G5EBX6|EXOSX_CAEEL,854,NKT,Caenorhabditis elegans,6239,crn-3
sp|G5EBX9|PPE_CAEEL,41,NTS,Caenorhabditis elegans,6239,pef-1
sp|G5EBX9|PPE_CAEEL,72,NRS,Caenorhabditis elegans,6239,pef-1
sp|G5EBX9|PPE_CAEEL,477,NNT,Caenorhabditis elegans,6239,pef-1
sp|G5EBY8|UN129_CAEEL,27,NET,Caenorhabditis elegans,6239,unc-129
sp|G5EBY8|UN129_CAEEL,42,NVT,Caenorhabditis elegans,6239,unc-129
sp|G5EBY8|UN129_CAEEL,211,NHT,Caenorhabditis elegans,6239,unc-129
sp|G5EBY8|UN129_CAEEL,395,NYS,Caenorhabditis elegans,6239,unc-129
sp|G5EBZ4|LE418_CAEEL,79,NST,Caenorhabditis elegans,6239,let-418
sp|G5EBZ4|LE418_CAEEL,128,NVS,Caenorhabditis elegans,6239,let-418
sp|G5EBZ4|LE418_CAEEL,450,NDS,Caenorhabditis elegans,6239,let-418
sp|G5EBZ4|LE418_CAEEL,619,NGT,Caenorhabditis elegans,6239,let-418
sp|G5EBZ4|LE418_CAEEL,757,NQS,Caenorhabditis elegans,6239,let-418
sp|G5EBZ4|LE418_CAEEL,1245,NQT,Caenorhabditis elegans,6239,let-418
sp|G5EBZ4|LE418_CAEEL,1254,NES,Caenorhabditis elegans,6239,let-418
sp|G5EBZ4|LE418_CAEEL,1336,NKS,Caenorhabditis elegans,6239,let-418
sp|G5EBZ4|LE418_CAEEL,1417,NGS,Caenorhabditis elegans,6239,let-418
sp|G5EBZ4|LE418_CAEEL,1688,NMT,Caenorhabditis elegans,6239,let-418
sp|G5EBZ4|LE418_CAEEL,1708,NRS,Caenorhabditis elegans,6239,let-418
sp|G5EBZ8|ARK1_CAEEL,451,NGT,Caenorhabditis elegans,6239,ark-1
sp|G5EBZ8|ARK1_CAEEL,740,NYS,Caenorhabditis elegans,6239,ark-1
sp|G5EBZ8|ARK1_CAEEL,760,NRT,Caenorhabditis elegans,6239,ark-1
sp|G5EBZ8|ARK1_CAEEL,899,NET,Caenorhabditis elegans,6239,ark-1
sp|G5EBZ8|ARK1_CAEEL,957,NGS,Caenorhabditis elegans,6239,ark-1
sp|G5EC23|HCF1_CAEEL,11,NYS,Caenorhabditis elegans,6239,hcf-1
sp|G5EC23|HCF1_CAEEL,190,NLS,Caenorhabditis elegans,6239,hcf-1
sp|G5EC23|HCF1_CAEEL,203,NAT,Caenorhabditis elegans,6239,hcf-1
sp|G5EC23|HCF1_CAEEL,314,NIT,Caenorhabditis elegans,6239,hcf-1
sp|G5EC23|HCF1_CAEEL,494,NET,Caenorhabditis elegans,6239,hcf-1
sp|G5EC23|HCF1_CAEEL,565,NVT,Caenorhabditis elegans,6239,hcf-1
sp|G5EC23|HCF1_CAEEL,594,NDS,Caenorhabditis elegans,6239,hcf-1
sp|G5EC23|HCF1_CAEEL,667,NIS,Caenorhabditis elegans,6239,hcf-1
sp|G5EC23|HCF1_CAEEL,683,NQS,Caenorhabditis elegans,6239,hcf-1
sp|G5EC23|HCF1_CAEEL,761,NNS,Caenorhabditis elegans,6239,hcf-1
sp|G5EC24|PTP2_CAEEL,44,NFS,Caenorhabditis elegans,6239,ptp-2
sp|G5EC24|PTP2_CAEEL,153,NGT,Caenorhabditis elegans,6239,ptp-2
sp|G5EC24|PTP2_CAEEL,324,NAS,Caenorhabditis elegans,6239,ptp-2
sp|G5EC24|PTP2_CAEEL,338,NVT,Caenorhabditis elegans,6239,ptp-2
sp|G5EC24|PTP2_CAEEL,611,NAS,Caenorhabditis elegans,6239,ptp-2
sp|G5EC32|SRBS1_CAEEL,14,NSS,Caenorhabditis elegans,6239,sorb-1
sp|G5EC32|SRBS1_CAEEL,69,NSS,Caenorhabditis elegans,6239,sorb-1
sp|G5EC32|SRBS1_CAEEL,137,NES,Caenorhabditis elegans,6239,sorb-1
sp|G5EC32|SRBS1_CAEEL,391,NRS,Caenorhabditis elegans,6239,sorb-1
sp|G5EC32|SRBS1_CAEEL,408,NDS,Caenorhabditis elegans,6239,sorb-1
sp|G5EC32|SRBS1_CAEEL,412,NDS,Caenorhabditis elegans,6239,sorb-1
sp|G5EC32|SRBS1_CAEEL,563,NVT,Caenorhabditis elegans,6239,sorb-1
sp|G5EC32|SRBS1_CAEEL,584,NLS,Caenorhabditis elegans,6239,sorb-1
sp|G5EC32|SRBS1_CAEEL,835,NET,Caenorhabditis elegans,6239,sorb-1
sp|G5EC36|LIM7_CAEEL,94,NQT,Caenorhabditis elegans,6239,lim-7
sp|G5EC36|LIM7_CAEEL,164,NNS,Caenorhabditis elegans,6239,lim-7
sp|G5EC36|LIM7_CAEEL,200,NNS,Caenorhabditis elegans,6239,lim-7
sp|G5EC36|LIM7_CAEEL,223,NNT,Caenorhabditis elegans,6239,lim-7
sp|G5EC36|LIM7_CAEEL,377,NGT,Caenorhabditis elegans,6239,lim-7
sp|G5EC36|LIM7_CAEEL,411,NVT,Caenorhabditis elegans,6239,lim-7
sp|G5EC37|SEPA1_CAEEL,195,NES,Caenorhabditis elegans,6239,sepa-1
sp|G5EC37|SEPA1_CAEEL,272,NAS,Caenorhabditis elegans,6239,sepa-1
sp|G5EC37|SEPA1_CAEEL,500,NVT,Caenorhabditis elegans,6239,sepa-1
sp|G5EC37|SEPA1_CAEEL,589,NGS,Caenorhabditis elegans,6239,sepa-1
sp|G5EC37|SEPA1_CAEEL,597,NTS,Caenorhabditis elegans,6239,sepa-1
sp|G5EC44|MRT2_CAEEL,93,NSS,Caenorhabditis elegans,6239,mrt-2
sp|G5EC44|MRT2_CAEEL,124,NFT,Caenorhabditis elegans,6239,mrt-2
sp|G5EC44|MRT2_CAEEL,252,NAS,Caenorhabditis elegans,6239,mrt-2
sp|G5EC86|MOE1_CAEEL,399,NMT,Caenorhabditis elegans,6239,oma-1
sp|G5EC89|CEH17_CAEEL,62,NTS,Caenorhabditis elegans,6239,ceh-17
sp|G5EC89|CEH17_CAEEL,70,NST,Caenorhabditis elegans,6239,ceh-17
sp|G5EC89|CEH17_CAEEL,83,NTT,Caenorhabditis elegans,6239,ceh-17
sp|G5ECB2|GABR2_CAEEL,274,NQT,Caenorhabditis elegans,6239,gbb-2
sp|G5ECB2|GABR2_CAEEL,279,NCT,Caenorhabditis elegans,6239,gbb-2
sp|G5ECB2|GABR2_CAEEL,327,NNT,Caenorhabditis elegans,6239,gbb-2
sp|G5ECB2|GABR2_CAEEL,366,NSS,Caenorhabditis elegans,6239,gbb-2
sp|G5ECB2|GABR2_CAEEL,605,NSS,Caenorhabditis elegans,6239,gbb-2
sp|G5ECB2|GABR2_CAEEL,643,NDS,Caenorhabditis elegans,6239,gbb-2
sp|G5ECC7|UBP48_CAEEL,175,NET,Caenorhabditis elegans,6239,usp-48
sp|G5ECC7|UBP48_CAEEL,285,NKT,Caenorhabditis elegans,6239,usp-48
sp|G5ECC7|UBP48_CAEEL,339,NNS,Caenorhabditis elegans,6239,usp-48
sp|G5ECC7|UBP48_CAEEL,663,NGT,Caenorhabditis elegans,6239,usp-48
sp|G5ECC7|UBP48_CAEEL,666,NGT,Caenorhabditis elegans,6239,usp-48
sp|G5ECC7|UBP48_CAEEL,669,NSS,Caenorhabditis elegans,6239,usp-48
sp|G5ECC7|UBP48_CAEEL,983,NGS,Caenorhabditis elegans,6239,usp-48
sp|G5ECD6|CHS1_CAEEL,265,NTT,Caenorhabditis elegans,6239,chs-1
sp|G5ECD6|CHS1_CAEEL,297,NSS,Caenorhabditis elegans,6239,chs-1
sp|G5ECD9|AEX2_CAEEL,2,NST,Caenorhabditis elegans,6239,aex-2
sp|G5ECD9|AEX2_CAEEL,9,NVT,Caenorhabditis elegans,6239,aex-2
sp|G5ECD9|AEX2_CAEEL,17,NLT,Caenorhabditis elegans,6239,aex-2
sp|G5ECD9|AEX2_CAEEL,61,NMT,Caenorhabditis elegans,6239,aex-2
sp|G5ECD9|AEX2_CAEEL,198,NLT,Caenorhabditis elegans,6239,aex-2
sp|G5ECD9|AEX2_CAEEL,294,NSS,Caenorhabditis elegans,6239,aex-2
sp|G5ECE3|LAM3_CAEEL,19,NTS,Caenorhabditis elegans,6239,lam-3
sp|G5ECE3|LAM3_CAEEL,135,NIT,Caenorhabditis elegans,6239,lam-3
sp|G5ECE3|LAM3_CAEEL,237,NTS,Caenorhabditis elegans,6239,lam-3
sp|G5ECE3|LAM3_CAEEL,796,NTT,Caenorhabditis elegans,6239,lam-3
sp|G5ECE3|LAM3_CAEEL,991,NDT,Caenorhabditis elegans,6239,lam-3
sp|G5ECE3|LAM3_CAEEL,1027,NFT,Caenorhabditis elegans,6239,lam-3
sp|G5ECE3|LAM3_CAEEL,1076,NIT,Caenorhabditis elegans,6239,lam-3
sp|G5ECE3|LAM3_CAEEL,1164,NCT,Caenorhabditis elegans,6239,lam-3
sp|G5ECE3|LAM3_CAEEL,1288,NRT,Caenorhabditis elegans,6239,lam-3
sp|G5ECE3|LAM3_CAEEL,1717,NFS,Caenorhabditis elegans,6239,lam-3
sp|G5ECE3|LAM3_CAEEL,1734,NES,Caenorhabditis elegans,6239,lam-3
sp|G5ECE3|LAM3_CAEEL,1777,NKS,Caenorhabditis elegans,6239,lam-3
sp|G5ECE3|LAM3_CAEEL,1806,NTT,Caenorhabditis elegans,6239,lam-3
sp|G5ECE3|LAM3_CAEEL,1839,NAT,Caenorhabditis elegans,6239,lam-3
sp|G5ECE3|LAM3_CAEEL,1875,NET,Caenorhabditis elegans,6239,lam-3
sp|G5ECE3|LAM3_CAEEL,1969,NMT,Caenorhabditis elegans,6239,lam-3
sp|G5ECE3|LAM3_CAEEL,1984,NIT,Caenorhabditis elegans,6239,lam-3
sp|G5ECE3|LAM3_CAEEL,2048,NAT,Caenorhabditis elegans,6239,lam-3
sp|G5ECE3|LAM3_CAEEL,2091,NES,Caenorhabditis elegans,6239,lam-3
sp|G5ECE3|LAM3_CAEEL,2193,NST,Caenorhabditis elegans,6239,lam-3
sp|G5ECE3|LAM3_CAEEL,2369,NLT,Caenorhabditis elegans,6239,lam-3
sp|G5ECE3|LAM3_CAEEL,2479,NVS,Caenorhabditis elegans,6239,lam-3
sp|G5ECE3|LAM3_CAEEL,2672,NSS,Caenorhabditis elegans,6239,lam-3
sp|G5ECE3|LAM3_CAEEL,2686,NGT,Caenorhabditis elegans,6239,lam-3
sp|G5ECE3|LAM3_CAEEL,2932,NIT,Caenorhabditis elegans,6239,lam-3
sp|G5ECE3|LAM3_CAEEL,2959,NYT,Caenorhabditis elegans,6239,lam-3
sp|G5ECE3|LAM3_CAEEL,3007,NRS,Caenorhabditis elegans,6239,lam-3
sp|G5ECG0|TACC1_CAEEL,4,NTT,Caenorhabditis elegans,6239,tac-1
sp|G5ECG0|TACC1_CAEEL,20,NGS,Caenorhabditis elegans,6239,tac-1
sp|G5ECG0|TACC1_CAEEL,95,NGT,Caenorhabditis elegans,6239,tac-1
sp|G5ECG2|FOS1_CAEEL,10,NTT,Caenorhabditis elegans,6239,fos-1
sp|G5ECG2|FOS1_CAEEL,99,NIS,Caenorhabditis elegans,6239,fos-1
sp|G5ECG2|FOS1_CAEEL,122,NRT,Caenorhabditis elegans,6239,fos-1
sp|G5ECG2|FOS1_CAEEL,412,NQT,Caenorhabditis elegans,6239,fos-1
sp|G5ECG7|MTP_CAEEL,82,NFS,Caenorhabditis elegans,6239,dsc-4
sp|G5ECG7|MTP_CAEEL,198,NFT,Caenorhabditis elegans,6239,dsc-4
sp|G5ECG7|MTP_CAEEL,259,NRT,Caenorhabditis elegans,6239,dsc-4
sp|G5ECG7|MTP_CAEEL,270,NDT,Caenorhabditis elegans,6239,dsc-4
sp|G5ECH5|PP4R1_CAEEL,203,NTT,Caenorhabditis elegans,6239,ppfr-1
sp|G5ECH5|PP4R1_CAEEL,473,NST,Caenorhabditis elegans,6239,ppfr-1
sp|G5ECH5|PP4R1_CAEEL,615,NSS,Caenorhabditis elegans,6239,ppfr-1
sp|G5ECH5|PP4R1_CAEEL,619,NNS,Caenorhabditis elegans,6239,ppfr-1
sp|G5ECH5|PP4R1_CAEEL,626,NST,Caenorhabditis elegans,6239,ppfr-1
sp|G5ECH5|PP4R1_CAEEL,792,NDS,Caenorhabditis elegans,6239,ppfr-1
sp|G5ECH5|PP4R1_CAEEL,898,NLS,Caenorhabditis elegans,6239,ppfr-1
sp|G5ECH5|PP4R1_CAEEL,911,NGS,Caenorhabditis elegans,6239,ppfr-1
sp|G5ECH5|PP4R1_CAEEL,924,NST,Caenorhabditis elegans,6239,ppfr-1
sp|G5ECH5|PP4R1_CAEEL,963,NMS,Caenorhabditis elegans,6239,ppfr-1
sp|G5ECH5|PP4R1_CAEEL,969,NSS,Caenorhabditis elegans,6239,ppfr-1
sp|G5ECH5|PP4R1_CAEEL,1022,NGS,Caenorhabditis elegans,6239,ppfr-1
sp|G5ECH5|PP4R1_CAEEL,1244,NKT,Caenorhabditis elegans,6239,ppfr-1
sp|G5ECH5|PP4R1_CAEEL,1365,NDS,Caenorhabditis elegans,6239,ppfr-1
sp|G5ECH5|PP4R1_CAEEL,1500,NST,Caenorhabditis elegans,6239,ppfr-1
sp|G5ECH5|PP4R1_CAEEL,1544,NQS,Caenorhabditis elegans,6239,ppfr-1
sp|G5ECH5|PP4R1_CAEEL,1558,NET,Caenorhabditis elegans,6239,ppfr-1
sp|G5ECH7|CDK5_CAEEL,137,NGT,Caenorhabditis elegans,6239,cdk-5
sp|G5ECH7|CDK5_CAEEL,180,NTS,Caenorhabditis elegans,6239,cdk-5
sp|G5ECJ0|GBR1_CAEEL,170,NKT,Caenorhabditis elegans,6239,exp-1
sp|G5ECJ0|GBR1_CAEEL,299,NYS,Caenorhabditis elegans,6239,exp-1
sp|G5ECJ6|CSK1_CAEEL,81,NTT,Caenorhabditis elegans,6239,csk-1
sp|G5ECJ6|CSK1_CAEEL,218,NLT,Caenorhabditis elegans,6239,csk-1
sp|G5ECJ6|CSK1_CAEEL,251,NGS,Caenorhabditis elegans,6239,csk-1
sp|G5ECJ6|CSK1_CAEEL,512,NET,Caenorhabditis elegans,6239,csk-1
sp|G5ECL2|SYNJ_CAEEL,158,NRS,Caenorhabditis elegans,6239,unc-26
sp|G5ECL2|SYNJ_CAEEL,549,NES,Caenorhabditis elegans,6239,unc-26
sp|G5ECL2|SYNJ_CAEEL,588,NAS,Caenorhabditis elegans,6239,unc-26
sp|G5ECL2|SYNJ_CAEEL,728,NLS,Caenorhabditis elegans,6239,unc-26
sp|G5ECL2|SYNJ_CAEEL,1037,NSS,Caenorhabditis elegans,6239,unc-26
sp|G5ECL2|SYNJ_CAEEL,1055,NKS,Caenorhabditis elegans,6239,unc-26
sp|G5ECL4|BRAM2_CAEEL,134,NET,Caenorhabditis elegans,6239,bam-2
sp|G5ECL4|BRAM2_CAEEL,168,NES,Caenorhabditis elegans,6239,bam-2
sp|G5ECL4|BRAM2_CAEEL,217,NQT,Caenorhabditis elegans,6239,bam-2
sp|G5ECL4|BRAM2_CAEEL,487,NIS,Caenorhabditis elegans,6239,bam-2
sp|G5ECL4|BRAM2_CAEEL,617,NTS,Caenorhabditis elegans,6239,bam-2
sp|G5ECL4|BRAM2_CAEEL,756,NVS,Caenorhabditis elegans,6239,bam-2
sp|G5ECN5|STRD1_CAEEL,35,NAT,Caenorhabditis elegans,6239,strd-1
sp|G5ECN9|NEC2_CAEEL,167,NIT,Caenorhabditis elegans,6239,egl-3
sp|G5ECN9|NEC2_CAEEL,290,NAT,Caenorhabditis elegans,6239,egl-3
sp|G5ECN9|NEC2_CAEEL,451,NCS,Caenorhabditis elegans,6239,egl-3
sp|G5ECN9|NEC2_CAEEL,542,NST,Caenorhabditis elegans,6239,egl-3
sp|G5ECP4|PIK1_CAEEL,59,NQS,Caenorhabditis elegans,6239,pik-1
sp|G5ECP4|PIK1_CAEEL,113,NST,Caenorhabditis elegans,6239,pik-1
sp|G5ECP4|PIK1_CAEEL,220,NDT,Caenorhabditis elegans,6239,pik-1
sp|G5ECP4|PIK1_CAEEL,225,NGS,Caenorhabditis elegans,6239,pik-1
sp|G5ECP4|PIK1_CAEEL,271,NGS,Caenorhabditis elegans,6239,pik-1
sp|G5ECQ2|FRIZ2_CAEEL,39,NMT,Caenorhabditis elegans,6239,cfz-2
sp|G5ECQ2|FRIZ2_CAEEL,169,NYS,Caenorhabditis elegans,6239,cfz-2
sp|G5ECQ2|FRIZ2_CAEEL,213,NVT,Caenorhabditis elegans,6239,cfz-2
sp|G5ECQ2|FRIZ2_CAEEL,562,NTS,Caenorhabditis elegans,6239,cfz-2
sp|G5ECQ3|SEL5_CAEEL,224,NTT,Caenorhabditis elegans,6239,sel-5
sp|G5ECQ3|SEL5_CAEEL,387,NIS,Caenorhabditis elegans,6239,sel-5
sp|G5ECQ3|SEL5_CAEEL,525,NVS,Caenorhabditis elegans,6239,sel-5
sp|G5ECQ3|SEL5_CAEEL,581,NNS,Caenorhabditis elegans,6239,sel-5
sp|G5ECQ3|SEL5_CAEEL,898,NTS,Caenorhabditis elegans,6239,sel-5
sp|G5ECQ3|SEL5_CAEEL,1058,NAS,Caenorhabditis elegans,6239,sel-5
sp|G5ECQ3|SEL5_CAEEL,1063,NTS,Caenorhabditis elegans,6239,sel-5
sp|G5ECR9|UNC55_CAEEL,13,NSS,Caenorhabditis elegans,6239,unc-55
sp|G5ECR9|UNC55_CAEEL,94,NET,Caenorhabditis elegans,6239,unc-55
sp|G5ECR9|UNC55_CAEEL,201,NLS,Caenorhabditis elegans,6239,unc-55
sp|G5ECR9|UNC55_CAEEL,218,NGS,Caenorhabditis elegans,6239,unc-55
sp|G5ECT0|PBO5_CAEEL,20,NAT,Caenorhabditis elegans,6239,pbo-5
sp|G5ECT0|PBO5_CAEEL,45,NES,Caenorhabditis elegans,6239,pbo-5
sp|G5ECT0|PBO5_CAEEL,56,NDT,Caenorhabditis elegans,6239,pbo-5
sp|G5ECT0|PBO5_CAEEL,178,NGT,Caenorhabditis elegans,6239,pbo-5
sp|G5ECT0|PBO5_CAEEL,246,NVS,Caenorhabditis elegans,6239,pbo-5
sp|G5ECT0|PBO5_CAEEL,425,NGT,Caenorhabditis elegans,6239,pbo-5
sp|G5ECU1|SKR1_CAEEL,63,NVT,Caenorhabditis elegans,6239,skr-1
sp|G5ECU7|JUN_CAEEL,202,NLT,Caenorhabditis elegans,6239,jun-1
sp|G5ECU7|JUN_CAEEL,314,NNS,Caenorhabditis elegans,6239,jun-1
sp|G5ECX0|LPLT2_CAEEL,132,NVT,Caenorhabditis elegans,6239,lat-2
sp|G5ECX0|LPLT2_CAEEL,298,NLT,Caenorhabditis elegans,6239,lat-2
sp|G5ECX0|LPLT2_CAEEL,533,NCT,Caenorhabditis elegans,6239,lat-2
sp|G5ECX0|LPLT2_CAEEL,609,NFT,Caenorhabditis elegans,6239,lat-2
sp|G5ECX0|LPLT2_CAEEL,716,NTT,Caenorhabditis elegans,6239,lat-2
sp|G5ECX0|LPLT2_CAEEL,811,NAT,Caenorhabditis elegans,6239,lat-2
sp|G5ECX0|LPLT2_CAEEL,864,NSS,Caenorhabditis elegans,6239,lat-2
sp|G5ECX0|LPLT2_CAEEL,956,NRT,Caenorhabditis elegans,6239,lat-2
sp|G5ECX0|LPLT2_CAEEL,996,NRT,Caenorhabditis elegans,6239,lat-2
sp|G5ECX0|LPLT2_CAEEL,1122,NCT,Caenorhabditis elegans,6239,lat-2
sp|G5ECX0|LPLT2_CAEEL,1229,NGT,Caenorhabditis elegans,6239,lat-2
sp|G5ECY0|DLG1_CAEEL,103,NLS,Caenorhabditis elegans,6239,dlg-1
sp|G5ECY0|DLG1_CAEEL,146,NSS,Caenorhabditis elegans,6239,dlg-1
sp|G5ECY0|DLG1_CAEEL,258,NNT,Caenorhabditis elegans,6239,dlg-1
sp|G5ECY0|DLG1_CAEEL,358,NTS,Caenorhabditis elegans,6239,dlg-1
sp|G5ECY0|DLG1_CAEEL,423,NTT,Caenorhabditis elegans,6239,dlg-1
sp|G5ECY0|DLG1_CAEEL,453,NDS,Caenorhabditis elegans,6239,dlg-1
sp|G5ECY0|DLG1_CAEEL,476,NRS,Caenorhabditis elegans,6239,dlg-1
sp|G5ECY0|DLG1_CAEEL,493,NTS,Caenorhabditis elegans,6239,dlg-1
sp|G5ECY0|DLG1_CAEEL,566,NAT,Caenorhabditis elegans,6239,dlg-1
sp|G5ECY0|DLG1_CAEEL,656,NSS,Caenorhabditis elegans,6239,dlg-1
sp|G5ECY0|DLG1_CAEEL,709,NSS,Caenorhabditis elegans,6239,dlg-1
sp|G5ECZ4|DYF2_CAEEL,55,NNT,Caenorhabditis elegans,6239,dyf-2
sp|G5ECZ4|DYF2_CAEEL,341,NLS,Caenorhabditis elegans,6239,dyf-2
sp|G5ECZ4|DYF2_CAEEL,378,NNS,Caenorhabditis elegans,6239,dyf-2
sp|G5ECZ4|DYF2_CAEEL,386,NLT,Caenorhabditis elegans,6239,dyf-2
sp|G5ECZ4|DYF2_CAEEL,425,NNT,Caenorhabditis elegans,6239,dyf-2
sp|G5ECZ4|DYF2_CAEEL,501,NVS,Caenorhabditis elegans,6239,dyf-2
sp|G5ECZ4|DYF2_CAEEL,512,NAT,Caenorhabditis elegans,6239,dyf-2
sp|G5ECZ4|DYF2_CAEEL,1050,NIS,Caenorhabditis elegans,6239,dyf-2
sp|G5ECZ4|DYF2_CAEEL,1189,NKS,Caenorhabditis elegans,6239,dyf-2
sp|G5ED14|PAX5H_CAEEL,154,NKS,Caenorhabditis elegans,6239,egl-38
sp|G5ED14|PAX5H_CAEEL,250,NLS,Caenorhabditis elegans,6239,egl-38
sp|G5ED29|ATX2_CAEEL,29,NTT,Caenorhabditis elegans,6239,atx-2
sp|G5ED29|ATX2_CAEEL,155,NGT,Caenorhabditis elegans,6239,atx-2
sp|G5ED29|ATX2_CAEEL,209,NSS,Caenorhabditis elegans,6239,atx-2
sp|G5ED29|ATX2_CAEEL,246,NNS,Caenorhabditis elegans,6239,atx-2
sp|G5ED29|ATX2_CAEEL,288,NNS,Caenorhabditis elegans,6239,atx-2
sp|G5ED29|ATX2_CAEEL,301,NYS,Caenorhabditis elegans,6239,atx-2
sp|G5ED29|ATX2_CAEEL,425,NES,Caenorhabditis elegans,6239,atx-2
sp|G5ED29|ATX2_CAEEL,472,NVS,Caenorhabditis elegans,6239,atx-2
sp|G5ED29|ATX2_CAEEL,479,NDS,Caenorhabditis elegans,6239,atx-2
sp|G5ED29|ATX2_CAEEL,769,NAS,Caenorhabditis elegans,6239,atx-2
sp|G5ED35|TTR52_CAEEL,103,NAT,Caenorhabditis elegans,6239,ttr-52
sp|G5ED39|SEP1_CAEEL,5,NKS,Caenorhabditis elegans,6239,sep-1
sp|G5ED39|SEP1_CAEEL,22,NVS,Caenorhabditis elegans,6239,sep-1
sp|G5ED39|SEP1_CAEEL,284,NAS,Caenorhabditis elegans,6239,sep-1
sp|G5ED39|SEP1_CAEEL,322,NVT,Caenorhabditis elegans,6239,sep-1
sp|G5ED39|SEP1_CAEEL,581,NYS,Caenorhabditis elegans,6239,sep-1
sp|G5ED39|SEP1_CAEEL,1194,NKS,Caenorhabditis elegans,6239,sep-1
sp|G5ED46|CASY1_CAEEL,206,NFT,Caenorhabditis elegans,6239,casy-1
sp|G5ED46|CASY1_CAEEL,305,NQT,Caenorhabditis elegans,6239,casy-1
sp|G5ED46|CASY1_CAEEL,900,NIT,Caenorhabditis elegans,6239,casy-1
sp|G5ED47|HIZR1_CAEEL,47,NYT,Caenorhabditis elegans,6239,hizr-1
sp|G5ED47|HIZR1_CAEEL,55,NCT,Caenorhabditis elegans,6239,hizr-1
sp|G5ED68|MTMR6_CAEEL,43,NGS,Caenorhabditis elegans,6239,mtm-6
sp|G5ED68|MTMR6_CAEEL,107,NVT,Caenorhabditis elegans,6239,mtm-6
sp|G5ED68|MTMR6_CAEEL,261,NYS,Caenorhabditis elegans,6239,mtm-6
sp|G5ED68|MTMR6_CAEEL,452,NLS,Caenorhabditis elegans,6239,mtm-6
sp|G5ED68|MTMR6_CAEEL,573,NLS,Caenorhabditis elegans,6239,mtm-6
sp|G5EDA5|KSRB_CAEEL,407,NCT,Caenorhabditis elegans,6239,ksr-2
sp|G5EDB2|MADD3_CAEEL,201,NGT,Caenorhabditis elegans,6239,madd-3
sp|G5EDB2|MADD3_CAEEL,410,NLT,Caenorhabditis elegans,6239,madd-3
sp|G5EDB2|MADD3_CAEEL,447,NAT,Caenorhabditis elegans,6239,madd-3
sp|G5EDB2|MADD3_CAEEL,569,NDS,Caenorhabditis elegans,6239,madd-3
sp|G5EDB2|MADD3_CAEEL,584,NVS,Caenorhabditis elegans,6239,madd-3
sp|G5EDB2|MADD3_CAEEL,807,NTS,Caenorhabditis elegans,6239,madd-3
sp|G5EDB9|RPGF_CAEEL,165,NMS,Caenorhabditis elegans,6239,pxf-1
sp|G5EDB9|RPGF_CAEEL,222,NTS,Caenorhabditis elegans,6239,pxf-1
sp|G5EDB9|RPGF_CAEEL,695,NGT,Caenorhabditis elegans,6239,pxf-1
sp|G5EDB9|RPGF_CAEEL,818,NMT,Caenorhabditis elegans,6239,pxf-1
sp|G5EDB9|RPGF_CAEEL,866,NNS,Caenorhabditis elegans,6239,pxf-1
sp|G5EDB9|RPGF_CAEEL,1026,NMS,Caenorhabditis elegans,6239,pxf-1
sp|G5EDB9|RPGF_CAEEL,1061,NAT,Caenorhabditis elegans,6239,pxf-1
sp|G5EDB9|RPGF_CAEEL,1183,NSS,Caenorhabditis elegans,6239,pxf-1
sp|G5EDB9|RPGF_CAEEL,1220,NGT,Caenorhabditis elegans,6239,pxf-1
sp|G5EDB9|RPGF_CAEEL,1448,NSS,Caenorhabditis elegans,6239,pxf-1
sp|G5EDE1|GFI1H_CAEEL,114,NRT,Caenorhabditis elegans,6239,pag-3
sp|G5EDE1|GFI1H_CAEEL,332,NLS,Caenorhabditis elegans,6239,pag-3
sp|G5EDE5|RGMB_CAEEL,60,NDT,Caenorhabditis elegans,6239,drag-1
sp|G5EDE5|RGMB_CAEEL,134,NGS,Caenorhabditis elegans,6239,drag-1
sp|G5EDE5|RGMB_CAEEL,183,NCT,Caenorhabditis elegans,6239,drag-1
sp|G5EDE5|RGMB_CAEEL,376,NQS,Caenorhabditis elegans,6239,drag-1
sp|G5EDF0|GRH1_CAEEL,90,NGS,Caenorhabditis elegans,6239,grh-1
sp|G5EDF0|GRH1_CAEEL,287,NSS,Caenorhabditis elegans,6239,grh-1
sp|G5EDF7|SEK1_CAEEL,38,NES,Caenorhabditis elegans,6239,sek-1
sp|G5EDJ0|FAX1_CAEEL,9,NFS,Caenorhabditis elegans,6239,fax-1
sp|G5EDJ0|FAX1_CAEEL,64,NAS,Caenorhabditis elegans,6239,fax-1
sp|G5EDJ4|SOC1_CAEEL,72,NLS,Caenorhabditis elegans,6239,soc-1
sp|G5EDJ4|SOC1_CAEEL,342,NLS,Caenorhabditis elegans,6239,soc-1
sp|G5EDJ4|SOC1_CAEEL,353,NYS,Caenorhabditis elegans,6239,soc-1
sp|G5EDJ4|SOC1_CAEEL,387,NSS,Caenorhabditis elegans,6239,soc-1
sp|G5EDK5|CELR_CAEEL,381,NVT,Caenorhabditis elegans,6239,fmi-1
sp|G5EDK5|CELR_CAEEL,387,NIT,Caenorhabditis elegans,6239,fmi-1
sp|G5EDK5|CELR_CAEEL,562,NTS,Caenorhabditis elegans,6239,fmi-1
sp|G5EDK5|CELR_CAEEL,587,NVT,Caenorhabditis elegans,6239,fmi-1
sp|G5EDK5|CELR_CAEEL,765,NTS,Caenorhabditis elegans,6239,fmi-1
sp|G5EDK5|CELR_CAEEL,824,NES,Caenorhabditis elegans,6239,fmi-1
sp|G5EDK5|CELR_CAEEL,1030,NAT,Caenorhabditis elegans,6239,fmi-1
sp|G5EDK5|CELR_CAEEL,1262,NNS,Caenorhabditis elegans,6239,fmi-1
sp|G5EDK5|CELR_CAEEL,1444,NTS,Caenorhabditis elegans,6239,fmi-1
sp|G5EDK5|CELR_CAEEL,1789,NTT,Caenorhabditis elegans,6239,fmi-1
sp|G5EDK5|CELR_CAEEL,1965,NCT,Caenorhabditis elegans,6239,fmi-1
sp|G5EDK5|CELR_CAEEL,1992,NAT,Caenorhabditis elegans,6239,fmi-1
sp|G5EDK5|CELR_CAEEL,2152,NTS,Caenorhabditis elegans,6239,fmi-1
sp|G5EDK5|CELR_CAEEL,2195,NLT,Caenorhabditis elegans,6239,fmi-1
sp|G5EDK5|CELR_CAEEL,2228,NMT,Caenorhabditis elegans,6239,fmi-1
sp|G5EDK5|CELR_CAEEL,2588,NTT,Caenorhabditis elegans,6239,fmi-1
sp|G5EDM4|NHRF1_CAEEL,412,NGS,Caenorhabditis elegans,6239,nrfl-1
sp|G5EDM7|DAF5_CAEEL,149,NIT,Caenorhabditis elegans,6239,daf-5
sp|G5EDM7|DAF5_CAEEL,458,NAS,Caenorhabditis elegans,6239,daf-5
sp|G5EDM7|DAF5_CAEEL,499,NVS,Caenorhabditis elegans,6239,daf-5
sp|G5EDN0|ACC3_CAEEL,135,NLS,Caenorhabditis elegans,6239,acc-3
sp|G5EDN0|ACC3_CAEEL,176,NGT,Caenorhabditis elegans,6239,acc-3
sp|G5EDN0|ACC3_CAEEL,225,NWT,Caenorhabditis elegans,6239,acc-3
sp|G5EDN0|ACC3_CAEEL,246,NYS,Caenorhabditis elegans,6239,acc-3
sp|G5EDN0|ACC3_CAEEL,389,NST,Caenorhabditis elegans,6239,acc-3
sp|G5EDN0|ACC3_CAEEL,449,NRS,Caenorhabditis elegans,6239,acc-3
sp|G5EDN3|TIM_CAEEL,286,NSS,Caenorhabditis elegans,6239,tim-1
sp|G5EDN3|TIM_CAEEL,417,NAT,Caenorhabditis elegans,6239,tim-1
sp|G5EDN3|TIM_CAEEL,863,NST,Caenorhabditis elegans,6239,tim-1
sp|G5EDN3|TIM_CAEEL,1006,NLS,Caenorhabditis elegans,6239,tim-1
sp|G5EDR3|2AB1_CAEEL,184,NTS,Caenorhabditis elegans,6239,sur-6
sp|G5EDR3|2AB1_CAEEL,249,NES,Caenorhabditis elegans,6239,sur-6
sp|G5EDR3|2AB1_CAEEL,379,NDS,Caenorhabditis elegans,6239,sur-6
sp|G5EDR3|2AB1_CAEEL,446,NLS,Caenorhabditis elegans,6239,sur-6
sp|G5EDR5|FUTA_CAEEL,194,NMT,Caenorhabditis elegans,6239,fut-1
sp|G5EDR5|FUTA_CAEEL,359,NKT,Caenorhabditis elegans,6239,fut-1
sp|G5EDS1|VAB3_CAEEL,115,NET,Caenorhabditis elegans,6239,vab-3
sp|G5EDS1|VAB3_CAEEL,157,NSS,Caenorhabditis elegans,6239,vab-3
sp|G5EDS1|VAB3_CAEEL,220,NRT,Caenorhabditis elegans,6239,vab-3
sp|G5EDS1|VAB3_CAEEL,293,NGT,Caenorhabditis elegans,6239,vab-3
sp|G5EDS1|VAB3_CAEEL,307,NMT,Caenorhabditis elegans,6239,vab-3
sp|G5EDS1|VAB3_CAEEL,325,NNS,Caenorhabditis elegans,6239,vab-3
sp|G5EDT1|LIN35_CAEEL,65,NES,Caenorhabditis elegans,6239,lin-35
sp|G5EDT1|LIN35_CAEEL,502,NQS,Caenorhabditis elegans,6239,lin-35
sp|G5EDT1|LIN35_CAEEL,739,NQT,Caenorhabditis elegans,6239,lin-35
sp|G5EDT1|LIN35_CAEEL,787,NDT,Caenorhabditis elegans,6239,lin-35
sp|G5EDT1|LIN35_CAEEL,812,NES,Caenorhabditis elegans,6239,lin-35
sp|G5EDU6|OVOLH_CAEEL,30,NNT,Caenorhabditis elegans,6239,lin-48
sp|G5EDU6|OVOLH_CAEEL,40,NSS,Caenorhabditis elegans,6239,lin-48
sp|G5EDU6|OVOLH_CAEEL,171,NDT,Caenorhabditis elegans,6239,lin-48
sp|G5EDU6|OVOLH_CAEEL,267,NSS,Caenorhabditis elegans,6239,lin-48
sp|G5EDW2|LPLT1_CAEEL,4,NKT,Caenorhabditis elegans,6239,lat-1
sp|G5EDW2|LPLT1_CAEEL,473,NLT,Caenorhabditis elegans,6239,lat-1
sp|G5EDW2|LPLT1_CAEEL,518,NKT,Caenorhabditis elegans,6239,lat-1
sp|G5EDW2|LPLT1_CAEEL,817,NSS,Caenorhabditis elegans,6239,lat-1
sp|G5EDW2|LPLT1_CAEEL,837,NSS,Caenorhabditis elegans,6239,lat-1
sp|G5EDW5|ADM2_CAEEL,125,NGS,Caenorhabditis elegans,6239,adm-2
sp|G5EDW5|ADM2_CAEEL,301,NDT,Caenorhabditis elegans,6239,adm-2
sp|G5EDW5|ADM2_CAEEL,406,NGS,Caenorhabditis elegans,6239,adm-2
sp|G5EDW5|ADM2_CAEEL,873,NKT,Caenorhabditis elegans,6239,adm-2
sp|G5EDW5|ADM2_CAEEL,898,NES,Caenorhabditis elegans,6239,adm-2
sp|G5EDW7|LIN8_CAEEL,221,NWS,Caenorhabditis elegans,6239,lin-8
sp|G5EDW7|LIN8_CAEEL,313,NVS,Caenorhabditis elegans,6239,lin-8
sp|G5EDY0|PIKI1_CAEEL,199,NST,Caenorhabditis elegans,6239,piki-1
sp|G5EDY0|PIKI1_CAEEL,207,NQT,Caenorhabditis elegans,6239,piki-1
sp|G5EDY0|PIKI1_CAEEL,234,NSS,Caenorhabditis elegans,6239,piki-1
sp|G5EDY0|PIKI1_CAEEL,256,NAS,Caenorhabditis elegans,6239,piki-1
sp|G5EDY0|PIKI1_CAEEL,378,NKS,Caenorhabditis elegans,6239,piki-1
sp|G5EDY0|PIKI1_CAEEL,1053,NYS,Caenorhabditis elegans,6239,piki-1
sp|G5EDY0|PIKI1_CAEEL,1522,NQS,Caenorhabditis elegans,6239,piki-1
sp|G5EDY0|PIKI1_CAEEL,1544,NYT,Caenorhabditis elegans,6239,piki-1
sp|G5EDZ2|UMPS_CAEEL,226,NLS,Caenorhabditis elegans,6239,umps-1
sp|G5EDZ2|UMPS_CAEEL,430,NWT,Caenorhabditis elegans,6239,umps-1
sp|G5EE01|PTEN_CAEEL,264,NGS,Caenorhabditis elegans,6239,daf-18
sp|G5EE01|PTEN_CAEEL,394,NET,Caenorhabditis elegans,6239,daf-18
sp|G5EE01|PTEN_CAEEL,433,NYT,Caenorhabditis elegans,6239,daf-18
sp|G5EE01|PTEN_CAEEL,552,NES,Caenorhabditis elegans,6239,daf-18
sp|G5EE01|PTEN_CAEEL,883,NGS,Caenorhabditis elegans,6239,daf-18
sp|G5EE06|FUTD_CAEEL,44,NIT,Caenorhabditis elegans,6239,fut-5
sp|G5EE06|FUTD_CAEEL,88,NKT,Caenorhabditis elegans,6239,fut-5
sp|G5EE06|FUTD_CAEEL,105,NET,Caenorhabditis elegans,6239,fut-5
sp|G5EE06|FUTD_CAEEL,143,NWT,Caenorhabditis elegans,6239,fut-5
sp|G5EE06|FUTD_CAEEL,171,NYS,Caenorhabditis elegans,6239,fut-5
sp|G5EE06|FUTD_CAEEL,307,NVT,Caenorhabditis elegans,6239,fut-5
sp|G5EE07|XBP1_CAEEL,122,NES,Caenorhabditis elegans,6239,xbp-1
sp|G5EE07|XBP1_CAEEL,194,NIS,Caenorhabditis elegans,6239,xbp-1
sp|G5EE07|XBP1_CAEEL,207,NNT,Caenorhabditis elegans,6239,xbp-1
sp|G5EE07|XBP1_CAEEL,236,NKS,Caenorhabditis elegans,6239,xbp-1
sp|G5EE07|XBP1_CAEEL,240,NIS,Caenorhabditis elegans,6239,xbp-1
sp|G5EE56|SRC1_CAEEL,51,NGT,Caenorhabditis elegans,6239,src-1
sp|G5EE56|SRC1_CAEEL,339,NGS,Caenorhabditis elegans,6239,src-1
sp|G5EE56|SRC1_CAEEL,438,NFT,Caenorhabditis elegans,6239,src-1
sp|G5EE72|MRP5_CAEEL,560,NGT,Caenorhabditis elegans,6239,mrp-5
sp|G5EE72|MRP5_CAEEL,738,NSS,Caenorhabditis elegans,6239,mrp-5
sp|G5EE72|MRP5_CAEEL,759,NST,Caenorhabditis elegans,6239,mrp-5
sp|G5EE72|MRP5_CAEEL,817,NGT,Caenorhabditis elegans,6239,mrp-5
sp|G5EE72|MRP5_CAEEL,1118,NFS,Caenorhabditis elegans,6239,mrp-5
sp|G5EE72|MRP5_CAEEL,1172,NGT,Caenorhabditis elegans,6239,mrp-5
sp|G5EE72|MRP5_CAEEL,1253,NFS,Caenorhabditis elegans,6239,mrp-5
sp|G5EE72|MRP5_CAEEL,1331,NFT,Caenorhabditis elegans,6239,mrp-5
sp|G5EE86|TTX3_CAEEL,15,NTT,Caenorhabditis elegans,6239,ttx-3
sp|G5EE86|TTX3_CAEEL,32,NSS,Caenorhabditis elegans,6239,ttx-3
sp|G5EE86|TTX3_CAEEL,77,NLT,Caenorhabditis elegans,6239,ttx-3
sp|G5EE86|TTX3_CAEEL,285,NGS,Caenorhabditis elegans,6239,ttx-3
sp|G5EE86|TTX3_CAEEL,330,NLT,Caenorhabditis elegans,6239,ttx-3
sp|G5EE86|TTX3_CAEEL,405,NYT,Caenorhabditis elegans,6239,ttx-3
sp|G5EE96|DIC_CAEEL,129,NDS,Caenorhabditis elegans,6239,slc-25a10
sp|G5EEA1|LIM4_CAEEL,47,NLT,Caenorhabditis elegans,6239,lim-4
sp|G5EEB1|FPR18_CAEEL,247,NVS,Caenorhabditis elegans,6239,frpr-18
sp|G5EEB1|FPR18_CAEEL,316,NYT,Caenorhabditis elegans,6239,frpr-18
sp|G5EEB1|FPR18_CAEEL,345,NSS,Caenorhabditis elegans,6239,frpr-18
sp|G5EEC5|HAM1_CAEEL,338,NNS,Caenorhabditis elegans,6239,ham-1
sp|G5EEC5|HAM1_CAEEL,366,NHT,Caenorhabditis elegans,6239,ham-1
sp|G5EED4|NIPI3_CAEEL,47,NTS,Caenorhabditis elegans,6239,nipi-3
sp|G5EED4|NIPI3_CAEEL,518,NDS,Caenorhabditis elegans,6239,nipi-3
sp|G5EEE1|FUTE_CAEEL,158,NWT,Caenorhabditis elegans,6239,fut-6
sp|G5EEE9|GCY23_CAEEL,336,NET,Caenorhabditis elegans,6239,gcy-23
sp|G5EEE9|GCY23_CAEEL,523,NMS,Caenorhabditis elegans,6239,gcy-23
sp|G5EEE9|GCY23_CAEEL,706,NRT,Caenorhabditis elegans,6239,gcy-23
sp|G5EEE9|GCY23_CAEEL,747,NGT,Caenorhabditis elegans,6239,gcy-23
sp|G5EEE9|GCY23_CAEEL,750,NVS,Caenorhabditis elegans,6239,gcy-23
sp|G5EEE9|GCY23_CAEEL,1067,NFS,Caenorhabditis elegans,6239,gcy-23
sp|G5EEG1|NFYA1_CAEEL,151,NGS,Caenorhabditis elegans,6239,nfya-1
sp|G5EEG1|NFYA1_CAEEL,175,NES,Caenorhabditis elegans,6239,nfya-1
sp|G5EEG1|NFYA1_CAEEL,214,NQS,Caenorhabditis elegans,6239,nfya-1
sp|G5EEG1|NFYA1_CAEEL,288,NGT,Caenorhabditis elegans,6239,nfya-1
sp|G5EEG1|NFYA1_CAEEL,412,NSS,Caenorhabditis elegans,6239,nfya-1
sp|G5EEG7|SMU1_CAEEL,36,NVS,Caenorhabditis elegans,6239,smu-1
sp|G5EEG7|SMU1_CAEEL,414,NRS,Caenorhabditis elegans,6239,smu-1
sp|G5EEG7|SMU1_CAEEL,423,NIS,Caenorhabditis elegans,6239,smu-1
sp|G5EEG9|HLH2_CAEEL,145,NLT,Caenorhabditis elegans,6239,hlh-2
sp|G5EEG9|HLH2_CAEEL,292,NES,Caenorhabditis elegans,6239,hlh-2
sp|G5EEG9|HLH2_CAEEL,339,NQT,Caenorhabditis elegans,6239,hlh-2
sp|G5EEH9|NUP98_CAEEL,5,NKS,Caenorhabditis elegans,6239,npp-10
sp|G5EEH9|NUP98_CAEEL,41,NNS,Caenorhabditis elegans,6239,npp-10
sp|G5EEH9|NUP98_CAEEL,66,NTS,Caenorhabditis elegans,6239,npp-10
sp|G5EEH9|NUP98_CAEEL,80,NQS,Caenorhabditis elegans,6239,npp-10
sp|G5EEH9|NUP98_CAEEL,93,NRS,Caenorhabditis elegans,6239,npp-10
sp|G5EEH9|NUP98_CAEEL,116,NNT,Caenorhabditis elegans,6239,npp-10
sp|G5EEH9|NUP98_CAEEL,161,NGT,Caenorhabditis elegans,6239,npp-10
sp|G5EEH9|NUP98_CAEEL,216,NTT,Caenorhabditis elegans,6239,npp-10
sp|G5EEH9|NUP98_CAEEL,251,NTS,Caenorhabditis elegans,6239,npp-10
sp|G5EEH9|NUP98_CAEEL,268,NTS,Caenorhabditis elegans,6239,npp-10
sp|G5EEH9|NUP98_CAEEL,328,NQS,Caenorhabditis elegans,6239,npp-10
sp|G5EEH9|NUP98_CAEEL,386,NTS,Caenorhabditis elegans,6239,npp-10
sp|G5EEH9|NUP98_CAEEL,443,NTT,Caenorhabditis elegans,6239,npp-10
sp|G5EEH9|NUP98_CAEEL,600,NYT,Caenorhabditis elegans,6239,npp-10
sp|G5EEH9|NUP98_CAEEL,616,NST,Caenorhabditis elegans,6239,npp-10
sp|G5EEH9|NUP98_CAEEL,622,NMS,Caenorhabditis elegans,6239,npp-10
sp|G5EEH9|NUP98_CAEEL,627,NRS,Caenorhabditis elegans,6239,npp-10
sp|G5EEH9|NUP98_CAEEL,649,NGT,Caenorhabditis elegans,6239,npp-10
sp|G5EEH9|NUP98_CAEEL,952,NTS,Caenorhabditis elegans,6239,npp-10
sp|G5EEH9|NUP98_CAEEL,1020,NMT,Caenorhabditis elegans,6239,npp-10
sp|G5EEH9|NUP98_CAEEL,1026,NES,Caenorhabditis elegans,6239,npp-10
sp|G5EEH9|NUP98_CAEEL,1338,NHS,Caenorhabditis elegans,6239,npp-10
sp|G5EEH9|NUP98_CAEEL,1448,NYS,Caenorhabditis elegans,6239,npp-10
sp|G5EEI4|ASP1_CAEEL,71,NIT,Caenorhabditis elegans,6239,asp-1
sp|G5EEK3|NOCA1_CAEEL,100,NTS,Caenorhabditis elegans,6239,noca-1
sp|G5EEK3|NOCA1_CAEEL,110,NSS,Caenorhabditis elegans,6239,noca-1
sp|G5EEK3|NOCA1_CAEEL,240,NQS,Caenorhabditis elegans,6239,noca-1
sp|G5EEK3|NOCA1_CAEEL,294,NNS,Caenorhabditis elegans,6239,noca-1
sp|G5EEK3|NOCA1_CAEEL,308,NGS,Caenorhabditis elegans,6239,noca-1
sp|G5EEK3|NOCA1_CAEEL,368,NGS,Caenorhabditis elegans,6239,noca-1
sp|G5EEK3|NOCA1_CAEEL,514,NAS,Caenorhabditis elegans,6239,noca-1
sp|G5EEK3|NOCA1_CAEEL,557,NGS,Caenorhabditis elegans,6239,noca-1
sp|G5EEK3|NOCA1_CAEEL,561,NLS,Caenorhabditis elegans,6239,noca-1
sp|G5EEK3|NOCA1_CAEEL,771,NMS,Caenorhabditis elegans,6239,noca-1
sp|G5EEK3|NOCA1_CAEEL,793,NSS,Caenorhabditis elegans,6239,noca-1
sp|G5EEK3|NOCA1_CAEEL,804,NMS,Caenorhabditis elegans,6239,noca-1
sp|G5EEK9|VPP2_CAEEL,114,NDS,Caenorhabditis elegans,6239,vha-5
sp|G5EEK9|VPP2_CAEEL,368,NET,Caenorhabditis elegans,6239,vha-5
sp|G5EEK9|VPP2_CAEEL,487,NAS,Caenorhabditis elegans,6239,vha-5
sp|G5EEK9|VPP2_CAEEL,496,NRT,Caenorhabditis elegans,6239,vha-5
sp|G5EEK9|VPP2_CAEEL,565,NHT,Caenorhabditis elegans,6239,vha-5
sp|G5EEK9|VPP2_CAEEL,569,NKS,Caenorhabditis elegans,6239,vha-5
sp|G5EEK9|VPP2_CAEEL,708,NAT,Caenorhabditis elegans,6239,vha-5
sp|G5EEL0|LIDB1_CAEEL,158,NGS,Caenorhabditis elegans,6239,ldb-1
sp|G5EEL0|LIDB1_CAEEL,423,NSS,Caenorhabditis elegans,6239,ldb-1
sp|G5EEL0|LIDB1_CAEEL,570,NYS,Caenorhabditis elegans,6239,ldb-1
sp|G5EEL5|DBL1_CAEEL,2,NDS,Caenorhabditis elegans,6239,dbl-1
sp|G5EEL5|DBL1_CAEEL,110,NLS,Caenorhabditis elegans,6239,dbl-1
sp|G5EEL5|DBL1_CAEEL,143,NIS,Caenorhabditis elegans,6239,dbl-1
sp|G5EEL5|DBL1_CAEEL,167,NLT,Caenorhabditis elegans,6239,dbl-1
sp|G5EEL5|DBL1_CAEEL,306,NAT,Caenorhabditis elegans,6239,dbl-1
sp|G5EEM0|NH114_CAEEL,185,NDT,Caenorhabditis elegans,6239,nhr-114
sp|G5EEM5|ZYG9_CAEEL,962,NNT,Caenorhabditis elegans,6239,zyg-9
sp|G5EEM5|ZYG9_CAEEL,971,NSS,Caenorhabditis elegans,6239,zyg-9
sp|G5EEM5|ZYG9_CAEEL,991,NIS,Caenorhabditis elegans,6239,zyg-9
sp|G5EEM5|ZYG9_CAEEL,1076,NAS,Caenorhabditis elegans,6239,zyg-9
sp|G5EEM5|ZYG9_CAEEL,1331,NLS,Caenorhabditis elegans,6239,zyg-9
sp|G5EEM6|TAB1_CAEEL,350,NAT,Caenorhabditis elegans,6239,tap-1
sp|G5EEM9|PLA1_CAEEL,425,NIT,Caenorhabditis elegans,6239,ipla-1
sp|G5EEM9|PLA1_CAEEL,439,NST,Caenorhabditis elegans,6239,ipla-1
sp|G5EEM9|PLA1_CAEEL,466,NRT,Caenorhabditis elegans,6239,ipla-1
sp|G5EEM9|PLA1_CAEEL,526,NAS,Caenorhabditis elegans,6239,ipla-1
sp|G5EEM9|PLA1_CAEEL,754,NAT,Caenorhabditis elegans,6239,ipla-1
sp|G5EEN4|GCK3_CAEEL,11,NTT,Caenorhabditis elegans,6239,gck-3
sp|G5EEN4|GCK3_CAEEL,29,NAS,Caenorhabditis elegans,6239,gck-3
sp|G5EEQ5|REF1_CAEEL,40,NES,Caenorhabditis elegans,6239,ref-1
sp|G5EET6|EFA6_CAEEL,43,NVS,Caenorhabditis elegans,6239,efa-6
sp|G5EET6|EFA6_CAEEL,214,NSS,Caenorhabditis elegans,6239,efa-6
sp|G5EET6|EFA6_CAEEL,247,NGS,Caenorhabditis elegans,6239,efa-6
sp|G5EET6|EFA6_CAEEL,257,NNS,Caenorhabditis elegans,6239,efa-6
sp|G5EET6|EFA6_CAEEL,269,NYS,Caenorhabditis elegans,6239,efa-6
sp|G5EET6|EFA6_CAEEL,335,NSS,Caenorhabditis elegans,6239,efa-6
sp|G5EET6|EFA6_CAEEL,368,NQT,Caenorhabditis elegans,6239,efa-6
sp|G5EET6|EFA6_CAEEL,398,NCT,Caenorhabditis elegans,6239,efa-6
sp|G5EET6|EFA6_CAEEL,542,NST,Caenorhabditis elegans,6239,efa-6
sp|G5EET6|EFA6_CAEEL,546,NGS,Caenorhabditis elegans,6239,efa-6
sp|G5EEU2|SET25_CAEEL,162,NSS,Caenorhabditis elegans,6239,set-25
sp|G5EEU2|SET25_CAEEL,458,NMS,Caenorhabditis elegans,6239,set-25
sp|G5EEU2|SET25_CAEEL,480,NGT,Caenorhabditis elegans,6239,set-25
sp|G5EEU2|SET25_CAEEL,636,NIS,Caenorhabditis elegans,6239,set-25
sp|G5EEU2|SET25_CAEEL,642,NHS,Caenorhabditis elegans,6239,set-25
sp|G5EEU3|AEX1_CAEEL,65,NCT,Caenorhabditis elegans,6239,aex-1
sp|G5EEU3|AEX1_CAEEL,100,NVS,Caenorhabditis elegans,6239,aex-1
sp|G5EEU3|AEX1_CAEEL,385,NES,Caenorhabditis elegans,6239,aex-1
sp|G5EEU3|AEX1_CAEEL,438,NFT,Caenorhabditis elegans,6239,aex-1
sp|G5EEV2|TRR1_CAEEL,78,NTS,Caenorhabditis elegans,6239,trr-1
sp|G5EEV2|TRR1_CAEEL,87,NNT,Caenorhabditis elegans,6239,trr-1
sp|G5EEV2|TRR1_CAEEL,213,NGT,Caenorhabditis elegans,6239,trr-1
sp|G5EEV2|TRR1_CAEEL,421,NNS,Caenorhabditis elegans,6239,trr-1
sp|G5EEV2|TRR1_CAEEL,750,NGS,Caenorhabditis elegans,6239,trr-1
sp|G5EEV2|TRR1_CAEEL,867,NGS,Caenorhabditis elegans,6239,trr-1
sp|G5EEV2|TRR1_CAEEL,969,NHS,Caenorhabditis elegans,6239,trr-1
sp|G5EEV2|TRR1_CAEEL,1051,NRT,Caenorhabditis elegans,6239,trr-1
sp|G5EEV2|TRR1_CAEEL,1160,NET,Caenorhabditis elegans,6239,trr-1
sp|G5EEV2|TRR1_CAEEL,1269,NLT,Caenorhabditis elegans,6239,trr-1
sp|G5EEV2|TRR1_CAEEL,1519,NIS,Caenorhabditis elegans,6239,trr-1
sp|G5EEV2|TRR1_CAEEL,1656,NKS,Caenorhabditis elegans,6239,trr-1
sp|G5EEV2|TRR1_CAEEL,1957,NAS,Caenorhabditis elegans,6239,trr-1
sp|G5EEV2|TRR1_CAEEL,2344,NVS,Caenorhabditis elegans,6239,trr-1
sp|G5EEV2|TRR1_CAEEL,2376,NLS,Caenorhabditis elegans,6239,trr-1
sp|G5EEV2|TRR1_CAEEL,2832,NNT,Caenorhabditis elegans,6239,trr-1
sp|G5EEV2|TRR1_CAEEL,2918,NNT,Caenorhabditis elegans,6239,trr-1
sp|G5EEV2|TRR1_CAEEL,2945,NCS,Caenorhabditis elegans,6239,trr-1
sp|G5EEV2|TRR1_CAEEL,3017,NSS,Caenorhabditis elegans,6239,trr-1
sp|G5EEV2|TRR1_CAEEL,3101,NRT,Caenorhabditis elegans,6239,trr-1
sp|G5EEV2|TRR1_CAEEL,3146,NQS,Caenorhabditis elegans,6239,trr-1
sp|G5EEV2|TRR1_CAEEL,3173,NLT,Caenorhabditis elegans,6239,trr-1
sp|G5EEV2|TRR1_CAEEL,3474,NET,Caenorhabditis elegans,6239,trr-1
sp|G5EEV2|TRR1_CAEEL,3587,NMT,Caenorhabditis elegans,6239,trr-1
sp|G5EEV2|TRR1_CAEEL,3664,NHT,Caenorhabditis elegans,6239,trr-1
sp|G5EEV2|TRR1_CAEEL,3671,NQT,Caenorhabditis elegans,6239,trr-1
sp|G5EEV2|TRR1_CAEEL,3802,NGS,Caenorhabditis elegans,6239,trr-1
sp|G5EEV2|TRR1_CAEEL,3904,NLT,Caenorhabditis elegans,6239,trr-1
sp|G5EEV2|TRR1_CAEEL,3954,NLS,Caenorhabditis elegans,6239,trr-1
sp|G5EEV2|TRR1_CAEEL,3997,NNT,Caenorhabditis elegans,6239,trr-1
sp|G5EEV9|SID2_CAEEL,71,NGT,Caenorhabditis elegans,6239,sid-2
sp|G5EEV9|SID2_CAEEL,81,NVT,Caenorhabditis elegans,6239,sid-2
sp|G5EEV9|SID2_CAEEL,94,NCT,Caenorhabditis elegans,6239,sid-2
sp|G5EEV9|SID2_CAEEL,100,NYT,Caenorhabditis elegans,6239,sid-2
sp|G5EEV9|SID2_CAEEL,148,NSS,Caenorhabditis elegans,6239,sid-2
sp|G5EEV9|SID2_CAEEL,221,NST,Caenorhabditis elegans,6239,sid-2
sp|G5EEV9|SID2_CAEEL,234,NNS,Caenorhabditis elegans,6239,sid-2
sp|G5EEV9|SID2_CAEEL,287,NSS,Caenorhabditis elegans,6239,sid-2
sp|G5EF15|POS1_CAEEL,183,NTS,Caenorhabditis elegans,6239,pos-1
sp|G5EF15|POS1_CAEEL,197,NHS,Caenorhabditis elegans,6239,pos-1
sp|G5EF15|POS1_CAEEL,214,NQS,Caenorhabditis elegans,6239,pos-1
sp|G5EF15|POS1_CAEEL,240,NST,Caenorhabditis elegans,6239,pos-1
sp|G5EF33|MIG13_CAEEL,63,NTS,Caenorhabditis elegans,6239,mig-13
sp|G5EF33|MIG13_CAEEL,145,NTS,Caenorhabditis elegans,6239,mig-13
sp|G5EF33|MIG13_CAEEL,161,NGS,Caenorhabditis elegans,6239,mig-13
sp|G5EF53|SWSN4_CAEEL,841,NGT,Caenorhabditis elegans,6239,swsn-4
sp|G5EF60|STIM1_CAEEL,65,NES,Caenorhabditis elegans,6239,stim-1
sp|G5EF60|STIM1_CAEEL,188,NRT,Caenorhabditis elegans,6239,stim-1
sp|G5EF60|STIM1_CAEEL,259,NHT,Caenorhabditis elegans,6239,stim-1
sp|G5EF60|STIM1_CAEEL,282,NGS,Caenorhabditis elegans,6239,stim-1
sp|G5EF60|STIM1_CAEEL,390,NET,Caenorhabditis elegans,6239,stim-1
sp|G5EF60|STIM1_CAEEL,396,NRS,Caenorhabditis elegans,6239,stim-1
sp|G5EF60|STIM1_CAEEL,406,NKS,Caenorhabditis elegans,6239,stim-1
sp|G5EF60|STIM1_CAEEL,496,NGS,Caenorhabditis elegans,6239,stim-1
sp|G5EF60|STIM1_CAEEL,518,NTS,Caenorhabditis elegans,6239,stim-1
sp|G5EF76|LIN22_CAEEL,38,NKS,Caenorhabditis elegans,6239,lin-22
sp|G5EF96|UNC40_CAEEL,50,NVT,Caenorhabditis elegans,6239,unc-40
sp|G5EF96|UNC40_CAEEL,100,NGS,Caenorhabditis elegans,6239,unc-40
sp|G5EF96|UNC40_CAEEL,489,NSS,Caenorhabditis elegans,6239,unc-40
sp|G5EF96|UNC40_CAEEL,614,NGS,Caenorhabditis elegans,6239,unc-40
sp|G5EF96|UNC40_CAEEL,714,NGT,Caenorhabditis elegans,6239,unc-40
sp|G5EF96|UNC40_CAEEL,898,NST,Caenorhabditis elegans,6239,unc-40
sp|G5EF96|UNC40_CAEEL,937,NRT,Caenorhabditis elegans,6239,unc-40
sp|G5EF96|UNC40_CAEEL,1148,NGT,Caenorhabditis elegans,6239,unc-40
sp|G5EF96|UNC40_CAEEL,1271,NSS,Caenorhabditis elegans,6239,unc-40
sp|G5EFA2|BIR1_CAEEL,99,NDT,Caenorhabditis elegans,6239,bir-1
sp|G5EFA2|BIR1_CAEEL,123,NLS,Caenorhabditis elegans,6239,bir-1
sp|G5EFA2|BIR1_CAEEL,126,NHS,Caenorhabditis elegans,6239,bir-1
sp|G5EFC3|KCNAG_CAEEL,13,NRS,Caenorhabditis elegans,6239,egl-36
sp|G5EFC3|KCNAG_CAEEL,238,NIT,Caenorhabditis elegans,6239,egl-36
sp|G5EFC3|KCNAG_CAEEL,532,NSS,Caenorhabditis elegans,6239,egl-36
sp|G5EFD2|KSRA_CAEEL,323,NSS,Caenorhabditis elegans,6239,ksr-1
sp|G5EFD2|KSRA_CAEEL,339,NVS,Caenorhabditis elegans,6239,ksr-1
sp|G5EFD2|KSRA_CAEEL,360,NYS,Caenorhabditis elegans,6239,ksr-1
sp|G5EFD2|KSRA_CAEEL,391,NKS,Caenorhabditis elegans,6239,ksr-1
sp|G5EFD2|KSRA_CAEEL,451,NMS,Caenorhabditis elegans,6239,ksr-1
sp|G5EFD2|KSRA_CAEEL,755,NRS,Caenorhabditis elegans,6239,ksr-1
sp|G5EFD4|HMT1_CAEEL,190,NFS,Caenorhabditis elegans,6239,hmt-1
sp|G5EFD4|HMT1_CAEEL,203,NLS,Caenorhabditis elegans,6239,hmt-1
sp|G5EFD4|HMT1_CAEEL,241,NVS,Caenorhabditis elegans,6239,hmt-1
sp|G5EFD4|HMT1_CAEEL,406,NAT,Caenorhabditis elegans,6239,hmt-1
sp|G5EFD4|HMT1_CAEEL,554,NLT,Caenorhabditis elegans,6239,hmt-1
sp|G5EFD4|HMT1_CAEEL,568,NIS,Caenorhabditis elegans,6239,hmt-1
sp|G5EFD4|HMT1_CAEEL,616,NYT,Caenorhabditis elegans,6239,hmt-1
sp|G5EFD4|HMT1_CAEEL,637,NDT,Caenorhabditis elegans,6239,hmt-1
sp|G5EFD5|UNC71_CAEEL,103,NQT,Caenorhabditis elegans,6239,unc-71
sp|G5EFD5|UNC71_CAEEL,155,NGT,Caenorhabditis elegans,6239,unc-71
sp|G5EFD5|UNC71_CAEEL,538,NCS,Caenorhabditis elegans,6239,unc-71
sp|G5EFD5|UNC71_CAEEL,703,NSS,Caenorhabditis elegans,6239,unc-71
sp|G5EFD9|ADA10_CAEEL,74,NRT,Caenorhabditis elegans,6239,sup-17
sp|G5EFD9|ADA10_CAEEL,185,NLS,Caenorhabditis elegans,6239,sup-17
sp|G5EFD9|ADA10_CAEEL,346,NHS,Caenorhabditis elegans,6239,sup-17
sp|G5EFD9|ADA10_CAEEL,475,NIS,Caenorhabditis elegans,6239,sup-17
sp|G5EFD9|ADA10_CAEEL,494,NAS,Caenorhabditis elegans,6239,sup-17
sp|G5EFD9|ADA10_CAEEL,632,NGS,Caenorhabditis elegans,6239,sup-17
sp|G5EFD9|ADA10_CAEEL,677,NRT,Caenorhabditis elegans,6239,sup-17
sp|G5EFE7|FUT8_CAEEL,27,NQS,Caenorhabditis elegans,6239,fut-8
sp|G5EFE7|FUT8_CAEEL,134,NST,Caenorhabditis elegans,6239,fut-8
sp|G5EFF1|ASD2_CAEEL,29,NDS,Caenorhabditis elegans,6239,asd-2
sp|G5EFF1|ASD2_CAEEL,249,NGT,Caenorhabditis elegans,6239,asd-2
sp|G5EFF4|SEM4_CAEEL,85,NSS,Caenorhabditis elegans,6239,sem-4
sp|G5EFF4|SEM4_CAEEL,90,NVS,Caenorhabditis elegans,6239,sem-4
sp|G5EFF4|SEM4_CAEEL,187,NES,Caenorhabditis elegans,6239,sem-4
sp|G5EFF4|SEM4_CAEEL,468,NAT,Caenorhabditis elegans,6239,sem-4
sp|G5EFF4|SEM4_CAEEL,488,NDS,Caenorhabditis elegans,6239,sem-4
sp|G5EFF4|SEM4_CAEEL,518,NSS,Caenorhabditis elegans,6239,sem-4
sp|G5EFF4|SEM4_CAEEL,726,NGS,Caenorhabditis elegans,6239,sem-4
sp|G5EFF5|DAF12_CAEEL,203,NNT,Caenorhabditis elegans,6239,daf-12
sp|G5EFF5|DAF12_CAEEL,296,NRS,Caenorhabditis elegans,6239,daf-12
sp|G5EFF5|DAF12_CAEEL,400,NST,Caenorhabditis elegans,6239,daf-12
sp|G5EFF5|DAF12_CAEEL,548,NKT,Caenorhabditis elegans,6239,daf-12
sp|G5EFF5|DAF12_CAEEL,619,NVS,Caenorhabditis elegans,6239,daf-12
sp|G5EFH8|CBS1_CAEEL,183,NKS,Caenorhabditis elegans,6239,cbs-1
sp|G5EFI7|MYRF1_CAEEL,89,NVS,Caenorhabditis elegans,6239,myrf-1
sp|G5EFI7|MYRF1_CAEEL,120,NQT,Caenorhabditis elegans,6239,myrf-1
sp|G5EFI7|MYRF1_CAEEL,234,NYS,Caenorhabditis elegans,6239,myrf-1
sp|G5EFI7|MYRF1_CAEEL,614,NKS,Caenorhabditis elegans,6239,myrf-1
sp|G5EFI7|MYRF1_CAEEL,630,NAT,Caenorhabditis elegans,6239,myrf-1
sp|G5EFI7|MYRF1_CAEEL,769,NRT,Caenorhabditis elegans,6239,myrf-1
sp|G5EFI7|MYRF1_CAEEL,797,NVT,Caenorhabditis elegans,6239,myrf-1
sp|G5EFI7|MYRF1_CAEEL,912,NGS,Caenorhabditis elegans,6239,myrf-1
sp|G5EFI8|PLCE1_CAEEL,572,NAT,Caenorhabditis elegans,6239,plc-1
sp|G5EFI8|PLCE1_CAEEL,577,NDS,Caenorhabditis elegans,6239,plc-1
sp|G5EFI8|PLCE1_CAEEL,922,NSS,Caenorhabditis elegans,6239,plc-1
sp|G5EFI8|PLCE1_CAEEL,1200,NNT,Caenorhabditis elegans,6239,plc-1
sp|G5EFI8|PLCE1_CAEEL,1289,NAT,Caenorhabditis elegans,6239,plc-1
sp|G5EFI8|PLCE1_CAEEL,1412,NLT,Caenorhabditis elegans,6239,plc-1
sp|G5EFI8|PLCE1_CAEEL,1461,NHT,Caenorhabditis elegans,6239,plc-1
sp|G5EFI8|PLCE1_CAEEL,1560,NLS,Caenorhabditis elegans,6239,plc-1
sp|G5EFI8|PLCE1_CAEEL,1652,NGS,Caenorhabditis elegans,6239,plc-1
sp|G5EFI8|PLCE1_CAEEL,1746,NVS,Caenorhabditis elegans,6239,plc-1
sp|G5EFI8|PLCE1_CAEEL,1824,NRT,Caenorhabditis elegans,6239,plc-1
sp|G5EFJ4|CAPG1_CAEEL,32,NES,Caenorhabditis elegans,6239,capg-1
sp|G5EFJ4|CAPG1_CAEEL,67,NMT,Caenorhabditis elegans,6239,capg-1
sp|G5EFJ4|CAPG1_CAEEL,198,NTT,Caenorhabditis elegans,6239,capg-1
sp|G5EFJ4|CAPG1_CAEEL,369,NLS,Caenorhabditis elegans,6239,capg-1
sp|G5EFJ4|CAPG1_CAEEL,556,NIS,Caenorhabditis elegans,6239,capg-1
sp|G5EFJ4|CAPG1_CAEEL,903,NST,Caenorhabditis elegans,6239,capg-1
sp|G5EFJ9|UN103_CAEEL,82,NVS,Caenorhabditis elegans,6239,unc-103
sp|G5EFJ9|UN103_CAEEL,313,NGT,Caenorhabditis elegans,6239,unc-103
sp|G5EFJ9|UN103_CAEEL,345,NVS,Caenorhabditis elegans,6239,unc-103
sp|G5EFJ9|UN103_CAEEL,374,NVS,Caenorhabditis elegans,6239,unc-103
sp|G5EFJ9|UN103_CAEEL,572,NLT,Caenorhabditis elegans,6239,unc-103
sp|G5EFJ9|UN103_CAEEL,773,NGS,Caenorhabditis elegans,6239,unc-103
sp|G5EFL0|GLD4_CAEEL,238,NQT,Caenorhabditis elegans,6239,gld-4
sp|G5EFL0|GLD4_CAEEL,344,NFS,Caenorhabditis elegans,6239,gld-4
sp|G5EFL0|GLD4_CAEEL,541,NTS,Caenorhabditis elegans,6239,gld-4
sp|G5EFL0|GLD4_CAEEL,569,NQS,Caenorhabditis elegans,6239,gld-4
sp|G5EFL0|GLD4_CAEEL,584,NNS,Caenorhabditis elegans,6239,gld-4
sp|G5EFL0|GLD4_CAEEL,660,NLS,Caenorhabditis elegans,6239,gld-4
sp|G5EFL0|GLD4_CAEEL,720,NST,Caenorhabditis elegans,6239,gld-4
sp|G5EFL0|GLD4_CAEEL,727,NNS,Caenorhabditis elegans,6239,gld-4
sp|G5EFL0|GLD4_CAEEL,752,NTS,Caenorhabditis elegans,6239,gld-4
sp|G5EFL0|GLD4_CAEEL,759,NVT,Caenorhabditis elegans,6239,gld-4
sp|G5EFL0|GLD4_CAEEL,820,NNS,Caenorhabditis elegans,6239,gld-4
sp|G5EFP5|FUTC_CAEEL,152,NWT,Caenorhabditis elegans,6239,fut-3
sp|G5EFP5|FUTC_CAEEL,226,NVT,Caenorhabditis elegans,6239,fut-3
sp|G5EFP5|FUTC_CAEEL,324,NST,Caenorhabditis elegans,6239,fut-3
sp|G5EFP5|FUTC_CAEEL,367,NET,Caenorhabditis elegans,6239,fut-3
sp|G5EFP5|FUTC_CAEEL,384,NES,Caenorhabditis elegans,6239,fut-3
sp|G5EFQ0|GCY18_CAEEL,72,NIS,Caenorhabditis elegans,6239,gcy-18
sp|G5EFQ0|GCY18_CAEEL,369,NET,Caenorhabditis elegans,6239,gcy-18
sp|G5EFQ0|GCY18_CAEEL,456,NKS,Caenorhabditis elegans,6239,gcy-18
sp|G5EFQ0|GCY18_CAEEL,790,NIS,Caenorhabditis elegans,6239,gcy-18
sp|G5EFQ0|GCY18_CAEEL,957,NKS,Caenorhabditis elegans,6239,gcy-18
sp|G5EFQ0|GCY18_CAEEL,982,NHS,Caenorhabditis elegans,6239,gcy-18
sp|G5EFQ0|GCY18_CAEEL,1042,NVS,Caenorhabditis elegans,6239,gcy-18
sp|G5EFQ5|RUNX1_CAEEL,42,NKS,Caenorhabditis elegans,6239,rnt-1
sp|G5EFQ5|RUNX1_CAEEL,225,NVS,Caenorhabditis elegans,6239,rnt-1
sp|G5EFQ5|RUNX1_CAEEL,229,NTS,Caenorhabditis elegans,6239,rnt-1
sp|G5EFQ5|RUNX1_CAEEL,284,NVS,Caenorhabditis elegans,6239,rnt-1
sp|G5EFQ5|RUNX1_CAEEL,291,NSS,Caenorhabditis elegans,6239,rnt-1
sp|G5EFR6|MCA1_CAEEL,6,NVT,Caenorhabditis elegans,6239,mca-1
sp|G5EFR6|MCA1_CAEEL,155,NAT,Caenorhabditis elegans,6239,mca-1
sp|G5EFR6|MCA1_CAEEL,164,NGT,Caenorhabditis elegans,6239,mca-1
sp|G5EFR6|MCA1_CAEEL,351,NGS,Caenorhabditis elegans,6239,mca-1
sp|G5EFR6|MCA1_CAEEL,472,NAT,Caenorhabditis elegans,6239,mca-1
sp|G5EFR6|MCA1_CAEEL,550,NKT,Caenorhabditis elegans,6239,mca-1
sp|G5EFR6|MCA1_CAEEL,586,NSS,Caenorhabditis elegans,6239,mca-1
sp|G5EFR6|MCA1_CAEEL,698,NFT,Caenorhabditis elegans,6239,mca-1
sp|G5EFR6|MCA1_CAEEL,859,NFT,Caenorhabditis elegans,6239,mca-1
sp|G5EFS2|MSI1H_CAEEL,221,NKS,Caenorhabditis elegans,6239,msi-1
sp|G5EFS2|MSI1H_CAEEL,257,NFT,Caenorhabditis elegans,6239,msi-1
sp|G5EFS4|DCPS_CAEEL,58,NKS,Caenorhabditis elegans,6239,dcs-1
sp|G5EFT4|AMP1_CAEEL,310,NFS,Caenorhabditis elegans,6239,ltah-1.1
sp|G5EFT4|AMP1_CAEEL,510,NKT,Caenorhabditis elegans,6239,ltah-1.1
sp|G5EFT5|HSF1_CAEEL,77,NKS,Caenorhabditis elegans,6239,hsf-1
sp|G5EFT5|HSF1_CAEEL,295,NGT,Caenorhabditis elegans,6239,hsf-1
sp|G5EFT5|HSF1_CAEEL,473,NAT,Caenorhabditis elegans,6239,hsf-1
sp|G5EFT5|HSF1_CAEEL,492,NYS,Caenorhabditis elegans,6239,hsf-1
sp|G5EFU0|PK2_CAEEL,2,NRT,Caenorhabditis elegans,6239,pak-2
sp|G5EFU0|PK2_CAEEL,120,NVS,Caenorhabditis elegans,6239,pak-2
sp|G5EFV3|RSA2_CAEEL,162,NFS,Caenorhabditis elegans,6239,rsa-2
sp|G5EFV3|RSA2_CAEEL,274,NRS,Caenorhabditis elegans,6239,rsa-2
sp|G5EFV3|RSA2_CAEEL,396,NRS,Caenorhabditis elegans,6239,rsa-2
sp|G5EFV3|RSA2_CAEEL,400,NTS,Caenorhabditis elegans,6239,rsa-2
sp|G5EFV3|RSA2_CAEEL,469,NSS,Caenorhabditis elegans,6239,rsa-2
sp|G5EFV3|RSA2_CAEEL,520,NES,Caenorhabditis elegans,6239,rsa-2
sp|G5EFV3|RSA2_CAEEL,643,NAT,Caenorhabditis elegans,6239,rsa-2
sp|G5EFV3|RSA2_CAEEL,696,NDS,Caenorhabditis elegans,6239,rsa-2
sp|G5EFV5|CDK7_CAEEL,49,NRT,Caenorhabditis elegans,6239,cdk-7
sp|G5EFV5|CDK7_CAEEL,109,NIT,Caenorhabditis elegans,6239,cdk-7
sp|G5EFV5|CDK7_CAEEL,161,NYT,Caenorhabditis elegans,6239,cdk-7
sp|G5EFV5|CDK7_CAEEL,232,NMT,Caenorhabditis elegans,6239,cdk-7
sp|G5EFV8|VPS52_CAEEL,154,NDT,Caenorhabditis elegans,6239,vps-52
sp|G5EFV8|VPS52_CAEEL,189,NDT,Caenorhabditis elegans,6239,vps-52
sp|G5EFV8|VPS52_CAEEL,645,NFS,Caenorhabditis elegans,6239,vps-52
sp|G5EFW7|IF122_CAEEL,170,NAT,Caenorhabditis elegans,6239,daf-10
sp|G5EFW7|IF122_CAEEL,194,NRT,Caenorhabditis elegans,6239,daf-10
sp|G5EFW7|IF122_CAEEL,219,NKT,Caenorhabditis elegans,6239,daf-10
sp|G5EFW7|IF122_CAEEL,488,NRT,Caenorhabditis elegans,6239,daf-10
sp|G5EFW7|IF122_CAEEL,563,NRT,Caenorhabditis elegans,6239,daf-10
sp|G5EFW7|IF122_CAEEL,896,NLT,Caenorhabditis elegans,6239,daf-10
sp|G5EFW7|IF122_CAEEL,950,NIS,Caenorhabditis elegans,6239,daf-10
sp|G5EFX6|SLIT1_CAEEL,44,NDT,Caenorhabditis elegans,6239,slt-1
sp|G5EFX6|SLIT1_CAEEL,85,NQS,Caenorhabditis elegans,6239,slt-1
sp|G5EFX6|SLIT1_CAEEL,217,NKT,Caenorhabditis elegans,6239,slt-1
sp|G5EFX6|SLIT1_CAEEL,312,NLT,Caenorhabditis elegans,6239,slt-1
sp|G5EFX6|SLIT1_CAEEL,346,NIT,Caenorhabditis elegans,6239,slt-1
sp|G5EFX6|SLIT1_CAEEL,405,NLT,Caenorhabditis elegans,6239,slt-1
sp|G5EFX6|SLIT1_CAEEL,523,NIS,Caenorhabditis elegans,6239,slt-1
sp|G5EFX6|SLIT1_CAEEL,637,NSS,Caenorhabditis elegans,6239,slt-1
sp|G5EFX6|SLIT1_CAEEL,655,NES,Caenorhabditis elegans,6239,slt-1
sp|G5EFX6|SLIT1_CAEEL,694,NLT,Caenorhabditis elegans,6239,slt-1
sp|G5EFX6|SLIT1_CAEEL,745,NNT,Caenorhabditis elegans,6239,slt-1
sp|G5EFX6|SLIT1_CAEEL,750,NLT,Caenorhabditis elegans,6239,slt-1
sp|G5EFX6|SLIT1_CAEEL,798,NLT,Caenorhabditis elegans,6239,slt-1
sp|G5EFX6|SLIT1_CAEEL,895,NCT,Caenorhabditis elegans,6239,slt-1
sp|G5EFX6|SLIT1_CAEEL,920,NAT,Caenorhabditis elegans,6239,slt-1
sp|G5EFX6|SLIT1_CAEEL,1006,NGS,Caenorhabditis elegans,6239,slt-1
sp|G5EFX6|SLIT1_CAEEL,1091,NSS,Caenorhabditis elegans,6239,slt-1
sp|G5EFX6|SLIT1_CAEEL,1384,NGT,Caenorhabditis elegans,6239,slt-1
sp|G5EFY5|NOB1_CAEEL,11,NDS,Caenorhabditis elegans,6239,nob-1
sp|G5EFY5|NOB1_CAEEL,121,NYS,Caenorhabditis elegans,6239,nob-1
sp|G5EFY5|NOB1_CAEEL,130,NLS,Caenorhabditis elegans,6239,nob-1
sp|G5EFZ1|GPMI_CAEEL,23,NNS,Caenorhabditis elegans,6239,ipgm-1
sp|G5EFZ1|GPMI_CAEEL,118,NES,Caenorhabditis elegans,6239,ipgm-1
sp|G5EFZ3|ASH2_CAEEL,178,NLS,Caenorhabditis elegans,6239,ash-2
sp|G5EFZ3|ASH2_CAEEL,281,NQS,Caenorhabditis elegans,6239,ash-2
sp|G5EFZ3|ASH2_CAEEL,302,NVS,Caenorhabditis elegans,6239,ash-2
sp|G5EG11|FAT4_CAEEL,96,NIS,Caenorhabditis elegans,6239,fat-4
sp|G5EG11|FAT4_CAEEL,106,NKS,Caenorhabditis elegans,6239,fat-4
sp|G5EG11|FAT4_CAEEL,239,NYS,Caenorhabditis elegans,6239,fat-4
sp|G5EG14|CATIN_CAEEL,53,NES,Caenorhabditis elegans,6239,cacn-1
sp|G5EG14|CATIN_CAEEL,89,NYT,Caenorhabditis elegans,6239,cacn-1
sp|G5EG14|CATIN_CAEEL,98,NDT,Caenorhabditis elegans,6239,cacn-1
sp|G5EG14|CATIN_CAEEL,260,NET,Caenorhabditis elegans,6239,cacn-1
sp|G5EG14|CATIN_CAEEL,300,NKS,Caenorhabditis elegans,6239,cacn-1
sp|G5EG14|CATIN_CAEEL,476,NLT,Caenorhabditis elegans,6239,cacn-1
sp|G5EG14|CATIN_CAEEL,559,NQT,Caenorhabditis elegans,6239,cacn-1
sp|G5EG17|SMC6_CAEEL,79,NGS,Caenorhabditis elegans,6239,smc-6
sp|G5EG17|SMC6_CAEEL,501,NRS,Caenorhabditis elegans,6239,smc-6
sp|G5EG17|SMC6_CAEEL,765,NES,Caenorhabditis elegans,6239,smc-6
sp|G5EG38|CDC16_CAEEL,194,NSS,Caenorhabditis elegans,6239,emb-27
sp|G5EG38|CDC16_CAEEL,234,NTT,Caenorhabditis elegans,6239,emb-27
sp|G5EG38|CDC16_CAEEL,562,NET,Caenorhabditis elegans,6239,emb-27
sp|G5EG44|MDL1_CAEEL,51,NES,Caenorhabditis elegans,6239,mdl-1
sp|G5EG44|MDL1_CAEEL,75,NAS,Caenorhabditis elegans,6239,mdl-1
sp|G5EG44|MDL1_CAEEL,131,NTT,Caenorhabditis elegans,6239,mdl-1
sp|G5EG78|PXDN2_CAEEL,34,NLT,Caenorhabditis elegans,6239,pxn-2
sp|G5EG78|PXDN2_CAEEL,77,NNS,Caenorhabditis elegans,6239,pxn-2
sp|G5EG78|PXDN2_CAEEL,220,NLS,Caenorhabditis elegans,6239,pxn-2
sp|G5EG78|PXDN2_CAEEL,403,NGS,Caenorhabditis elegans,6239,pxn-2
sp|G5EG78|PXDN2_CAEEL,455,NAT,Caenorhabditis elegans,6239,pxn-2
sp|G5EG78|PXDN2_CAEEL,630,NVS,Caenorhabditis elegans,6239,pxn-2
sp|G5EG78|PXDN2_CAEEL,776,NRT,Caenorhabditis elegans,6239,pxn-2
sp|G5EG78|PXDN2_CAEEL,894,NFS,Caenorhabditis elegans,6239,pxn-2
sp|G5EG78|PXDN2_CAEEL,1112,NLT,Caenorhabditis elegans,6239,pxn-2
sp|G5EG78|PXDN2_CAEEL,1128,NDT,Caenorhabditis elegans,6239,pxn-2
sp|G5EG78|PXDN2_CAEEL,1228,NST,Caenorhabditis elegans,6239,pxn-2
sp|G5EG78|PXDN2_CAEEL,1300,NHS,Caenorhabditis elegans,6239,pxn-2
sp|G5EG86|BRC2_CAEEL,80,NGS,Caenorhabditis elegans,6239,brc-2
sp|G5EG86|BRC2_CAEEL,312,NVT,Caenorhabditis elegans,6239,brc-2
sp|G5EG88|ACH23_CAEEL,53,NVT,Caenorhabditis elegans,6239,acr-23
sp|G5EG88|ACH23_CAEEL,97,NET,Caenorhabditis elegans,6239,acr-23
sp|G5EG88|ACH23_CAEEL,228,NYT,Caenorhabditis elegans,6239,acr-23
sp|G5EG88|ACH23_CAEEL,276,NVS,Caenorhabditis elegans,6239,acr-23
sp|G5EGA3|ANKL1_CAEEL,137,NET,Caenorhabditis elegans,6239,lem-3
sp|G5EGA3|ANKL1_CAEEL,195,NST,Caenorhabditis elegans,6239,lem-3
sp|G5EGA3|ANKL1_CAEEL,308,NTS,Caenorhabditis elegans,6239,lem-3
sp|G5EGA3|ANKL1_CAEEL,356,NTT,Caenorhabditis elegans,6239,lem-3
sp|G5EGA3|ANKL1_CAEEL,544,NLT,Caenorhabditis elegans,6239,lem-3
sp|G5EGA3|ANKL1_CAEEL,649,NIT,Caenorhabditis elegans,6239,lem-3
sp|G5EGA5|FAT2_CAEEL,155,NRT,Caenorhabditis elegans,6239,fat-2
sp|G5EGA5|FAT2_CAEEL,290,NIT,Caenorhabditis elegans,6239,fat-2
sp|G5EGA5|FAT2_CAEEL,347,NVT,Caenorhabditis elegans,6239,fat-2
sp|G5EGB2|LIN29_CAEEL,61,NVT,Caenorhabditis elegans,6239,lin-29
sp|G5EGB2|LIN29_CAEEL,162,NSS,Caenorhabditis elegans,6239,lin-29
sp|G5EGB2|LIN29_CAEEL,334,NIS,Caenorhabditis elegans,6239,lin-29
sp|G5EGB2|LIN29_CAEEL,405,NGS,Caenorhabditis elegans,6239,lin-29
sp|G5EGB2|LIN29_CAEEL,456,NHS,Caenorhabditis elegans,6239,lin-29
sp|G5EGC9|PES1_CAEEL,18,NCS,Caenorhabditis elegans,6239,pes-1
sp|G5EGC9|PES1_CAEEL,41,NIS,Caenorhabditis elegans,6239,pes-1
sp|G5EGC9|PES1_CAEEL,126,NFS,Caenorhabditis elegans,6239,pes-1
sp|G5EGC9|PES1_CAEEL,145,NLS,Caenorhabditis elegans,6239,pes-1
sp|G5EGD2|HIF1_CAEEL,221,NAS,Caenorhabditis elegans,6239,hif-1
sp|G5EGD2|HIF1_CAEEL,305,NDT,Caenorhabditis elegans,6239,hif-1
sp|G5EGD2|HIF1_CAEEL,505,NYS,Caenorhabditis elegans,6239,hif-1
sp|G5EGD2|HIF1_CAEEL,560,NVS,Caenorhabditis elegans,6239,hif-1
sp|G5EGE9|DPY26_CAEEL,8,NVT,Caenorhabditis elegans,6239,dpy-26
sp|G5EGE9|DPY26_CAEEL,278,NSS,Caenorhabditis elegans,6239,dpy-26
sp|G5EGE9|DPY26_CAEEL,384,NLT,Caenorhabditis elegans,6239,dpy-26
sp|G5EGE9|DPY26_CAEEL,489,NTS,Caenorhabditis elegans,6239,dpy-26
sp|G5EGE9|DPY26_CAEEL,518,NDT,Caenorhabditis elegans,6239,dpy-26
sp|G5EGE9|DPY26_CAEEL,1036,NQT,Caenorhabditis elegans,6239,dpy-26
sp|G5EGE9|DPY26_CAEEL,1042,NNT,Caenorhabditis elegans,6239,dpy-26
sp|G5EGE9|DPY26_CAEEL,1053,NET,Caenorhabditis elegans,6239,dpy-26
sp|G5EGE9|DPY26_CAEEL,1079,NKS,Caenorhabditis elegans,6239,dpy-26
sp|G5EGE9|DPY26_CAEEL,1086,NET,Caenorhabditis elegans,6239,dpy-26
sp|G5EGE9|DPY26_CAEEL,1184,NSS,Caenorhabditis elegans,6239,dpy-26
sp|G5EGF4|EGL18_CAEEL,135,NMS,Caenorhabditis elegans,6239,egl-18
sp|G5EGF4|EGL18_CAEEL,371,NSS,Caenorhabditis elegans,6239,egl-18
sp|G5EGH6|FAT7_CAEEL,148,NTT,Caenorhabditis elegans,6239,fat-7
sp|G5EGH6|FAT7_CAEEL,294,NWT,Caenorhabditis elegans,6239,fat-7
sp|G5EGJ5|IDA1_CAEEL,26,NLS,Caenorhabditis elegans,6239,ida-1
sp|G5EGJ5|IDA1_CAEEL,146,NVT,Caenorhabditis elegans,6239,ida-1
sp|G5EGJ5|IDA1_CAEEL,529,NRT,Caenorhabditis elegans,6239,ida-1
sp|G5EGJ5|IDA1_CAEEL,555,NAS,Caenorhabditis elegans,6239,ida-1
sp|G5EGJ5|IDA1_CAEEL,597,NLS,Caenorhabditis elegans,6239,ida-1
sp|G5EGJ5|IDA1_CAEEL,682,NKS,Caenorhabditis elegans,6239,ida-1
sp|G5EGJ9|DEP1_CAEEL,75,NIS,Caenorhabditis elegans,6239,dep-1
sp|G5EGJ9|DEP1_CAEEL,84,NKT,Caenorhabditis elegans,6239,dep-1
sp|G5EGJ9|DEP1_CAEEL,150,NIT,Caenorhabditis elegans,6239,dep-1
sp|G5EGJ9|DEP1_CAEEL,158,NDS,Caenorhabditis elegans,6239,dep-1
sp|G5EGJ9|DEP1_CAEEL,272,NNS,Caenorhabditis elegans,6239,dep-1
sp|G5EGJ9|DEP1_CAEEL,276,NMT,Caenorhabditis elegans,6239,dep-1
sp|G5EGJ9|DEP1_CAEEL,403,NES,Caenorhabditis elegans,6239,dep-1
sp|G5EGJ9|DEP1_CAEEL,523,NET,Caenorhabditis elegans,6239,dep-1
sp|G5EGJ9|DEP1_CAEEL,534,NVS,Caenorhabditis elegans,6239,dep-1
sp|G5EGJ9|DEP1_CAEEL,676,NVT,Caenorhabditis elegans,6239,dep-1
sp|G5EGJ9|DEP1_CAEEL,695,NRS,Caenorhabditis elegans,6239,dep-1
sp|G5EGJ9|DEP1_CAEEL,802,NGT,Caenorhabditis elegans,6239,dep-1
sp|G5EGJ9|DEP1_CAEEL,924,NRT,Caenorhabditis elegans,6239,dep-1
sp|G5EGJ9|DEP1_CAEEL,1047,NKS,Caenorhabditis elegans,6239,dep-1
sp|G5EGK5|CAM1_CAEEL,24,NAS,Caenorhabditis elegans,6239,cam-1
sp|G5EGK5|CAM1_CAEEL,46,NAT,Caenorhabditis elegans,6239,cam-1
sp|G5EGK5|CAM1_CAEEL,91,NSS,Caenorhabditis elegans,6239,cam-1
sp|G5EGK5|CAM1_CAEEL,120,NTT,Caenorhabditis elegans,6239,cam-1
sp|G5EGK5|CAM1_CAEEL,226,NES,Caenorhabditis elegans,6239,cam-1
sp|G5EGK5|CAM1_CAEEL,526,NGT,Caenorhabditis elegans,6239,cam-1
sp|G5EGK6|DIN1_CAEEL,91,NSS,Caenorhabditis elegans,6239,din-1
sp|G5EGK6|DIN1_CAEEL,491,NAS,Caenorhabditis elegans,6239,din-1
sp|G5EGK6|DIN1_CAEEL,805,NTT,Caenorhabditis elegans,6239,din-1
sp|G5EGK6|DIN1_CAEEL,1059,NST,Caenorhabditis elegans,6239,din-1
sp|G5EGK6|DIN1_CAEEL,1252,NSS,Caenorhabditis elegans,6239,din-1
sp|G5EGK6|DIN1_CAEEL,1422,NVT,Caenorhabditis elegans,6239,din-1
sp|G5EGK6|DIN1_CAEEL,1486,NRT,Caenorhabditis elegans,6239,din-1
sp|G5EGK6|DIN1_CAEEL,1561,NST,Caenorhabditis elegans,6239,din-1
sp|G5EGK6|DIN1_CAEEL,1569,NSS,Caenorhabditis elegans,6239,din-1
sp|G5EGK6|DIN1_CAEEL,1619,NGS,Caenorhabditis elegans,6239,din-1
sp|G5EGK6|DIN1_CAEEL,1906,NES,Caenorhabditis elegans,6239,din-1
sp|G5EGK6|DIN1_CAEEL,2027,NMT,Caenorhabditis elegans,6239,din-1
sp|G5EGK6|DIN1_CAEEL,2243,NGS,Caenorhabditis elegans,6239,din-1
sp|G5EGK6|DIN1_CAEEL,2310,NDT,Caenorhabditis elegans,6239,din-1
sp|G5EGK6|DIN1_CAEEL,2389,NMT,Caenorhabditis elegans,6239,din-1
sp|G5EGK8|PP2A_CAEEL,238,NHS,Caenorhabditis elegans,6239,let-92
sp|G5EGK8|PP2A_CAEEL,258,NWS,Caenorhabditis elegans,6239,let-92
sp|G5EGL9|AFF1_CAEEL,58,NSS,Caenorhabditis elegans,6239,aff-1
sp|G5EGL9|AFF1_CAEEL,138,NCT,Caenorhabditis elegans,6239,aff-1
sp|G5EGL9|AFF1_CAEEL,205,NNS,Caenorhabditis elegans,6239,aff-1
sp|G5EGL9|AFF1_CAEEL,335,NDT,Caenorhabditis elegans,6239,aff-1
sp|G5EGL9|AFF1_CAEEL,382,NLT,Caenorhabditis elegans,6239,aff-1
sp|G5EGL9|AFF1_CAEEL,392,NFT,Caenorhabditis elegans,6239,aff-1
sp|G5EGL9|AFF1_CAEEL,408,NVT,Caenorhabditis elegans,6239,aff-1
sp|G5EGL9|AFF1_CAEEL,585,NSS,Caenorhabditis elegans,6239,aff-1
sp|G5EGM1|MMPA_CAEEL,199,NYT,Caenorhabditis elegans,6239,zmp-1
sp|G5EGM1|MMPA_CAEEL,469,NSS,Caenorhabditis elegans,6239,zmp-1
sp|G5EGM1|MMPA_CAEEL,501,NSS,Caenorhabditis elegans,6239,zmp-1
sp|G5EGM3|TAF1_CAEEL,2,NNT,Caenorhabditis elegans,6239,taf-1
sp|G5EGM3|TAF1_CAEEL,28,NLS,Caenorhabditis elegans,6239,taf-1
sp|G5EGM3|TAF1_CAEEL,117,NKT,Caenorhabditis elegans,6239,taf-1
sp|G5EGM3|TAF1_CAEEL,366,NLT,Caenorhabditis elegans,6239,taf-1
sp|G5EGM3|TAF1_CAEEL,490,NLS,Caenorhabditis elegans,6239,taf-1
sp|G5EGM3|TAF1_CAEEL,508,NNS,Caenorhabditis elegans,6239,taf-1
sp|G5EGM3|TAF1_CAEEL,634,NDS,Caenorhabditis elegans,6239,taf-1
sp|G5EGM3|TAF1_CAEEL,855,NTT,Caenorhabditis elegans,6239,taf-1
sp|G5EGM3|TAF1_CAEEL,899,NAT,Caenorhabditis elegans,6239,taf-1
sp|G5EGM3|TAF1_CAEEL,1002,NQT,Caenorhabditis elegans,6239,taf-1
sp|G5EGM3|TAF1_CAEEL,1043,NIS,Caenorhabditis elegans,6239,taf-1
sp|G5EGM3|TAF1_CAEEL,1376,NSS,Caenorhabditis elegans,6239,taf-1
sp|G5EGN2|FAT6_CAEEL,149,NTT,Caenorhabditis elegans,6239,fat-6
sp|G5EGN2|FAT6_CAEEL,295,NWT,Caenorhabditis elegans,6239,fat-6
sp|G5EGP4|VPP3_CAEEL,495,NQT,Caenorhabditis elegans,6239,vha-6
sp|G5EGP4|VPP3_CAEEL,578,NRS,Caenorhabditis elegans,6239,vha-6
sp|G5EGP4|VPP3_CAEEL,670,NVT,Caenorhabditis elegans,6239,vha-6
sp|G5EGP4|VPP3_CAEEL,687,NQS,Caenorhabditis elegans,6239,vha-6
sp|G5EGP8|CATZ1_CAEEL,187,NYT,Caenorhabditis elegans,6239,cpz-1
sp|G5EGQ3|MAX2_CAEEL,140,NGS,Caenorhabditis elegans,6239,max-2
sp|G5EGQ3|MAX2_CAEEL,294,NGS,Caenorhabditis elegans,6239,max-2
sp|G5EGQ3|MAX2_CAEEL,326,NTT,Caenorhabditis elegans,6239,max-2
sp|G5EGQ3|MAX2_CAEEL,330,NKT,Caenorhabditis elegans,6239,max-2
sp|G5EGQ3|MAX2_CAEEL,458,NLT,Caenorhabditis elegans,6239,max-2
sp|G5EGQ6|TEN1_CAEEL,307,NAT,Caenorhabditis elegans,6239,ten-1
sp|G5EGQ6|TEN1_CAEEL,551,NGT,Caenorhabditis elegans,6239,ten-1
sp|G5EGQ6|TEN1_CAEEL,682,NCT,Caenorhabditis elegans,6239,ten-1
sp|G5EGQ6|TEN1_CAEEL,766,NDS,Caenorhabditis elegans,6239,ten-1
sp|G5EGQ6|TEN1_CAEEL,863,NKS,Caenorhabditis elegans,6239,ten-1
sp|G5EGQ6|TEN1_CAEEL,1058,NLT,Caenorhabditis elegans,6239,ten-1
sp|G5EGQ6|TEN1_CAEEL,1394,NAT,Caenorhabditis elegans,6239,ten-1
sp|G5EGQ6|TEN1_CAEEL,1557,NFS,Caenorhabditis elegans,6239,ten-1
sp|G5EGQ6|TEN1_CAEEL,1586,NDS,Caenorhabditis elegans,6239,ten-1
sp|G5EGQ6|TEN1_CAEEL,1848,NIT,Caenorhabditis elegans,6239,ten-1
sp|G5EGQ6|TEN1_CAEEL,2021,NTT,Caenorhabditis elegans,6239,ten-1
sp|G5EGQ6|TEN1_CAEEL,2231,NTT,Caenorhabditis elegans,6239,ten-1
sp|G5EGS3|KLP12_CAEEL,77,NAT,Caenorhabditis elegans,6239,klp-12
sp|G5EGS3|KLP12_CAEEL,204,NRT,Caenorhabditis elegans,6239,klp-12
sp|G5EGS3|KLP12_CAEEL,430,NET,Caenorhabditis elegans,6239,klp-12
sp|G5EGS3|KLP12_CAEEL,550,NVS,Caenorhabditis elegans,6239,klp-12
sp|G5EGS3|KLP12_CAEEL,1127,NST,Caenorhabditis elegans,6239,klp-12
sp|G5EGS3|KLP12_CAEEL,1364,NSS,Caenorhabditis elegans,6239,klp-12
sp|G5EGS3|KLP12_CAEEL,1488,NVT,Caenorhabditis elegans,6239,klp-12
sp|G5EGS5|GBF1_CAEEL,44,NFT,Caenorhabditis elegans,6239,gbf-1
sp|G5EGS5|GBF1_CAEEL,175,NLS,Caenorhabditis elegans,6239,gbf-1
sp|G5EGS5|GBF1_CAEEL,643,NQS,Caenorhabditis elegans,6239,gbf-1
sp|G5EGS5|GBF1_CAEEL,787,NLS,Caenorhabditis elegans,6239,gbf-1
sp|G5EGS5|GBF1_CAEEL,792,NDS,Caenorhabditis elegans,6239,gbf-1
sp|G5EGS5|GBF1_CAEEL,1030,NDS,Caenorhabditis elegans,6239,gbf-1
sp|G5EGS5|GBF1_CAEEL,1444,NVT,Caenorhabditis elegans,6239,gbf-1
sp|G5EGS5|GBF1_CAEEL,1735,NST,Caenorhabditis elegans,6239,gbf-1
sp|G5EGS7|SEL7_CAEEL,25,NES,Caenorhabditis elegans,6239,sel-7
sp|G5EGS7|SEL7_CAEEL,87,NST,Caenorhabditis elegans,6239,sel-7
sp|G5EGS7|SEL7_CAEEL,124,NES,Caenorhabditis elegans,6239,sel-7
sp|G5EGS7|SEL7_CAEEL,132,NQS,Caenorhabditis elegans,6239,sel-7
sp|G5EGS7|SEL7_CAEEL,255,NWT,Caenorhabditis elegans,6239,sel-7
sp|G5EGT9|RYK_CAEEL,30,NRT,Caenorhabditis elegans,6239,lin-18
sp|G5EGT9|RYK_CAEEL,46,NVS,Caenorhabditis elegans,6239,lin-18
sp|G5EGT9|RYK_CAEEL,332,NAS,Caenorhabditis elegans,6239,lin-18
sp|G5EGT9|RYK_CAEEL,350,NIT,Caenorhabditis elegans,6239,lin-18
sp|G5EGT9|RYK_CAEEL,356,NLS,Caenorhabditis elegans,6239,lin-18
sp|G5EGU2|EAK6_CAEEL,74,NLT,Caenorhabditis elegans,6239,eak-6
sp|G5EGU2|EAK6_CAEEL,87,NAS,Caenorhabditis elegans,6239,eak-6
sp|G5EGU2|EAK6_CAEEL,146,NNT,Caenorhabditis elegans,6239,eak-6
sp|G5EGU2|EAK6_CAEEL,181,NET,Caenorhabditis elegans,6239,eak-6
sp|G5EGU2|EAK6_CAEEL,290,NHS,Caenorhabditis elegans,6239,eak-6
sp|G5EGU9|SZY20_CAEEL,265,NQT,Caenorhabditis elegans,6239,szy-20
sp|G5EGU9|SZY20_CAEEL,478,NKS,Caenorhabditis elegans,6239,szy-20
sp|G5EGU9|SZY20_CAEEL,528,NGS,Caenorhabditis elegans,6239,szy-20
sp|H1UBK1|MAP2_CAEEL,80,NGS,Caenorhabditis elegans,6239,map-2
sp|H2KY84|CMTA1_CAEEL,2,NNS,Caenorhabditis elegans,6239,camt-1
sp|H2KY84|CMTA1_CAEEL,42,NET,Caenorhabditis elegans,6239,camt-1
sp|H2KY84|CMTA1_CAEEL,316,NGS,Caenorhabditis elegans,6239,camt-1
sp|H2KY84|CMTA1_CAEEL,377,NVS,Caenorhabditis elegans,6239,camt-1
sp|H2KY84|CMTA1_CAEEL,569,NGS,Caenorhabditis elegans,6239,camt-1
sp|H2KY84|CMTA1_CAEEL,677,NAT,Caenorhabditis elegans,6239,camt-1
sp|H2KY84|CMTA1_CAEEL,1055,NST,Caenorhabditis elegans,6239,camt-1
sp|H2KY86|HELQ_CAEEL,2,NRT,Caenorhabditis elegans,6239,helq-1
sp|H2KY86|HELQ_CAEEL,109,NES,Caenorhabditis elegans,6239,helq-1
sp|H2KYH3|RING2_CAEEL,23,NTS,Caenorhabditis elegans,6239,spat-3
sp|H2KYH3|RING2_CAEEL,77,NES,Caenorhabditis elegans,6239,spat-3
sp|H2KYH3|RING2_CAEEL,386,NRS,Caenorhabditis elegans,6239,spat-3
sp|H2KYH3|RING2_CAEEL,396,NDS,Caenorhabditis elegans,6239,spat-3
sp|H2KYH3|RING2_CAEEL,425,NES,Caenorhabditis elegans,6239,spat-3
sp|H2KYH3|RING2_CAEEL,1209,NLS,Caenorhabditis elegans,6239,spat-3
sp|H2KYH3|RING2_CAEEL,1309,NVS,Caenorhabditis elegans,6239,spat-3
sp|H2KYH3|RING2_CAEEL,1334,NQT,Caenorhabditis elegans,6239,spat-3
sp|H2KYH3|RING2_CAEEL,1468,NET,Caenorhabditis elegans,6239,spat-3
sp|H2KYH3|RING2_CAEEL,1475,NIT,Caenorhabditis elegans,6239,spat-3
sp|H2KYH3|RING2_CAEEL,1520,NGT,Caenorhabditis elegans,6239,spat-3
sp|H2KYH3|RING2_CAEEL,1560,NLS,Caenorhabditis elegans,6239,spat-3
sp|H2KYH3|RING2_CAEEL,2263,NVS,Caenorhabditis elegans,6239,spat-3
sp|H2KYH4|HAM2_CAEEL,55,NDT,Caenorhabditis elegans,6239,ham-2
sp|H2KYH4|HAM2_CAEEL,67,NIT,Caenorhabditis elegans,6239,ham-2
sp|H2KYH4|HAM2_CAEEL,97,NGT,Caenorhabditis elegans,6239,ham-2
sp|H2KYH4|HAM2_CAEEL,209,NIS,Caenorhabditis elegans,6239,ham-2
sp|H2KYJ8|NHR66_CAEEL,53,NST,Caenorhabditis elegans,6239,nhr-66
sp|H2KYJ8|NHR66_CAEEL,390,NVS,Caenorhabditis elegans,6239,nhr-66
sp|H2KYJ8|NHR66_CAEEL,457,NQT,Caenorhabditis elegans,6239,nhr-66
sp|H2KYJ8|NHR66_CAEEL,534,NNT,Caenorhabditis elegans,6239,nhr-66
sp|H2KYJ8|NHR66_CAEEL,585,NIT,Caenorhabditis elegans,6239,nhr-66
sp|H2KYJ8|NHR66_CAEEL,690,NVS,Caenorhabditis elegans,6239,nhr-66
sp|H2KYQ5|GYG1_CAEEL,66,NDS,Caenorhabditis elegans,6239,gyg-1
sp|H2KYQ5|GYG1_CAEEL,142,NET,Caenorhabditis elegans,6239,gyg-1
sp|H2KYQ5|GYG1_CAEEL,187,NMT,Caenorhabditis elegans,6239,gyg-1
sp|H2KYQ5|GYG1_CAEEL,243,NHT,Caenorhabditis elegans,6239,gyg-1
sp|H2KYQ5|GYG1_CAEEL,306,NTS,Caenorhabditis elegans,6239,gyg-1
sp|H2KYQ5|GYG1_CAEEL,373,NNT,Caenorhabditis elegans,6239,gyg-1
sp|H2KYS3|DAF9_CAEEL,38,NIS,Caenorhabditis elegans,6239,daf-9
sp|H2KYS3|DAF9_CAEEL,419,NQT,Caenorhabditis elegans,6239,daf-9
sp|H2KYS8|CPNA1_CAEEL,798,NSS,Caenorhabditis elegans,6239,cpna-1
sp|H2KYU6|NPL41_CAEEL,256,NIT,Caenorhabditis elegans,6239,npl-4.1
sp|H2KYU6|NPL41_CAEEL,375,NKS,Caenorhabditis elegans,6239,npl-4.1
sp|H2KZ60|RIG6_CAEEL,100,NRT,Caenorhabditis elegans,6239,rig-6
sp|H2KZ60|RIG6_CAEEL,195,NVS,Caenorhabditis elegans,6239,rig-6
sp|H2KZ60|RIG6_CAEEL,343,NST,Caenorhabditis elegans,6239,rig-6
sp|H2KZ60|RIG6_CAEEL,457,NVS,Caenorhabditis elegans,6239,rig-6
sp|H2KZ60|RIG6_CAEEL,644,NMS,Caenorhabditis elegans,6239,rig-6
sp|H2KZ60|RIG6_CAEEL,895,NAT,Caenorhabditis elegans,6239,rig-6
sp|H2KZ60|RIG6_CAEEL,925,NTT,Caenorhabditis elegans,6239,rig-6
sp|H2KZ60|RIG6_CAEEL,945,NGS,Caenorhabditis elegans,6239,rig-6
sp|H2KZ60|RIG6_CAEEL,974,NAS,Caenorhabditis elegans,6239,rig-6
sp|H2KZ60|RIG6_CAEEL,979,NIS,Caenorhabditis elegans,6239,rig-6
sp|H2KZ60|RIG6_CAEEL,986,NTS,Caenorhabditis elegans,6239,rig-6
sp|H2KZ60|RIG6_CAEEL,1002,NLS,Caenorhabditis elegans,6239,rig-6
sp|H2KZ60|RIG6_CAEEL,1092,NRT,Caenorhabditis elegans,6239,rig-6
sp|H2KZB2|ANKL2_CAEEL,20,NFS,Caenorhabditis elegans,6239,lem-4
sp|H2KZB2|ANKL2_CAEEL,253,NKS,Caenorhabditis elegans,6239,lem-4
sp|H2KZB2|ANKL2_CAEEL,449,NLT,Caenorhabditis elegans,6239,lem-4
sp|H2KZH5|TOE2_CAEEL,61,NNS,Caenorhabditis elegans,6239,toe-2
sp|H2KZH5|TOE2_CAEEL,209,NRS,Caenorhabditis elegans,6239,toe-2
sp|H2KZH5|TOE2_CAEEL,294,NAS,Caenorhabditis elegans,6239,toe-2
sp|H2KZH5|TOE2_CAEEL,389,NGS,Caenorhabditis elegans,6239,toe-2
sp|H2KZH5|TOE2_CAEEL,574,NET,Caenorhabditis elegans,6239,toe-2
sp|H2KZM6|PTPR_CAEEL,44,NST,Caenorhabditis elegans,6239,clr-1
sp|H2KZM6|PTPR_CAEEL,154,NST,Caenorhabditis elegans,6239,clr-1
sp|H2KZM6|PTPR_CAEEL,209,NGT,Caenorhabditis elegans,6239,clr-1
sp|H2KZM6|PTPR_CAEEL,282,NLT,Caenorhabditis elegans,6239,clr-1
sp|H2KZM6|PTPR_CAEEL,326,NLT,Caenorhabditis elegans,6239,clr-1
sp|H2KZM6|PTPR_CAEEL,442,NTS,Caenorhabditis elegans,6239,clr-1
sp|H2KZM6|PTPR_CAEEL,471,NYT,Caenorhabditis elegans,6239,clr-1
sp|H2KZM6|PTPR_CAEEL,514,NHS,Caenorhabditis elegans,6239,clr-1
sp|H2KZM6|PTPR_CAEEL,546,NVS,Caenorhabditis elegans,6239,clr-1
sp|H2KZM6|PTPR_CAEEL,891,NLT,Caenorhabditis elegans,6239,clr-1
sp|H2KZM6|PTPR_CAEEL,966,NNS,Caenorhabditis elegans,6239,clr-1
sp|H2KZM6|PTPR_CAEEL,1005,NNS,Caenorhabditis elegans,6239,clr-1
sp|H2KZM6|PTPR_CAEEL,1110,NGS,Caenorhabditis elegans,6239,clr-1
sp|H2KZM6|PTPR_CAEEL,1145,NLT,Caenorhabditis elegans,6239,clr-1
sp|H2KZM6|PTPR_CAEEL,1192,NAS,Caenorhabditis elegans,6239,clr-1
sp|H2KZM6|PTPR_CAEEL,1226,NVT,Caenorhabditis elegans,6239,clr-1
sp|H2KZM6|PTPR_CAEEL,1265,NVT,Caenorhabditis elegans,6239,clr-1
sp|H2KZM6|PTPR_CAEEL,1281,NLS,Caenorhabditis elegans,6239,clr-1
sp|H2KZM6|PTPR_CAEEL,1289,NES,Caenorhabditis elegans,6239,clr-1
sp|H2KZM6|PTPR_CAEEL,1346,NGS,Caenorhabditis elegans,6239,clr-1
sp|H2KZM9|TTL11_CAEEL,111,NSS,Caenorhabditis elegans,6239,ttll-11
sp|H2KZM9|TTL11_CAEEL,342,NYS,Caenorhabditis elegans,6239,ttll-11
sp|H2KZM9|TTL11_CAEEL,498,NNS,Caenorhabditis elegans,6239,ttll-11
sp|H2KZM9|TTL11_CAEEL,558,NIT,Caenorhabditis elegans,6239,ttll-11
sp|H2KZM9|TTL11_CAEEL,676,NRS,Caenorhabditis elegans,6239,ttll-11
sp|H2KZM9|TTL11_CAEEL,686,NFT,Caenorhabditis elegans,6239,ttll-11
sp|H2KZU7|SVH2_CAEEL,276,NIS,Caenorhabditis elegans,6239,svh-2
sp|H2KZU7|SVH2_CAEEL,299,NHT,Caenorhabditis elegans,6239,svh-2
sp|H2KZU7|SVH2_CAEEL,461,NIS,Caenorhabditis elegans,6239,svh-2
sp|H2KZU7|SVH2_CAEEL,554,NNS,Caenorhabditis elegans,6239,svh-2
sp|H2KZU7|SVH2_CAEEL,617,NYS,Caenorhabditis elegans,6239,svh-2
sp|H2KZU7|SVH2_CAEEL,1047,NDT,Caenorhabditis elegans,6239,svh-2
sp|H2KZU7|SVH2_CAEEL,1050,NDS,Caenorhabditis elegans,6239,svh-2
sp|H2KZW3|M3K20_CAEEL,7,NES,Caenorhabditis elegans,6239,zak-1
sp|H2KZW3|M3K20_CAEEL,15,NNS,Caenorhabditis elegans,6239,zak-1
sp|H2KZW3|M3K20_CAEEL,49,NWT,Caenorhabditis elegans,6239,zak-1
sp|H2KZW3|M3K20_CAEEL,486,NAT,Caenorhabditis elegans,6239,zak-1
sp|H2KZW3|M3K20_CAEEL,714,NKT,Caenorhabditis elegans,6239,zak-1
sp|H2KZZ2|HLH30_CAEEL,49,NAS,Caenorhabditis elegans,6239,hlh-30
sp|H2KZZ2|HLH30_CAEEL,293,NTS,Caenorhabditis elegans,6239,hlh-30
sp|H2KZZ2|HLH30_CAEEL,384,NHT,Caenorhabditis elegans,6239,hlh-30
sp|H2KZZ2|HLH30_CAEEL,403,NNT,Caenorhabditis elegans,6239,hlh-30
sp|H2KZZ2|HLH30_CAEEL,414,NDS,Caenorhabditis elegans,6239,hlh-30
sp|H2KZZ2|HLH30_CAEEL,423,NNS,Caenorhabditis elegans,6239,hlh-30
sp|H2L002|GCY7_CAEEL,80,NFT,Caenorhabditis elegans,6239,gcy-7
sp|H2L002|GCY7_CAEEL,300,NDT,Caenorhabditis elegans,6239,gcy-7
sp|H2L002|GCY7_CAEEL,326,NYT,Caenorhabditis elegans,6239,gcy-7
sp|H2L002|GCY7_CAEEL,353,NFT,Caenorhabditis elegans,6239,gcy-7
sp|H2L002|GCY7_CAEEL,389,NAT,Caenorhabditis elegans,6239,gcy-7
sp|H2L002|GCY7_CAEEL,407,NVT,Caenorhabditis elegans,6239,gcy-7
sp|H2L002|GCY7_CAEEL,430,NNT,Caenorhabditis elegans,6239,gcy-7
sp|H2L002|GCY7_CAEEL,441,NMS,Caenorhabditis elegans,6239,gcy-7
sp|H2L002|GCY7_CAEEL,825,NSS,Caenorhabditis elegans,6239,gcy-7
sp|H2L006|TSP14_CAEEL,205,NMS,Caenorhabditis elegans,6239,tsp-14
sp|H2L006|TSP14_CAEEL,211,NCT,Caenorhabditis elegans,6239,tsp-14
sp|H2L006|TSP14_CAEEL,355,NAS,Caenorhabditis elegans,6239,tsp-14
sp|H2L006|TSP14_CAEEL,359,NAT,Caenorhabditis elegans,6239,tsp-14
sp|H2L006|TSP14_CAEEL,385,NAS,Caenorhabditis elegans,6239,tsp-14
sp|H2L006|TSP14_CAEEL,432,NRT,Caenorhabditis elegans,6239,tsp-14
sp|H2L008|ZTF16_CAEEL,109,NFT,Caenorhabditis elegans,6239,ztf-16
sp|H2L008|ZTF16_CAEEL,276,NMS,Caenorhabditis elegans,6239,ztf-16
sp|H2L008|ZTF16_CAEEL,301,NST,Caenorhabditis elegans,6239,ztf-16
sp|H2L008|ZTF16_CAEEL,397,NES,Caenorhabditis elegans,6239,ztf-16
sp|H2L045|TENSH_CAEEL,91,NVS,Caenorhabditis elegans,6239,tns-1
sp|H2L045|TENSH_CAEEL,250,NKS,Caenorhabditis elegans,6239,tns-1
sp|H2L045|TENSH_CAEEL,358,NNS,Caenorhabditis elegans,6239,tns-1
sp|H2L045|TENSH_CAEEL,373,NRS,Caenorhabditis elegans,6239,tns-1
sp|H2L045|TENSH_CAEEL,520,NVS,Caenorhabditis elegans,6239,tns-1
sp|H2L045|TENSH_CAEEL,705,NAS,Caenorhabditis elegans,6239,tns-1
sp|H2L045|TENSH_CAEEL,711,NFS,Caenorhabditis elegans,6239,tns-1
sp|H2L045|TENSH_CAEEL,717,NNT,Caenorhabditis elegans,6239,tns-1
sp|H2L045|TENSH_CAEEL,881,NQS,Caenorhabditis elegans,6239,tns-1
sp|H2L045|TENSH_CAEEL,904,NFS,Caenorhabditis elegans,6239,tns-1
sp|H2L045|TENSH_CAEEL,1040,NRS,Caenorhabditis elegans,6239,tns-1
sp|H2L045|TENSH_CAEEL,1352,NRS,Caenorhabditis elegans,6239,tns-1
sp|H2L099|GCK1_CAEEL,54,NRT,Caenorhabditis elegans,6239,gck-1
sp|H2L099|GCK1_CAEEL,387,NSS,Caenorhabditis elegans,6239,gck-1
sp|H2L099|GCK1_CAEEL,431,NGS,Caenorhabditis elegans,6239,gck-1
sp|H2L099|GCK1_CAEEL,503,NGS,Caenorhabditis elegans,6239,gck-1
sp|H2L099|GCK1_CAEEL,512,NSS,Caenorhabditis elegans,6239,gck-1
sp|H2L099|GCK1_CAEEL,517,NHS,Caenorhabditis elegans,6239,gck-1
sp|H2L0G5|PTC3_CAEEL,235,NET,Caenorhabditis elegans,6239,ptc-3
sp|H2L0G5|PTC3_CAEEL,310,NVT,Caenorhabditis elegans,6239,ptc-3
sp|H2L0G5|PTC3_CAEEL,454,NST,Caenorhabditis elegans,6239,ptc-3
sp|H2L0G5|PTC3_CAEEL,591,NFT,Caenorhabditis elegans,6239,ptc-3
sp|H2L0G5|PTC3_CAEEL,819,NVS,Caenorhabditis elegans,6239,ptc-3
sp|H2L0G5|PTC3_CAEEL,822,NMS,Caenorhabditis elegans,6239,ptc-3
sp|H2L0N8|ARL13_CAEEL,148,NET,Caenorhabditis elegans,6239,arl-13
sp|H2L0Q3|GABR1_CAEEL,69,NMT,Caenorhabditis elegans,6239,gbb-1
sp|H2L0Q3|GABR1_CAEEL,266,NCT,Caenorhabditis elegans,6239,gbb-1
sp|H2L0Q3|GABR1_CAEEL,339,NCT,Caenorhabditis elegans,6239,gbb-1
sp|H2L0Q3|GABR1_CAEEL,353,NFT,Caenorhabditis elegans,6239,gbb-1
sp|H2L0Q3|GABR1_CAEEL,371,NTS,Caenorhabditis elegans,6239,gbb-1
sp|H2L0Q3|GABR1_CAEEL,707,NDS,Caenorhabditis elegans,6239,gbb-1
sp|H2L0Q3|GABR1_CAEEL,804,NET,Caenorhabditis elegans,6239,gbb-1
sp|H2L0Q3|GABR1_CAEEL,853,NLT,Caenorhabditis elegans,6239,gbb-1
sp|I2HAA0|TBC8_CAEEL,63,NGS,Caenorhabditis elegans,6239,tbc-8
sp|I2HAA0|TBC8_CAEEL,282,NGS,Caenorhabditis elegans,6239,tbc-8
sp|I2HAA0|TBC8_CAEEL,313,NGS,Caenorhabditis elegans,6239,tbc-8
sp|I2HAA0|TBC8_CAEEL,331,NLS,Caenorhabditis elegans,6239,tbc-8
sp|I2HAA0|TBC8_CAEEL,617,NES,Caenorhabditis elegans,6239,tbc-8
sp|K8ERR8|LSY12_CAEEL,192,NES,Caenorhabditis elegans,6239,lsy-12
sp|K8ERR8|LSY12_CAEEL,224,NMS,Caenorhabditis elegans,6239,lsy-12
sp|K8ERR8|LSY12_CAEEL,284,NVT,Caenorhabditis elegans,6239,lsy-12
sp|K8ERR8|LSY12_CAEEL,348,NNS,Caenorhabditis elegans,6239,lsy-12
sp|K8ERR8|LSY12_CAEEL,421,NRS,Caenorhabditis elegans,6239,lsy-12
sp|K8ERR8|LSY12_CAEEL,459,NQS,Caenorhabditis elegans,6239,lsy-12
sp|K8ERR8|LSY12_CAEEL,683,NLS,Caenorhabditis elegans,6239,lsy-12
sp|K8ERR8|LSY12_CAEEL,893,NRS,Caenorhabditis elegans,6239,lsy-12
sp|K8ERR8|LSY12_CAEEL,980,NNT,Caenorhabditis elegans,6239,lsy-12
sp|K8ERR8|LSY12_CAEEL,1203,NDS,Caenorhabditis elegans,6239,lsy-12
sp|K8ERR8|LSY12_CAEEL,1254,NLS,Caenorhabditis elegans,6239,lsy-12
sp|K8ERR8|LSY12_CAEEL,1314,NTT,Caenorhabditis elegans,6239,lsy-12
sp|K8ERR8|LSY12_CAEEL,1372,NHS,Caenorhabditis elegans,6239,lsy-12
sp|K8ERR8|LSY12_CAEEL,1564,NGT,Caenorhabditis elegans,6239,lsy-12
sp|K8ESC5|ATG41_CAEEL,11,NFS,Caenorhabditis elegans,6239,atg-4.1
sp|N1NVB7|GCY6_CAEEL,325,NYT,Caenorhabditis elegans,6239,gcy-6
sp|N1NVB7|GCY6_CAEEL,343,NCT,Caenorhabditis elegans,6239,gcy-6
sp|N1NVB7|GCY6_CAEEL,387,NGT,Caenorhabditis elegans,6239,gcy-6
sp|N1NVB7|GCY6_CAEEL,427,NNS,Caenorhabditis elegans,6239,gcy-6
sp|N1NVB7|GCY6_CAEEL,599,NKT,Caenorhabditis elegans,6239,gcy-6
sp|N1NVB7|GCY6_CAEEL,712,NKS,Caenorhabditis elegans,6239,gcy-6
sp|O01326|RNC_CAEEL,186,NDS,Caenorhabditis elegans,6239,drsh-1
sp|O01326|RNC_CAEEL,472,NTS,Caenorhabditis elegans,6239,drsh-1
sp|O01326|RNC_CAEEL,563,NRS,Caenorhabditis elegans,6239,drsh-1
sp|O01326|RNC_CAEEL,604,NFS,Caenorhabditis elegans,6239,drsh-1
sp|O01326|RNC_CAEEL,910,NQT,Caenorhabditis elegans,6239,drsh-1
sp|O01326|RNC_CAEEL,1069,NNS,Caenorhabditis elegans,6239,drsh-1
sp|O01479|TMOD_CAEEL,220,NDT,Caenorhabditis elegans,6239,unc-94
sp|O01479|TMOD_CAEEL,351,NES,Caenorhabditis elegans,6239,unc-94
sp|O01501|CCNE_CAEEL,54,NSS,Caenorhabditis elegans,6239,cye-1
sp|O01501|CCNE_CAEEL,89,NGS,Caenorhabditis elegans,6239,cye-1
sp|O01501|CCNE_CAEEL,381,NKS,Caenorhabditis elegans,6239,cye-1
sp|O01510|SMG1_CAEEL,156,NSS,Caenorhabditis elegans,6239,smg-1
sp|O01510|SMG1_CAEEL,331,NLS,Caenorhabditis elegans,6239,smg-1
sp|O01510|SMG1_CAEEL,334,NQS,Caenorhabditis elegans,6239,smg-1
sp|O01510|SMG1_CAEEL,444,NES,Caenorhabditis elegans,6239,smg-1
sp|O01510|SMG1_CAEEL,748,NQT,Caenorhabditis elegans,6239,smg-1
sp|O01510|SMG1_CAEEL,795,NKS,Caenorhabditis elegans,6239,smg-1
sp|O01510|SMG1_CAEEL,803,NQS,Caenorhabditis elegans,6239,smg-1
sp|O01510|SMG1_CAEEL,843,NLT,Caenorhabditis elegans,6239,smg-1
sp|O01510|SMG1_CAEEL,981,NET,Caenorhabditis elegans,6239,smg-1
sp|O01510|SMG1_CAEEL,1018,NDS,Caenorhabditis elegans,6239,smg-1
sp|O01510|SMG1_CAEEL,1039,NNT,Caenorhabditis elegans,6239,smg-1
sp|O01510|SMG1_CAEEL,1358,NLS,Caenorhabditis elegans,6239,smg-1
sp|O01510|SMG1_CAEEL,1438,NMS,Caenorhabditis elegans,6239,smg-1
sp|O01510|SMG1_CAEEL,1481,NKT,Caenorhabditis elegans,6239,smg-1
sp|O01510|SMG1_CAEEL,1564,NMS,Caenorhabditis elegans,6239,smg-1
sp|O01510|SMG1_CAEEL,2227,NLS,Caenorhabditis elegans,6239,smg-1
sp|O01510|SMG1_CAEEL,2310,NLS,Caenorhabditis elegans,6239,smg-1
sp|O01583|MRCK_CAEEL,50,NST,Caenorhabditis elegans,6239,mrck-1
sp|O01583|MRCK_CAEEL,766,NLT,Caenorhabditis elegans,6239,mrck-1
sp|O01583|MRCK_CAEEL,780,NNS,Caenorhabditis elegans,6239,mrck-1
sp|O01583|MRCK_CAEEL,870,NSS,Caenorhabditis elegans,6239,mrck-1
sp|O01583|MRCK_CAEEL,897,NSS,Caenorhabditis elegans,6239,mrck-1
sp|O01583|MRCK_CAEEL,1119,NSS,Caenorhabditis elegans,6239,mrck-1
sp|O01583|MRCK_CAEEL,1271,NDT,Caenorhabditis elegans,6239,mrck-1
sp|O01583|MRCK_CAEEL,1454,NVT,Caenorhabditis elegans,6239,mrck-1
sp|O01583|MRCK_CAEEL,1484,NDS,Caenorhabditis elegans,6239,mrck-1
sp|O01583|MRCK_CAEEL,1574,NHS,Caenorhabditis elegans,6239,mrck-1
sp|O01583|MRCK_CAEEL,1586,NRS,Caenorhabditis elegans,6239,mrck-1
sp|O01658|NO66_CAEEL,8,NKS,Caenorhabditis elegans,6239,jmjc-1
sp|O01658|NO66_CAEEL,127,NET,Caenorhabditis elegans,6239,jmjc-1
sp|O01658|NO66_CAEEL,478,NFT,Caenorhabditis elegans,6239,jmjc-1
sp|O01658|NO66_CAEEL,678,NNS,Caenorhabditis elegans,6239,jmjc-1
sp|O01683|SSP1B_CAEEL,91,NWS,Caenorhabditis elegans,6239,hmg-3
sp|O01683|SSP1B_CAEEL,97,NQS,Caenorhabditis elegans,6239,hmg-3
sp|O01683|SSP1B_CAEEL,134,NVS,Caenorhabditis elegans,6239,hmg-3
sp|O01683|SSP1B_CAEEL,435,NKS,Caenorhabditis elegans,6239,hmg-3
sp|O01700|DLK1_CAEEL,80,NAS,Caenorhabditis elegans,6239,dlk-1
sp|O01700|DLK1_CAEEL,156,NRT,Caenorhabditis elegans,6239,dlk-1
sp|O01700|DLK1_CAEEL,531,NTS,Caenorhabditis elegans,6239,dlk-1
sp|O01700|DLK1_CAEEL,651,NKS,Caenorhabditis elegans,6239,dlk-1
sp|O01700|DLK1_CAEEL,688,NRS,Caenorhabditis elegans,6239,dlk-1
sp|O01700|DLK1_CAEEL,840,NTS,Caenorhabditis elegans,6239,dlk-1
sp|O01704|EXT1_CAEEL,268,NST,Caenorhabditis elegans,6239,rib-1
sp|O01705|EXT2_CAEEL,6,NGS,Caenorhabditis elegans,6239,rib-2
sp|O01705|EXT2_CAEEL,36,NVS,Caenorhabditis elegans,6239,rib-2
sp|O01705|EXT2_CAEEL,227,NTT,Caenorhabditis elegans,6239,rib-2
sp|O01705|EXT2_CAEEL,297,NFS,Caenorhabditis elegans,6239,rib-2
sp|O01705|EXT2_CAEEL,322,NCS,Caenorhabditis elegans,6239,rib-2
sp|O01705|EXT2_CAEEL,454,NSS,Caenorhabditis elegans,6239,rib-2
sp|O01705|EXT2_CAEEL,492,NFT,Caenorhabditis elegans,6239,rib-2
sp|O01705|EXT2_CAEEL,685,NHT,Caenorhabditis elegans,6239,rib-2
sp|O01737|SBNO_CAEEL,41,NNT,Caenorhabditis elegans,6239,let-765
sp|O01737|SBNO_CAEEL,57,NDS,Caenorhabditis elegans,6239,let-765
sp|O01737|SBNO_CAEEL,137,NQS,Caenorhabditis elegans,6239,let-765
sp|O01737|SBNO_CAEEL,520,NRS,Caenorhabditis elegans,6239,let-765
sp|O01737|SBNO_CAEEL,763,NGS,Caenorhabditis elegans,6239,let-765
sp|O01737|SBNO_CAEEL,1108,NIT,Caenorhabditis elegans,6239,let-765
sp|O01737|SBNO_CAEEL,1134,NST,Caenorhabditis elegans,6239,let-765
sp|O01737|SBNO_CAEEL,1321,NGS,Caenorhabditis elegans,6239,let-765
sp|O01737|SBNO_CAEEL,1571,NKT,Caenorhabditis elegans,6239,let-765
sp|O01737|SBNO_CAEEL,1652,NGS,Caenorhabditis elegans,6239,let-765
sp|O01737|SBNO_CAEEL,1782,NGT,Caenorhabditis elegans,6239,let-765
sp|O01739|OXDD3_CAEEL,152,NTT,Caenorhabditis elegans,6239,ddo-3
sp|O01739|OXDD3_CAEEL,271,NVT,Caenorhabditis elegans,6239,ddo-3
sp|O01739|OXDD3_CAEEL,320,NGS,Caenorhabditis elegans,6239,ddo-3
sp|O01739|OXDD3_CAEEL,371,NAT,Caenorhabditis elegans,6239,ddo-3
sp|O01761|UNC89_CAEEL,26,NYS,Caenorhabditis elegans,6239,unc-89
sp|O01761|UNC89_CAEEL,140,NVS,Caenorhabditis elegans,6239,unc-89
sp|O01761|UNC89_CAEEL,478,NAS,Caenorhabditis elegans,6239,unc-89
sp|O01761|UNC89_CAEEL,906,NTS,Caenorhabditis elegans,6239,unc-89
sp|O01761|UNC89_CAEEL,1897,NKT,Caenorhabditis elegans,6239,unc-89
sp|O01761|UNC89_CAEEL,2034,NKS,Caenorhabditis elegans,6239,unc-89
sp|O01761|UNC89_CAEEL,2299,NVT,Caenorhabditis elegans,6239,unc-89
sp|O01761|UNC89_CAEEL,2338,NGT,Caenorhabditis elegans,6239,unc-89
sp|O01761|UNC89_CAEEL,2347,NVS,Caenorhabditis elegans,6239,unc-89
sp|O01761|UNC89_CAEEL,2412,NIT,Caenorhabditis elegans,6239,unc-89
sp|O01761|UNC89_CAEEL,2573,NLT,Caenorhabditis elegans,6239,unc-89
sp|O01761|UNC89_CAEEL,2953,NVT,Caenorhabditis elegans,6239,unc-89
sp|O01761|UNC89_CAEEL,3031,NKT,Caenorhabditis elegans,6239,unc-89
sp|O01761|UNC89_CAEEL,3300,NET,Caenorhabditis elegans,6239,unc-89
sp|O01761|UNC89_CAEEL,3634,NGS,Caenorhabditis elegans,6239,unc-89
sp|O01761|UNC89_CAEEL,3879,NVT,Caenorhabditis elegans,6239,unc-89
sp|O01761|UNC89_CAEEL,4123,NVT,Caenorhabditis elegans,6239,unc-89
sp|O01761|UNC89_CAEEL,4297,NVS,Caenorhabditis elegans,6239,unc-89
sp|O01761|UNC89_CAEEL,4672,NSS,Caenorhabditis elegans,6239,unc-89
sp|O01761|UNC89_CAEEL,4856,NES,Caenorhabditis elegans,6239,unc-89
sp|O01761|UNC89_CAEEL,5250,NGT,Caenorhabditis elegans,6239,unc-89
sp|O01761|UNC89_CAEEL,5444,NDS,Caenorhabditis elegans,6239,unc-89
sp|O01761|UNC89_CAEEL,5466,NTS,Caenorhabditis elegans,6239,unc-89
sp|O01761|UNC89_CAEEL,5548,NES,Caenorhabditis elegans,6239,unc-89
sp|O01761|UNC89_CAEEL,5658,NAT,Caenorhabditis elegans,6239,unc-89
sp|O01761|UNC89_CAEEL,5675,NGS,Caenorhabditis elegans,6239,unc-89
sp|O01761|UNC89_CAEEL,6046,NMS,Caenorhabditis elegans,6239,unc-89
sp|O01761|UNC89_CAEEL,6103,NAS,Caenorhabditis elegans,6239,unc-89
sp|O01761|UNC89_CAEEL,6424,NDT,Caenorhabditis elegans,6239,unc-89
sp|O01761|UNC89_CAEEL,6432,NVS,Caenorhabditis elegans,6239,unc-89
sp|O01761|UNC89_CAEEL,6515,NKT,Caenorhabditis elegans,6239,unc-89
sp|O01761|UNC89_CAEEL,6698,NST,Caenorhabditis elegans,6239,unc-89
sp|O01761|UNC89_CAEEL,6828,NET,Caenorhabditis elegans,6239,unc-89
sp|O01761|UNC89_CAEEL,6846,NFS,Caenorhabditis elegans,6239,unc-89
sp|O01761|UNC89_CAEEL,7287,NLS,Caenorhabditis elegans,6239,unc-89
sp|O01761|UNC89_CAEEL,7847,NNS,Caenorhabditis elegans,6239,unc-89
sp|O01761|UNC89_CAEEL,8003,NAS,Caenorhabditis elegans,6239,unc-89
sp|O01767|EGG4_CAEEL,298,NST,Caenorhabditis elegans,6239,egg-4
sp|O01767|EGG4_CAEEL,341,NET,Caenorhabditis elegans,6239,egg-4
sp|O01767|EGG4_CAEEL,574,NNS,Caenorhabditis elegans,6239,egg-4
sp|O01767|EGG4_CAEEL,591,NAS,Caenorhabditis elegans,6239,egg-4
sp|O01789|SMC1_CAEEL,46,NGS,Caenorhabditis elegans,6239,him-1
sp|O01789|SMC1_CAEEL,112,NGT,Caenorhabditis elegans,6239,him-1
sp|O01789|SMC1_CAEEL,340,NNS,Caenorhabditis elegans,6239,him-1
sp|O01789|SMC1_CAEEL,376,NLS,Caenorhabditis elegans,6239,him-1
sp|O01789|SMC1_CAEEL,1036,NVS,Caenorhabditis elegans,6239,him-1
sp|O01789|SMC1_CAEEL,1111,NTS,Caenorhabditis elegans,6239,him-1
sp|O01789|SMC1_CAEEL,1147,NLS,Caenorhabditis elegans,6239,him-1
sp|O01798|SPE8_CAEEL,83,NNS,Caenorhabditis elegans,6239,spe-8
sp|O01803|RB11A_CAEEL,124,NKS,Caenorhabditis elegans,6239,rab-11.1
sp|O01811|MEC6_CAEEL,42,NHT,Caenorhabditis elegans,6239,mec-6
sp|O01811|MEC6_CAEEL,94,NRT,Caenorhabditis elegans,6239,mec-6
sp|O01822|BL1S6_CAEEL,12,NVT,Caenorhabditis elegans,6239,glo-2
sp|O01822|BL1S6_CAEEL,103,NKS,Caenorhabditis elegans,6239,glo-2
sp|O01836|GLH3_CAEEL,160,NCS,Caenorhabditis elegans,6239,glh-3
sp|O01836|GLH3_CAEEL,418,NKS,Caenorhabditis elegans,6239,glh-3
sp|O01839|VPS51_CAEEL,234,NHS,Caenorhabditis elegans,6239,vps-51
sp|O01839|VPS51_CAEEL,252,NLT,Caenorhabditis elegans,6239,vps-51
sp|O01839|VPS51_CAEEL,464,NKS,Caenorhabditis elegans,6239,vps-51
sp|O01887|TRYL5_CAEEL,207,NVT,Caenorhabditis elegans,6239,try-5
sp|O01901|WASC3_CAEEL,2,NAS,Caenorhabditis elegans,6239,ddl-1
sp|O01925|MBOA5_CAEEL,240,NLS,Caenorhabditis elegans,6239,mboa-6
sp|O01965|ARI11_CAEEL,38,NSS,Caenorhabditis elegans,6239,ari-1.1
sp|O01971|EMR1_CAEEL,47,NQS,Caenorhabditis elegans,6239,emr-1
sp|O01971|EMR1_CAEEL,52,NDS,Caenorhabditis elegans,6239,emr-1
sp|O01971|EMR1_CAEEL,78,NVS,Caenorhabditis elegans,6239,emr-1
sp|O01991|EF2K_CAEEL,7,NES,Caenorhabditis elegans,6239,efk-1
sp|O01991|EF2K_CAEEL,29,NAS,Caenorhabditis elegans,6239,efk-1
sp|O01991|EF2K_CAEEL,370,NQS,Caenorhabditis elegans,6239,efk-1
sp|O01991|EF2K_CAEEL,472,NSS,Caenorhabditis elegans,6239,efk-1
sp|O02100|HOP1_CAEEL,214,NSS,Caenorhabditis elegans,6239,hop-1
sp|O02100|HOP1_CAEEL,231,NST,Caenorhabditis elegans,6239,hop-1
sp|O02100|HOP1_CAEEL,239,NNS,Caenorhabditis elegans,6239,hop-1
sp|O02101|SWIC2_CAEEL,198,NET,Caenorhabditis elegans,6239,swsn-2.2
sp|O02151|NHR14_CAEEL,112,NNS,Caenorhabditis elegans,6239,nhr-14
sp|O02151|NHR14_CAEEL,149,NQS,Caenorhabditis elegans,6239,nhr-14
sp|O02151|NHR14_CAEEL,278,NNT,Caenorhabditis elegans,6239,nhr-14
sp|O02213|SER2_CAEEL,4,NYT,Caenorhabditis elegans,6239,ser-2
sp|O02213|SER2_CAEEL,26,NAS,Caenorhabditis elegans,6239,ser-2
sp|O02213|SER2_CAEEL,330,NGS,Caenorhabditis elegans,6239,ser-2
sp|O02213|SER2_CAEEL,415,NSS,Caenorhabditis elegans,6239,ser-2
sp|O02217|P2R31_CAEEL,119,NLT,Caenorhabditis elegans,6239,rsa-1
sp|O02217|P2R31_CAEEL,150,NST,Caenorhabditis elegans,6239,rsa-1
sp|O02217|P2R31_CAEEL,383,NST,Caenorhabditis elegans,6239,rsa-1
sp|O02219|AHA1_CAEEL,48,NHS,Caenorhabditis elegans,6239,aha-1
sp|O02228|SC5A7_CAEEL,72,NGT,Caenorhabditis elegans,6239,cho-1
sp|O02228|SC5A7_CAEEL,163,NAS,Caenorhabditis elegans,6239,cho-1
sp|O02228|SC5A7_CAEEL,306,NGT,Caenorhabditis elegans,6239,cho-1
sp|O02228|SC5A7_CAEEL,543,NGT,Caenorhabditis elegans,6239,cho-1
sp|O02274|ZTF11_CAEEL,90,NET,Caenorhabditis elegans,6239,ztf-11
sp|O02274|ZTF11_CAEEL,97,NMT,Caenorhabditis elegans,6239,ztf-11
sp|O02274|ZTF11_CAEEL,225,NIS,Caenorhabditis elegans,6239,ztf-11
sp|O02274|ZTF11_CAEEL,243,NGS,Caenorhabditis elegans,6239,ztf-11
sp|O02274|ZTF11_CAEEL,325,NRT,Caenorhabditis elegans,6239,ztf-11
sp|O02274|ZTF11_CAEEL,520,NQS,Caenorhabditis elegans,6239,ztf-11
sp|O02279|NHR62_CAEEL,91,NST,Caenorhabditis elegans,6239,nhr-62
sp|O02279|NHR62_CAEEL,178,NGS,Caenorhabditis elegans,6239,nhr-62
sp|O02279|NHR62_CAEEL,214,NNS,Caenorhabditis elegans,6239,nhr-62
sp|O02279|NHR62_CAEEL,342,NWT,Caenorhabditis elegans,6239,nhr-62
sp|O02279|NHR62_CAEEL,456,NSS,Caenorhabditis elegans,6239,nhr-62
sp|O02298|GCY35_CAEEL,194,NST,Caenorhabditis elegans,6239,gcy-35
sp|O02298|GCY35_CAEEL,329,NVT,Caenorhabditis elegans,6239,gcy-35
sp|O02298|GCY35_CAEEL,359,NQS,Caenorhabditis elegans,6239,gcy-35
sp|O02298|GCY35_CAEEL,369,NRT,Caenorhabditis elegans,6239,gcy-35
sp|O02298|GCY35_CAEEL,494,NIS,Caenorhabditis elegans,6239,gcy-35
sp|O02298|GCY35_CAEEL,641,NLT,Caenorhabditis elegans,6239,gcy-35
sp|O02298|GCY35_CAEEL,658,NNT,Caenorhabditis elegans,6239,gcy-35
sp|O02298|GCY35_CAEEL,669,NGS,Caenorhabditis elegans,6239,gcy-35
sp|O02326|CFI1_CAEEL,81,NLS,Caenorhabditis elegans,6239,cfi-1
sp|O02326|CFI1_CAEEL,160,NAS,Caenorhabditis elegans,6239,cfi-1
sp|O02326|CFI1_CAEEL,277,NQS,Caenorhabditis elegans,6239,cfi-1
sp|O02326|CFI1_CAEEL,405,NDS,Caenorhabditis elegans,6239,cfi-1
sp|O02365|IFA2_CAEEL,18,NRT,Caenorhabditis elegans,6239,mua-6
sp|O02365|IFA2_CAEEL,334,NQT,Caenorhabditis elegans,6239,mua-6
sp|O02482|UNC37_CAEEL,41,NRS,Caenorhabditis elegans,6239,unc-37
sp|O02482|UNC37_CAEEL,581,NSS,Caenorhabditis elegans,6239,unc-37
sp|O02626|MADD_CAEEL,23,NRT,Caenorhabditis elegans,6239,aex-3
sp|O02626|MADD_CAEEL,403,NET,Caenorhabditis elegans,6239,aex-3
sp|O02626|MADD_CAEEL,439,NFS,Caenorhabditis elegans,6239,aex-3
sp|O02626|MADD_CAEEL,494,NET,Caenorhabditis elegans,6239,aex-3
sp|O02626|MADD_CAEEL,531,NNS,Caenorhabditis elegans,6239,aex-3
sp|O02626|MADD_CAEEL,736,NKT,Caenorhabditis elegans,6239,aex-3
sp|O02626|MADD_CAEEL,944,NVT,Caenorhabditis elegans,6239,aex-3
sp|O02626|MADD_CAEEL,1125,NDS,Caenorhabditis elegans,6239,aex-3
sp|O02626|MADD_CAEEL,1146,NMT,Caenorhabditis elegans,6239,aex-3
sp|O02626|MADD_CAEEL,1254,NIT,Caenorhabditis elegans,6239,aex-3
sp|O02655|DCAM_CAEEL,42,NET,Caenorhabditis elegans,6239,smd-1
sp|O02655|DCAM_CAEEL,72,NES,Caenorhabditis elegans,6239,smd-1
sp|O02655|DCAM_CAEEL,252,NDT,Caenorhabditis elegans,6239,smd-1
sp|O16000|STX1A_CAEEL,136,NKT,Caenorhabditis elegans,6239,unc-64
sp|O16228|DJ12_CAEEL,64,NKT,Caenorhabditis elegans,6239,djr-1.2
sp|O16259|STIP1_CAEEL,38,NIT,Caenorhabditis elegans,6239,sti-1
sp|O16299|FIGL1_CAEEL,10,NVT,Caenorhabditis elegans,6239,figl-1
sp|O16299|FIGL1_CAEEL,379,NIS,Caenorhabditis elegans,6239,figl-1
sp|O16305|CALM_CAEEL,61,NGT,Caenorhabditis elegans,6239,cmd-1
sp|O16374|GALT1_CAEEL,109,NFS,Caenorhabditis elegans,6239,galt-1
sp|O16374|GALT1_CAEEL,152,NVS,Caenorhabditis elegans,6239,galt-1
sp|O16466|ATG18_CAEEL,44,NNT,Caenorhabditis elegans,6239,atg-18
sp|O16466|ATG18_CAEEL,53,NLT,Caenorhabditis elegans,6239,atg-18
sp|O16466|ATG18_CAEEL,102,NKS,Caenorhabditis elegans,6239,atg-18
sp|O16466|ATG18_CAEEL,177,NLS,Caenorhabditis elegans,6239,atg-18
sp|O16466|ATG18_CAEEL,287,NKT,Caenorhabditis elegans,6239,atg-18
sp|O16466|ATG18_CAEEL,392,NQS,Caenorhabditis elegans,6239,atg-18
sp|O16658|S35A3_CAEEL,5,NDT,Caenorhabditis elegans,6239,nstp-4
sp|O16850|FOXO_CAEEL,130,NGS,Caenorhabditis elegans,6239,daf-16
sp|O16850|FOXO_CAEEL,177,NMS,Caenorhabditis elegans,6239,daf-16
sp|O16850|FOXO_CAEEL,219,NSS,Caenorhabditis elegans,6239,daf-16
sp|O16850|FOXO_CAEEL,231,NLS,Caenorhabditis elegans,6239,daf-16
sp|O16850|FOXO_CAEEL,346,NLS,Caenorhabditis elegans,6239,daf-16
sp|O16850|FOXO_CAEEL,476,NSS,Caenorhabditis elegans,6239,daf-16
sp|O16850|FOXO_CAEEL,507,NLT,Caenorhabditis elegans,6239,daf-16
sp|O17072|NFYC1_CAEEL,18,NET,Caenorhabditis elegans,6239,nfyc-1
sp|O17072|NFYC1_CAEEL,30,NQS,Caenorhabditis elegans,6239,nfyc-1
sp|O17072|NFYC1_CAEEL,103,NKS,Caenorhabditis elegans,6239,nfyc-1
sp|O17072|NFYC1_CAEEL,107,NMS,Caenorhabditis elegans,6239,nfyc-1
sp|O17072|NFYC1_CAEEL,223,NSS,Caenorhabditis elegans,6239,nfyc-1
sp|O17072|NFYC1_CAEEL,227,NRS,Caenorhabditis elegans,6239,nfyc-1
sp|O17087|GLD2_CAEEL,20,NRS,Caenorhabditis elegans,6239,gld-2
sp|O17087|GLD2_CAEEL,70,NHS,Caenorhabditis elegans,6239,gld-2
sp|O17087|GLD2_CAEEL,138,NST,Caenorhabditis elegans,6239,gld-2
sp|O17087|GLD2_CAEEL,165,NST,Caenorhabditis elegans,6239,gld-2
sp|O17087|GLD2_CAEEL,279,NQT,Caenorhabditis elegans,6239,gld-2
sp|O17087|GLD2_CAEEL,407,NLS,Caenorhabditis elegans,6239,gld-2
sp|O17087|GLD2_CAEEL,429,NSS,Caenorhabditis elegans,6239,gld-2
sp|O17087|GLD2_CAEEL,491,NSS,Caenorhabditis elegans,6239,gld-2
sp|O17087|GLD2_CAEEL,602,NNS,Caenorhabditis elegans,6239,gld-2
sp|O17087|GLD2_CAEEL,672,NNS,Caenorhabditis elegans,6239,gld-2
sp|O17087|GLD2_CAEEL,713,NKS,Caenorhabditis elegans,6239,gld-2
sp|O17087|GLD2_CAEEL,759,NVT,Caenorhabditis elegans,6239,gld-2
sp|O17087|GLD2_CAEEL,979,NLS,Caenorhabditis elegans,6239,gld-2
sp|O17087|GLD2_CAEEL,1016,NQS,Caenorhabditis elegans,6239,gld-2
sp|O17087|GLD2_CAEEL,1024,NGS,Caenorhabditis elegans,6239,gld-2
sp|O17087|GLD2_CAEEL,1083,NRT,Caenorhabditis elegans,6239,gld-2
sp|O17087|GLD2_CAEEL,1110,NVS,Caenorhabditis elegans,6239,gld-2
sp|O17185|SUP9_CAEEL,53,NMS,Caenorhabditis elegans,6239,sup-9
sp|O17185|SUP9_CAEEL,182,NWT,Caenorhabditis elegans,6239,sup-9
sp|O17185|SUP9_CAEEL,287,NVS,Caenorhabditis elegans,6239,sup-9
sp|O17286|NFYB1_CAEEL,54,NKS,Caenorhabditis elegans,6239,nfyb-1
sp|O17286|NFYB1_CAEEL,113,NIT,Caenorhabditis elegans,6239,nfyb-1
sp|O17286|NFYB1_CAEEL,198,NGS,Caenorhabditis elegans,6239,nfyb-1
sp|O17286|NFYB1_CAEEL,302,NVS,Caenorhabditis elegans,6239,nfyb-1
sp|O17323|HDA4_CAEEL,133,NLS,Caenorhabditis elegans,6239,hda-4
sp|O17323|HDA4_CAEEL,161,NST,Caenorhabditis elegans,6239,hda-4
sp|O17323|HDA4_CAEEL,179,NRS,Caenorhabditis elegans,6239,hda-4
sp|O17323|HDA4_CAEEL,217,NVS,Caenorhabditis elegans,6239,hda-4
sp|O17323|HDA4_CAEEL,277,NNS,Caenorhabditis elegans,6239,hda-4
sp|O17323|HDA4_CAEEL,282,NFT,Caenorhabditis elegans,6239,hda-4
sp|O17323|HDA4_CAEEL,350,NLS,Caenorhabditis elegans,6239,hda-4
sp|O17323|HDA4_CAEEL,391,NVS,Caenorhabditis elegans,6239,hda-4
sp|O17323|HDA4_CAEEL,480,NAS,Caenorhabditis elegans,6239,hda-4
sp|O17323|HDA4_CAEEL,652,NGT,Caenorhabditis elegans,6239,hda-4
sp|O17323|HDA4_CAEEL,845,NTT,Caenorhabditis elegans,6239,hda-4
sp|O17386|CED8_CAEEL,242,NRS,Caenorhabditis elegans,6239,ced-8
sp|O17386|CED8_CAEEL,441,NTS,Caenorhabditis elegans,6239,ced-8
sp|O17514|MES2_CAEEL,224,NWS,Caenorhabditis elegans,6239,mes-2
sp|O17514|MES2_CAEEL,261,NKS,Caenorhabditis elegans,6239,mes-2
sp|O17514|MES2_CAEEL,447,NVS,Caenorhabditis elegans,6239,mes-2
sp|O17514|MES2_CAEEL,538,NAT,Caenorhabditis elegans,6239,mes-2
sp|O17514|MES2_CAEEL,561,NCS,Caenorhabditis elegans,6239,mes-2
sp|O17581|SCC4_CAEEL,157,NSS,Caenorhabditis elegans,6239,mau-2
sp|O17581|SCC4_CAEEL,202,NST,Caenorhabditis elegans,6239,mau-2
sp|O17581|SCC4_CAEEL,352,NRT,Caenorhabditis elegans,6239,mau-2
sp|O17581|SCC4_CAEEL,432,NLT,Caenorhabditis elegans,6239,mau-2
sp|O17581|SCC4_CAEEL,561,NLT,Caenorhabditis elegans,6239,mau-2
sp|O17583|LIN10_CAEEL,153,NVS,Caenorhabditis elegans,6239,lin-10
sp|O17583|LIN10_CAEEL,335,NNS,Caenorhabditis elegans,6239,lin-10
sp|O17583|LIN10_CAEEL,391,NGT,Caenorhabditis elegans,6239,lin-10
sp|O17583|LIN10_CAEEL,409,NGT,Caenorhabditis elegans,6239,lin-10
sp|O17583|LIN10_CAEEL,490,NGT,Caenorhabditis elegans,6239,lin-10
sp|O17583|LIN10_CAEEL,937,NGT,Caenorhabditis elegans,6239,lin-10
sp|O17607|RUVB1_CAEEL,255,NVS,Caenorhabditis elegans,6239,ruvb-1
sp|O17622|KCY1_CAEEL,58,NGS,Caenorhabditis elegans,6239,C29F7.3
sp|O17622|KCY1_CAEEL,95,NWS,Caenorhabditis elegans,6239,C29F7.3
sp|O17622|KCY1_CAEEL,149,NQS,Caenorhabditis elegans,6239,C29F7.3
sp|O17645|HST2_CAEEL,75,NMT,Caenorhabditis elegans,6239,hst-2
sp|O17645|HST2_CAEEL,94,NIT,Caenorhabditis elegans,6239,hst-2
sp|O17645|HST2_CAEEL,161,NET,Caenorhabditis elegans,6239,hst-2
sp|O17670|EYA1_CAEEL,32,NFS,Caenorhabditis elegans,6239,eya-1
sp|O17670|EYA1_CAEEL,166,NAT,Caenorhabditis elegans,6239,eya-1
sp|O17670|EYA1_CAEEL,333,NST,Caenorhabditis elegans,6239,eya-1
sp|O17670|EYA1_CAEEL,428,NSS,Caenorhabditis elegans,6239,eya-1
sp|O17679|SET6_CAEEL,52,NHS,Caenorhabditis elegans,6239,set-6
sp|O17679|SET6_CAEEL,60,NSS,Caenorhabditis elegans,6239,set-6
sp|O17679|SET6_CAEEL,94,NLT,Caenorhabditis elegans,6239,set-6
sp|O17679|SET6_CAEEL,309,NDT,Caenorhabditis elegans,6239,set-6
sp|O17679|SET6_CAEEL,398,NKT,Caenorhabditis elegans,6239,set-6
sp|O17679|SET6_CAEEL,445,NAT,Caenorhabditis elegans,6239,set-6
sp|O17679|SET6_CAEEL,501,NYS,Caenorhabditis elegans,6239,set-6
sp|O17679|SET6_CAEEL,556,NHS,Caenorhabditis elegans,6239,set-6
sp|O17695|HDA1_CAEEL,279,NLT,Caenorhabditis elegans,6239,hda-1
sp|O17695|HDA1_CAEEL,358,NSS,Caenorhabditis elegans,6239,hda-1
sp|O17695|HDA1_CAEEL,439,NES,Caenorhabditis elegans,6239,hda-1
sp|O17736|ETC1_CAEEL,128,NAT,Caenorhabditis elegans,6239,etc-1
sp|O17736|ETC1_CAEEL,225,NIT,Caenorhabditis elegans,6239,etc-1
sp|O17736|ETC1_CAEEL,230,NFS,Caenorhabditis elegans,6239,etc-1
sp|O17736|ETC1_CAEEL,249,NFT,Caenorhabditis elegans,6239,etc-1
sp|O17736|ETC1_CAEEL,677,NES,Caenorhabditis elegans,6239,etc-1
sp|O17736|ETC1_CAEEL,822,NGS,Caenorhabditis elegans,6239,etc-1
sp|O17736|ETC1_CAEEL,980,NRT,Caenorhabditis elegans,6239,etc-1
sp|O17754|CBPE_CAEEL,134,NST,Caenorhabditis elegans,6239,egl-21
sp|O17754|CBPE_CAEEL,385,NGT,Caenorhabditis elegans,6239,egl-21
sp|O17754|CBPE_CAEEL,428,NVT,Caenorhabditis elegans,6239,egl-21
sp|O17798|FKPC1_CAEEL,3,NIS,Caenorhabditis elegans,6239,kpc-1
sp|O17798|FKPC1_CAEEL,275,NNS,Caenorhabditis elegans,6239,kpc-1
sp|O17798|FKPC1_CAEEL,455,NLT,Caenorhabditis elegans,6239,kpc-1
sp|O17798|FKPC1_CAEEL,487,NVS,Caenorhabditis elegans,6239,kpc-1
sp|O17850|ATX3_CAEEL,68,NES,Caenorhabditis elegans,6239,atx-3
sp|O17894|HM35_CAEEL,34,NTS,Caenorhabditis elegans,6239,unc-39
sp|O17894|HM35_CAEEL,37,NSS,Caenorhabditis elegans,6239,unc-39
sp|O17894|HM35_CAEEL,238,NVS,Caenorhabditis elegans,6239,unc-39
sp|O17894|HM35_CAEEL,276,NNS,Caenorhabditis elegans,6239,unc-39
sp|O17966|TOP1_CAEEL,14,NST,Caenorhabditis elegans,6239,top-1
sp|O17966|TOP1_CAEEL,642,NAS,Caenorhabditis elegans,6239,top-1
sp|O17966|TOP1_CAEEL,798,NSS,Caenorhabditis elegans,6239,top-1
sp|O17972|NPHP1_CAEEL,137,NDS,Caenorhabditis elegans,6239,nphp-1
sp|O17972|NPHP1_CAEEL,325,NDT,Caenorhabditis elegans,6239,nphp-1
sp|O17972|NPHP1_CAEEL,678,NHS,Caenorhabditis elegans,6239,nphp-1
sp|O18017|BLM_CAEEL,589,NTT,Caenorhabditis elegans,6239,him-6
sp|O18017|BLM_CAEEL,611,NVS,Caenorhabditis elegans,6239,him-6
sp|O18158|OGT1_CAEEL,357,NLS,Caenorhabditis elegans,6239,ogt-1
sp|O18158|OGT1_CAEEL,714,NES,Caenorhabditis elegans,6239,ogt-1
sp|O18158|OGT1_CAEEL,1143,NNT,Caenorhabditis elegans,6239,ogt-1
sp|O18178|2A51_CAEEL,57,NNS,Caenorhabditis elegans,6239,pptr-1
sp|O18178|2A51_CAEEL,425,NQT,Caenorhabditis elegans,6239,pptr-1
sp|O18178|2A51_CAEEL,508,NMT,Caenorhabditis elegans,6239,pptr-1
sp|O18191|APC1_CAEEL,13,NDS,Caenorhabditis elegans,6239,mat-2
sp|O18191|APC1_CAEEL,84,NAS,Caenorhabditis elegans,6239,mat-2
sp|O18191|APC1_CAEEL,101,NFS,Caenorhabditis elegans,6239,mat-2
sp|O18191|APC1_CAEEL,656,NSS,Caenorhabditis elegans,6239,mat-2
sp|O18191|APC1_CAEEL,829,NFT,Caenorhabditis elegans,6239,mat-2
sp|O18191|APC1_CAEEL,879,NMT,Caenorhabditis elegans,6239,mat-2
sp|O18191|APC1_CAEEL,924,NGS,Caenorhabditis elegans,6239,mat-2
sp|O18191|APC1_CAEEL,1439,NSS,Caenorhabditis elegans,6239,mat-2
sp|O18191|APC1_CAEEL,1488,NVS,Caenorhabditis elegans,6239,mat-2
sp|O18195|WASH1_CAEEL,21,NQS,Caenorhabditis elegans,6239,ddl-2
sp|O18209|PMY13_CAEEL,7,NSS,Caenorhabditis elegans,6239,wee-1.3
sp|O18209|PMY13_CAEEL,495,NSS,Caenorhabditis elegans,6239,wee-1.3
sp|O18209|PMY13_CAEEL,531,NLT,Caenorhabditis elegans,6239,wee-1.3
sp|O18209|PMY13_CAEEL,565,NNS,Caenorhabditis elegans,6239,wee-1.3
sp|O18276|GBRB_CAEEL,26,NGT,Caenorhabditis elegans,6239,gab-1
sp|O18276|GBRB_CAEEL,32,NNS,Caenorhabditis elegans,6239,gab-1
sp|O18276|GBRB_CAEEL,45,NRS,Caenorhabditis elegans,6239,gab-1
sp|O18276|GBRB_CAEEL,53,NAS,Caenorhabditis elegans,6239,gab-1
sp|O18276|GBRB_CAEEL,193,NCT,Caenorhabditis elegans,6239,gab-1
sp|O18276|GBRB_CAEEL,346,NYS,Caenorhabditis elegans,6239,gab-1
sp|O18276|GBRB_CAEEL,493,NVS,Caenorhabditis elegans,6239,gab-1
sp|O18696|PDE1_CAEEL,591,NSS,Caenorhabditis elegans,6239,pde-1
sp|O44326|HMP2_CAEEL,43,NST,Caenorhabditis elegans,6239,hmp-2
sp|O44326|HMP2_CAEEL,317,NLS,Caenorhabditis elegans,6239,hmp-2
sp|O44326|HMP2_CAEEL,327,NLT,Caenorhabditis elegans,6239,hmp-2
sp|O44326|HMP2_CAEEL,356,NLT,Caenorhabditis elegans,6239,hmp-2
sp|O44326|HMP2_CAEEL,360,NNT,Caenorhabditis elegans,6239,hmp-2
sp|O44326|HMP2_CAEEL,617,NMS,Caenorhabditis elegans,6239,hmp-2
sp|O44326|HMP2_CAEEL,663,NNS,Caenorhabditis elegans,6239,hmp-2
sp|O44406|ERI1_CAEEL,524,NLS,Caenorhabditis elegans,6239,eri-1
sp|O44406|ERI1_CAEEL,578,NRS,Caenorhabditis elegans,6239,eri-1
sp|O44408|KGB1_CAEEL,40,NLS,Caenorhabditis elegans,6239,kgb-1
sp|O44408|KGB1_CAEEL,235,NHT,Caenorhabditis elegans,6239,kgb-1
sp|O44411|NOG1_CAEEL,188,NVT,Caenorhabditis elegans,6239,nog-1
sp|O44476|RNZ2_CAEEL,64,NAS,Caenorhabditis elegans,6239,hoe-1
sp|O44476|RNZ2_CAEEL,106,NGT,Caenorhabditis elegans,6239,hoe-1
sp|O44476|RNZ2_CAEEL,509,NVT,Caenorhabditis elegans,6239,hoe-1
sp|O44514|PMK3_CAEEL,34,NQS,Caenorhabditis elegans,6239,pmk-3
sp|O44514|PMK3_CAEEL,105,NIT,Caenorhabditis elegans,6239,pmk-3
sp|O44514|PMK3_CAEEL,360,NSS,Caenorhabditis elegans,6239,pmk-3
sp|O44516|EFN4_CAEEL,28,NST,Caenorhabditis elegans,6239,efn-4
sp|O44516|EFN4_CAEEL,157,NGT,Caenorhabditis elegans,6239,efn-4
sp|O44518|CYFIP_CAEEL,4,NVT,Caenorhabditis elegans,6239,gex-2
sp|O44518|CYFIP_CAEEL,103,NRT,Caenorhabditis elegans,6239,gex-2
sp|O44518|CYFIP_CAEEL,209,NLS,Caenorhabditis elegans,6239,gex-2
sp|O44518|CYFIP_CAEEL,377,NDS,Caenorhabditis elegans,6239,gex-2
sp|O44518|CYFIP_CAEEL,436,NYS,Caenorhabditis elegans,6239,gex-2
sp|O44518|CYFIP_CAEEL,468,NST,Caenorhabditis elegans,6239,gex-2
sp|O44518|CYFIP_CAEEL,540,NSS,Caenorhabditis elegans,6239,gex-2
sp|O44518|CYFIP_CAEEL,861,NGS,Caenorhabditis elegans,6239,gex-2
sp|O44548|KNL2_CAEEL,30,NAT,Caenorhabditis elegans,6239,knl-2
sp|O44548|KNL2_CAEEL,206,NYT,Caenorhabditis elegans,6239,knl-2
sp|O44548|KNL2_CAEEL,352,NVS,Caenorhabditis elegans,6239,knl-2
sp|O44548|KNL2_CAEEL,390,NAT,Caenorhabditis elegans,6239,knl-2
sp|O44548|KNL2_CAEEL,526,NSS,Caenorhabditis elegans,6239,knl-2
sp|O44548|KNL2_CAEEL,578,NST,Caenorhabditis elegans,6239,knl-2
sp|O44548|KNL2_CAEEL,601,NDS,Caenorhabditis elegans,6239,knl-2
sp|O44548|KNL2_CAEEL,778,NNS,Caenorhabditis elegans,6239,knl-2
sp|O44548|KNL2_CAEEL,823,NNS,Caenorhabditis elegans,6239,knl-2
sp|O44548|KNL2_CAEEL,832,NTS,Caenorhabditis elegans,6239,knl-2
sp|O44712|AHR_CAEEL,341,NGS,Caenorhabditis elegans,6239,ahr-1
sp|O44740|MEI2_CAEEL,110,NAS,Caenorhabditis elegans,6239,mei-2
sp|O44740|MEI2_CAEEL,186,NIT,Caenorhabditis elegans,6239,mei-2
sp|O44743|LE607_CAEEL,26,NDS,Caenorhabditis elegans,6239,let-607
sp|O44743|LE607_CAEEL,337,NQS,Caenorhabditis elegans,6239,let-607
sp|O44743|LE607_CAEEL,452,NNS,Caenorhabditis elegans,6239,let-607
sp|O44743|LE607_CAEEL,660,NAS,Caenorhabditis elegans,6239,let-607
sp|O44750|XPP_CAEEL,256,NVS,Caenorhabditis elegans,6239,app-1
sp|O44757|LIN59_CAEEL,69,NSS,Caenorhabditis elegans,6239,lin-59
sp|O44757|LIN59_CAEEL,121,NGS,Caenorhabditis elegans,6239,lin-59
sp|O44757|LIN59_CAEEL,241,NNS,Caenorhabditis elegans,6239,lin-59
sp|O44757|LIN59_CAEEL,817,NSS,Caenorhabditis elegans,6239,lin-59
sp|O44757|LIN59_CAEEL,1067,NET,Caenorhabditis elegans,6239,lin-59
sp|O44757|LIN59_CAEEL,1307,NGS,Caenorhabditis elegans,6239,lin-59
sp|O44836|MMPB_CAEEL,341,NSS,Caenorhabditis elegans,6239,zmp-2
sp|O44836|MMPB_CAEEL,408,NNS,Caenorhabditis elegans,6239,zmp-2
sp|O44857|NEPL2_CAEEL,70,NSS,Caenorhabditis elegans,6239,nep-2
sp|O44857|NEPL2_CAEEL,144,NES,Caenorhabditis elegans,6239,nep-2
sp|O44857|NEPL2_CAEEL,272,NIT,Caenorhabditis elegans,6239,nep-2
sp|O44857|NEPL2_CAEEL,596,NAT,Caenorhabditis elegans,6239,nep-2
sp|O44857|NEPL2_CAEEL,665,NLT,Caenorhabditis elegans,6239,nep-2
sp|O44952|LONM_CAEEL,34,NQS,Caenorhabditis elegans,6239,lonp-1
sp|O44952|LONM_CAEEL,193,NET,Caenorhabditis elegans,6239,lonp-1
sp|O44952|LONM_CAEEL,275,NET,Caenorhabditis elegans,6239,lonp-1
sp|O44959|RIOK1_CAEEL,255,NLS,Caenorhabditis elegans,6239,riok-1
sp|O44997|DAPK_CAEEL,6,NSS,Caenorhabditis elegans,6239,dapk-1
sp|O44997|DAPK_CAEEL,242,NIT,Caenorhabditis elegans,6239,dapk-1
sp|O44997|DAPK_CAEEL,257,NTS,Caenorhabditis elegans,6239,dapk-1
sp|O44997|DAPK_CAEEL,378,NAT,Caenorhabditis elegans,6239,dapk-1
sp|O44997|DAPK_CAEEL,456,NKT,Caenorhabditis elegans,6239,dapk-1
sp|O44997|DAPK_CAEEL,489,NAS,Caenorhabditis elegans,6239,dapk-1
sp|O44997|DAPK_CAEEL,757,NGS,Caenorhabditis elegans,6239,dapk-1
sp|O44997|DAPK_CAEEL,766,NNS,Caenorhabditis elegans,6239,dapk-1
sp|O44997|DAPK_CAEEL,1056,NGS,Caenorhabditis elegans,6239,dapk-1
sp|O44997|DAPK_CAEEL,1406,NDS,Caenorhabditis elegans,6239,dapk-1
sp|O45244|DHX16_CAEEL,915,NVS,Caenorhabditis elegans,6239,mog-4
sp|O45293|GALT8_CAEEL,52,NHT,Caenorhabditis elegans,6239,gly-8
sp|O45293|GALT8_CAEEL,58,NLT,Caenorhabditis elegans,6239,gly-8
sp|O45307|OXDD1_CAEEL,330,NSS,Caenorhabditis elegans,6239,ddo-1
sp|O45405|EXL1_CAEEL,50,NKT,Caenorhabditis elegans,6239,exl-1
sp|O45405|EXL1_CAEEL,103,NAT,Caenorhabditis elegans,6239,exl-1
sp|O45495|UB2V1_CAEEL,25,NIS,Caenorhabditis elegans,6239,uev-1
sp|O45495|UB2V1_CAEEL,87,NQS,Caenorhabditis elegans,6239,uev-1
sp|O45495|UB2V1_CAEEL,97,NLT,Caenorhabditis elegans,6239,uev-1
sp|O45495|UB2V1_CAEEL,103,NWS,Caenorhabditis elegans,6239,uev-1
sp|O45539|SRC2_CAEEL,55,NIS,Caenorhabditis elegans,6239,src-2
sp|O45539|SRC2_CAEEL,88,NDT,Caenorhabditis elegans,6239,src-2
sp|O45539|SRC2_CAEEL,167,NDS,Caenorhabditis elegans,6239,src-2
sp|O45539|SRC2_CAEEL,367,NNS,Caenorhabditis elegans,6239,src-2
sp|O45551|IF4E1_CAEEL,17,NWT,Caenorhabditis elegans,6239,ife-1
sp|O45551|IF4E1_CAEEL,28,NKS,Caenorhabditis elegans,6239,ife-1
sp|O45657|PLX2_CAEEL,66,NFS,Caenorhabditis elegans,6239,plx-2
sp|O45657|PLX2_CAEEL,249,NDT,Caenorhabditis elegans,6239,plx-2
sp|O45657|PLX2_CAEEL,502,NSS,Caenorhabditis elegans,6239,plx-2
sp|O45657|PLX2_CAEEL,536,NWT,Caenorhabditis elegans,6239,plx-2
sp|O45657|PLX2_CAEEL,572,NFT,Caenorhabditis elegans,6239,plx-2
sp|O45657|PLX2_CAEEL,679,NTT,Caenorhabditis elegans,6239,plx-2
sp|O45657|PLX2_CAEEL,702,NVS,Caenorhabditis elegans,6239,plx-2
sp|O45657|PLX2_CAEEL,864,NLS,Caenorhabditis elegans,6239,plx-2
sp|O45657|PLX2_CAEEL,886,NSS,Caenorhabditis elegans,6239,plx-2
sp|O45657|PLX2_CAEEL,984,NST,Caenorhabditis elegans,6239,plx-2
sp|O45657|PLX2_CAEEL,1016,NVT,Caenorhabditis elegans,6239,plx-2
sp|O45657|PLX2_CAEEL,1232,NLT,Caenorhabditis elegans,6239,plx-2
sp|O45657|PLX2_CAEEL,1292,NFS,Caenorhabditis elegans,6239,plx-2
sp|O45657|PLX2_CAEEL,1547,NDS,Caenorhabditis elegans,6239,plx-2
sp|O45657|PLX2_CAEEL,1650,NLS,Caenorhabditis elegans,6239,plx-2
sp|O45666|NHR49_CAEEL,122,NGT,Caenorhabditis elegans,6239,nhr-49
sp|O45666|NHR49_CAEEL,188,NGS,Caenorhabditis elegans,6239,nhr-49
sp|O45666|NHR49_CAEEL,196,NDT,Caenorhabditis elegans,6239,nhr-49
sp|O45666|NHR49_CAEEL,283,NNT,Caenorhabditis elegans,6239,nhr-49
sp|O45666|NHR49_CAEEL,291,NNT,Caenorhabditis elegans,6239,nhr-49
sp|O45666|NHR49_CAEEL,305,NIT,Caenorhabditis elegans,6239,nhr-49
sp|O45666|NHR49_CAEEL,346,NSS,Caenorhabditis elegans,6239,nhr-49
sp|O45666|NHR49_CAEEL,399,NMT,Caenorhabditis elegans,6239,nhr-49
sp|O45717|NUD2_CAEEL,278,NNS,Caenorhabditis elegans,6239,nud-2
sp|O45717|NUD2_CAEEL,283,NNS,Caenorhabditis elegans,6239,nud-2
sp|O45734|CPL1_CAEEL,108,NSS,Caenorhabditis elegans,6239,cpl-1
sp|O45797|WARTS_CAEEL,100,NFS,Caenorhabditis elegans,6239,wts-1
sp|O45797|WARTS_CAEEL,152,NET,Caenorhabditis elegans,6239,wts-1
sp|O45797|WARTS_CAEEL,522,NDT,Caenorhabditis elegans,6239,wts-1
sp|O45797|WARTS_CAEEL,719,NQS,Caenorhabditis elegans,6239,wts-1
sp|O45797|WARTS_CAEEL,767,NLS,Caenorhabditis elegans,6239,wts-1
sp|O45797|WARTS_CAEEL,892,NGT,Caenorhabditis elegans,6239,wts-1
sp|O45797|WARTS_CAEEL,896,NES,Caenorhabditis elegans,6239,wts-1
sp|O45813|SNF12_CAEEL,304,NST,Caenorhabditis elegans,6239,snf-12
sp|O45813|SNF12_CAEEL,365,NVT,Caenorhabditis elegans,6239,snf-12
sp|O45813|SNF12_CAEEL,804,NYS,Caenorhabditis elegans,6239,snf-12
sp|O45813|SNF12_CAEEL,940,NSS,Caenorhabditis elegans,6239,snf-12
sp|O45818|DKF2_CAEEL,55,NGS,Caenorhabditis elegans,6239,dkf-2
sp|O45818|DKF2_CAEEL,123,NDS,Caenorhabditis elegans,6239,dkf-2
sp|O45818|DKF2_CAEEL,372,NGS,Caenorhabditis elegans,6239,dkf-2
sp|O45818|DKF2_CAEEL,660,NTT,Caenorhabditis elegans,6239,dkf-2
sp|O45818|DKF2_CAEEL,675,NVS,Caenorhabditis elegans,6239,dkf-2
sp|O45818|DKF2_CAEEL,948,NRS,Caenorhabditis elegans,6239,dkf-2
sp|O45818|DKF2_CAEEL,1028,NYT,Caenorhabditis elegans,6239,dkf-2
sp|O45818|DKF2_CAEEL,1064,NVT,Caenorhabditis elegans,6239,dkf-2
sp|O45824|CL38_CAEEL,108,NKT,Caenorhabditis elegans,6239,clec-38
sp|O45824|CL38_CAEEL,189,NQT,Caenorhabditis elegans,6239,clec-38
sp|O45879|MNR1_CAEEL,36,NET,Caenorhabditis elegans,6239,mnr-1
sp|O45879|MNR1_CAEEL,67,NKS,Caenorhabditis elegans,6239,mnr-1
sp|O45879|MNR1_CAEEL,195,NFS,Caenorhabditis elegans,6239,mnr-1
sp|O45879|MNR1_CAEEL,265,NWT,Caenorhabditis elegans,6239,mnr-1
sp|O45935|KLP19_CAEEL,41,NES,Caenorhabditis elegans,6239,klp-19
sp|O45935|KLP19_CAEEL,78,NAT,Caenorhabditis elegans,6239,klp-19
sp|O45935|KLP19_CAEEL,164,NCT,Caenorhabditis elegans,6239,klp-19
sp|O45935|KLP19_CAEEL,169,NLT,Caenorhabditis elegans,6239,klp-19
sp|O45935|KLP19_CAEEL,375,NNS,Caenorhabditis elegans,6239,klp-19
sp|O45935|KLP19_CAEEL,676,NKT,Caenorhabditis elegans,6239,klp-19
sp|O45935|KLP19_CAEEL,695,NAS,Caenorhabditis elegans,6239,klp-19
sp|O45935|KLP19_CAEEL,757,NVS,Caenorhabditis elegans,6239,klp-19
sp|O45935|KLP19_CAEEL,796,NET,Caenorhabditis elegans,6239,klp-19
sp|O45935|KLP19_CAEEL,990,NRT,Caenorhabditis elegans,6239,klp-19
sp|O45935|KLP19_CAEEL,1028,NAT,Caenorhabditis elegans,6239,klp-19
sp|O45935|KLP19_CAEEL,1052,NST,Caenorhabditis elegans,6239,klp-19
sp|O45947|GLT10_CAEEL,35,NKS,Caenorhabditis elegans,6239,gly-10
sp|O45947|GLT10_CAEEL,198,NRS,Caenorhabditis elegans,6239,gly-10
sp|O45947|GLT10_CAEEL,232,NST,Caenorhabditis elegans,6239,gly-10
sp|O45947|GLT10_CAEEL,244,NRS,Caenorhabditis elegans,6239,gly-10
sp|O45952|CSC1_CAEEL,198,NGS,Caenorhabditis elegans,6239,csc-1
sp|O45962|RLE1_CAEEL,24,NET,Caenorhabditis elegans,6239,rle-1
sp|O45962|RLE1_CAEEL,48,NQT,Caenorhabditis elegans,6239,rle-1
sp|O45962|RLE1_CAEEL,557,NGT,Caenorhabditis elegans,6239,rle-1
sp|O45962|RLE1_CAEEL,781,NAS,Caenorhabditis elegans,6239,rle-1
sp|O45962|RLE1_CAEEL,898,NAS,Caenorhabditis elegans,6239,rle-1
sp|O61213|DUOX1_CAEEL,66,NNS,Caenorhabditis elegans,6239,bli-3
sp|O61213|DUOX1_CAEEL,305,NYT,Caenorhabditis elegans,6239,bli-3
sp|O61213|DUOX1_CAEEL,567,NTT,Caenorhabditis elegans,6239,bli-3
sp|O61213|DUOX1_CAEEL,586,NDT,Caenorhabditis elegans,6239,bli-3
sp|O61213|DUOX1_CAEEL,665,NTT,Caenorhabditis elegans,6239,bli-3
sp|O61213|DUOX1_CAEEL,781,NDS,Caenorhabditis elegans,6239,bli-3
sp|O61213|DUOX1_CAEEL,801,NET,Caenorhabditis elegans,6239,bli-3
sp|O61213|DUOX1_CAEEL,886,NQT,Caenorhabditis elegans,6239,bli-3
sp|O61213|DUOX1_CAEEL,966,NSS,Caenorhabditis elegans,6239,bli-3
sp|O61213|DUOX1_CAEEL,1259,NES,Caenorhabditis elegans,6239,bli-3
sp|O61213|DUOX1_CAEEL,1471,NES,Caenorhabditis elegans,6239,bli-3
sp|O61219|DAF31_CAEEL,180,NRS,Caenorhabditis elegans,6239,daf-31
sp|O61394|GALT6_CAEEL,81,NLT,Caenorhabditis elegans,6239,gly-6
sp|O61394|GALT6_CAEEL,149,NMT,Caenorhabditis elegans,6239,gly-6
sp|O61394|GALT6_CAEEL,483,NSS,Caenorhabditis elegans,6239,gly-6
sp|O61394|GALT6_CAEEL,605,NWT,Caenorhabditis elegans,6239,gly-6
sp|O61460|VAB1_CAEEL,172,NMT,Caenorhabditis elegans,6239,vab-1
sp|O61460|VAB1_CAEEL,238,NGS,Caenorhabditis elegans,6239,vab-1
sp|O61460|VAB1_CAEEL,244,NAS,Caenorhabditis elegans,6239,vab-1
sp|O61460|VAB1_CAEEL,499,NMT,Caenorhabditis elegans,6239,vab-1
sp|O61460|VAB1_CAEEL,554,NQT,Caenorhabditis elegans,6239,vab-1
sp|O61460|VAB1_CAEEL,725,NTT,Caenorhabditis elegans,6239,vab-1
sp|O61460|VAB1_CAEEL,799,NGS,Caenorhabditis elegans,6239,vab-1
sp|O61460|VAB1_CAEEL,1064,NTS,Caenorhabditis elegans,6239,vab-1
sp|O61707|TAF4_CAEEL,103,NVT,Caenorhabditis elegans,6239,taf-4
sp|O61707|TAF4_CAEEL,116,NLS,Caenorhabditis elegans,6239,taf-4
sp|O61707|TAF4_CAEEL,182,NGT,Caenorhabditis elegans,6239,taf-4
sp|O61707|TAF4_CAEEL,464,NKT,Caenorhabditis elegans,6239,taf-4
sp|O61789|EGG5_CAEEL,298,NST,Caenorhabditis elegans,6239,egg-5
sp|O61789|EGG5_CAEEL,341,NET,Caenorhabditis elegans,6239,egg-5
sp|O61789|EGG5_CAEEL,574,NNS,Caenorhabditis elegans,6239,egg-5
sp|O61789|EGG5_CAEEL,591,NAS,Caenorhabditis elegans,6239,egg-5
sp|O61847|CDK2_CAEEL,194,NFS,Caenorhabditis elegans,6239,cdk-2
sp|O61847|CDK2_CAEEL,201,NYT,Caenorhabditis elegans,6239,cdk-2
sp|O61847|CDK2_CAEEL,353,NRT,Caenorhabditis elegans,6239,cdk-2
sp|O61866|LIPL5_CAEEL,64,NVT,Caenorhabditis elegans,6239,lipl-5
sp|O61866|LIPL5_CAEEL,271,NQT,Caenorhabditis elegans,6239,lipl-5
sp|O61931|ERGO1_CAEEL,194,NHT,Caenorhabditis elegans,6239,ergo-1
sp|O61931|ERGO1_CAEEL,418,NVS,Caenorhabditis elegans,6239,ergo-1
sp|O61931|ERGO1_CAEEL,553,NKT,Caenorhabditis elegans,6239,ergo-1
sp|O61955|IF4E3_CAEEL,18,NAS,Caenorhabditis elegans,6239,ife-3
sp|O61967|LAP1_CAEEL,42,NLT,Caenorhabditis elegans,6239,let-413
sp|O61967|LAP1_CAEEL,80,NLT,Caenorhabditis elegans,6239,let-413
sp|O61967|LAP1_CAEEL,111,NLS,Caenorhabditis elegans,6239,let-413
sp|O61967|LAP1_CAEEL,136,NET,Caenorhabditis elegans,6239,let-413
sp|O61967|LAP1_CAEEL,244,NLT,Caenorhabditis elegans,6239,let-413
sp|O61967|LAP1_CAEEL,249,NIS,Caenorhabditis elegans,6239,let-413
sp|O61967|LAP1_CAEEL,280,NLT,Caenorhabditis elegans,6239,let-413
sp|O61967|LAP1_CAEEL,323,NLS,Caenorhabditis elegans,6239,let-413
sp|O61967|LAP1_CAEEL,359,NLT,Caenorhabditis elegans,6239,let-413
sp|O61967|LAP1_CAEEL,391,NQT,Caenorhabditis elegans,6239,let-413
sp|O61967|LAP1_CAEEL,633,NAS,Caenorhabditis elegans,6239,let-413
sp|O61967|LAP1_CAEEL,670,NGS,Caenorhabditis elegans,6239,let-413
sp|O62090|PRY1_CAEEL,209,NAT,Caenorhabditis elegans,6239,pry-1
sp|O62090|PRY1_CAEEL,215,NDS,Caenorhabditis elegans,6239,pry-1
sp|O62090|PRY1_CAEEL,319,NGT,Caenorhabditis elegans,6239,pry-1
sp|O62090|PRY1_CAEEL,354,NRS,Caenorhabditis elegans,6239,pry-1
sp|O62090|PRY1_CAEEL,365,NKS,Caenorhabditis elegans,6239,pry-1
sp|O62090|PRY1_CAEEL,373,NTT,Caenorhabditis elegans,6239,pry-1
sp|O62090|PRY1_CAEEL,504,NLS,Caenorhabditis elegans,6239,pry-1
sp|O62137|ACX12_CAEEL,3,NRS,Caenorhabditis elegans,6239,acox-1.2
sp|O62137|ACX12_CAEEL,374,NTS,Caenorhabditis elegans,6239,acox-1.2
sp|O62137|ACX12_CAEEL,517,NKS,Caenorhabditis elegans,6239,acox-1.2
sp|O62138|ACX13_CAEEL,18,NAT,Caenorhabditis elegans,6239,acox-1.3
sp|O62138|ACX13_CAEEL,83,NQT,Caenorhabditis elegans,6239,acox-1.3
sp|O62138|ACX13_CAEEL,272,NGT,Caenorhabditis elegans,6239,acox-1.3
sp|O62138|ACX13_CAEEL,373,NTS,Caenorhabditis elegans,6239,acox-1.3
sp|O62138|ACX13_CAEEL,516,NKS,Caenorhabditis elegans,6239,acox-1.3
sp|O62138|ACX13_CAEEL,639,NKS,Caenorhabditis elegans,6239,acox-1.3
sp|O62139|ACX14_CAEEL,4,NTS,Caenorhabditis elegans,6239,acox-1.4
sp|O62139|ACX14_CAEEL,286,NHS,Caenorhabditis elegans,6239,acox-1.4
sp|O62139|ACX14_CAEEL,326,NKT,Caenorhabditis elegans,6239,acox-1.4
sp|O62139|ACX14_CAEEL,375,NTS,Caenorhabditis elegans,6239,acox-1.4
sp|O62139|ACX14_CAEEL,518,NKS,Caenorhabditis elegans,6239,acox-1.4
sp|O62139|ACX14_CAEEL,641,NKS,Caenorhabditis elegans,6239,acox-1.4
sp|O62140|ACX11_CAEEL,5,NKT,Caenorhabditis elegans,6239,acox-1.1
sp|O62140|ACX11_CAEEL,287,NYS,Caenorhabditis elegans,6239,acox-1.1
sp|O62140|ACX11_CAEEL,376,NVS,Caenorhabditis elegans,6239,acox-1.1
sp|O62140|ACX11_CAEEL,525,NKS,Caenorhabditis elegans,6239,acox-1.1
sp|O62140|ACX11_CAEEL,650,NKT,Caenorhabditis elegans,6239,acox-1.1
sp|O62238|SYP3_CAEEL,134,NLS,Caenorhabditis elegans,6239,syp-3
sp|O62255|DCP2_CAEEL,14,NRS,Caenorhabditis elegans,6239,dcap-2
sp|O62255|DCP2_CAEEL,21,NIS,Caenorhabditis elegans,6239,dcap-2
sp|O62255|DCP2_CAEEL,28,NKS,Caenorhabditis elegans,6239,dcap-2
sp|O62255|DCP2_CAEEL,50,NKS,Caenorhabditis elegans,6239,dcap-2
sp|O62255|DCP2_CAEEL,128,NTT,Caenorhabditis elegans,6239,dcap-2
sp|O62275|WAGO4_CAEEL,96,NIT,Caenorhabditis elegans,6239,wago-4
sp|O62275|WAGO4_CAEEL,397,NIT,Caenorhabditis elegans,6239,wago-4
sp|O62275|WAGO4_CAEEL,592,NCT,Caenorhabditis elegans,6239,wago-4
sp|O62275|WAGO4_CAEEL,647,NKT,Caenorhabditis elegans,6239,wago-4
sp|O62305|KCC2D_CAEEL,3,NAS,Caenorhabditis elegans,6239,unc-43
sp|O62305|KCC2D_CAEEL,163,NDS,Caenorhabditis elegans,6239,unc-43
sp|O62305|KCC2D_CAEEL,326,NGS,Caenorhabditis elegans,6239,unc-43
sp|O62305|KCC2D_CAEEL,505,NLS,Caenorhabditis elegans,6239,unc-43
sp|O62305|KCC2D_CAEEL,543,NDS,Caenorhabditis elegans,6239,unc-43
sp|O62305|KCC2D_CAEEL,572,NSS,Caenorhabditis elegans,6239,unc-43
sp|O62305|KCC2D_CAEEL,583,NLS,Caenorhabditis elegans,6239,unc-43
sp|O62305|KCC2D_CAEEL,714,NTT,Caenorhabditis elegans,6239,unc-43
sp|O62471|QUI1_CAEEL,116,NVS,Caenorhabditis elegans,6239,qui-1
sp|O62471|QUI1_CAEEL,404,NLT,Caenorhabditis elegans,6239,qui-1
sp|O62471|QUI1_CAEEL,487,NLS,Caenorhabditis elegans,6239,qui-1
sp|O62471|QUI1_CAEEL,568,NSS,Caenorhabditis elegans,6239,qui-1
sp|O62471|QUI1_CAEEL,625,NMS,Caenorhabditis elegans,6239,qui-1
sp|O62471|QUI1_CAEEL,718,NGS,Caenorhabditis elegans,6239,qui-1
sp|O62471|QUI1_CAEEL,886,NQS,Caenorhabditis elegans,6239,qui-1
sp|O62471|QUI1_CAEEL,921,NDS,Caenorhabditis elegans,6239,qui-1
sp|O62471|QUI1_CAEEL,1148,NVT,Caenorhabditis elegans,6239,qui-1
sp|O62471|QUI1_CAEEL,1417,NTT,Caenorhabditis elegans,6239,qui-1
sp|O62479|SAS6_CAEEL,43,NET,Caenorhabditis elegans,6239,sas-6
sp|O62479|SAS6_CAEEL,452,NTT,Caenorhabditis elegans,6239,sas-6
sp|O62479|SAS6_CAEEL,459,NST,Caenorhabditis elegans,6239,sas-6
sp|O76337|CED6_CAEEL,75,NGS,Caenorhabditis elegans,6239,ced-6
sp|O76337|CED6_CAEEL,195,NRT,Caenorhabditis elegans,6239,ced-6
sp|O76337|CED6_CAEEL,344,NST,Caenorhabditis elegans,6239,ced-6
sp|O76360|EGL4_CAEEL,183,NKT,Caenorhabditis elegans,6239,egl-4
sp|O76360|EGL4_CAEEL,272,NCT,Caenorhabditis elegans,6239,egl-4
sp|O76360|EGL4_CAEEL,322,NLS,Caenorhabditis elegans,6239,egl-4
sp|O76365|CTU1_CAEEL,146,NCT,Caenorhabditis elegans,6239,tut-1
sp|O76373|CBPC1_CAEEL,400,NSS,Caenorhabditis elegans,6239,ccpp-1
sp|O76373|CBPC1_CAEEL,405,NIS,Caenorhabditis elegans,6239,ccpp-1
sp|O76373|CBPC1_CAEEL,711,NVT,Caenorhabditis elegans,6239,ccpp-1
sp|O76373|CBPC1_CAEEL,735,NSS,Caenorhabditis elegans,6239,ccpp-1
sp|O76373|CBPC1_CAEEL,797,NAS,Caenorhabditis elegans,6239,ccpp-1
sp|O76373|CBPC1_CAEEL,839,NGS,Caenorhabditis elegans,6239,ccpp-1
sp|O76373|CBPC1_CAEEL,905,NAS,Caenorhabditis elegans,6239,ccpp-1
sp|O76373|CBPC1_CAEEL,944,NAS,Caenorhabditis elegans,6239,ccpp-1
sp|O76373|CBPC1_CAEEL,951,NIT,Caenorhabditis elegans,6239,ccpp-1
sp|O76373|CBPC1_CAEEL,994,NTS,Caenorhabditis elegans,6239,ccpp-1
sp|O76411|SCD2_CAEEL,24,NET,Caenorhabditis elegans,6239,scd-2
sp|O76411|SCD2_CAEEL,44,NGS,Caenorhabditis elegans,6239,scd-2
sp|O76411|SCD2_CAEEL,70,NCS,Caenorhabditis elegans,6239,scd-2
sp|O76411|SCD2_CAEEL,83,NET,Caenorhabditis elegans,6239,scd-2
sp|O76411|SCD2_CAEEL,119,NST,Caenorhabditis elegans,6239,scd-2
sp|O76411|SCD2_CAEEL,201,NCS,Caenorhabditis elegans,6239,scd-2
sp|O76411|SCD2_CAEEL,342,NGT,Caenorhabditis elegans,6239,scd-2
sp|O76411|SCD2_CAEEL,362,NVT,Caenorhabditis elegans,6239,scd-2
sp|O76411|SCD2_CAEEL,495,NCT,Caenorhabditis elegans,6239,scd-2
sp|O76411|SCD2_CAEEL,533,NLS,Caenorhabditis elegans,6239,scd-2
sp|O76411|SCD2_CAEEL,546,NQS,Caenorhabditis elegans,6239,scd-2
sp|O76411|SCD2_CAEEL,633,NLS,Caenorhabditis elegans,6239,scd-2
sp|O76411|SCD2_CAEEL,726,NET,Caenorhabditis elegans,6239,scd-2
sp|O76411|SCD2_CAEEL,793,NVS,Caenorhabditis elegans,6239,scd-2
sp|O76411|SCD2_CAEEL,849,NVT,Caenorhabditis elegans,6239,scd-2
sp|O76411|SCD2_CAEEL,873,NFT,Caenorhabditis elegans,6239,scd-2
sp|O76411|SCD2_CAEEL,893,NDT,Caenorhabditis elegans,6239,scd-2
sp|O76411|SCD2_CAEEL,906,NIT,Caenorhabditis elegans,6239,scd-2
sp|O76411|SCD2_CAEEL,1288,NST,Caenorhabditis elegans,6239,scd-2
sp|O76512|RENT1_CAEEL,195,NWS,Caenorhabditis elegans,6239,smg-2
sp|O76512|RENT1_CAEEL,391,NAT,Caenorhabditis elegans,6239,smg-2
sp|O76512|RENT1_CAEEL,407,NDS,Caenorhabditis elegans,6239,smg-2
sp|O76512|RENT1_CAEEL,447,NSS,Caenorhabditis elegans,6239,smg-2
sp|O76512|RENT1_CAEEL,740,NRT,Caenorhabditis elegans,6239,smg-2
sp|O76584|GPA11_CAEEL,334,NAT,Caenorhabditis elegans,6239,gpa-11
sp|O76689|SNF6_CAEEL,66,NWS,Caenorhabditis elegans,6239,snf-6
sp|O76689|SNF6_CAEEL,69,NKS,Caenorhabditis elegans,6239,snf-6
sp|O76689|SNF6_CAEEL,192,NCT,Caenorhabditis elegans,6239,snf-6
sp|O76689|SNF6_CAEEL,205,NGT,Caenorhabditis elegans,6239,snf-6
sp|O76689|SNF6_CAEEL,211,NGS,Caenorhabditis elegans,6239,snf-6
sp|O76689|SNF6_CAEEL,222,NET,Caenorhabditis elegans,6239,snf-6
sp|O76689|SNF6_CAEEL,675,NTS,Caenorhabditis elegans,6239,snf-6
sp|O76689|SNF6_CAEEL,685,NRS,Caenorhabditis elegans,6239,snf-6
sp|O76689|SNF6_CAEEL,702,NNT,Caenorhabditis elegans,6239,snf-6
sp|O76743|GLH4_CAEEL,95,NKT,Caenorhabditis elegans,6239,glh-4
sp|O76743|GLH4_CAEEL,178,NGS,Caenorhabditis elegans,6239,glh-4
sp|O76743|GLH4_CAEEL,191,NQT,Caenorhabditis elegans,6239,glh-4
sp|O76743|GLH4_CAEEL,311,NES,Caenorhabditis elegans,6239,glh-4
sp|O76743|GLH4_CAEEL,468,NES,Caenorhabditis elegans,6239,glh-4
sp|O76743|GLH4_CAEEL,828,NQT,Caenorhabditis elegans,6239,glh-4
sp|O76743|GLH4_CAEEL,1112,NDT,Caenorhabditis elegans,6239,glh-4
sp|O76840|PPN1_CAEEL,234,NLS,Caenorhabditis elegans,6239,mig-6
sp|O76840|PPN1_CAEEL,268,NGS,Caenorhabditis elegans,6239,mig-6
sp|O76840|PPN1_CAEEL,349,NWT,Caenorhabditis elegans,6239,mig-6
sp|O76840|PPN1_CAEEL,386,NAT,Caenorhabditis elegans,6239,mig-6
sp|O76840|PPN1_CAEEL,445,NCT,Caenorhabditis elegans,6239,mig-6
sp|O76840|PPN1_CAEEL,541,NDT,Caenorhabditis elegans,6239,mig-6
sp|O76840|PPN1_CAEEL,568,NST,Caenorhabditis elegans,6239,mig-6
sp|O76840|PPN1_CAEEL,638,NCT,Caenorhabditis elegans,6239,mig-6
sp|O76840|PPN1_CAEEL,715,NST,Caenorhabditis elegans,6239,mig-6
sp|O76840|PPN1_CAEEL,729,NCS,Caenorhabditis elegans,6239,mig-6
sp|O76840|PPN1_CAEEL,741,NVT,Caenorhabditis elegans,6239,mig-6
sp|O76840|PPN1_CAEEL,814,NDT,Caenorhabditis elegans,6239,mig-6
sp|O76840|PPN1_CAEEL,820,NET,Caenorhabditis elegans,6239,mig-6
sp|O76840|PPN1_CAEEL,857,NET,Caenorhabditis elegans,6239,mig-6
sp|O76840|PPN1_CAEEL,933,NGT,Caenorhabditis elegans,6239,mig-6
sp|O76840|PPN1_CAEEL,1090,NQT,Caenorhabditis elegans,6239,mig-6
sp|O76840|PPN1_CAEEL,1848,NNT,Caenorhabditis elegans,6239,mig-6
sp|O76840|PPN1_CAEEL,1992,NKT,Caenorhabditis elegans,6239,mig-6
sp|O76840|PPN1_CAEEL,2087,NFS,Caenorhabditis elegans,6239,mig-6
sp|O76840|PPN1_CAEEL,2133,NAS,Caenorhabditis elegans,6239,mig-6
sp|O77081|TPSTA_CAEEL,66,NRT,Caenorhabditis elegans,6239,tpst-1
sp|O77469|FBLN1_CAEEL,624,NHT,Caenorhabditis elegans,6239,fbl-1
sp|P02566|MYO4_CAEEL,88,NLS,Caenorhabditis elegans,6239,unc-54
sp|P02566|MYO4_CAEEL,167,NQS,Caenorhabditis elegans,6239,unc-54
sp|P02566|MYO4_CAEEL,237,NNS,Caenorhabditis elegans,6239,unc-54
sp|P02566|MYO4_CAEEL,338,NFS,Caenorhabditis elegans,6239,unc-54
sp|P02566|MYO4_CAEEL,442,NLT,Caenorhabditis elegans,6239,unc-54
sp|P02566|MYO4_CAEEL,602,NDT,Caenorhabditis elegans,6239,unc-54
sp|P02566|MYO4_CAEEL,670,NKT,Caenorhabditis elegans,6239,unc-54
sp|P02566|MYO4_CAEEL,718,NRT,Caenorhabditis elegans,6239,unc-54
sp|P02566|MYO4_CAEEL,1420,NAS,Caenorhabditis elegans,6239,unc-54
sp|P02566|MYO4_CAEEL,1485,NTS,Caenorhabditis elegans,6239,unc-54
sp|P02566|MYO4_CAEEL,1511,NKS,Caenorhabditis elegans,6239,unc-54
sp|P02567|MYO1_CAEEL,91,NLT,Caenorhabditis elegans,6239,myo-1
sp|P02567|MYO1_CAEEL,170,NQS,Caenorhabditis elegans,6239,myo-1
sp|P02567|MYO1_CAEEL,237,NNS,Caenorhabditis elegans,6239,myo-1
sp|P02567|MYO1_CAEEL,442,NLT,Caenorhabditis elegans,6239,myo-1
sp|P02567|MYO1_CAEEL,602,NDT,Caenorhabditis elegans,6239,myo-1
sp|P02567|MYO1_CAEEL,716,NRT,Caenorhabditis elegans,6239,myo-1
sp|P02567|MYO1_CAEEL,1483,NTS,Caenorhabditis elegans,6239,myo-1
sp|P02567|MYO1_CAEEL,1497,NLS,Caenorhabditis elegans,6239,myo-1
sp|P02567|MYO1_CAEEL,1899,NLS,Caenorhabditis elegans,6239,myo-1
sp|P03949|ABL1_CAEEL,546,NWS,Caenorhabditis elegans,6239,abl-1
sp|P03949|ABL1_CAEEL,630,NRS,Caenorhabditis elegans,6239,abl-1
sp|P03949|ABL1_CAEEL,757,NDS,Caenorhabditis elegans,6239,abl-1
sp|P03949|ABL1_CAEEL,770,NSS,Caenorhabditis elegans,6239,abl-1
sp|P03949|ABL1_CAEEL,826,NKS,Caenorhabditis elegans,6239,abl-1
sp|P03949|ABL1_CAEEL,843,NHS,Caenorhabditis elegans,6239,abl-1
sp|P03949|ABL1_CAEEL,857,NAS,Caenorhabditis elegans,6239,abl-1
sp|P03949|ABL1_CAEEL,897,NDS,Caenorhabditis elegans,6239,abl-1
sp|P03949|ABL1_CAEEL,923,NTS,Caenorhabditis elegans,6239,abl-1
sp|P03949|ABL1_CAEEL,939,NDS,Caenorhabditis elegans,6239,abl-1
sp|P03949|ABL1_CAEEL,976,NNS,Caenorhabditis elegans,6239,abl-1
sp|P05690|VIT2_CAEEL,171,NTS,Caenorhabditis elegans,6239,vit-2
sp|P05690|VIT2_CAEEL,282,NHS,Caenorhabditis elegans,6239,vit-2
sp|P05690|VIT2_CAEEL,1268,NIT,Caenorhabditis elegans,6239,vit-2
sp|P08124|COL1_CAEEL,78,NRT,Caenorhabditis elegans,6239,sqt-3
sp|P09088|MEC3_CAEEL,46,NRS,Caenorhabditis elegans,6239,mec-3
sp|P09446|HSP1_CAEEL,35,NRT,Caenorhabditis elegans,6239,hsp-1
sp|P09446|HSP1_CAEEL,152,NDS,Caenorhabditis elegans,6239,hsp-1
sp|P09446|HSP1_CAEEL,297,NIT,Caenorhabditis elegans,6239,hsp-1
sp|P09446|HSP1_CAEEL,361,NKS,Caenorhabditis elegans,6239,hsp-1
sp|P09446|HSP1_CAEEL,418,NTT,Caenorhabditis elegans,6239,hsp-1
sp|P09446|HSP1_CAEEL,488,NVS,Caenorhabditis elegans,6239,hsp-1
sp|P09446|HSP1_CAEEL,585,NQT,Caenorhabditis elegans,6239,hsp-1
sp|P10038|MAB5_CAEEL,54,NHT,Caenorhabditis elegans,6239,mab-5
sp|P10038|MAB5_CAEEL,72,NSS,Caenorhabditis elegans,6239,mab-5
sp|P10038|MAB5_CAEEL,183,NES,Caenorhabditis elegans,6239,mab-5
sp|P10299|GSTP1_CAEEL,77,NGS,Caenorhabditis elegans,6239,gst-1
sp|P10299|GSTP1_CAEEL,80,NET,Caenorhabditis elegans,6239,gst-1
sp|P10567|MYSP_CAEEL,650,NLT,Caenorhabditis elegans,6239,unc-15
sp|P10984|ACT2_CAEEL,13,NGS,Caenorhabditis elegans,6239,act-2
sp|P12456|TBB1_CAEEL,184,NAT,Caenorhabditis elegans,6239,mec-7
sp|P12456|TBB1_CAEEL,337,NSS,Caenorhabditis elegans,6239,mec-7
sp|P12456|TBB1_CAEEL,370,NST,Caenorhabditis elegans,6239,mec-7
sp|P12844|MYO3_CAEEL,93,NLT,Caenorhabditis elegans,6239,myo-3
sp|P12844|MYO3_CAEEL,172,NQS,Caenorhabditis elegans,6239,myo-3
sp|P12844|MYO3_CAEEL,242,NNS,Caenorhabditis elegans,6239,myo-3
sp|P12844|MYO3_CAEEL,347,NET,Caenorhabditis elegans,6239,myo-3
sp|P12844|MYO3_CAEEL,447,NKT,Caenorhabditis elegans,6239,myo-3
sp|P12844|MYO3_CAEEL,594,NAT,Caenorhabditis elegans,6239,myo-3
sp|P12844|MYO3_CAEEL,607,NDT,Caenorhabditis elegans,6239,myo-3
sp|P12844|MYO3_CAEEL,763,NLT,Caenorhabditis elegans,6239,myo-3
sp|P12844|MYO3_CAEEL,1110,NNS,Caenorhabditis elegans,6239,myo-3
sp|P12844|MYO3_CAEEL,1301,NRS,Caenorhabditis elegans,6239,myo-3
sp|P12844|MYO3_CAEEL,1515,NKS,Caenorhabditis elegans,6239,myo-3
sp|P12845|MYO2_CAEEL,54,NVT,Caenorhabditis elegans,6239,myo-2
sp|P12845|MYO2_CAEEL,88,NLT,Caenorhabditis elegans,6239,myo-2
sp|P12845|MYO2_CAEEL,167,NQS,Caenorhabditis elegans,6239,myo-2
sp|P12845|MYO2_CAEEL,243,NNS,Caenorhabditis elegans,6239,myo-2
sp|P12845|MYO2_CAEEL,448,NQT,Caenorhabditis elegans,6239,myo-2
sp|P12845|MYO2_CAEEL,608,NDT,Caenorhabditis elegans,6239,myo-2
sp|P12845|MYO2_CAEEL,724,NRT,Caenorhabditis elegans,6239,myo-2
sp|P12845|MYO2_CAEEL,1004,NIS,Caenorhabditis elegans,6239,myo-2
sp|P12845|MYO2_CAEEL,1086,NKS,Caenorhabditis elegans,6239,myo-2
sp|P12845|MYO2_CAEEL,1344,NLS,Caenorhabditis elegans,6239,myo-2
sp|P12845|MYO2_CAEEL,1347,NLS,Caenorhabditis elegans,6239,myo-2
sp|P12845|MYO2_CAEEL,1518,NKS,Caenorhabditis elegans,6239,myo-2
sp|P13508|GLP1_CAEEL,244,NNS,Caenorhabditis elegans,6239,glp-1
sp|P13508|GLP1_CAEEL,333,NGT,Caenorhabditis elegans,6239,glp-1
sp|P13508|GLP1_CAEEL,381,NAT,Caenorhabditis elegans,6239,glp-1
sp|P13508|GLP1_CAEEL,609,NGT,Caenorhabditis elegans,6239,glp-1
sp|P13508|GLP1_CAEEL,675,NSS,Caenorhabditis elegans,6239,glp-1
sp|P13508|GLP1_CAEEL,800,NAT,Caenorhabditis elegans,6239,glp-1
sp|P13508|GLP1_CAEEL,818,NQS,Caenorhabditis elegans,6239,glp-1
sp|P13508|GLP1_CAEEL,821,NHS,Caenorhabditis elegans,6239,glp-1
sp|P13508|GLP1_CAEEL,911,NES,Caenorhabditis elegans,6239,glp-1
sp|P13508|GLP1_CAEEL,992,NNS,Caenorhabditis elegans,6239,glp-1
sp|P13508|GLP1_CAEEL,1290,NGS,Caenorhabditis elegans,6239,glp-1
sp|P13528|UNC86_CAEEL,20,NNS,Caenorhabditis elegans,6239,unc-86
sp|P13528|UNC86_CAEEL,128,NMT,Caenorhabditis elegans,6239,unc-86
sp|P13528|UNC86_CAEEL,336,NNS,Caenorhabditis elegans,6239,unc-86
sp|P14585|LIN12_CAEEL,41,NGT,Caenorhabditis elegans,6239,lin-12
sp|P14585|LIN12_CAEEL,165,NRS,Caenorhabditis elegans,6239,lin-12
sp|P14585|LIN12_CAEEL,194,NTS,Caenorhabditis elegans,6239,lin-12
sp|P14585|LIN12_CAEEL,378,NGT,Caenorhabditis elegans,6239,lin-12
sp|P14585|LIN12_CAEEL,515,NAT,Caenorhabditis elegans,6239,lin-12
sp|P14585|LIN12_CAEEL,623,NLT,Caenorhabditis elegans,6239,lin-12
sp|P14585|LIN12_CAEEL,751,NET,Caenorhabditis elegans,6239,lin-12
sp|P14585|LIN12_CAEEL,754,NAT,Caenorhabditis elegans,6239,lin-12
sp|P14585|LIN12_CAEEL,900,NNT,Caenorhabditis elegans,6239,lin-12
sp|P14585|LIN12_CAEEL,932,NRT,Caenorhabditis elegans,6239,lin-12
sp|P14585|LIN12_CAEEL,941,NAS,Caenorhabditis elegans,6239,lin-12
sp|P14585|LIN12_CAEEL,1008,NHT,Caenorhabditis elegans,6239,lin-12
sp|P14585|LIN12_CAEEL,1053,NRT,Caenorhabditis elegans,6239,lin-12
sp|P14585|LIN12_CAEEL,1063,NSS,Caenorhabditis elegans,6239,lin-12
sp|P14585|LIN12_CAEEL,1124,NKS,Caenorhabditis elegans,6239,lin-12
sp|P14585|LIN12_CAEEL,1148,NST,Caenorhabditis elegans,6239,lin-12
sp|P14585|LIN12_CAEEL,1364,NTT,Caenorhabditis elegans,6239,lin-12
sp|P16356|RPB1_CAEEL,72,NLT,Caenorhabditis elegans,6239,ama-1
sp|P16356|RPB1_CAEEL,381,NLT,Caenorhabditis elegans,6239,ama-1
sp|P16356|RPB1_CAEEL,479,NLS,Caenorhabditis elegans,6239,ama-1
sp|P16356|RPB1_CAEEL,774,NIS,Caenorhabditis elegans,6239,ama-1
sp|P16356|RPB1_CAEEL,927,NYS,Caenorhabditis elegans,6239,ama-1
sp|P16356|RPB1_CAEEL,997,NLS,Caenorhabditis elegans,6239,ama-1
sp|P16356|RPB1_CAEEL,1030,NAT,Caenorhabditis elegans,6239,ama-1
sp|P16356|RPB1_CAEEL,1110,NVT,Caenorhabditis elegans,6239,ama-1
sp|P16356|RPB1_CAEEL,1123,NVS,Caenorhabditis elegans,6239,ama-1
sp|P17139|CO4A1_CAEEL,126,NGT,Caenorhabditis elegans,6239,emb-9
sp|P17140|CO4A2_CAEEL,125,NGT,Caenorhabditis elegans,6239,let-2
sp|P17140|CO4A2_CAEEL,1723,NDS,Caenorhabditis elegans,6239,let-2
sp|P17221|FEM1_CAEEL,552,NAT,Caenorhabditis elegans,6239,fem-1
sp|P17221|FEM1_CAEEL,558,NDT,Caenorhabditis elegans,6239,fem-1
sp|P17486|EGL5_CAEEL,2,NTS,Caenorhabditis elegans,6239,egl-5
sp|P18334|CSK2A_CAEEL,116,NNS,Caenorhabditis elegans,6239,kin-3
sp|P18334|CSK2A_CAEEL,334,NGT,Caenorhabditis elegans,6239,kin-3
sp|P18948|VIT6_CAEEL,252,NIT,Caenorhabditis elegans,6239,vit-6
sp|P18948|VIT6_CAEEL,651,NES,Caenorhabditis elegans,6239,vit-6
sp|P18948|VIT6_CAEEL,1288,NMT,Caenorhabditis elegans,6239,vit-6
sp|P19826|VINC_CAEEL,30,NAT,Caenorhabditis elegans,6239,deb-1
sp|P19826|VINC_CAEEL,342,NVT,Caenorhabditis elegans,6239,deb-1
sp|P19826|VINC_CAEEL,445,NSS,Caenorhabditis elegans,6239,deb-1
sp|P19826|VINC_CAEEL,725,NNS,Caenorhabditis elegans,6239,deb-1
sp|P19826|VINC_CAEEL,846,NAS,Caenorhabditis elegans,6239,deb-1
sp|P19826|VINC_CAEEL,963,NCS,Caenorhabditis elegans,6239,deb-1
sp|P20154|LIN11_CAEEL,200,NGS,Caenorhabditis elegans,6239,lin-11
sp|P20268|HM06_CAEEL,26,NGS,Caenorhabditis elegans,6239,ceh-6
sp|P20268|HM06_CAEEL,126,NQT,Caenorhabditis elegans,6239,ceh-6
sp|P20268|HM06_CAEEL,268,NST,Caenorhabditis elegans,6239,ceh-6
sp|P20271|HM14_CAEEL,281,NES,Caenorhabditis elegans,6239,ceh-14
sp|P20271|HM14_CAEEL,300,NET,Caenorhabditis elegans,6239,ceh-14
sp|P20271|HM14_CAEEL,321,NFS,Caenorhabditis elegans,6239,ceh-14
sp|P20792|DAF1_CAEEL,49,NFT,Caenorhabditis elegans,6239,daf-1
sp|P20792|DAF1_CAEEL,79,NET,Caenorhabditis elegans,6239,daf-1
sp|P20792|DAF1_CAEEL,133,NNT,Caenorhabditis elegans,6239,daf-1
sp|P20792|DAF1_CAEEL,154,NET,Caenorhabditis elegans,6239,daf-1
sp|P20792|DAF1_CAEEL,306,NVS,Caenorhabditis elegans,6239,daf-1
sp|P20792|DAF1_CAEEL,476,NST,Caenorhabditis elegans,6239,daf-1
sp|P21137|KAPC1_CAEEL,143,NMT,Caenorhabditis elegans,6239,kin-1
sp|P21541|ZYG11_CAEEL,127,NRT,Caenorhabditis elegans,6239,zyg-11
sp|P21541|ZYG11_CAEEL,167,NRS,Caenorhabditis elegans,6239,zyg-11
sp|P21541|ZYG11_CAEEL,172,NET,Caenorhabditis elegans,6239,zyg-11
sp|P21541|ZYG11_CAEEL,228,NLT,Caenorhabditis elegans,6239,zyg-11
sp|P21541|ZYG11_CAEEL,263,NRS,Caenorhabditis elegans,6239,zyg-11
sp|P21541|ZYG11_CAEEL,561,NLT,Caenorhabditis elegans,6239,zyg-11
sp|P22454|GPA2_CAEEL,94,NFS,Caenorhabditis elegans,6239,gpa-2
sp|P22454|GPA2_CAEEL,173,NAT,Caenorhabditis elegans,6239,gpa-2
sp|P22980|MYOD1_CAEEL,22,NSS,Caenorhabditis elegans,6239,hlh-1
sp|P22980|MYOD1_CAEEL,83,NVT,Caenorhabditis elegans,6239,hlh-1
sp|P22980|MYOD1_CAEEL,98,NSS,Caenorhabditis elegans,6239,hlh-1
sp|P22980|MYOD1_CAEEL,115,NAT,Caenorhabditis elegans,6239,hlh-1
sp|P23678|UN104_CAEEL,20,NTS,Caenorhabditis elegans,6239,unc-104
sp|P23678|UN104_CAEEL,31,NTT,Caenorhabditis elegans,6239,unc-104
sp|P23678|UN104_CAEEL,44,NFS,Caenorhabditis elegans,6239,unc-104
sp|P23678|UN104_CAEEL,208,NST,Caenorhabditis elegans,6239,unc-104
sp|P23678|UN104_CAEEL,253,NST,Caenorhabditis elegans,6239,unc-104
sp|P23678|UN104_CAEEL,269,NKS,Caenorhabditis elegans,6239,unc-104
sp|P23678|UN104_CAEEL,522,NVT,Caenorhabditis elegans,6239,unc-104
sp|P23678|UN104_CAEEL,530,NAS,Caenorhabditis elegans,6239,unc-104
sp|P23678|UN104_CAEEL,1046,NAS,Caenorhabditis elegans,6239,unc-104
sp|P23678|UN104_CAEEL,1568,NGT,Caenorhabditis elegans,6239,unc-104
sp|P24348|LET23_CAEEL,91,NST,Caenorhabditis elegans,6239,let-23
sp|P24348|LET23_CAEEL,169,NGS,Caenorhabditis elegans,6239,let-23
sp|P24348|LET23_CAEEL,255,NST,Caenorhabditis elegans,6239,let-23
sp|P24348|LET23_CAEEL,376,NET,Caenorhabditis elegans,6239,let-23
sp|P24348|LET23_CAEEL,561,NQT,Caenorhabditis elegans,6239,let-23
sp|P24348|LET23_CAEEL,655,NDT,Caenorhabditis elegans,6239,let-23
sp|P24348|LET23_CAEEL,746,NNT,Caenorhabditis elegans,6239,let-23
sp|P24348|LET23_CAEEL,776,NFT,Caenorhabditis elegans,6239,let-23
sp|P24348|LET23_CAEEL,871,NMS,Caenorhabditis elegans,6239,let-23
sp|P24348|LET23_CAEEL,1111,NCS,Caenorhabditis elegans,6239,let-23
sp|P24348|LET23_CAEEL,1221,NSS,Caenorhabditis elegans,6239,let-23
sp|P24349|SDC1_CAEEL,532,NRS,Caenorhabditis elegans,6239,sdc-1
sp|P24349|SDC1_CAEEL,733,NDT,Caenorhabditis elegans,6239,sdc-1
sp|P24612|MEC4_CAEEL,54,NST,Caenorhabditis elegans,6239,mec-4
sp|P24612|MEC4_CAEEL,335,NGT,Caenorhabditis elegans,6239,mec-4
sp|P24612|MEC4_CAEEL,356,NKT,Caenorhabditis elegans,6239,mec-4
sp|P24612|MEC4_CAEEL,480,NRT,Caenorhabditis elegans,6239,mec-4
sp|P24612|MEC4_CAEEL,484,NLT,Caenorhabditis elegans,6239,mec-4
sp|P24612|MEC4_CAEEL,503,NAS,Caenorhabditis elegans,6239,mec-4
sp|P24612|MEC4_CAEEL,671,NGT,Caenorhabditis elegans,6239,mec-4
sp|P24612|MEC4_CAEEL,748,NYS,Caenorhabditis elegans,6239,mec-4
sp|P27715|UNC13_CAEEL,184,NHS,Caenorhabditis elegans,6239,unc-13
sp|P27715|UNC13_CAEEL,210,NSS,Caenorhabditis elegans,6239,unc-13
sp|P27715|UNC13_CAEEL,407,NSS,Caenorhabditis elegans,6239,unc-13
sp|P27715|UNC13_CAEEL,416,NES,Caenorhabditis elegans,6239,unc-13
sp|P27715|UNC13_CAEEL,663,NVS,Caenorhabditis elegans,6239,unc-13
sp|P27715|UNC13_CAEEL,775,NGT,Caenorhabditis elegans,6239,unc-13
sp|P27715|UNC13_CAEEL,806,NTS,Caenorhabditis elegans,6239,unc-13
sp|P27715|UNC13_CAEEL,820,NHS,Caenorhabditis elegans,6239,unc-13
sp|P27715|UNC13_CAEEL,953,NGS,Caenorhabditis elegans,6239,unc-13
sp|P27715|UNC13_CAEEL,1214,NST,Caenorhabditis elegans,6239,unc-13
sp|P27715|UNC13_CAEEL,1524,NYT,Caenorhabditis elegans,6239,unc-13
sp|P27715|UNC13_CAEEL,1540,NLS,Caenorhabditis elegans,6239,unc-13
sp|P27715|UNC13_CAEEL,2042,NET,Caenorhabditis elegans,6239,unc-13
sp|P27715|UNC13_CAEEL,2153,NRT,Caenorhabditis elegans,6239,unc-13
sp|P28052|GPA3_CAEEL,75,NNT,Caenorhabditis elegans,6239,gpa-3
sp|P28052|GPA3_CAEEL,262,NTS,Caenorhabditis elegans,6239,gpa-3
sp|P28515|ELT1_CAEEL,38,NTS,Caenorhabditis elegans,6239,elt-1
sp|P28515|ELT1_CAEEL,46,NTT,Caenorhabditis elegans,6239,elt-1
sp|P28515|ELT1_CAEEL,132,NGT,Caenorhabditis elegans,6239,elt-1
sp|P28515|ELT1_CAEEL,158,NNS,Caenorhabditis elegans,6239,elt-1
sp|P28515|ELT1_CAEEL,186,NST,Caenorhabditis elegans,6239,elt-1
sp|P28515|ELT1_CAEEL,199,NRS,Caenorhabditis elegans,6239,elt-1
sp|P28515|ELT1_CAEEL,206,NNS,Caenorhabditis elegans,6239,elt-1
sp|P28515|ELT1_CAEEL,278,NTT,Caenorhabditis elegans,6239,elt-1
sp|P28548|CSK2B_CAEEL,35,NLT,Caenorhabditis elegans,6239,kin-10
sp|P28548|CSK2B_CAEEL,64,NAT,Caenorhabditis elegans,6239,kin-10
sp|P28548|CSK2B_CAEEL,216,NNT,Caenorhabditis elegans,6239,kin-10
sp|P29355|SEM5_CAEEL,214,NKS,Caenorhabditis elegans,6239,sem-5
sp|P29506|UNC4_CAEEL,79,NDT,Caenorhabditis elegans,6239,unc-4
sp|P29506|UNC4_CAEEL,94,NFS,Caenorhabditis elegans,6239,unc-4
sp|P29506|UNC4_CAEEL,151,NGS,Caenorhabditis elegans,6239,unc-4
sp|P29506|UNC4_CAEEL,203,NLS,Caenorhabditis elegans,6239,unc-4
sp|P29691|EF2_CAEEL,3,NFT,Caenorhabditis elegans,6239,eef-2
sp|P29691|EF2_CAEEL,21,NMS,Caenorhabditis elegans,6239,eef-2
sp|P29691|EF2_CAEEL,785,NES,Caenorhabditis elegans,6239,eef-2
sp|P30429|CED4_CAEEL,79,NQS,Caenorhabditis elegans,6239,ced-4
sp|P30429|CED4_CAEEL,320,NKT,Caenorhabditis elegans,6239,ced-4
sp|P30429|CED4_CAEEL,491,NVS,Caenorhabditis elegans,6239,ced-4
sp|P30628|VPP1_CAEEL,133,NFS,Caenorhabditis elegans,6239,unc-32
sp|P30628|VPP1_CAEEL,243,NDT,Caenorhabditis elegans,6239,unc-32
sp|P30628|VPP1_CAEEL,401,NKT,Caenorhabditis elegans,6239,unc-32
sp|P30630|LIN9_CAEEL,80,NSS,Caenorhabditis elegans,6239,lin-9
sp|P30630|LIN9_CAEEL,155,NMT,Caenorhabditis elegans,6239,lin-9
sp|P30630|LIN9_CAEEL,191,NQT,Caenorhabditis elegans,6239,lin-9
sp|P30630|LIN9_CAEEL,256,NLT,Caenorhabditis elegans,6239,lin-9
sp|P30630|LIN9_CAEEL,483,NMT,Caenorhabditis elegans,6239,lin-9
sp|P30645|PDE2_CAEEL,7,NSS,Caenorhabditis elegans,6239,pde-2
sp|P30645|PDE2_CAEEL,84,NET,Caenorhabditis elegans,6239,pde-2
sp|P30645|PDE2_CAEEL,152,NES,Caenorhabditis elegans,6239,pde-2
sp|P30645|PDE2_CAEEL,177,NLS,Caenorhabditis elegans,6239,pde-2
sp|P30645|PDE2_CAEEL,215,NET,Caenorhabditis elegans,6239,pde-2
sp|P30645|PDE2_CAEEL,423,NWS,Caenorhabditis elegans,6239,pde-2
sp|P30645|PDE2_CAEEL,717,NGS,Caenorhabditis elegans,6239,pde-2
sp|P30645|PDE2_CAEEL,747,NQS,Caenorhabditis elegans,6239,pde-2
sp|P32085|TBP_CAEEL,121,NLT,Caenorhabditis elegans,6239,tbp-1
sp|P32742|IKKE1_CAEEL,83,NHT,Caenorhabditis elegans,6239,ikke-1
sp|P32742|IKKE1_CAEEL,186,NSS,Caenorhabditis elegans,6239,ikke-1
sp|P32742|IKKE1_CAEEL,257,NKS,Caenorhabditis elegans,6239,ikke-1
sp|P32742|IKKE1_CAEEL,391,NTS,Caenorhabditis elegans,6239,ikke-1
sp|P32742|IKKE1_CAEEL,620,NKS,Caenorhabditis elegans,6239,ikke-1
sp|P32744|CLAS2_CAEEL,295,NIS,Caenorhabditis elegans,6239,cls-2
sp|P32744|CLAS2_CAEEL,378,NGS,Caenorhabditis elegans,6239,cls-2
sp|P32744|CLAS2_CAEEL,494,NLS,Caenorhabditis elegans,6239,cls-2
sp|P32744|CLAS2_CAEEL,766,NES,Caenorhabditis elegans,6239,cls-2
sp|P32744|CLAS2_CAEEL,775,NST,Caenorhabditis elegans,6239,cls-2
sp|P32744|CLAS2_CAEEL,891,NVT,Caenorhabditis elegans,6239,cls-2
sp|P32744|CLAS2_CAEEL,912,NIS,Caenorhabditis elegans,6239,cls-2
sp|P32744|CLAS2_CAEEL,995,NLS,Caenorhabditis elegans,6239,cls-2
sp|P32756|CLAT_CAEEL,196,NQT,Caenorhabditis elegans,6239,cha-1
sp|P32756|CLAT_CAEEL,231,NNT,Caenorhabditis elegans,6239,cha-1
sp|P32756|CLAT_CAEEL,287,NDT,Caenorhabditis elegans,6239,cha-1
sp|P32756|CLAT_CAEEL,510,NIS,Caenorhabditis elegans,6239,cha-1
sp|P34183|SYH_CAEEL,153,NIT,Caenorhabditis elegans,6239,hars-1
sp|P34213|RAB6A_CAEEL,124,NKT,Caenorhabditis elegans,6239,rab-6.1
sp|P34260|VP33A_CAEEL,43,NKT,Caenorhabditis elegans,6239,vps-33.1
sp|P34260|VP33A_CAEEL,75,NHS,Caenorhabditis elegans,6239,vps-33.1
sp|P34260|VP33A_CAEEL,112,NDS,Caenorhabditis elegans,6239,vps-33.1
sp|P34260|VP33A_CAEEL,453,NQS,Caenorhabditis elegans,6239,vps-33.1
sp|P34260|VP33A_CAEEL,599,NIT,Caenorhabditis elegans,6239,vps-33.1
sp|P34271|CUP4_CAEEL,41,NKS,Caenorhabditis elegans,6239,cup-4
sp|P34271|CUP4_CAEEL,68,NAS,Caenorhabditis elegans,6239,cup-4
sp|P34271|CUP4_CAEEL,237,NVS,Caenorhabditis elegans,6239,cup-4
sp|P34271|CUP4_CAEEL,249,NIT,Caenorhabditis elegans,6239,cup-4
sp|P34271|CUP4_CAEEL,401,NKS,Caenorhabditis elegans,6239,cup-4
sp|P34273|IYD1H_CAEEL,292,NES,Caenorhabditis elegans,6239,sup-18
sp|P34278|KNL1_CAEEL,121,NET,Caenorhabditis elegans,6239,knl-1
sp|P34278|KNL1_CAEEL,164,NTT,Caenorhabditis elegans,6239,knl-1
sp|P34278|KNL1_CAEEL,190,NAT,Caenorhabditis elegans,6239,knl-1
sp|P34278|KNL1_CAEEL,194,NRT,Caenorhabditis elegans,6239,knl-1
sp|P34278|KNL1_CAEEL,219,NFT,Caenorhabditis elegans,6239,knl-1
sp|P34278|KNL1_CAEEL,236,NNT,Caenorhabditis elegans,6239,knl-1
sp|P34278|KNL1_CAEEL,269,NDT,Caenorhabditis elegans,6239,knl-1
sp|P34278|KNL1_CAEEL,288,NDT,Caenorhabditis elegans,6239,knl-1
sp|P34278|KNL1_CAEEL,356,NDT,Caenorhabditis elegans,6239,knl-1
sp|P34278|KNL1_CAEEL,440,NDT,Caenorhabditis elegans,6239,knl-1
sp|P34278|KNL1_CAEEL,457,NNS,Caenorhabditis elegans,6239,knl-1
sp|P34278|KNL1_CAEEL,509,NAS,Caenorhabditis elegans,6239,knl-1
sp|P34278|KNL1_CAEEL,513,NVS,Caenorhabditis elegans,6239,knl-1
sp|P34278|KNL1_CAEEL,518,NES,Caenorhabditis elegans,6239,knl-1
sp|P34278|KNL1_CAEEL,581,NSS,Caenorhabditis elegans,6239,knl-1
sp|P34278|KNL1_CAEEL,587,NNS,Caenorhabditis elegans,6239,knl-1
sp|P34278|KNL1_CAEEL,594,NNT,Caenorhabditis elegans,6239,knl-1
sp|P34278|KNL1_CAEEL,637,NDT,Caenorhabditis elegans,6239,knl-1
sp|P34278|KNL1_CAEEL,645,NFT,Caenorhabditis elegans,6239,knl-1
sp|P34278|KNL1_CAEEL,652,NET,Caenorhabditis elegans,6239,knl-1
sp|P34278|KNL1_CAEEL,667,NTS,Caenorhabditis elegans,6239,knl-1
sp|P34278|KNL1_CAEEL,678,NLS,Caenorhabditis elegans,6239,knl-1
sp|P34278|KNL1_CAEEL,682,NQS,Caenorhabditis elegans,6239,knl-1
sp|P34278|KNL1_CAEEL,726,NKT,Caenorhabditis elegans,6239,knl-1
sp|P34278|KNL1_CAEEL,742,NDS,Caenorhabditis elegans,6239,knl-1
sp|P34278|KNL1_CAEEL,752,NTS,Caenorhabditis elegans,6239,knl-1
sp|P34278|KNL1_CAEEL,761,NSS,Caenorhabditis elegans,6239,knl-1
sp|P34278|KNL1_CAEEL,837,NST,Caenorhabditis elegans,6239,knl-1
sp|P34283|HENMT_CAEEL,14,NQT,Caenorhabditis elegans,6239,henn-1
sp|P34283|HENMT_CAEEL,299,NLS,Caenorhabditis elegans,6239,henn-1
sp|P34283|HENMT_CAEEL,316,NTT,Caenorhabditis elegans,6239,henn-1
sp|P34284|FBXL_CAEEL,184,NCS,Caenorhabditis elegans,6239,fbxl-1
sp|P34284|FBXL_CAEEL,202,NLS,Caenorhabditis elegans,6239,fbxl-1
sp|P34284|FBXL_CAEEL,207,NIS,Caenorhabditis elegans,6239,fbxl-1
sp|P34284|FBXL_CAEEL,355,NCT,Caenorhabditis elegans,6239,fbxl-1
sp|P34284|FBXL_CAEEL,421,NVS,Caenorhabditis elegans,6239,fbxl-1
sp|P34288|PAC1_CAEEL,87,NTT,Caenorhabditis elegans,6239,pac-1
sp|P34288|PAC1_CAEEL,147,NGS,Caenorhabditis elegans,6239,pac-1
sp|P34288|PAC1_CAEEL,354,NAS,Caenorhabditis elegans,6239,pac-1
sp|P34288|PAC1_CAEEL,391,NGT,Caenorhabditis elegans,6239,pac-1
sp|P34288|PAC1_CAEEL,457,NSS,Caenorhabditis elegans,6239,pac-1
sp|P34288|PAC1_CAEEL,572,NSS,Caenorhabditis elegans,6239,pac-1
sp|P34288|PAC1_CAEEL,700,NRS,Caenorhabditis elegans,6239,pac-1
sp|P34288|PAC1_CAEEL,753,NSS,Caenorhabditis elegans,6239,pac-1
sp|P34288|PAC1_CAEEL,1252,NTS,Caenorhabditis elegans,6239,pac-1
sp|P34288|PAC1_CAEEL,1377,NHS,Caenorhabditis elegans,6239,pac-1
sp|P34288|PAC1_CAEEL,1464,NSS,Caenorhabditis elegans,6239,pac-1
sp|P34298|DOXA1_CAEEL,109,NVT,Caenorhabditis elegans,6239,doxa-1
sp|P34298|DOXA1_CAEEL,327,NTT,Caenorhabditis elegans,6239,doxa-1
sp|P34298|DOXA1_CAEEL,330,NSS,Caenorhabditis elegans,6239,doxa-1
sp|P34299|GLR1_CAEEL,19,NLT,Caenorhabditis elegans,6239,glr-1
sp|P34299|GLR1_CAEEL,190,NTS,Caenorhabditis elegans,6239,glr-1
sp|P34299|GLR1_CAEEL,220,NET,Caenorhabditis elegans,6239,glr-1
sp|P34299|GLR1_CAEEL,275,NIS,Caenorhabditis elegans,6239,glr-1
sp|P34299|GLR1_CAEEL,333,NDS,Caenorhabditis elegans,6239,glr-1
sp|P34299|GLR1_CAEEL,441,NRT,Caenorhabditis elegans,6239,glr-1
sp|P34299|GLR1_CAEEL,482,NLT,Caenorhabditis elegans,6239,glr-1
sp|P34299|GLR1_CAEEL,852,NLS,Caenorhabditis elegans,6239,glr-1
sp|P34308|CAN1_CAEEL,325,NDS,Caenorhabditis elegans,6239,clp-1
sp|P34308|CAN1_CAEEL,379,NLT,Caenorhabditis elegans,6239,clp-1
sp|P34308|CAN1_CAEEL,643,NQT,Caenorhabditis elegans,6239,clp-1
sp|P34308|CAN1_CAEEL,724,NKS,Caenorhabditis elegans,6239,clp-1
sp|P34314|TLK1_CAEEL,78,NVT,Caenorhabditis elegans,6239,tlk-1
sp|P34314|TLK1_CAEEL,96,NSS,Caenorhabditis elegans,6239,tlk-1
sp|P34314|TLK1_CAEEL,167,NMS,Caenorhabditis elegans,6239,tlk-1
sp|P34314|TLK1_CAEEL,234,NES,Caenorhabditis elegans,6239,tlk-1
sp|P34314|TLK1_CAEEL,238,NLS,Caenorhabditis elegans,6239,tlk-1
sp|P34314|TLK1_CAEEL,334,NGS,Caenorhabditis elegans,6239,tlk-1
sp|P34314|TLK1_CAEEL,390,NQS,Caenorhabditis elegans,6239,tlk-1
sp|P34314|TLK1_CAEEL,398,NQS,Caenorhabditis elegans,6239,tlk-1
sp|P34314|TLK1_CAEEL,557,NDS,Caenorhabditis elegans,6239,tlk-1
sp|P34314|TLK1_CAEEL,635,NES,Caenorhabditis elegans,6239,tlk-1
sp|P34314|TLK1_CAEEL,726,NHS,Caenorhabditis elegans,6239,tlk-1
sp|P34314|TLK1_CAEEL,748,NRS,Caenorhabditis elegans,6239,tlk-1
sp|P34314|TLK1_CAEEL,793,NTS,Caenorhabditis elegans,6239,tlk-1
sp|P34314|TLK1_CAEEL,954,NRS,Caenorhabditis elegans,6239,tlk-1
sp|P34326|HM16_CAEEL,40,NGT,Caenorhabditis elegans,6239,ceh-16
sp|P34326|HM16_CAEEL,127,NES,Caenorhabditis elegans,6239,ceh-16
sp|P34331|PLK1_CAEEL,252,NYT,Caenorhabditis elegans,6239,plk-1
sp|P34331|PLK1_CAEEL,532,NGT,Caenorhabditis elegans,6239,plk-1
sp|P34341|KLE2_CAEEL,27,NFS,Caenorhabditis elegans,6239,kle-2
sp|P34341|KLE2_CAEEL,192,NRT,Caenorhabditis elegans,6239,kle-2
sp|P34341|KLE2_CAEEL,396,NTS,Caenorhabditis elegans,6239,kle-2
sp|P34341|KLE2_CAEEL,428,NLS,Caenorhabditis elegans,6239,kle-2
sp|P34341|KLE2_CAEEL,490,NKS,Caenorhabditis elegans,6239,kle-2
sp|P34341|KLE2_CAEEL,683,NRT,Caenorhabditis elegans,6239,kle-2
sp|P34345|GSTO1_CAEEL,56,NVT,Caenorhabditis elegans,6239,gsto-1
sp|P34358|CED7_CAEEL,126,NES,Caenorhabditis elegans,6239,ced-7
sp|P34358|CED7_CAEEL,145,NET,Caenorhabditis elegans,6239,ced-7
sp|P34358|CED7_CAEEL,359,NNT,Caenorhabditis elegans,6239,ced-7
sp|P34358|CED7_CAEEL,421,NLT,Caenorhabditis elegans,6239,ced-7
sp|P34358|CED7_CAEEL,427,NDS,Caenorhabditis elegans,6239,ced-7
sp|P34358|CED7_CAEEL,481,NQT,Caenorhabditis elegans,6239,ced-7
sp|P34358|CED7_CAEEL,678,NLS,Caenorhabditis elegans,6239,ced-7
sp|P34358|CED7_CAEEL,727,NRT,Caenorhabditis elegans,6239,ced-7
sp|P34358|CED7_CAEEL,899,NAS,Caenorhabditis elegans,6239,ced-7
sp|P34358|CED7_CAEEL,986,NNT,Caenorhabditis elegans,6239,ced-7
sp|P34358|CED7_CAEEL,1012,NGT,Caenorhabditis elegans,6239,ced-7
sp|P34358|CED7_CAEEL,1045,NIT,Caenorhabditis elegans,6239,ced-7
sp|P34358|CED7_CAEEL,1597,NYT,Caenorhabditis elegans,6239,ced-7
sp|P34358|CED7_CAEEL,1632,NKT,Caenorhabditis elegans,6239,ced-7
sp|P34370|I5P2_CAEEL,156,NCS,Caenorhabditis elegans,6239,cil-1
sp|P34370|I5P2_CAEEL,191,NGT,Caenorhabditis elegans,6239,cil-1
sp|P34370|I5P2_CAEEL,321,NGS,Caenorhabditis elegans,6239,cil-1
sp|P34374|UNC36_CAEEL,100,NDS,Caenorhabditis elegans,6239,unc-36
sp|P34374|UNC36_CAEEL,140,NET,Caenorhabditis elegans,6239,unc-36
sp|P34374|UNC36_CAEEL,146,NLT,Caenorhabditis elegans,6239,unc-36
sp|P34374|UNC36_CAEEL,302,NGT,Caenorhabditis elegans,6239,unc-36
sp|P34374|UNC36_CAEEL,365,NAT,Caenorhabditis elegans,6239,unc-36
sp|P34374|UNC36_CAEEL,520,NQS,Caenorhabditis elegans,6239,unc-36
sp|P34374|UNC36_CAEEL,558,NET,Caenorhabditis elegans,6239,unc-36
sp|P34374|UNC36_CAEEL,757,NDT,Caenorhabditis elegans,6239,unc-36
sp|P34374|UNC36_CAEEL,838,NLT,Caenorhabditis elegans,6239,unc-36
sp|P34374|UNC36_CAEEL,903,NNS,Caenorhabditis elegans,6239,unc-36
sp|P34374|UNC36_CAEEL,923,NLT,Caenorhabditis elegans,6239,unc-36
sp|P34374|UNC36_CAEEL,1130,NRS,Caenorhabditis elegans,6239,unc-36
sp|P34379|ATG13_CAEEL,175,NIS,Caenorhabditis elegans,6239,atg-13
sp|P34379|ATG13_CAEEL,292,NHS,Caenorhabditis elegans,6239,atg-13
sp|P34379|ATG13_CAEEL,309,NGT,Caenorhabditis elegans,6239,atg-13
sp|P34379|ATG13_CAEEL,314,NSS,Caenorhabditis elegans,6239,atg-13
sp|P34389|NPC1B_CAEEL,48,NKS,Caenorhabditis elegans,6239,ncr-2
sp|P34389|NPC1B_CAEEL,419,NLT,Caenorhabditis elegans,6239,ncr-2
sp|P34389|NPC1B_CAEEL,426,NSS,Caenorhabditis elegans,6239,ncr-2
sp|P34389|NPC1B_CAEEL,518,NES,Caenorhabditis elegans,6239,ncr-2
sp|P34389|NPC1B_CAEEL,566,NFT,Caenorhabditis elegans,6239,ncr-2
sp|P34389|NPC1B_CAEEL,690,NIS,Caenorhabditis elegans,6239,ncr-2
sp|P34389|NPC1B_CAEEL,787,NES,Caenorhabditis elegans,6239,ncr-2
sp|P34389|NPC1B_CAEEL,959,NAT,Caenorhabditis elegans,6239,ncr-2
sp|P34389|NPC1B_CAEEL,1010,NLT,Caenorhabditis elegans,6239,ncr-2
sp|P34389|NPC1B_CAEEL,1030,NLS,Caenorhabditis elegans,6239,ncr-2
sp|P34389|NPC1B_CAEEL,1178,NGS,Caenorhabditis elegans,6239,ncr-2
sp|P34389|NPC1B_CAEEL,1242,NVS,Caenorhabditis elegans,6239,ncr-2
sp|P34400|MIG10_CAEEL,171,NSS,Caenorhabditis elegans,6239,mig-10
sp|P34400|MIG10_CAEEL,276,NDS,Caenorhabditis elegans,6239,mig-10
sp|P34400|MIG10_CAEEL,640,NQS,Caenorhabditis elegans,6239,mig-10
sp|P34409|POLK_CAEEL,26,NTS,Caenorhabditis elegans,6239,polk-1
sp|P34409|POLK_CAEEL,559,NKS,Caenorhabditis elegans,6239,polk-1
sp|P34413|DPY19_CAEEL,620,NCS,Caenorhabditis elegans,6239,dpy-19
sp|P34440|HCP3L_CAEEL,39,NTS,Caenorhabditis elegans,6239,cpar-1
sp|P34440|HCP3L_CAEEL,84,NST,Caenorhabditis elegans,6239,cpar-1
sp|P34440|HCP3L_CAEEL,128,NDT,Caenorhabditis elegans,6239,cpar-1
sp|P34440|HCP3L_CAEEL,137,NGS,Caenorhabditis elegans,6239,cpar-1
sp|P34441|EMB30_CAEEL,159,NIS,Caenorhabditis elegans,6239,emb-30
sp|P34441|EMB30_CAEEL,241,NQS,Caenorhabditis elegans,6239,emb-30
sp|P34441|EMB30_CAEEL,303,NSS,Caenorhabditis elegans,6239,emb-30
sp|P34441|EMB30_CAEEL,619,NDS,Caenorhabditis elegans,6239,emb-30
sp|P34441|EMB30_CAEEL,917,NSS,Caenorhabditis elegans,6239,emb-30
sp|P34446|PAT2_CAEEL,108,NGS,Caenorhabditis elegans,6239,pat-2
sp|P34446|PAT2_CAEEL,228,NQT,Caenorhabditis elegans,6239,pat-2
sp|P34446|PAT2_CAEEL,290,NLT,Caenorhabditis elegans,6239,pat-2
sp|P34446|PAT2_CAEEL,608,NYT,Caenorhabditis elegans,6239,pat-2
sp|P34446|PAT2_CAEEL,679,NVT,Caenorhabditis elegans,6239,pat-2
sp|P34446|PAT2_CAEEL,775,NSS,Caenorhabditis elegans,6239,pat-2
sp|P34446|PAT2_CAEEL,819,NKT,Caenorhabditis elegans,6239,pat-2
sp|P34447|ZFP1_CAEEL,147,NKS,Caenorhabditis elegans,6239,zfp-1
sp|P34447|ZFP1_CAEEL,335,NGS,Caenorhabditis elegans,6239,zfp-1
sp|P34447|ZFP1_CAEEL,395,NTT,Caenorhabditis elegans,6239,zfp-1
sp|P34447|ZFP1_CAEEL,413,NGS,Caenorhabditis elegans,6239,zfp-1
sp|P34447|ZFP1_CAEEL,528,NVT,Caenorhabditis elegans,6239,zfp-1
sp|P34447|ZFP1_CAEEL,540,NST,Caenorhabditis elegans,6239,zfp-1
sp|P34447|ZFP1_CAEEL,543,NST,Caenorhabditis elegans,6239,zfp-1
sp|P34447|ZFP1_CAEEL,576,NGT,Caenorhabditis elegans,6239,zfp-1
sp|P34447|ZFP1_CAEEL,636,NLS,Caenorhabditis elegans,6239,zfp-1
sp|P34447|ZFP1_CAEEL,709,NHS,Caenorhabditis elegans,6239,zfp-1
sp|P34461|SODE_CAEEL,56,NGS,Caenorhabditis elegans,6239,sod-4
sp|P34470|HCP3_CAEEL,15,NES,Caenorhabditis elegans,6239,hcp-3
sp|P34470|HCP3_CAEEL,39,NTS,Caenorhabditis elegans,6239,hcp-3
sp|P34470|HCP3_CAEEL,117,NST,Caenorhabditis elegans,6239,hcp-3
sp|P34470|HCP3_CAEEL,144,NYS,Caenorhabditis elegans,6239,hcp-3
sp|P34470|HCP3_CAEEL,166,NRT,Caenorhabditis elegans,6239,hcp-3
sp|P34475|TBG_CAEEL,83,NFS,Caenorhabditis elegans,6239,tbg-1
sp|P34475|TBG_CAEEL,282,NFT,Caenorhabditis elegans,6239,tbg-1
sp|P34475|TBG_CAEEL,377,NNS,Caenorhabditis elegans,6239,tbg-1
sp|P34475|TBG_CAEEL,411,NFS,Caenorhabditis elegans,6239,tbg-1
sp|P34529|DCR1_CAEEL,259,NTT,Caenorhabditis elegans,6239,dcr-1
sp|P34529|DCR1_CAEEL,705,NES,Caenorhabditis elegans,6239,dcr-1
sp|P34529|DCR1_CAEEL,932,NQS,Caenorhabditis elegans,6239,dcr-1
sp|P34529|DCR1_CAEEL,964,NSS,Caenorhabditis elegans,6239,dcr-1
sp|P34529|DCR1_CAEEL,982,NTS,Caenorhabditis elegans,6239,dcr-1
sp|P34529|DCR1_CAEEL,1146,NIS,Caenorhabditis elegans,6239,dcr-1
sp|P34529|DCR1_CAEEL,1521,NKT,Caenorhabditis elegans,6239,dcr-1
sp|P34529|DCR1_CAEEL,1628,NAS,Caenorhabditis elegans,6239,dcr-1
sp|P34529|DCR1_CAEEL,1718,NNT,Caenorhabditis elegans,6239,dcr-1
sp|P34537|BRE1_CAEEL,131,NET,Caenorhabditis elegans,6239,rfp-1
sp|P34537|BRE1_CAEEL,286,NAT,Caenorhabditis elegans,6239,rfp-1
sp|P34537|BRE1_CAEEL,449,NKT,Caenorhabditis elegans,6239,rfp-1
sp|P34537|BRE1_CAEEL,471,NRS,Caenorhabditis elegans,6239,rfp-1
sp|P34537|BRE1_CAEEL,632,NQT,Caenorhabditis elegans,6239,rfp-1
sp|P34537|BRE1_CAEEL,760,NES,Caenorhabditis elegans,6239,rfp-1
sp|P34540|KINH_CAEEL,22,NKT,Caenorhabditis elegans,6239,unc-116
sp|P34540|KINH_CAEEL,58,NTT,Caenorhabditis elegans,6239,unc-116
sp|P34540|KINH_CAEEL,81,NGT,Caenorhabditis elegans,6239,unc-116
sp|P34540|KINH_CAEEL,155,NLS,Caenorhabditis elegans,6239,unc-116
sp|P34540|KINH_CAEEL,258,NKS,Caenorhabditis elegans,6239,unc-116
sp|P34540|KINH_CAEEL,385,NLS,Caenorhabditis elegans,6239,unc-116
sp|P34540|KINH_CAEEL,533,NQS,Caenorhabditis elegans,6239,unc-116
sp|P34540|KINH_CAEEL,811,NGS,Caenorhabditis elegans,6239,unc-116
sp|P34544|MET2_CAEEL,97,NES,Caenorhabditis elegans,6239,met-2
sp|P34544|MET2_CAEEL,399,NES,Caenorhabditis elegans,6239,met-2
sp|P34544|MET2_CAEEL,558,NGT,Caenorhabditis elegans,6239,met-2
sp|P34544|MET2_CAEEL,731,NLS,Caenorhabditis elegans,6239,met-2
sp|P34544|MET2_CAEEL,1234,NHS,Caenorhabditis elegans,6239,met-2
sp|P34544|MET2_CAEEL,1296,NCT,Caenorhabditis elegans,6239,met-2
sp|P34545|CBP1_CAEEL,96,NGS,Caenorhabditis elegans,6239,cbp-1
sp|P34545|CBP1_CAEEL,112,NNS,Caenorhabditis elegans,6239,cbp-1
sp|P34545|CBP1_CAEEL,129,NRS,Caenorhabditis elegans,6239,cbp-1
sp|P34545|CBP1_CAEEL,136,NGT,Caenorhabditis elegans,6239,cbp-1
sp|P34545|CBP1_CAEEL,493,NCS,Caenorhabditis elegans,6239,cbp-1
sp|P34545|CBP1_CAEEL,531,NGS,Caenorhabditis elegans,6239,cbp-1
sp|P34545|CBP1_CAEEL,551,NIT,Caenorhabditis elegans,6239,cbp-1
sp|P34545|CBP1_CAEEL,750,NNS,Caenorhabditis elegans,6239,cbp-1
sp|P34545|CBP1_CAEEL,760,NST,Caenorhabditis elegans,6239,cbp-1
sp|P34545|CBP1_CAEEL,1016,NVT,Caenorhabditis elegans,6239,cbp-1
sp|P34545|CBP1_CAEEL,1321,NLT,Caenorhabditis elegans,6239,cbp-1
sp|P34545|CBP1_CAEEL,1598,NGT,Caenorhabditis elegans,6239,cbp-1
sp|P34545|CBP1_CAEEL,1673,NGT,Caenorhabditis elegans,6239,cbp-1
sp|P34545|CBP1_CAEEL,1753,NQS,Caenorhabditis elegans,6239,cbp-1
sp|P34545|CBP1_CAEEL,1944,NNS,Caenorhabditis elegans,6239,cbp-1
sp|P34547|UBP46_CAEEL,153,NVT,Caenorhabditis elegans,6239,usp-46
sp|P34547|UBP46_CAEEL,189,NKS,Caenorhabditis elegans,6239,usp-46
sp|P34547|UBP46_CAEEL,207,NET,Caenorhabditis elegans,6239,usp-46
sp|P34547|UBP46_CAEEL,234,NTS,Caenorhabditis elegans,6239,usp-46
sp|P34547|UBP46_CAEEL,313,NVS,Caenorhabditis elegans,6239,usp-46
sp|P34547|UBP46_CAEEL,387,NQS,Caenorhabditis elegans,6239,usp-46
sp|P34547|UBP46_CAEEL,421,NST,Caenorhabditis elegans,6239,usp-46
sp|P34548|SQV3_CAEEL,81,NVS,Caenorhabditis elegans,6239,sqv-3
sp|P34548|SQV3_CAEEL,90,NQT,Caenorhabditis elegans,6239,sqv-3
sp|P34548|SQV3_CAEEL,201,NLT,Caenorhabditis elegans,6239,sqv-3
sp|P34548|SQV3_CAEEL,282,NWT,Caenorhabditis elegans,6239,sqv-3
sp|P34552|ALXA_CAEEL,32,NTS,Caenorhabditis elegans,6239,alx-1
sp|P34552|ALXA_CAEEL,37,NRS,Caenorhabditis elegans,6239,alx-1
sp|P34552|ALXA_CAEEL,533,NES,Caenorhabditis elegans,6239,alx-1
sp|P34552|ALXA_CAEEL,639,NNT,Caenorhabditis elegans,6239,alx-1
sp|P34560|RMD1_CAEEL,137,NLS,Caenorhabditis elegans,6239,rmd-1
sp|P34561|VPS53_CAEEL,31,NMS,Caenorhabditis elegans,6239,vps-53
sp|P34561|VPS53_CAEEL,78,NVS,Caenorhabditis elegans,6239,vps-53
sp|P34561|VPS53_CAEEL,131,NLT,Caenorhabditis elegans,6239,vps-53
sp|P34561|VPS53_CAEEL,189,NLS,Caenorhabditis elegans,6239,vps-53
sp|P34561|VPS53_CAEEL,534,NQS,Caenorhabditis elegans,6239,vps-53
sp|P34561|VPS53_CAEEL,559,NWT,Caenorhabditis elegans,6239,vps-53
sp|P34568|SPOP_CAEEL,17,NDT,Caenorhabditis elegans,6239,spop-1
sp|P34568|SPOP_CAEEL,104,NFS,Caenorhabditis elegans,6239,spop-1
sp|P34568|SPOP_CAEEL,158,NKS,Caenorhabditis elegans,6239,spop-1
sp|P34568|SPOP_CAEEL,233,NVT,Caenorhabditis elegans,6239,spop-1
sp|P34568|SPOP_CAEEL,239,NVS,Caenorhabditis elegans,6239,spop-1
sp|P34568|SPOP_CAEEL,310,NMT,Caenorhabditis elegans,6239,spop-1
sp|P34568|SPOP_CAEEL,372,NAS,Caenorhabditis elegans,6239,spop-1
sp|P34574|CLH_CAEEL,22,NIT,Caenorhabditis elegans,6239,chc-1
sp|P34574|CLH_CAEEL,27,NVT,Caenorhabditis elegans,6239,chc-1
sp|P34574|CLH_CAEEL,722,NFS,Caenorhabditis elegans,6239,chc-1
sp|P34574|CLH_CAEEL,1080,NSS,Caenorhabditis elegans,6239,chc-1
sp|P34574|CLH_CAEEL,1105,NQS,Caenorhabditis elegans,6239,chc-1
sp|P34574|CLH_CAEEL,1222,NVS,Caenorhabditis elegans,6239,chc-1
sp|P34574|CLH_CAEEL,1250,NST,Caenorhabditis elegans,6239,chc-1
sp|P34574|CLH_CAEEL,1494,NIT,Caenorhabditis elegans,6239,chc-1
sp|P34576|MUA3_CAEEL,20,NCS,Caenorhabditis elegans,6239,mua-3
sp|P34576|MUA3_CAEEL,23,NST,Caenorhabditis elegans,6239,mua-3
sp|P34576|MUA3_CAEEL,201,NKT,Caenorhabditis elegans,6239,mua-3
sp|P34576|MUA3_CAEEL,207,NCT,Caenorhabditis elegans,6239,mua-3
sp|P34576|MUA3_CAEEL,383,NKT,Caenorhabditis elegans,6239,mua-3
sp|P34576|MUA3_CAEEL,515,NCT,Caenorhabditis elegans,6239,mua-3
sp|P34576|MUA3_CAEEL,1350,NVT,Caenorhabditis elegans,6239,mua-3
sp|P34576|MUA3_CAEEL,2944,NSS,Caenorhabditis elegans,6239,mua-3
sp|P34576|MUA3_CAEEL,3120,NAS,Caenorhabditis elegans,6239,mua-3
sp|P34576|MUA3_CAEEL,3130,NTT,Caenorhabditis elegans,6239,mua-3
sp|P34576|MUA3_CAEEL,3285,NTT,Caenorhabditis elegans,6239,mua-3
sp|P34576|MUA3_CAEEL,3338,NCS,Caenorhabditis elegans,6239,mua-3
sp|P34576|MUA3_CAEEL,3394,NIT,Caenorhabditis elegans,6239,mua-3
sp|P34576|MUA3_CAEEL,3414,NAS,Caenorhabditis elegans,6239,mua-3
sp|P34576|MUA3_CAEEL,3615,NES,Caenorhabditis elegans,6239,mua-3
sp|P34576|MUA3_CAEEL,3737,NHS,Caenorhabditis elegans,6239,mua-3
sp|P34607|MUT7_CAEEL,267,NFS,Caenorhabditis elegans,6239,mut-7
sp|P34607|MUT7_CAEEL,278,NHS,Caenorhabditis elegans,6239,mut-7
sp|P34607|MUT7_CAEEL,291,NIS,Caenorhabditis elegans,6239,mut-7
sp|P34607|MUT7_CAEEL,331,NDT,Caenorhabditis elegans,6239,mut-7
sp|P34607|MUT7_CAEEL,442,NLT,Caenorhabditis elegans,6239,mut-7
sp|P34607|MUT7_CAEEL,731,NYT,Caenorhabditis elegans,6239,mut-7
sp|P34607|MUT7_CAEEL,741,NMS,Caenorhabditis elegans,6239,mut-7
sp|P34607|MUT7_CAEEL,881,NLS,Caenorhabditis elegans,6239,mut-7
sp|P34609|JIP_CAEEL,4,NLS,Caenorhabditis elegans,6239,unc-16
sp|P34609|JIP_CAEEL,154,NAT,Caenorhabditis elegans,6239,unc-16
sp|P34609|JIP_CAEEL,411,NLS,Caenorhabditis elegans,6239,unc-16
sp|P34609|JIP_CAEEL,900,NGT,Caenorhabditis elegans,6239,unc-16
sp|P34609|JIP_CAEEL,1085,NAT,Caenorhabditis elegans,6239,unc-16
sp|P34611|NCL1_CAEEL,118,NGS,Caenorhabditis elegans,6239,ncl-1
sp|P34611|NCL1_CAEEL,138,NET,Caenorhabditis elegans,6239,ncl-1
sp|P34611|NCL1_CAEEL,155,NCT,Caenorhabditis elegans,6239,ncl-1
sp|P34611|NCL1_CAEEL,418,NNS,Caenorhabditis elegans,6239,ncl-1
sp|P34611|NCL1_CAEEL,642,NRT,Caenorhabditis elegans,6239,ncl-1
sp|P34611|NCL1_CAEEL,787,NLT,Caenorhabditis elegans,6239,ncl-1
sp|P34616|CADH3_CAEEL,22,NFT,Caenorhabditis elegans,6239,cdh-3
sp|P34616|CADH3_CAEEL,149,NGT,Caenorhabditis elegans,6239,cdh-3
sp|P34616|CADH3_CAEEL,250,NAT,Caenorhabditis elegans,6239,cdh-3
sp|P34616|CADH3_CAEEL,288,NNT,Caenorhabditis elegans,6239,cdh-3
sp|P34616|CADH3_CAEEL,369,NST,Caenorhabditis elegans,6239,cdh-3
sp|P34616|CADH3_CAEEL,467,NCT,Caenorhabditis elegans,6239,cdh-3
sp|P34616|CADH3_CAEEL,612,NTT,Caenorhabditis elegans,6239,cdh-3
sp|P34616|CADH3_CAEEL,752,NET,Caenorhabditis elegans,6239,cdh-3
sp|P34616|CADH3_CAEEL,806,NIS,Caenorhabditis elegans,6239,cdh-3
sp|P34616|CADH3_CAEEL,941,NTT,Caenorhabditis elegans,6239,cdh-3
sp|P34616|CADH3_CAEEL,966,NNS,Caenorhabditis elegans,6239,cdh-3
sp|P34616|CADH3_CAEEL,970,NNT,Caenorhabditis elegans,6239,cdh-3
sp|P34616|CADH3_CAEEL,985,NAT,Caenorhabditis elegans,6239,cdh-3
sp|P34616|CADH3_CAEEL,1042,NCS,Caenorhabditis elegans,6239,cdh-3
sp|P34616|CADH3_CAEEL,1335,NTS,Caenorhabditis elegans,6239,cdh-3
sp|P34616|CADH3_CAEEL,1425,NES,Caenorhabditis elegans,6239,cdh-3
sp|P34616|CADH3_CAEEL,1429,NAT,Caenorhabditis elegans,6239,cdh-3
sp|P34616|CADH3_CAEEL,1557,NGT,Caenorhabditis elegans,6239,cdh-3
sp|P34616|CADH3_CAEEL,1563,NIS,Caenorhabditis elegans,6239,cdh-3
sp|P34616|CADH3_CAEEL,1597,NFT,Caenorhabditis elegans,6239,cdh-3
sp|P34616|CADH3_CAEEL,1624,NIT,Caenorhabditis elegans,6239,cdh-3
sp|P34616|CADH3_CAEEL,1695,NTS,Caenorhabditis elegans,6239,cdh-3
sp|P34616|CADH3_CAEEL,1702,NST,Caenorhabditis elegans,6239,cdh-3
sp|P34616|CADH3_CAEEL,1895,NNS,Caenorhabditis elegans,6239,cdh-3
sp|P34616|CADH3_CAEEL,1900,NLS,Caenorhabditis elegans,6239,cdh-3
sp|P34616|CADH3_CAEEL,2053,NVT,Caenorhabditis elegans,6239,cdh-3
sp|P34616|CADH3_CAEEL,2129,NTT,Caenorhabditis elegans,6239,cdh-3
sp|P34616|CADH3_CAEEL,2203,NDS,Caenorhabditis elegans,6239,cdh-3
sp|P34616|CADH3_CAEEL,2382,NAT,Caenorhabditis elegans,6239,cdh-3
sp|P34616|CADH3_CAEEL,2391,NDT,Caenorhabditis elegans,6239,cdh-3
sp|P34616|CADH3_CAEEL,2410,NIT,Caenorhabditis elegans,6239,cdh-3
sp|P34616|CADH3_CAEEL,2414,NIT,Caenorhabditis elegans,6239,cdh-3
sp|P34616|CADH3_CAEEL,2431,NGS,Caenorhabditis elegans,6239,cdh-3
sp|P34616|CADH3_CAEEL,2527,NFS,Caenorhabditis elegans,6239,cdh-3
sp|P34616|CADH3_CAEEL,2530,NGS,Caenorhabditis elegans,6239,cdh-3
sp|P34616|CADH3_CAEEL,2564,NRS,Caenorhabditis elegans,6239,cdh-3
sp|P34616|CADH3_CAEEL,2621,NGS,Caenorhabditis elegans,6239,cdh-3
sp|P34616|CADH3_CAEEL,2665,NLT,Caenorhabditis elegans,6239,cdh-3
sp|P34616|CADH3_CAEEL,2712,NIS,Caenorhabditis elegans,6239,cdh-3
sp|P34616|CADH3_CAEEL,2798,NTT,Caenorhabditis elegans,6239,cdh-3
sp|P34616|CADH3_CAEEL,2809,NST,Caenorhabditis elegans,6239,cdh-3
sp|P34616|CADH3_CAEEL,2818,NES,Caenorhabditis elegans,6239,cdh-3
sp|P34616|CADH3_CAEEL,2927,NST,Caenorhabditis elegans,6239,cdh-3
sp|P34616|CADH3_CAEEL,2976,NET,Caenorhabditis elegans,6239,cdh-3
sp|P34616|CADH3_CAEEL,3045,NGT,Caenorhabditis elegans,6239,cdh-3
sp|P34616|CADH3_CAEEL,3222,NFS,Caenorhabditis elegans,6239,cdh-3
sp|P34616|CADH3_CAEEL,3225,NTT,Caenorhabditis elegans,6239,cdh-3
sp|P34616|CADH3_CAEEL,3284,NRS,Caenorhabditis elegans,6239,cdh-3
sp|P34619|SOR1_CAEEL,94,NFS,Caenorhabditis elegans,6239,sor-1
sp|P34619|SOR1_CAEEL,97,NYS,Caenorhabditis elegans,6239,sor-1
sp|P34619|SOR1_CAEEL,138,NYS,Caenorhabditis elegans,6239,sor-1
sp|P34619|SOR1_CAEEL,236,NQT,Caenorhabditis elegans,6239,sor-1
sp|P34619|SOR1_CAEEL,712,NTS,Caenorhabditis elegans,6239,sor-1
sp|P34619|SOR1_CAEEL,780,NNT,Caenorhabditis elegans,6239,sor-1
sp|P34619|SOR1_CAEEL,811,NVS,Caenorhabditis elegans,6239,sor-1
sp|P34619|SOR1_CAEEL,960,NSS,Caenorhabditis elegans,6239,sor-1
sp|P34624|CCNY_CAEEL,3,NSS,Caenorhabditis elegans,6239,cyy-1
sp|P34643|SC161_CAEEL,32,NAS,Caenorhabditis elegans,6239,sec-16A.1
sp|P34643|SC161_CAEEL,49,NHS,Caenorhabditis elegans,6239,sec-16A.1
sp|P34643|SC161_CAEEL,90,NGS,Caenorhabditis elegans,6239,sec-16A.1
sp|P34643|SC161_CAEEL,96,NST,Caenorhabditis elegans,6239,sec-16A.1
sp|P34643|SC161_CAEEL,112,NSS,Caenorhabditis elegans,6239,sec-16A.1
sp|P34643|SC161_CAEEL,129,NAS,Caenorhabditis elegans,6239,sec-16A.1
sp|P34643|SC161_CAEEL,167,NAS,Caenorhabditis elegans,6239,sec-16A.1
sp|P34643|SC161_CAEEL,356,NIS,Caenorhabditis elegans,6239,sec-16A.1
sp|P34643|SC161_CAEEL,503,NAS,Caenorhabditis elegans,6239,sec-16A.1
sp|P34643|SC161_CAEEL,517,NGT,Caenorhabditis elegans,6239,sec-16A.1
sp|P34643|SC161_CAEEL,831,NKS,Caenorhabditis elegans,6239,sec-16A.1
sp|P34643|SC161_CAEEL,1003,NQT,Caenorhabditis elegans,6239,sec-16A.1
sp|P34643|SC161_CAEEL,1150,NKS,Caenorhabditis elegans,6239,sec-16A.1
sp|P34644|EAT4_CAEEL,100,NYT,Caenorhabditis elegans,6239,eat-4
sp|P34644|EAT4_CAEEL,114,NWT,Caenorhabditis elegans,6239,eat-4
sp|P34644|EAT4_CAEEL,515,NKT,Caenorhabditis elegans,6239,eat-4
sp|P34644|EAT4_CAEEL,520,NGT,Caenorhabditis elegans,6239,eat-4
sp|P34652|CALX_CAEEL,203,NGT,Caenorhabditis elegans,6239,cnx-1
sp|P34652|CALX_CAEEL,571,NSS,Caenorhabditis elegans,6239,cnx-1
sp|P34678|GALT3_CAEEL,146,NRT,Caenorhabditis elegans,6239,gly-3
sp|P34678|GALT3_CAEEL,195,NRS,Caenorhabditis elegans,6239,gly-3
sp|P34678|GALT3_CAEEL,239,NRS,Caenorhabditis elegans,6239,gly-3
sp|P34689|GLH1_CAEEL,347,NLT,Caenorhabditis elegans,6239,glh-1
sp|P34689|GLH1_CAEEL,654,NGS,Caenorhabditis elegans,6239,glh-1
sp|P34690|TBA2_CAEEL,126,NCS,Caenorhabditis elegans,6239,tba-2
sp|P34690|TBA2_CAEEL,378,NTT,Caenorhabditis elegans,6239,tba-2
sp|P34691|FEM3_CAEEL,44,NLT,Caenorhabditis elegans,6239,fem-3
sp|P34691|FEM3_CAEEL,171,NCT,Caenorhabditis elegans,6239,fem-3
sp|P34691|FEM3_CAEEL,198,NNS,Caenorhabditis elegans,6239,fem-3
sp|P34693|SYT1_CAEEL,225,NET,Caenorhabditis elegans,6239,snt-1
sp|P34693|SYT1_CAEEL,360,NES,Caenorhabditis elegans,6239,snt-1
sp|P34693|SYT1_CAEEL,401,NGT,Caenorhabditis elegans,6239,snt-1
sp|P34706|SDC3_CAEEL,313,NIT,Caenorhabditis elegans,6239,sdc-3
sp|P34706|SDC3_CAEEL,320,NLS,Caenorhabditis elegans,6239,sdc-3
sp|P34706|SDC3_CAEEL,330,NRS,Caenorhabditis elegans,6239,sdc-3
sp|P34706|SDC3_CAEEL,387,NLT,Caenorhabditis elegans,6239,sdc-3
sp|P34706|SDC3_CAEEL,1214,NQS,Caenorhabditis elegans,6239,sdc-3
sp|P34706|SDC3_CAEEL,1273,NVT,Caenorhabditis elegans,6239,sdc-3
sp|P34706|SDC3_CAEEL,1551,NVS,Caenorhabditis elegans,6239,sdc-3
sp|P34706|SDC3_CAEEL,1572,NDS,Caenorhabditis elegans,6239,sdc-3
sp|P34706|SDC3_CAEEL,1645,NAS,Caenorhabditis elegans,6239,sdc-3
sp|P34706|SDC3_CAEEL,1846,NIS,Caenorhabditis elegans,6239,sdc-3
sp|P34706|SDC3_CAEEL,1921,NIT,Caenorhabditis elegans,6239,sdc-3
sp|P34706|SDC3_CAEEL,1947,NST,Caenorhabditis elegans,6239,sdc-3
sp|P34706|SDC3_CAEEL,2087,NQS,Caenorhabditis elegans,6239,sdc-3
sp|P34707|SKN1_CAEEL,65,NTS,Caenorhabditis elegans,6239,skn-1
sp|P34707|SKN1_CAEEL,84,NIS,Caenorhabditis elegans,6239,skn-1
sp|P34707|SKN1_CAEEL,325,NVS,Caenorhabditis elegans,6239,skn-1
sp|P34707|SKN1_CAEEL,338,NLT,Caenorhabditis elegans,6239,skn-1
sp|P34707|SKN1_CAEEL,370,NVT,Caenorhabditis elegans,6239,skn-1
sp|P34707|SKN1_CAEEL,403,NDS,Caenorhabditis elegans,6239,skn-1
sp|P34707|SKN1_CAEEL,581,NES,Caenorhabditis elegans,6239,skn-1
sp|P34708|TRA1_CAEEL,127,NAT,Caenorhabditis elegans,6239,tra-1
sp|P34708|TRA1_CAEEL,150,NQT,Caenorhabditis elegans,6239,tra-1
sp|P34708|TRA1_CAEEL,155,NGS,Caenorhabditis elegans,6239,tra-1
sp|P34708|TRA1_CAEEL,192,NSS,Caenorhabditis elegans,6239,tra-1
sp|P34708|TRA1_CAEEL,198,NDS,Caenorhabditis elegans,6239,tra-1
sp|P34708|TRA1_CAEEL,216,NSS,Caenorhabditis elegans,6239,tra-1
sp|P34708|TRA1_CAEEL,254,NET,Caenorhabditis elegans,6239,tra-1
sp|P34708|TRA1_CAEEL,319,NAS,Caenorhabditis elegans,6239,tra-1
sp|P34708|TRA1_CAEEL,328,NRT,Caenorhabditis elegans,6239,tra-1
sp|P34708|TRA1_CAEEL,377,NYS,Caenorhabditis elegans,6239,tra-1
sp|P34708|TRA1_CAEEL,673,NGS,Caenorhabditis elegans,6239,tra-1
sp|P34708|TRA1_CAEEL,747,NET,Caenorhabditis elegans,6239,tra-1
sp|P34709|TRA2_CAEEL,88,NIS,Caenorhabditis elegans,6239,tra-2
sp|P34709|TRA2_CAEEL,219,NST,Caenorhabditis elegans,6239,tra-2
sp|P34709|TRA2_CAEEL,328,NQT,Caenorhabditis elegans,6239,tra-2
sp|P34709|TRA2_CAEEL,339,NST,Caenorhabditis elegans,6239,tra-2
sp|P34709|TRA2_CAEEL,781,NFS,Caenorhabditis elegans,6239,tra-2
sp|P34709|TRA2_CAEEL,826,NAS,Caenorhabditis elegans,6239,tra-2
sp|P34709|TRA2_CAEEL,857,NQT,Caenorhabditis elegans,6239,tra-2
sp|P34709|TRA2_CAEEL,876,NET,Caenorhabditis elegans,6239,tra-2
sp|P34709|TRA2_CAEEL,897,NLS,Caenorhabditis elegans,6239,tra-2
sp|P34709|TRA2_CAEEL,1214,NTS,Caenorhabditis elegans,6239,tra-2
sp|P34710|UNC6_CAEEL,114,NMT,Caenorhabditis elegans,6239,unc-6
sp|P34710|UNC6_CAEEL,128,NVS,Caenorhabditis elegans,6239,unc-6
sp|P34710|UNC6_CAEEL,268,NET,Caenorhabditis elegans,6239,unc-6
sp|P34710|UNC6_CAEEL,368,NRS,Caenorhabditis elegans,6239,unc-6
sp|P34710|UNC6_CAEEL,423,NQS,Caenorhabditis elegans,6239,unc-6
sp|P34710|UNC6_CAEEL,564,NDS,Caenorhabditis elegans,6239,unc-6
sp|P34711|UNC17_CAEEL,74,NET,Caenorhabditis elegans,6239,unc-17
sp|P34711|UNC17_CAEEL,81,NGT,Caenorhabditis elegans,6239,unc-17
sp|P34711|UNC17_CAEEL,280,NVS,Caenorhabditis elegans,6239,unc-17
sp|P34711|UNC17_CAEEL,438,NVT,Caenorhabditis elegans,6239,unc-17
sp|P34711|UNC17_CAEEL,470,NSS,Caenorhabditis elegans,6239,unc-17
sp|P34712|PGP1_CAEEL,4,NGS,Caenorhabditis elegans,6239,pgp-1
sp|P34712|PGP1_CAEEL,115,NGS,Caenorhabditis elegans,6239,pgp-1
sp|P34712|PGP1_CAEEL,125,NYT,Caenorhabditis elegans,6239,pgp-1
sp|P34712|PGP1_CAEEL,190,NHS,Caenorhabditis elegans,6239,pgp-1
sp|P34712|PGP1_CAEEL,505,NCT,Caenorhabditis elegans,6239,pgp-1
sp|P34712|PGP1_CAEEL,511,NIS,Caenorhabditis elegans,6239,pgp-1
sp|P34712|PGP1_CAEEL,850,NAS,Caenorhabditis elegans,6239,pgp-1
sp|P34712|PGP1_CAEEL,1290,NGT,Caenorhabditis elegans,6239,pgp-1
sp|P34713|PGP3_CAEEL,83,NGT,Caenorhabditis elegans,6239,pgp-3
sp|P34713|PGP3_CAEEL,578,NAS,Caenorhabditis elegans,6239,pgp-3
sp|P34713|PGP3_CAEEL,962,NWS,Caenorhabditis elegans,6239,pgp-3
sp|P34713|PGP3_CAEEL,1051,NMS,Caenorhabditis elegans,6239,pgp-3
sp|P34713|PGP3_CAEEL,1118,NLT,Caenorhabditis elegans,6239,pgp-3
sp|P34713|PGP3_CAEEL,1124,NIT,Caenorhabditis elegans,6239,pgp-3
sp|P34713|PGP3_CAEEL,1131,NIT,Caenorhabditis elegans,6239,pgp-3
sp|P34722|KPC1_CAEEL,81,NQT,Caenorhabditis elegans,6239,tpa-1
sp|P34722|KPC1_CAEEL,328,NGS,Caenorhabditis elegans,6239,tpa-1
sp|P34722|KPC1_CAEEL,694,NFS,Caenorhabditis elegans,6239,tpa-1
sp|P34766|PAL1_CAEEL,12,NES,Caenorhabditis elegans,6239,pal-1
sp|P34766|PAL1_CAEEL,102,NGS,Caenorhabditis elegans,6239,pal-1
sp|P34815|UNC18_CAEEL,430,NIS,Caenorhabditis elegans,6239,unc-18
sp|P34885|KPC1B_CAEEL,140,NKT,Caenorhabditis elegans,6239,pkc-1
sp|P34885|KPC1B_CAEEL,532,NLT,Caenorhabditis elegans,6239,pkc-1
sp|P34886|MEC10_CAEEL,293,NTT,Caenorhabditis elegans,6239,mec-10
sp|P34886|MEC10_CAEEL,369,NMT,Caenorhabditis elegans,6239,mec-10
sp|P34886|MEC10_CAEEL,463,NAS,Caenorhabditis elegans,6239,mec-10
sp|P34886|MEC10_CAEEL,605,NQT,Caenorhabditis elegans,6239,mec-10
sp|P34886|MEC10_CAEEL,624,NIS,Caenorhabditis elegans,6239,mec-10
sp|P34888|WNT1_CAEEL,87,NCT,Caenorhabditis elegans,6239,cwn-1
sp|P34888|WNT1_CAEEL,187,NGT,Caenorhabditis elegans,6239,cwn-1
sp|P34889|WNT2_CAEEL,90,NCS,Caenorhabditis elegans,6239,cwn-2
sp|P34889|WNT2_CAEEL,352,NVT,Caenorhabditis elegans,6239,cwn-2
sp|P35129|UBC2_CAEEL,81,NGS,Caenorhabditis elegans,6239,let-70
sp|P35602|AP1M_CAEEL,76,NVT,Caenorhabditis elegans,6239,unc-101
sp|P35602|AP1M_CAEEL,185,NGT,Caenorhabditis elegans,6239,unc-101
sp|P35603|AP2M_CAEEL,333,NTS,Caenorhabditis elegans,6239,dpy-23
sp|P35603|AP2M_CAEEL,418,NYS,Caenorhabditis elegans,6239,dpy-23
sp|P35800|DPY10_CAEEL,17,NYS,Caenorhabditis elegans,6239,dpy-10
sp|P35800|DPY10_CAEEL,104,NRT,Caenorhabditis elegans,6239,dpy-10
sp|P35800|DPY10_CAEEL,175,NQT,Caenorhabditis elegans,6239,dpy-10
sp|P37806|UNC87_CAEEL,5,NNT,Caenorhabditis elegans,6239,unc-87
sp|P37806|UNC87_CAEEL,206,NAT,Caenorhabditis elegans,6239,unc-87
sp|P37806|UNC87_CAEEL,279,NRT,Caenorhabditis elegans,6239,unc-87
sp|P37806|UNC87_CAEEL,495,NTT,Caenorhabditis elegans,6239,unc-87
sp|P38433|ACE1_CAEEL,74,NAT,Caenorhabditis elegans,6239,ace-1
sp|P38433|ACE1_CAEEL,272,NMS,Caenorhabditis elegans,6239,ace-1
sp|P38433|ACE1_CAEEL,486,NYT,Caenorhabditis elegans,6239,ace-1
sp|P38433|ACE1_CAEEL,536,NMT,Caenorhabditis elegans,6239,ace-1
sp|P39055|DYN1_CAEEL,133,NLT,Caenorhabditis elegans,6239,dyn-1
sp|P39055|DYN1_CAEEL,530,NVS,Caenorhabditis elegans,6239,dyn-1
sp|P39055|DYN1_CAEEL,685,NQT,Caenorhabditis elegans,6239,dyn-1
sp|P39055|DYN1_CAEEL,740,NMS,Caenorhabditis elegans,6239,dyn-1
sp|P39745|MPK1_CAEEL,42,NSS,Caenorhabditis elegans,6239,mpk-1
sp|P39745|MPK1_CAEEL,98,NLS,Caenorhabditis elegans,6239,mpk-1
sp|P39745|MPK1_CAEEL,229,NTT,Caenorhabditis elegans,6239,mpk-1
sp|P41779|HM20_CAEEL,8,NLS,Caenorhabditis elegans,6239,ceh-20
sp|P41779|HM20_CAEEL,27,NDS,Caenorhabditis elegans,6239,ceh-20
sp|P41779|HM20_CAEEL,194,NFS,Caenorhabditis elegans,6239,ceh-20
sp|P41779|HM20_CAEEL,229,NIT,Caenorhabditis elegans,6239,ceh-20
sp|P41828|NHR23_CAEEL,117,NNS,Caenorhabditis elegans,6239,nhr-23
sp|P41828|NHR23_CAEEL,140,NMS,Caenorhabditis elegans,6239,nhr-23
sp|P41828|NHR23_CAEEL,149,NKS,Caenorhabditis elegans,6239,nhr-23
sp|P41828|NHR23_CAEEL,325,NGT,Caenorhabditis elegans,6239,nhr-23
sp|P41828|NHR23_CAEEL,473,NNT,Caenorhabditis elegans,6239,nhr-23
sp|P41829|NHR6_CAEEL,17,NCS,Caenorhabditis elegans,6239,nhr-6
sp|P41829|NHR6_CAEEL,61,NSS,Caenorhabditis elegans,6239,nhr-6
sp|P41829|NHR6_CAEEL,138,NAS,Caenorhabditis elegans,6239,nhr-6
sp|P41829|NHR6_CAEEL,215,NNT,Caenorhabditis elegans,6239,nhr-6
sp|P41829|NHR6_CAEEL,247,NLS,Caenorhabditis elegans,6239,nhr-6
sp|P41829|NHR6_CAEEL,307,NKT,Caenorhabditis elegans,6239,nhr-6
sp|P41829|NHR6_CAEEL,382,NMT,Caenorhabditis elegans,6239,nhr-6
sp|P41829|NHR6_CAEEL,449,NST,Caenorhabditis elegans,6239,nhr-6
sp|P41829|NHR6_CAEEL,583,NLT,Caenorhabditis elegans,6239,nhr-6
sp|P41830|CNR14_CAEEL,73,NGS,Caenorhabditis elegans,6239,sex-1
sp|P41830|CNR14_CAEEL,477,NLS,Caenorhabditis elegans,6239,sex-1
sp|P41846|WBS14_CAEEL,440,NNS,Caenorhabditis elegans,6239,mml-1
sp|P41846|WBS14_CAEEL,561,NQT,Caenorhabditis elegans,6239,mml-1
sp|P41846|WBS14_CAEEL,585,NNT,Caenorhabditis elegans,6239,mml-1
sp|P41846|WBS14_CAEEL,658,NES,Caenorhabditis elegans,6239,mml-1
sp|P41846|WBS14_CAEEL,987,NSS,Caenorhabditis elegans,6239,mml-1
sp|P41848|SSP1A_CAEEL,41,NVT,Caenorhabditis elegans,6239,hmg-4
sp|P41848|SSP1A_CAEEL,91,NWS,Caenorhabditis elegans,6239,hmg-4
sp|P41848|SSP1A_CAEEL,134,NVS,Caenorhabditis elegans,6239,hmg-4
sp|P41848|SSP1A_CAEEL,685,NGS,Caenorhabditis elegans,6239,hmg-4
sp|P41877|ISW1_CAEEL,58,NFS,Caenorhabditis elegans,6239,isw-1
sp|P41877|ISW1_CAEEL,653,NMT,Caenorhabditis elegans,6239,isw-1
sp|P41932|14331_CAEEL,174,NFS,Caenorhabditis elegans,6239,par-5
sp|P41932|14331_CAEEL,225,NLT,Caenorhabditis elegans,6239,par-5
sp|P41933|ODR7_CAEEL,163,NLT,Caenorhabditis elegans,6239,odr-7
sp|P41933|ODR7_CAEEL,176,NST,Caenorhabditis elegans,6239,odr-7
sp|P41933|ODR7_CAEEL,375,NAS,Caenorhabditis elegans,6239,odr-7
sp|P41934|HM18_CAEEL,109,NTS,Caenorhabditis elegans,6239,ceh-18
sp|P41934|HM18_CAEEL,146,NGS,Caenorhabditis elegans,6239,ceh-18
sp|P41934|HM18_CAEEL,343,NLS,Caenorhabditis elegans,6239,ceh-18
sp|P41935|HM10_CAEEL,118,NSS,Caenorhabditis elegans,6239,ceh-10
sp|P41935|HM10_CAEEL,331,NAS,Caenorhabditis elegans,6239,ceh-10
sp|P41936|HM22_CAEEL,3,NVS,Caenorhabditis elegans,6239,ceh-22
sp|P41936|HM22_CAEEL,38,NDT,Caenorhabditis elegans,6239,ceh-22
sp|P41936|HM22_CAEEL,151,NTS,Caenorhabditis elegans,6239,ceh-22
sp|P41936|HM22_CAEEL,156,NKS,Caenorhabditis elegans,6239,ceh-22
sp|P41950|DEX1_CAEEL,240,NGT,Caenorhabditis elegans,6239,dex-1
sp|P41950|DEX1_CAEEL,416,NST,Caenorhabditis elegans,6239,dex-1
sp|P41950|DEX1_CAEEL,571,NVT,Caenorhabditis elegans,6239,dex-1
sp|P41950|DEX1_CAEEL,756,NFS,Caenorhabditis elegans,6239,dex-1
sp|P41950|DEX1_CAEEL,1102,NHS,Caenorhabditis elegans,6239,dex-1
sp|P41950|DEX1_CAEEL,1126,NQT,Caenorhabditis elegans,6239,dex-1
sp|P41956|C560_CAEEL,176,NKS,Caenorhabditis elegans,6239,mev-1
sp|P41956|C560_CAEEL,179,NKT,Caenorhabditis elegans,6239,mev-1
sp|P41958|CED9_CAEEL,218,NRS,Caenorhabditis elegans,6239,ced-9
sp|P41990|APX1_CAEEL,3,NFS,Caenorhabditis elegans,6239,apx-1
sp|P41990|APX1_CAEEL,123,NVT,Caenorhabditis elegans,6239,apx-1
sp|P41990|APX1_CAEEL,200,NGT,Caenorhabditis elegans,6239,apx-1
sp|P41990|APX1_CAEEL,220,NET,Caenorhabditis elegans,6239,apx-1
sp|P41996|CPG2_CAEEL,355,NVS,Caenorhabditis elegans,6239,cpg-2
sp|P41996|CPG2_CAEEL,497,NFT,Caenorhabditis elegans,6239,cpg-2
sp|P42168|KC1A_CAEEL,35,NVT,Caenorhabditis elegans,6239,kin-19
sp|P42168|KC1A_CAEEL,179,NLT,Caenorhabditis elegans,6239,kin-19
sp|P42168|KC1A_CAEEL,316,NTT,Caenorhabditis elegans,6239,kin-19
sp|P42171|REI1_CAEEL,20,NAT,Caenorhabditis elegans,6239,rei-1
sp|P42171|REI1_CAEEL,167,NGS,Caenorhabditis elegans,6239,rei-1
sp|P42573|CED3_CAEEL,165,NYS,Caenorhabditis elegans,6239,ced-3
sp|P42573|CED3_CAEEL,182,NSS,Caenorhabditis elegans,6239,ced-3
sp|P42573|CED3_CAEEL,198,NRS,Caenorhabditis elegans,6239,ced-3
sp|P42573|CED3_CAEEL,237,NFS,Caenorhabditis elegans,6239,ced-3
sp|P42573|CED3_CAEEL,260,NGT,Caenorhabditis elegans,6239,ced-3
sp|P42573|CED3_CAEEL,268,NLT,Caenorhabditis elegans,6239,ced-3
sp|P42573|CED3_CAEEL,285,NLT,Caenorhabditis elegans,6239,ced-3
sp|P43508|CPR4_CAEEL,193,NVT,Caenorhabditis elegans,6239,cpr-4
sp|P43508|CPR4_CAEEL,292,NGT,Caenorhabditis elegans,6239,cpr-4
sp|P45442|LAG2_CAEEL,72,NFS,Caenorhabditis elegans,6239,lag-2
sp|P45442|LAG2_CAEEL,105,NDT,Caenorhabditis elegans,6239,lag-2
sp|P45442|LAG2_CAEEL,194,NQT,Caenorhabditis elegans,6239,lag-2
sp|P45894|AAPK1_CAEEL,67,NKT,Caenorhabditis elegans,6239,aak-1
sp|P45894|AAPK1_CAEEL,272,NHS,Caenorhabditis elegans,6239,aak-1
sp|P45894|AAPK1_CAEEL,290,NES,Caenorhabditis elegans,6239,aak-1
sp|P45894|AAPK1_CAEEL,501,NSS,Caenorhabditis elegans,6239,aak-1
sp|P45894|AAPK1_CAEEL,539,NSS,Caenorhabditis elegans,6239,aak-1
sp|P45895|CHSSB_CAEEL,123,NAT,Caenorhabditis elegans,6239,mig-22
sp|P45895|CHSSB_CAEEL,151,NLS,Caenorhabditis elegans,6239,mig-22
sp|P45895|CHSSB_CAEEL,172,NMT,Caenorhabditis elegans,6239,mig-22
sp|P45895|CHSSB_CAEEL,268,NLT,Caenorhabditis elegans,6239,mig-22
sp|P45896|SMA3_CAEEL,140,NSS,Caenorhabditis elegans,6239,sma-3
sp|P45896|SMA3_CAEEL,217,NLS,Caenorhabditis elegans,6239,sma-3
sp|P45896|SMA3_CAEEL,246,NGT,Caenorhabditis elegans,6239,sma-3
sp|P45896|SMA3_CAEEL,275,NNS,Caenorhabditis elegans,6239,sma-3
sp|P45896|SMA3_CAEEL,325,NDS,Caenorhabditis elegans,6239,sma-3
sp|P45897|SMA4_CAEEL,48,NNS,Caenorhabditis elegans,6239,sma-4
sp|P45897|SMA4_CAEEL,103,NIS,Caenorhabditis elegans,6239,sma-4
sp|P45897|SMA4_CAEEL,426,NIS,Caenorhabditis elegans,6239,sma-4
sp|P45897|SMA4_CAEEL,460,NES,Caenorhabditis elegans,6239,sma-4
sp|P45897|SMA4_CAEEL,563,NSS,Caenorhabditis elegans,6239,sma-4
sp|P45970|LIN5_CAEEL,21,NFT,Caenorhabditis elegans,6239,lin-5
sp|P45970|LIN5_CAEEL,173,NYS,Caenorhabditis elegans,6239,lin-5
sp|P45970|LIN5_CAEEL,247,NRT,Caenorhabditis elegans,6239,lin-5
sp|P45970|LIN5_CAEEL,297,NES,Caenorhabditis elegans,6239,lin-5
sp|P45970|LIN5_CAEEL,319,NLT,Caenorhabditis elegans,6239,lin-5
sp|P45970|LIN5_CAEEL,391,NES,Caenorhabditis elegans,6239,lin-5
sp|P45970|LIN5_CAEEL,580,NET,Caenorhabditis elegans,6239,lin-5
sp|P46549|SULU_CAEEL,62,NFS,Caenorhabditis elegans,6239,kin-18
sp|P46549|SULU_CAEEL,387,NTT,Caenorhabditis elegans,6239,kin-18
sp|P46549|SULU_CAEEL,403,NGS,Caenorhabditis elegans,6239,kin-18
sp|P46549|SULU_CAEEL,974,NSS,Caenorhabditis elegans,6239,kin-18
sp|P46551|CDK12_CAEEL,66,NWS,Caenorhabditis elegans,6239,cdk-12
sp|P46551|CDK12_CAEEL,122,NSS,Caenorhabditis elegans,6239,cdk-12
sp|P46551|CDK12_CAEEL,184,NVT,Caenorhabditis elegans,6239,cdk-12
sp|P46551|CDK12_CAEEL,307,NLT,Caenorhabditis elegans,6239,cdk-12
sp|P46551|CDK12_CAEEL,331,NLT,Caenorhabditis elegans,6239,cdk-12
sp|P46551|CDK12_CAEEL,672,NGS,Caenorhabditis elegans,6239,cdk-12
sp|P46555|GLCE_CAEEL,188,NKS,Caenorhabditis elegans,6239,hse-5
sp|P46555|GLCE_CAEEL,232,NIS,Caenorhabditis elegans,6239,hse-5
sp|P46555|GLCE_CAEEL,267,NSS,Caenorhabditis elegans,6239,hse-5
sp|P46555|GLCE_CAEEL,471,NSS,Caenorhabditis elegans,6239,hse-5
sp|P46561|ATPB_CAEEL,67,NAS,Caenorhabditis elegans,6239,atp-2
sp|P46580|ANM5_CAEEL,3,NRT,Caenorhabditis elegans,6239,prmt-5
sp|P46580|ANM5_CAEEL,97,NGS,Caenorhabditis elegans,6239,prmt-5
sp|P46580|ANM5_CAEEL,229,NFS,Caenorhabditis elegans,6239,prmt-5
sp|P46580|ANM5_CAEEL,314,NTS,Caenorhabditis elegans,6239,prmt-5
sp|P46580|ANM5_CAEEL,345,NDS,Caenorhabditis elegans,6239,prmt-5
sp|P46580|ANM5_CAEEL,432,NNT,Caenorhabditis elegans,6239,prmt-5
sp|P46580|ANM5_CAEEL,620,NSS,Caenorhabditis elegans,6239,prmt-5
sp|P46822|KLC_CAEEL,3,NMS,Caenorhabditis elegans,6239,klc-2
sp|P46822|KLC_CAEEL,162,NET,Caenorhabditis elegans,6239,klc-2
sp|P46822|KLC_CAEEL,179,NAS,Caenorhabditis elegans,6239,klc-2
sp|P46822|KLC_CAEEL,379,NLS,Caenorhabditis elegans,6239,klc-2
sp|P46873|OSM3_CAEEL,22,NTT,Caenorhabditis elegans,6239,osm-3
sp|P46873|OSM3_CAEEL,80,NGT,Caenorhabditis elegans,6239,osm-3
sp|P46873|OSM3_CAEEL,256,NLS,Caenorhabditis elegans,6239,osm-3
sp|P46873|OSM3_CAEEL,559,NYS,Caenorhabditis elegans,6239,osm-3
sp|P48180|ACH1_CAEEL,43,NHS,Caenorhabditis elegans,6239,acr-16
sp|P48180|ACH1_CAEEL,93,NIT,Caenorhabditis elegans,6239,acr-16
sp|P48180|ACH1_CAEEL,350,NLT,Caenorhabditis elegans,6239,acr-16
sp|P48180|ACH1_CAEEL,421,NGT,Caenorhabditis elegans,6239,acr-16
sp|P48181|ACH2_CAEEL,25,NAS,Caenorhabditis elegans,6239,unc-29
sp|P48181|ACH2_CAEEL,50,NSS,Caenorhabditis elegans,6239,unc-29
sp|P48181|ACH2_CAEEL,397,NET,Caenorhabditis elegans,6239,unc-29
sp|P48182|ACR2_CAEEL,41,NNS,Caenorhabditis elegans,6239,acr-2
sp|P48182|ACR2_CAEEL,80,NVS,Caenorhabditis elegans,6239,acr-2
sp|P48182|ACR2_CAEEL,131,NIS,Caenorhabditis elegans,6239,acr-2
sp|P48182|ACR2_CAEEL,338,NIT,Caenorhabditis elegans,6239,acr-2
sp|P48182|ACR2_CAEEL,442,NCS,Caenorhabditis elegans,6239,acr-2
sp|P48996|DPY27_CAEEL,116,NLT,Caenorhabditis elegans,6239,dpy-27
sp|P48996|DPY27_CAEEL,124,NGS,Caenorhabditis elegans,6239,dpy-27
sp|P48996|DPY27_CAEEL,202,NNS,Caenorhabditis elegans,6239,dpy-27
sp|P48996|DPY27_CAEEL,750,NGS,Caenorhabditis elegans,6239,dpy-27
sp|P48996|DPY27_CAEEL,755,NRS,Caenorhabditis elegans,6239,dpy-27
sp|P48996|DPY27_CAEEL,778,NMS,Caenorhabditis elegans,6239,dpy-27
sp|P48996|DPY27_CAEEL,1043,NKT,Caenorhabditis elegans,6239,dpy-27
sp|P48996|DPY27_CAEEL,1244,NLS,Caenorhabditis elegans,6239,dpy-27
sp|P48996|DPY27_CAEEL,1283,NVS,Caenorhabditis elegans,6239,dpy-27
sp|P49029|MGN_CAEEL,35,NGS,Caenorhabditis elegans,6239,mag-1
sp|P49029|MGN_CAEEL,42,NNS,Caenorhabditis elegans,6239,mag-1
sp|P49029|MGN_CAEEL,48,NDT,Caenorhabditis elegans,6239,mag-1
sp|P49029|MGN_CAEEL,117,NNS,Caenorhabditis elegans,6239,mag-1
sp|P49049|IMP2_CAEEL,14,NVT,Caenorhabditis elegans,6239,imp-2
sp|P49049|IMP2_CAEEL,114,NST,Caenorhabditis elegans,6239,imp-2
sp|P49049|IMP2_CAEEL,123,NTT,Caenorhabditis elegans,6239,imp-2
sp|P49594|FEM2_CAEEL,333,NLT,Caenorhabditis elegans,6239,fem-2
sp|P49594|FEM2_CAEEL,416,NVS,Caenorhabditis elegans,6239,fem-2
sp|P49809|EGL10_CAEEL,9,NAS,Caenorhabditis elegans,6239,egl-10
sp|P49809|EGL10_CAEEL,208,NTT,Caenorhabditis elegans,6239,egl-10
sp|P49809|EGL10_CAEEL,261,NGS,Caenorhabditis elegans,6239,egl-10
sp|P49809|EGL10_CAEEL,395,NDT,Caenorhabditis elegans,6239,egl-10
sp|P49809|EGL10_CAEEL,521,NDS,Caenorhabditis elegans,6239,egl-10
sp|P49809|EGL10_CAEEL,547,NCS,Caenorhabditis elegans,6239,egl-10
sp|P50093|PHB2_CAEEL,148,NAS,Caenorhabditis elegans,6239,phb-2
sp|P50093|PHB2_CAEEL,268,NKT,Caenorhabditis elegans,6239,phb-2
sp|P50093|PHB2_CAEEL,288,NVT,Caenorhabditis elegans,6239,phb-2
sp|P50432|GLYC_CAEEL,81,NFT,Caenorhabditis elegans,6239,mel-32
sp|P50432|GLYC_CAEEL,331,NHT,Caenorhabditis elegans,6239,mel-32
sp|P50432|GLYC_CAEEL,504,NET,Caenorhabditis elegans,6239,mel-32
sp|P50464|UNC97_CAEEL,36,NSS,Caenorhabditis elegans,6239,unc-97
sp|P50464|UNC97_CAEEL,98,NAS,Caenorhabditis elegans,6239,unc-97
sp|P50488|DAF4_CAEEL,60,NGT,Caenorhabditis elegans,6239,daf-4
sp|P50488|DAF4_CAEEL,134,NST,Caenorhabditis elegans,6239,daf-4
sp|P50488|DAF4_CAEEL,165,NES,Caenorhabditis elegans,6239,daf-4
sp|P50605|SDC_CAEEL,69,NGS,Caenorhabditis elegans,6239,sdn-1
sp|P51485|ARRB_CAEEL,234,NNS,Caenorhabditis elegans,6239,arr-1
sp|P51485|ARRB_CAEEL,237,NKT,Caenorhabditis elegans,6239,arr-1
sp|P51485|ARRB_CAEEL,381,NGS,Caenorhabditis elegans,6239,arr-1
sp|P51485|ARRB_CAEEL,418,NDS,Caenorhabditis elegans,6239,arr-1
sp|P51559|BLI4_CAEEL,195,NVS,Caenorhabditis elegans,6239,bli-4
sp|P51559|BLI4_CAEEL,519,NFT,Caenorhabditis elegans,6239,bli-4
sp|P51559|BLI4_CAEEL,868,NKS,Caenorhabditis elegans,6239,bli-4
sp|P51559|BLI4_CAEEL,913,NAT,Caenorhabditis elegans,6239,bli-4
sp|P51875|GNAO_CAEEL,150,NDS,Caenorhabditis elegans,6239,goa-1
sp|P51875|GNAO_CAEEL,312,NKS,Caenorhabditis elegans,6239,goa-1
sp|P52012|PPIL2_CAEEL,268,NDT,Caenorhabditis elegans,6239,cyn-4
sp|P52012|PPIL2_CAEEL,317,NNT,Caenorhabditis elegans,6239,cyn-4
sp|P52012|PPIL2_CAEEL,376,NGS,Caenorhabditis elegans,6239,cyn-4
sp|P52013|CYP5_CAEEL,133,NGS,Caenorhabditis elegans,6239,cyn-5
sp|P52166|PSN_CAEEL,273,NTT,Caenorhabditis elegans,6239,sel-12
sp|P52166|PSN_CAEEL,286,NTS,Caenorhabditis elegans,6239,sel-12
sp|P52166|PSN_CAEEL,319,NTT,Caenorhabditis elegans,6239,sel-12
sp|P52166|PSN_CAEEL,382,NTT,Caenorhabditis elegans,6239,sel-12
sp|P52192|IRK1_CAEEL,58,NSS,Caenorhabditis elegans,6239,irk-1
sp|P52192|IRK1_CAEEL,148,NHT,Caenorhabditis elegans,6239,irk-1
sp|P52192|IRK1_CAEEL,367,NGS,Caenorhabditis elegans,6239,irk-1
sp|P52192|IRK1_CAEEL,416,NRS,Caenorhabditis elegans,6239,irk-1
sp|P52192|IRK1_CAEEL,452,NHS,Caenorhabditis elegans,6239,irk-1
sp|P52275|TBB2_CAEEL,184,NAT,Caenorhabditis elegans,6239,tbb-2
sp|P52275|TBB2_CAEEL,337,NSS,Caenorhabditis elegans,6239,tbb-2
sp|P52275|TBB2_CAEEL,370,NST,Caenorhabditis elegans,6239,tbb-2
sp|P52906|UNC30_CAEEL,57,NYS,Caenorhabditis elegans,6239,unc-30
sp|P52906|UNC30_CAEEL,101,NGS,Caenorhabditis elegans,6239,unc-30
sp|P52906|UNC30_CAEEL,239,NQT,Caenorhabditis elegans,6239,unc-30
sp|P53806|RCANL_CAEEL,15,NGS,Caenorhabditis elegans,6239,rcan-1
sp|P53806|RCANL_CAEEL,50,NFS,Caenorhabditis elegans,6239,rcan-1
sp|P53806|RCANL_CAEEL,82,NAT,Caenorhabditis elegans,6239,rcan-1
sp|P54216|ALF1_CAEEL,363,NHS,Caenorhabditis elegans,6239,aldo-1
sp|P54244|ACH3_CAEEL,25,NAT,Caenorhabditis elegans,6239,deg-3
sp|P54244|ACH3_CAEEL,37,NST,Caenorhabditis elegans,6239,deg-3
sp|P54244|ACH3_CAEEL,125,NST,Caenorhabditis elegans,6239,deg-3
sp|P54244|ACH3_CAEEL,198,NCT,Caenorhabditis elegans,6239,deg-3
sp|P54244|ACH3_CAEEL,420,NGS,Caenorhabditis elegans,6239,deg-3
sp|P54811|TERA1_CAEEL,113,NLS,Caenorhabditis elegans,6239,cdc-48.1
sp|P54811|TERA1_CAEEL,266,NET,Caenorhabditis elegans,6239,cdc-48.1
sp|P54811|TERA1_CAEEL,479,NTT,Caenorhabditis elegans,6239,cdc-48.1
sp|P54812|TERA2_CAEEL,265,NET,Caenorhabditis elegans,6239,cdc-48.2
sp|P54812|TERA2_CAEEL,478,NTT,Caenorhabditis elegans,6239,cdc-48.2
sp|P54936|LIN2_CAEEL,249,NIS,Caenorhabditis elegans,6239,lin-2
sp|P54936|LIN2_CAEEL,304,NES,Caenorhabditis elegans,6239,lin-2
sp|P54936|LIN2_CAEEL,522,NQS,Caenorhabditis elegans,6239,lin-2
sp|P54936|LIN2_CAEEL,602,NRS,Caenorhabditis elegans,6239,lin-2
sp|P54936|LIN2_CAEEL,691,NSS,Caenorhabditis elegans,6239,lin-2
sp|P54936|LIN2_CAEEL,912,NES,Caenorhabditis elegans,6239,lin-2
sp|P55163|GEX3_CAEEL,70,NSS,Caenorhabditis elegans,6239,gex-3
sp|P55163|GEX3_CAEEL,216,NKT,Caenorhabditis elegans,6239,gex-3
sp|P55163|GEX3_CAEEL,514,NTS,Caenorhabditis elegans,6239,gex-3
sp|P55163|GEX3_CAEEL,909,NAT,Caenorhabditis elegans,6239,gex-3
sp|P55163|GEX3_CAEEL,1036,NNS,Caenorhabditis elegans,6239,gex-3
sp|P55956|ASP3_CAEEL,321,NIT,Caenorhabditis elegans,6239,asp-3
sp|P56570|IF4E5_CAEEL,14,NWS,Caenorhabditis elegans,6239,ife-5
sp|P56570|IF4E5_CAEEL,25,NAS,Caenorhabditis elegans,6239,ife-5
sp|P81299|CDC14_CAEEL,10,NNT,Caenorhabditis elegans,6239,cdc-14
sp|P81299|CDC14_CAEEL,68,NLS,Caenorhabditis elegans,6239,cdc-14
sp|P81299|CDC14_CAEEL,213,NES,Caenorhabditis elegans,6239,cdc-14
sp|P81299|CDC14_CAEEL,467,NSS,Caenorhabditis elegans,6239,cdc-14
sp|P81299|CDC14_CAEEL,504,NGT,Caenorhabditis elegans,6239,cdc-14
sp|P81299|CDC14_CAEEL,529,NSS,Caenorhabditis elegans,6239,cdc-14
sp|P81299|CDC14_CAEEL,533,NTT,Caenorhabditis elegans,6239,cdc-14
sp|P81299|CDC14_CAEEL,543,NES,Caenorhabditis elegans,6239,cdc-14
sp|P83351|SNA29_CAEEL,146,NLS,Caenorhabditis elegans,6239,snap-29
sp|P83388|AMDL_CAEEL,191,NIT,Caenorhabditis elegans,6239,pamn-1
sp|P83388|AMDL_CAEEL,269,NRT,Caenorhabditis elegans,6239,pamn-1
sp|P83388|AMDL_CAEEL,411,NQT,Caenorhabditis elegans,6239,pamn-1
sp|P90740|FAN1_CAEEL,22,NRS,Caenorhabditis elegans,6239,fan-1
sp|P90740|FAN1_CAEEL,328,NVT,Caenorhabditis elegans,6239,fan-1
sp|P90740|FAN1_CAEEL,430,NGT,Caenorhabditis elegans,6239,fan-1
sp|P90740|FAN1_CAEEL,760,NET,Caenorhabditis elegans,6239,fan-1
sp|P90794|DCA11_CAEEL,33,NQS,Caenorhabditis elegans,6239,wdr-23
sp|P90794|DCA11_CAEEL,55,NHS,Caenorhabditis elegans,6239,wdr-23
sp|P90794|DCA11_CAEEL,58,NDS,Caenorhabditis elegans,6239,wdr-23
sp|P90794|DCA11_CAEEL,175,NGT,Caenorhabditis elegans,6239,wdr-23
sp|P90794|DCA11_CAEEL,252,NIT,Caenorhabditis elegans,6239,wdr-23
sp|P90794|DCA11_CAEEL,393,NMS,Caenorhabditis elegans,6239,wdr-23
sp|P90794|DCA11_CAEEL,446,NFS,Caenorhabditis elegans,6239,wdr-23
sp|P90794|DCA11_CAEEL,528,NIS,Caenorhabditis elegans,6239,wdr-23
sp|P90820|HPX2_CAEEL,354,NDS,Caenorhabditis elegans,6239,hpx-2
sp|P90820|HPX2_CAEEL,551,NGS,Caenorhabditis elegans,6239,hpx-2
sp|P90820|HPX2_CAEEL,592,NTT,Caenorhabditis elegans,6239,hpx-2
sp|P90820|HPX2_CAEEL,662,NFT,Caenorhabditis elegans,6239,hpx-2
sp|P90820|HPX2_CAEEL,673,NKT,Caenorhabditis elegans,6239,hpx-2
sp|P90838|RTCB_CAEEL,39,NNS,Caenorhabditis elegans,6239,rtcb-1
sp|P90838|RTCB_CAEEL,320,NRS,Caenorhabditis elegans,6239,rtcb-1
sp|P90838|RTCB_CAEEL,477,NVT,Caenorhabditis elegans,6239,rtcb-1
sp|P90884|MADD4_CAEEL,268,NVT,Caenorhabditis elegans,6239,madd-4
sp|P90884|MADD4_CAEEL,280,NGT,Caenorhabditis elegans,6239,madd-4
sp|P90884|MADD4_CAEEL,730,NVT,Caenorhabditis elegans,6239,madd-4
sp|P90884|MADD4_CAEEL,781,NVS,Caenorhabditis elegans,6239,madd-4
sp|P90884|MADD4_CAEEL,899,NVT,Caenorhabditis elegans,6239,madd-4
sp|P90884|MADD4_CAEEL,906,NGT,Caenorhabditis elegans,6239,madd-4
sp|P90895|GCY33_CAEEL,287,NIT,Caenorhabditis elegans,6239,gcy-33
sp|P90895|GCY33_CAEEL,570,NQT,Caenorhabditis elegans,6239,gcy-33
sp|P90895|GCY33_CAEEL,684,NKT,Caenorhabditis elegans,6239,gcy-33
sp|P90895|GCY33_CAEEL,820,NIS,Caenorhabditis elegans,6239,gcy-33
sp|P90895|GCY33_CAEEL,862,NSS,Caenorhabditis elegans,6239,gcy-33
sp|P90897|RDE12_CAEEL,42,NSS,Caenorhabditis elegans,6239,rde-12
sp|P90897|RDE12_CAEEL,250,NNS,Caenorhabditis elegans,6239,rde-12
sp|P90897|RDE12_CAEEL,273,NNS,Caenorhabditis elegans,6239,rde-12
sp|P90897|RDE12_CAEEL,305,NNS,Caenorhabditis elegans,6239,rde-12
sp|P90897|RDE12_CAEEL,582,NAS,Caenorhabditis elegans,6239,rde-12
sp|P90901|IFA1_CAEEL,29,NVT,Caenorhabditis elegans,6239,ifa-1
sp|P90901|IFA1_CAEEL,466,NVS,Caenorhabditis elegans,6239,ifa-1
sp|P90916|LIN53_CAEEL,321,NET,Caenorhabditis elegans,6239,lin-53
sp|P90925|PH4H_CAEEL,56,NLS,Caenorhabditis elegans,6239,pah-1
sp|P90947|HMP1_CAEEL,34,NIT,Caenorhabditis elegans,6239,hmp-1
sp|P90947|HMP1_CAEEL,498,NIT,Caenorhabditis elegans,6239,hmp-1
sp|P90947|HMP1_CAEEL,527,NAS,Caenorhabditis elegans,6239,hmp-1
sp|P90947|HMP1_CAEEL,641,NRS,Caenorhabditis elegans,6239,hmp-1
sp|P90947|HMP1_CAEEL,666,NRT,Caenorhabditis elegans,6239,hmp-1
sp|P90947|HMP1_CAEEL,758,NGS,Caenorhabditis elegans,6239,hmp-1
sp|P90971|TBX12_CAEEL,142,NKS,Caenorhabditis elegans,6239,mab-9
sp|P90978|U2AF2_CAEEL,478,NRT,Caenorhabditis elegans,6239,uaf-1
sp|P90980|KPC2_CAEEL,6,NSS,Caenorhabditis elegans,6239,pkc-2
sp|P90980|KPC2_CAEEL,227,NET,Caenorhabditis elegans,6239,pkc-2
sp|P90980|KPC2_CAEEL,292,NIT,Caenorhabditis elegans,6239,pkc-2
sp|P90980|KPC2_CAEEL,317,NSS,Caenorhabditis elegans,6239,pkc-2
sp|P90980|KPC2_CAEEL,563,NVS,Caenorhabditis elegans,6239,pkc-2
sp|P90980|KPC2_CAEEL,668,NFS,Caenorhabditis elegans,6239,pkc-2
sp|P90986|TY3H_CAEEL,6,NNT,Caenorhabditis elegans,6239,cat-2
sp|P90986|TY3H_CAEEL,115,NMS,Caenorhabditis elegans,6239,cat-2
sp|P90986|TY3H_CAEEL,177,NQS,Caenorhabditis elegans,6239,cat-2
sp|P90992|M2OM_CAEEL,146,NYT,Caenorhabditis elegans,6239,misc-1
sp|P91082|EGL26_CAEEL,158,NVS,Caenorhabditis elegans,6239,egl-26
sp|P91119|PDE5_CAEEL,47,NGT,Caenorhabditis elegans,6239,pde-5
sp|P91119|PDE5_CAEEL,74,NRT,Caenorhabditis elegans,6239,pde-5
sp|P91119|PDE5_CAEEL,138,NQT,Caenorhabditis elegans,6239,pde-5
sp|P91119|PDE5_CAEEL,537,NQT,Caenorhabditis elegans,6239,pde-5
sp|P91119|PDE5_CAEEL,591,NNT,Caenorhabditis elegans,6239,pde-5
sp|P91119|PDE5_CAEEL,724,NET,Caenorhabditis elegans,6239,pde-5
sp|P91124|RIC19_CAEEL,9,NTS,Caenorhabditis elegans,6239,ric-19
sp|P91124|RIC19_CAEEL,401,NSS,Caenorhabditis elegans,6239,ric-19
sp|P91133|UBR1_CAEEL,317,NFS,Caenorhabditis elegans,6239,ubr-1
sp|P91133|UBR1_CAEEL,354,NYT,Caenorhabditis elegans,6239,ubr-1
sp|P91133|UBR1_CAEEL,728,NYT,Caenorhabditis elegans,6239,ubr-1
sp|P91133|UBR1_CAEEL,735,NRS,Caenorhabditis elegans,6239,ubr-1
sp|P91133|UBR1_CAEEL,738,NNS,Caenorhabditis elegans,6239,ubr-1
sp|P91133|UBR1_CAEEL,776,NAT,Caenorhabditis elegans,6239,ubr-1
sp|P91133|UBR1_CAEEL,1302,NRS,Caenorhabditis elegans,6239,ubr-1
sp|P91133|UBR1_CAEEL,1416,NTS,Caenorhabditis elegans,6239,ubr-1
sp|P91133|UBR1_CAEEL,1470,NNT,Caenorhabditis elegans,6239,ubr-1
sp|P91133|UBR1_CAEEL,1717,NGT,Caenorhabditis elegans,6239,ubr-1
sp|P91133|UBR1_CAEEL,1723,NSS,Caenorhabditis elegans,6239,ubr-1
sp|P91133|UBR1_CAEEL,1846,NSS,Caenorhabditis elegans,6239,ubr-1
sp|P91193|MACO1_CAEEL,25,NRS,Caenorhabditis elegans,6239,maco-1
sp|P91193|MACO1_CAEEL,33,NQT,Caenorhabditis elegans,6239,maco-1
sp|P91193|MACO1_CAEEL,334,NST,Caenorhabditis elegans,6239,maco-1
sp|P91193|MACO1_CAEEL,456,NNS,Caenorhabditis elegans,6239,maco-1
sp|P91193|MACO1_CAEEL,505,NAS,Caenorhabditis elegans,6239,maco-1
sp|P91193|MACO1_CAEEL,508,NET,Caenorhabditis elegans,6239,maco-1
sp|P91193|MACO1_CAEEL,546,NET,Caenorhabditis elegans,6239,maco-1
sp|P91193|MACO1_CAEEL,724,NGS,Caenorhabditis elegans,6239,maco-1
sp|P91193|MACO1_CAEEL,749,NDT,Caenorhabditis elegans,6239,maco-1
sp|P91193|MACO1_CAEEL,779,NVS,Caenorhabditis elegans,6239,maco-1
sp|P91193|MACO1_CAEEL,820,NVT,Caenorhabditis elegans,6239,maco-1
sp|P91193|MACO1_CAEEL,871,NGS,Caenorhabditis elegans,6239,maco-1
sp|P91276|IMA2_CAEEL,27,NLT,Caenorhabditis elegans,6239,ima-2
sp|P91276|IMA2_CAEEL,333,NDS,Caenorhabditis elegans,6239,ima-2
sp|P91276|IMA2_CAEEL,448,NNT,Caenorhabditis elegans,6239,ima-2
sp|P91277|HRPK1_CAEEL,10,NGT,Caenorhabditis elegans,6239,hrpk-1
sp|P91277|HRPK1_CAEEL,118,NFS,Caenorhabditis elegans,6239,hrpk-1
sp|P91277|HRPK1_CAEEL,143,NGS,Caenorhabditis elegans,6239,hrpk-1
sp|P91277|HRPK1_CAEEL,215,NIS,Caenorhabditis elegans,6239,hrpk-1
sp|P91277|HRPK1_CAEEL,385,NST,Caenorhabditis elegans,6239,hrpk-1
sp|P91278|FOXF_CAEEL,25,NNS,Caenorhabditis elegans,6239,let-381
sp|P91278|FOXF_CAEEL,123,NLS,Caenorhabditis elegans,6239,let-381
sp|P91349|SPD5_CAEEL,175,NNT,Caenorhabditis elegans,6239,spd-5
sp|P91349|SPD5_CAEEL,272,NST,Caenorhabditis elegans,6239,spd-5
sp|P91349|SPD5_CAEEL,333,NST,Caenorhabditis elegans,6239,spd-5
sp|P91349|SPD5_CAEEL,385,NLS,Caenorhabditis elegans,6239,spd-5
sp|P91349|SPD5_CAEEL,411,NET,Caenorhabditis elegans,6239,spd-5
sp|P91349|SPD5_CAEEL,469,NDT,Caenorhabditis elegans,6239,spd-5
sp|P91349|SPD5_CAEEL,477,NSS,Caenorhabditis elegans,6239,spd-5
sp|P91349|SPD5_CAEEL,528,NNS,Caenorhabditis elegans,6239,spd-5
sp|P91349|SPD5_CAEEL,633,NVS,Caenorhabditis elegans,6239,spd-5
sp|P91349|SPD5_CAEEL,647,NMS,Caenorhabditis elegans,6239,spd-5
sp|P91349|SPD5_CAEEL,651,NFS,Caenorhabditis elegans,6239,spd-5
sp|P91349|SPD5_CAEEL,686,NAS,Caenorhabditis elegans,6239,spd-5
sp|P91349|SPD5_CAEEL,729,NGS,Caenorhabditis elegans,6239,spd-5
sp|P91349|SPD5_CAEEL,763,NST,Caenorhabditis elegans,6239,spd-5
sp|P91349|SPD5_CAEEL,974,NIS,Caenorhabditis elegans,6239,spd-5
sp|P91349|SPD5_CAEEL,1085,NMS,Caenorhabditis elegans,6239,spd-5
sp|P91349|SPD5_CAEEL,1102,NES,Caenorhabditis elegans,6239,spd-5
sp|P91349|SPD5_CAEEL,1128,NET,Caenorhabditis elegans,6239,spd-5
sp|P91351|SLX1_CAEEL,45,NMS,Caenorhabditis elegans,6239,slx-1
sp|P91351|SLX1_CAEEL,281,NSS,Caenorhabditis elegans,6239,slx-1
sp|P91399|RMI1_CAEEL,93,NIS,Caenorhabditis elegans,6239,rmh-1
sp|P91399|RMI1_CAEEL,140,NHT,Caenorhabditis elegans,6239,rmh-1
sp|P91399|RMI1_CAEEL,261,NLS,Caenorhabditis elegans,6239,rmh-1
sp|P91399|RMI1_CAEEL,265,NQS,Caenorhabditis elegans,6239,rmh-1
sp|P91399|RMI1_CAEEL,382,NIS,Caenorhabditis elegans,6239,rmh-1
sp|P91399|RMI1_CAEEL,394,NKT,Caenorhabditis elegans,6239,rmh-1
sp|P91399|RMI1_CAEEL,403,NST,Caenorhabditis elegans,6239,rmh-1
sp|P91399|RMI1_CAEEL,501,NRS,Caenorhabditis elegans,6239,rmh-1
sp|P91399|RMI1_CAEEL,705,NYT,Caenorhabditis elegans,6239,rmh-1
sp|P91409|STX4_CAEEL,15,NNS,Caenorhabditis elegans,6239,syx-4
sp|P91409|STX4_CAEEL,163,NGS,Caenorhabditis elegans,6239,syx-4
sp|P91829|NHR69_CAEEL,118,NTS,Caenorhabditis elegans,6239,nhr-69
sp|P91829|NHR69_CAEEL,207,NDT,Caenorhabditis elegans,6239,nhr-69
sp|P91829|NHR69_CAEEL,362,NSS,Caenorhabditis elegans,6239,nhr-69
sp|P91859|MAP11_CAEEL,384,NVT,Caenorhabditis elegans,6239,maph-1.1
sp|P91859|MAP11_CAEEL,474,NVS,Caenorhabditis elegans,6239,maph-1.1
sp|P91859|MAP11_CAEEL,662,NGS,Caenorhabditis elegans,6239,maph-1.1
sp|P91863|AEX5_CAEEL,113,NLT,Caenorhabditis elegans,6239,aex-5
sp|P91863|AEX5_CAEEL,129,NAS,Caenorhabditis elegans,6239,aex-5
sp|P91863|AEX5_CAEEL,380,NAS,Caenorhabditis elegans,6239,aex-5
sp|P91870|SPD2_CAEEL,27,NES,Caenorhabditis elegans,6239,spd-2
sp|P91870|SPD2_CAEEL,60,NMT,Caenorhabditis elegans,6239,spd-2
sp|P91870|SPD2_CAEEL,223,NST,Caenorhabditis elegans,6239,spd-2
sp|P91870|SPD2_CAEEL,264,NTS,Caenorhabditis elegans,6239,spd-2
sp|P91870|SPD2_CAEEL,289,NQT,Caenorhabditis elegans,6239,spd-2
sp|P91870|SPD2_CAEEL,293,NES,Caenorhabditis elegans,6239,spd-2
sp|P91870|SPD2_CAEEL,333,NTT,Caenorhabditis elegans,6239,spd-2
sp|P91870|SPD2_CAEEL,360,NTT,Caenorhabditis elegans,6239,spd-2
sp|P91870|SPD2_CAEEL,382,NAS,Caenorhabditis elegans,6239,spd-2
sp|P91870|SPD2_CAEEL,423,NTS,Caenorhabditis elegans,6239,spd-2
sp|P91870|SPD2_CAEEL,436,NVS,Caenorhabditis elegans,6239,spd-2
sp|P91870|SPD2_CAEEL,503,NIS,Caenorhabditis elegans,6239,spd-2
sp|P91870|SPD2_CAEEL,592,NQS,Caenorhabditis elegans,6239,spd-2
sp|P91870|SPD2_CAEEL,805,NQT,Caenorhabditis elegans,6239,spd-2
sp|P91910|TBA3_CAEEL,128,NCT,Caenorhabditis elegans,6239,mec-12
sp|P91910|TBA3_CAEEL,380,NTT,Caenorhabditis elegans,6239,mec-12
sp|P92172|DAF7_CAEEL,23,NCT,Caenorhabditis elegans,6239,daf-7
sp|P92186|LIN28_CAEEL,61,NVS,Caenorhabditis elegans,6239,lin-28
sp|P92186|LIN28_CAEEL,223,NSS,Caenorhabditis elegans,6239,lin-28
sp|P92199|ROCK_CAEEL,554,NET,Caenorhabditis elegans,6239,let-502
sp|P92199|ROCK_CAEEL,1036,NSS,Caenorhabditis elegans,6239,let-502
sp|P92199|ROCK_CAEEL,1167,NSS,Caenorhabditis elegans,6239,let-502
sp|P98060|NAS35_CAEEL,167,NIT,Caenorhabditis elegans,6239,dpy-31
sp|P98060|NAS35_CAEEL,438,NST,Caenorhabditis elegans,6239,dpy-31
sp|Q01608|SPE4_CAEEL,27,NMS,Caenorhabditis elegans,6239,spe-4
sp|Q01608|SPE4_CAEEL,159,NSS,Caenorhabditis elegans,6239,spe-4
sp|Q01608|SPE4_CAEEL,172,NCS,Caenorhabditis elegans,6239,spe-4
sp|Q01608|SPE4_CAEEL,313,NST,Caenorhabditis elegans,6239,spe-4
sp|Q01608|SPE4_CAEEL,334,NLS,Caenorhabditis elegans,6239,spe-4
sp|Q01630|UNC33_CAEEL,61,NKS,Caenorhabditis elegans,6239,unc-33
sp|Q01630|UNC33_CAEEL,270,NGS,Caenorhabditis elegans,6239,unc-33
sp|Q01630|UNC33_CAEEL,507,NKS,Caenorhabditis elegans,6239,unc-33
sp|Q01630|UNC33_CAEEL,823,NRT,Caenorhabditis elegans,6239,unc-33
sp|Q02328|SLAP2_CAEEL,107,NTS,Caenorhabditis elegans,6239,hipr-1
sp|Q02328|SLAP2_CAEEL,142,NDS,Caenorhabditis elegans,6239,hipr-1
sp|Q02328|SLAP2_CAEEL,561,NAT,Caenorhabditis elegans,6239,hipr-1
sp|Q02328|SLAP2_CAEEL,722,NES,Caenorhabditis elegans,6239,hipr-1
sp|Q02330|SMA2_CAEEL,177,NFT,Caenorhabditis elegans,6239,sma-2
sp|Q02330|SMA2_CAEEL,256,NGS,Caenorhabditis elegans,6239,sma-2
sp|Q02330|SMA2_CAEEL,271,NAT,Caenorhabditis elegans,6239,sma-2
sp|Q02330|SMA2_CAEEL,293,NGS,Caenorhabditis elegans,6239,sma-2
sp|Q03206|RAC1_CAEEL,39,NYS,Caenorhabditis elegans,6239,ced-10
sp|Q03345|LIN3_CAEEL,161,NAT,Caenorhabditis elegans,6239,lin-3
sp|Q03345|LIN3_CAEEL,308,NIS,Caenorhabditis elegans,6239,lin-3
sp|Q03345|LIN3_CAEEL,370,NYS,Caenorhabditis elegans,6239,lin-3
sp|Q03563|SPK1_CAEEL,92,NST,Caenorhabditis elegans,6239,spk-1
sp|Q03563|SPK1_CAEEL,106,NTS,Caenorhabditis elegans,6239,spk-1
sp|Q03563|SPK1_CAEEL,144,NIS,Caenorhabditis elegans,6239,spk-1
sp|Q03563|SPK1_CAEEL,606,NMT,Caenorhabditis elegans,6239,spk-1
sp|Q03563|SPK1_CAEEL,657,NAS,Caenorhabditis elegans,6239,spk-1
sp|Q03563|SPK1_CAEEL,809,NYS,Caenorhabditis elegans,6239,spk-1
sp|Q03563|SPK1_CAEEL,947,NDS,Caenorhabditis elegans,6239,spk-1
sp|Q03563|SPK1_CAEEL,987,NET,Caenorhabditis elegans,6239,spk-1
sp|Q03569|GPR2_CAEEL,178,NNT,Caenorhabditis elegans,6239,gpr-2
sp|Q03569|GPR2_CAEEL,338,NQS,Caenorhabditis elegans,6239,gpr-2
sp|Q03569|GPR2_CAEEL,476,NWT,Caenorhabditis elegans,6239,gpr-2
sp|Q03571|CPB1_CAEEL,146,NSS,Caenorhabditis elegans,6239,cpb-1
sp|Q03571|CPB1_CAEEL,182,NAT,Caenorhabditis elegans,6239,cpb-1
sp|Q03571|CPB1_CAEEL,359,NSS,Caenorhabditis elegans,6239,cpb-1
sp|Q03600|INA1_CAEEL,108,NET,Caenorhabditis elegans,6239,ina-1
sp|Q03600|INA1_CAEEL,136,NGS,Caenorhabditis elegans,6239,ina-1
sp|Q03600|INA1_CAEEL,313,NGT,Caenorhabditis elegans,6239,ina-1
sp|Q03600|INA1_CAEEL,580,NYS,Caenorhabditis elegans,6239,ina-1
sp|Q03600|INA1_CAEEL,788,NST,Caenorhabditis elegans,6239,ina-1
sp|Q03600|INA1_CAEEL,851,NYT,Caenorhabditis elegans,6239,ina-1
sp|Q03600|INA1_CAEEL,1026,NAT,Caenorhabditis elegans,6239,ina-1
sp|Q03603|DGK3_CAEEL,147,NDS,Caenorhabditis elegans,6239,dgk-3
sp|Q03603|DGK3_CAEEL,336,NAT,Caenorhabditis elegans,6239,dgk-3
sp|Q03603|DGK3_CAEEL,407,NFS,Caenorhabditis elegans,6239,dgk-3
sp|Q03603|DGK3_CAEEL,561,NKS,Caenorhabditis elegans,6239,dgk-3
sp|Q03611|CNG_CAEEL,111,NYT,Caenorhabditis elegans,6239,tax-4
sp|Q03611|CNG_CAEEL,161,NGT,Caenorhabditis elegans,6239,tax-4
sp|Q03611|CNG_CAEEL,165,NST,Caenorhabditis elegans,6239,tax-4
sp|Q03611|CNG_CAEEL,416,NMS,Caenorhabditis elegans,6239,tax-4
sp|Q03614|NTDO_CAEEL,22,NAT,Caenorhabditis elegans,6239,dat-1
sp|Q03614|NTDO_CAEEL,162,NNS,Caenorhabditis elegans,6239,dat-1
sp|Q03614|NTDO_CAEEL,187,NQS,Caenorhabditis elegans,6239,dat-1
sp|Q03614|NTDO_CAEEL,597,NQT,Caenorhabditis elegans,6239,dat-1
sp|Q04833|LRP_CAEEL,17,NSS,Caenorhabditis elegans,6239,lrp-1
sp|Q04833|LRP_CAEEL,118,NIT,Caenorhabditis elegans,6239,lrp-1
sp|Q04833|LRP_CAEEL,178,NHT,Caenorhabditis elegans,6239,lrp-1
sp|Q04833|LRP_CAEEL,380,NLT,Caenorhabditis elegans,6239,lrp-1
sp|Q04833|LRP_CAEEL,887,NTT,Caenorhabditis elegans,6239,lrp-1
sp|Q04833|LRP_CAEEL,1039,NHS,Caenorhabditis elegans,6239,lrp-1
sp|Q04833|LRP_CAEEL,1057,NST,Caenorhabditis elegans,6239,lrp-1
sp|Q04833|LRP_CAEEL,1184,NAT,Caenorhabditis elegans,6239,lrp-1
sp|Q04833|LRP_CAEEL,1431,NKT,Caenorhabditis elegans,6239,lrp-1
sp|Q04833|LRP_CAEEL,1542,NGT,Caenorhabditis elegans,6239,lrp-1
sp|Q04833|LRP_CAEEL,1545,NAT,Caenorhabditis elegans,6239,lrp-1
sp|Q04833|LRP_CAEEL,1597,NVS,Caenorhabditis elegans,6239,lrp-1
sp|Q04833|LRP_CAEEL,1718,NGT,Caenorhabditis elegans,6239,lrp-1
sp|Q04833|LRP_CAEEL,1871,NKT,Caenorhabditis elegans,6239,lrp-1
sp|Q04833|LRP_CAEEL,2364,NQT,Caenorhabditis elegans,6239,lrp-1
sp|Q04833|LRP_CAEEL,2501,NIS,Caenorhabditis elegans,6239,lrp-1
sp|Q04833|LRP_CAEEL,2762,NDT,Caenorhabditis elegans,6239,lrp-1
sp|Q04833|LRP_CAEEL,2888,NQT,Caenorhabditis elegans,6239,lrp-1
sp|Q04833|LRP_CAEEL,2996,NCT,Caenorhabditis elegans,6239,lrp-1
sp|Q04833|LRP_CAEEL,3046,NRT,Caenorhabditis elegans,6239,lrp-1
sp|Q04833|LRP_CAEEL,3134,NCT,Caenorhabditis elegans,6239,lrp-1
sp|Q04833|LRP_CAEEL,3557,NET,Caenorhabditis elegans,6239,lrp-1
sp|Q04833|LRP_CAEEL,3626,NCT,Caenorhabditis elegans,6239,lrp-1
sp|Q04833|LRP_CAEEL,3682,NCT,Caenorhabditis elegans,6239,lrp-1
sp|Q04833|LRP_CAEEL,3752,NCT,Caenorhabditis elegans,6239,lrp-1
sp|Q04833|LRP_CAEEL,4063,NGT,Caenorhabditis elegans,6239,lrp-1
sp|Q04833|LRP_CAEEL,4139,NNT,Caenorhabditis elegans,6239,lrp-1
sp|Q04833|LRP_CAEEL,4248,NQS,Caenorhabditis elegans,6239,lrp-1
sp|Q06561|UNC52_CAEEL,1015,NHS,Caenorhabditis elegans,6239,unc-52
sp|Q06561|UNC52_CAEEL,1422,NQT,Caenorhabditis elegans,6239,unc-52
sp|Q06561|UNC52_CAEEL,1785,NVT,Caenorhabditis elegans,6239,unc-52
sp|Q06561|UNC52_CAEEL,1923,NGS,Caenorhabditis elegans,6239,unc-52
sp|Q06561|UNC52_CAEEL,2476,NQS,Caenorhabditis elegans,6239,unc-52
sp|Q06561|UNC52_CAEEL,2950,NLS,Caenorhabditis elegans,6239,unc-52
sp|Q06561|UNC52_CAEEL,3143,NST,Caenorhabditis elegans,6239,unc-52
sp|Q06561|UNC52_CAEEL,3156,NMT,Caenorhabditis elegans,6239,unc-52
sp|Q07292|KRAF1_CAEEL,119,NIT,Caenorhabditis elegans,6239,lin-45
sp|Q07292|KRAF1_CAEEL,128,NAS,Caenorhabditis elegans,6239,lin-45
sp|Q07292|KRAF1_CAEEL,294,NET,Caenorhabditis elegans,6239,lin-45
sp|Q07292|KRAF1_CAEEL,412,NVS,Caenorhabditis elegans,6239,lin-45
sp|Q07292|KRAF1_CAEEL,449,NRS,Caenorhabditis elegans,6239,lin-45
sp|Q07749|ADF2_CAEEL,34,NDT,Caenorhabditis elegans,6239,unc-60
sp|Q07750|ADF1_CAEEL,76,NLT,Caenorhabditis elegans,6239,unc-60
sp|Q09228|EGL27_CAEEL,203,NDT,Caenorhabditis elegans,6239,egl-27
sp|Q09228|EGL27_CAEEL,336,NMT,Caenorhabditis elegans,6239,egl-27
sp|Q09228|EGL27_CAEEL,355,NFS,Caenorhabditis elegans,6239,egl-27
sp|Q09228|EGL27_CAEEL,534,NLT,Caenorhabditis elegans,6239,egl-27
sp|Q09228|EGL27_CAEEL,546,NGS,Caenorhabditis elegans,6239,egl-27
sp|Q09228|EGL27_CAEEL,569,NSS,Caenorhabditis elegans,6239,egl-27
sp|Q09228|EGL27_CAEEL,655,NGT,Caenorhabditis elegans,6239,egl-27
sp|Q09248|DCTN2_CAEEL,54,NLT,Caenorhabditis elegans,6239,dnc-2
sp|Q09248|DCTN2_CAEEL,202,NHS,Caenorhabditis elegans,6239,dnc-2
sp|Q09249|HRDE1_CAEEL,237,NAT,Caenorhabditis elegans,6239,hrde-1
sp|Q09249|HRDE1_CAEEL,425,NTS,Caenorhabditis elegans,6239,hrde-1
sp|Q09249|HRDE1_CAEEL,502,NAS,Caenorhabditis elegans,6239,hrde-1
sp|Q09249|HRDE1_CAEEL,630,NSS,Caenorhabditis elegans,6239,hrde-1
sp|Q09249|HRDE1_CAEEL,732,NET,Caenorhabditis elegans,6239,hrde-1
sp|Q09249|HRDE1_CAEEL,781,NST,Caenorhabditis elegans,6239,hrde-1
sp|Q09251|RN121_CAEEL,94,NRS,Caenorhabditis elegans,6239,rnf-121
sp|Q09260|LAG3_CAEEL,122,NAS,Caenorhabditis elegans,6239,sel-8
sp|Q09260|LAG3_CAEEL,245,NAT,Caenorhabditis elegans,6239,sel-8
sp|Q09274|UN105_CAEEL,244,NNT,Caenorhabditis elegans,6239,unc-105
sp|Q09274|UN105_CAEEL,450,NRT,Caenorhabditis elegans,6239,unc-105
sp|Q09274|UN105_CAEEL,473,NVS,Caenorhabditis elegans,6239,unc-105
sp|Q09274|UN105_CAEEL,581,NNT,Caenorhabditis elegans,6239,unc-105
sp|Q09274|UN105_CAEEL,599,NTT,Caenorhabditis elegans,6239,unc-105
sp|Q09274|UN105_CAEEL,777,NHS,Caenorhabditis elegans,6239,unc-105
sp|Q09274|UN105_CAEEL,812,NGS,Caenorhabditis elegans,6239,unc-105
sp|Q09275|ULP4_CAEEL,148,NDT,Caenorhabditis elegans,6239,ulp-4
sp|Q09275|ULP4_CAEEL,168,NGS,Caenorhabditis elegans,6239,ulp-4
sp|Q09275|ULP4_CAEEL,171,NVT,Caenorhabditis elegans,6239,ulp-4
sp|Q09275|ULP4_CAEEL,182,NLS,Caenorhabditis elegans,6239,ulp-4
sp|Q09276|DYF7_CAEEL,46,NKS,Caenorhabditis elegans,6239,dyf-7
sp|Q09276|DYF7_CAEEL,90,NLT,Caenorhabditis elegans,6239,dyf-7
sp|Q09276|DYF7_CAEEL,265,NQS,Caenorhabditis elegans,6239,dyf-7
sp|Q09276|DYF7_CAEEL,296,NLT,Caenorhabditis elegans,6239,dyf-7
sp|Q09276|DYF7_CAEEL,326,NGS,Caenorhabditis elegans,6239,dyf-7
sp|Q09276|DYF7_CAEEL,438,NAS,Caenorhabditis elegans,6239,dyf-7
sp|Q09293|TOFU6_CAEEL,82,NFT,Caenorhabditis elegans,6239,tofu-6
sp|Q09293|TOFU6_CAEEL,158,NDS,Caenorhabditis elegans,6239,tofu-6
sp|Q09293|TOFU6_CAEEL,275,NST,Caenorhabditis elegans,6239,tofu-6
sp|Q09293|TOFU6_CAEEL,333,NNS,Caenorhabditis elegans,6239,tofu-6
sp|Q09296|CBPC6_CAEEL,6,NVS,Caenorhabditis elegans,6239,ccpp-6
sp|Q09296|CBPC6_CAEEL,64,NAS,Caenorhabditis elegans,6239,ccpp-6
sp|Q09296|CBPC6_CAEEL,77,NFS,Caenorhabditis elegans,6239,ccpp-6
sp|Q09296|CBPC6_CAEEL,317,NMS,Caenorhabditis elegans,6239,ccpp-6
sp|Q09298|PINK1_CAEEL,479,NLS,Caenorhabditis elegans,6239,pink-1
sp|Q09298|PINK1_CAEEL,597,NDS,Caenorhabditis elegans,6239,pink-1
sp|Q09306|TUB1_CAEEL,64,NSS,Caenorhabditis elegans,6239,tub-1
sp|Q09306|TUB1_CAEEL,121,NLT,Caenorhabditis elegans,6239,tub-1
sp|Q09306|TUB1_CAEEL,239,NLS,Caenorhabditis elegans,6239,tub-1
sp|Q09306|TUB1_CAEEL,347,NKS,Caenorhabditis elegans,6239,tub-1
sp|Q09309|RBBP5_CAEEL,25,NAS,Caenorhabditis elegans,6239,rbbp-5
sp|Q09309|RBBP5_CAEEL,148,NDT,Caenorhabditis elegans,6239,rbbp-5
sp|Q09309|RBBP5_CAEEL,327,NWS,Caenorhabditis elegans,6239,rbbp-5
sp|Q09312|FBF2_CAEEL,615,NKS,Caenorhabditis elegans,6239,fbf-2
sp|Q09314|NOP1_CAEEL,63,NKS,Caenorhabditis elegans,6239,nop-1
sp|Q09314|NOP1_CAEEL,76,NET,Caenorhabditis elegans,6239,nop-1
sp|Q09314|NOP1_CAEEL,244,NLS,Caenorhabditis elegans,6239,nop-1
sp|Q09314|NOP1_CAEEL,263,NSS,Caenorhabditis elegans,6239,nop-1
sp|Q09314|NOP1_CAEEL,290,NVT,Caenorhabditis elegans,6239,nop-1
sp|Q09314|NOP1_CAEEL,295,NDS,Caenorhabditis elegans,6239,nop-1
sp|Q09314|NOP1_CAEEL,382,NDS,Caenorhabditis elegans,6239,nop-1
sp|Q09314|NOP1_CAEEL,410,NLS,Caenorhabditis elegans,6239,nop-1
sp|Q09314|NOP1_CAEEL,424,NST,Caenorhabditis elegans,6239,nop-1
sp|Q09314|NOP1_CAEEL,450,NSS,Caenorhabditis elegans,6239,nop-1
sp|Q09314|NOP1_CAEEL,622,NDS,Caenorhabditis elegans,6239,nop-1
sp|Q09349|UBE4_CAEEL,350,NKT,Caenorhabditis elegans,6239,ufd-2
sp|Q09349|UBE4_CAEEL,414,NIS,Caenorhabditis elegans,6239,ufd-2
sp|Q09349|UBE4_CAEEL,806,NLS,Caenorhabditis elegans,6239,ufd-2
sp|Q09353|SENP_CAEEL,241,NYT,Caenorhabditis elegans,6239,ulp-1
sp|Q09353|SENP_CAEEL,380,NSS,Caenorhabditis elegans,6239,ulp-1
sp|Q09353|SENP_CAEEL,632,NFS,Caenorhabditis elegans,6239,ulp-1
sp|Q09353|SENP_CAEEL,649,NGS,Caenorhabditis elegans,6239,ulp-1
sp|Q09357|MET16_CAEEL,380,NFS,Caenorhabditis elegans,6239,mett-10
sp|Q09357|MET16_CAEEL,421,NAS,Caenorhabditis elegans,6239,mett-10
sp|Q09363|SQV8_CAEEL,93,NRS,Caenorhabditis elegans,6239,sqv-8
sp|Q09363|SQV8_CAEEL,173,NWT,Caenorhabditis elegans,6239,sqv-8
sp|Q09363|SQV8_CAEEL,246,NGS,Caenorhabditis elegans,6239,sqv-8
sp|Q09363|SQV8_CAEEL,272,NIS,Caenorhabditis elegans,6239,sqv-8
sp|Q09373|FZY1_CAEEL,42,NAT,Caenorhabditis elegans,6239,fzy-1
sp|Q09373|FZY1_CAEEL,79,NNS,Caenorhabditis elegans,6239,fzy-1
sp|Q09374|SAMH1_CAEEL,118,NIT,Caenorhabditis elegans,6239,sahd-1
sp|Q09374|SAMH1_CAEEL,153,NGS,Caenorhabditis elegans,6239,sahd-1
sp|Q09374|SAMH1_CAEEL,362,NVT,Caenorhabditis elegans,6239,sahd-1
sp|Q09374|SAMH1_CAEEL,419,NAT,Caenorhabditis elegans,6239,sahd-1
sp|Q09374|SAMH1_CAEEL,429,NQT,Caenorhabditis elegans,6239,sahd-1
sp|Q09376|TBX35_CAEEL,4,NYS,Caenorhabditis elegans,6239,tbx-35
sp|Q09376|TBX35_CAEEL,231,NSS,Caenorhabditis elegans,6239,tbx-35
sp|Q09388|ACM2_CAEEL,231,NSS,Caenorhabditis elegans,6239,gar-2
sp|Q09388|ACM2_CAEEL,238,NDT,Caenorhabditis elegans,6239,gar-2
sp|Q09388|ACM2_CAEEL,242,NSS,Caenorhabditis elegans,6239,gar-2
sp|Q09388|ACM2_CAEEL,305,NFS,Caenorhabditis elegans,6239,gar-2
sp|Q09388|ACM2_CAEEL,519,NKS,Caenorhabditis elegans,6239,gar-2
sp|Q09406|A16L2_CAEEL,4,NRT,Caenorhabditis elegans,6239,atg-16.2
sp|Q09406|A16L2_CAEEL,32,NYS,Caenorhabditis elegans,6239,atg-16.2
sp|Q09406|A16L2_CAEEL,276,NKT,Caenorhabditis elegans,6239,atg-16.2
sp|Q09406|A16L2_CAEEL,482,NSS,Caenorhabditis elegans,6239,atg-16.2
sp|Q09435|GCY1_CAEEL,219,NET,Caenorhabditis elegans,6239,gcy-1
sp|Q09435|GCY1_CAEEL,348,NCS,Caenorhabditis elegans,6239,gcy-1
sp|Q09435|GCY1_CAEEL,358,NTT,Caenorhabditis elegans,6239,gcy-1
sp|Q09435|GCY1_CAEEL,384,NST,Caenorhabditis elegans,6239,gcy-1
sp|Q09435|GCY1_CAEEL,417,NLT,Caenorhabditis elegans,6239,gcy-1
sp|Q09435|GCY1_CAEEL,451,NVT,Caenorhabditis elegans,6239,gcy-1
sp|Q09435|GCY1_CAEEL,579,NYT,Caenorhabditis elegans,6239,gcy-1
sp|Q09435|GCY1_CAEEL,652,NFS,Caenorhabditis elegans,6239,gcy-1
sp|Q09435|GCY1_CAEEL,693,NDS,Caenorhabditis elegans,6239,gcy-1
sp|Q09435|GCY1_CAEEL,1092,NRS,Caenorhabditis elegans,6239,gcy-1
sp|Q09437|CD111_CAEEL,149,NRS,Caenorhabditis elegans,6239,cdk-11.1
sp|Q09437|CD111_CAEEL,617,NDT,Caenorhabditis elegans,6239,cdk-11.1
sp|Q09459|FTM_CAEEL,165,NRT,Caenorhabditis elegans,6239,mks-5
sp|Q09459|FTM_CAEEL,193,NQS,Caenorhabditis elegans,6239,mks-5
sp|Q09459|FTM_CAEEL,1015,NGT,Caenorhabditis elegans,6239,mks-5
sp|Q09459|FTM_CAEEL,1018,NES,Caenorhabditis elegans,6239,mks-5
sp|Q09459|FTM_CAEEL,1285,NNT,Caenorhabditis elegans,6239,mks-5
sp|Q09459|FTM_CAEEL,1289,NKS,Caenorhabditis elegans,6239,mks-5
sp|Q09460|PDFR1_CAEEL,9,NVS,Caenorhabditis elegans,6239,pdfr-1
sp|Q09460|PDFR1_CAEEL,15,NST,Caenorhabditis elegans,6239,pdfr-1
sp|Q09460|PDFR1_CAEEL,68,NDT,Caenorhabditis elegans,6239,pdfr-1
sp|Q09460|PDFR1_CAEEL,75,NAT,Caenorhabditis elegans,6239,pdfr-1
sp|Q09460|PDFR1_CAEEL,90,NSS,Caenorhabditis elegans,6239,pdfr-1
sp|Q09460|PDFR1_CAEEL,108,NIT,Caenorhabditis elegans,6239,pdfr-1
sp|Q09460|PDFR1_CAEEL,136,NFT,Caenorhabditis elegans,6239,pdfr-1
sp|Q09460|PDFR1_CAEEL,154,NES,Caenorhabditis elegans,6239,pdfr-1
sp|Q09460|PDFR1_CAEEL,365,NNT,Caenorhabditis elegans,6239,pdfr-1
sp|Q09460|PDFR1_CAEEL,472,NGT,Caenorhabditis elegans,6239,pdfr-1
sp|Q09460|PDFR1_CAEEL,476,NAS,Caenorhabditis elegans,6239,pdfr-1
sp|Q09460|PDFR1_CAEEL,540,NRS,Caenorhabditis elegans,6239,pdfr-1
sp|Q09474|T23O_CAEEL,95,NNT,Caenorhabditis elegans,6239,tdo-2
sp|Q09474|T23O_CAEEL,181,NDT,Caenorhabditis elegans,6239,tdo-2
sp|Q09474|T23O_CAEEL,189,NVT,Caenorhabditis elegans,6239,tdo-2
sp|Q09474|T23O_CAEEL,366,NLS,Caenorhabditis elegans,6239,tdo-2
sp|Q09474|T23O_CAEEL,393,NLS,Caenorhabditis elegans,6239,tdo-2
sp|Q09476|PXL1_CAEEL,64,NIT,Caenorhabditis elegans,6239,pxl-1
sp|Q09476|PXL1_CAEEL,90,NES,Caenorhabditis elegans,6239,pxl-1
sp|Q09476|PXL1_CAEEL,405,NNT,Caenorhabditis elegans,6239,pxl-1
sp|Q09477|DPFF1_CAEEL,120,NDS,Caenorhabditis elegans,6239,dpff-1
sp|Q09477|DPFF1_CAEEL,296,NVT,Caenorhabditis elegans,6239,dpff-1
sp|Q09488|SMA6_CAEEL,2,NIT,Caenorhabditis elegans,6239,sma-6
sp|Q09488|SMA6_CAEEL,80,NMT,Caenorhabditis elegans,6239,sma-6
sp|Q09488|SMA6_CAEEL,184,NMT,Caenorhabditis elegans,6239,sma-6
sp|Q09488|SMA6_CAEEL,511,NIS,Caenorhabditis elegans,6239,sma-6
sp|Q09488|SMA6_CAEEL,613,NQS,Caenorhabditis elegans,6239,sma-6
sp|Q09488|SMA6_CAEEL,634,NQS,Caenorhabditis elegans,6239,sma-6
sp|Q09496|PPP6_CAEEL,305,NRS,Caenorhabditis elegans,6239,pph-6
sp|Q09499|IRE1_CAEEL,100,NSS,Caenorhabditis elegans,6239,ire-1
sp|Q09499|IRE1_CAEEL,188,NAT,Caenorhabditis elegans,6239,ire-1
sp|Q09499|IRE1_CAEEL,608,NVT,Caenorhabditis elegans,6239,ire-1
sp|Q09500|CTNS_CAEEL,46,NHT,Caenorhabditis elegans,6239,ctns-1
sp|Q09500|CTNS_CAEEL,53,NAT,Caenorhabditis elegans,6239,ctns-1
sp|Q09500|CTNS_CAEEL,79,NVT,Caenorhabditis elegans,6239,ctns-1
sp|Q09500|CTNS_CAEEL,97,NCT,Caenorhabditis elegans,6239,ctns-1
sp|Q09500|CTNS_CAEEL,232,NQS,Caenorhabditis elegans,6239,ctns-1
sp|Q09500|CTNS_CAEEL,290,NYT,Caenorhabditis elegans,6239,ctns-1
sp|Q09510|MLRH_CAEEL,82,NFT,Caenorhabditis elegans,6239,mlc-4
sp|Q09517|LE767_CAEEL,156,NIT,Caenorhabditis elegans,6239,let-767
sp|Q09517|LE767_CAEEL,265,NTS,Caenorhabditis elegans,6239,let-767
sp|Q09517|LE767_CAEEL,296,NMS,Caenorhabditis elegans,6239,let-767
sp|Q09543|2AAA_CAEEL,77,NFT,Caenorhabditis elegans,6239,paa-1
sp|Q09543|2AAA_CAEEL,552,NLT,Caenorhabditis elegans,6239,paa-1
sp|Q09545|SDHB_CAEEL,262,NCT,Caenorhabditis elegans,6239,sdhb-1
sp|Q09555|DAF19_CAEEL,179,NGT,Caenorhabditis elegans,6239,daf-19
sp|Q09555|DAF19_CAEEL,199,NGT,Caenorhabditis elegans,6239,daf-19
sp|Q09555|DAF19_CAEEL,391,NSS,Caenorhabditis elegans,6239,daf-19
sp|Q09555|DAF19_CAEEL,717,NWS,Caenorhabditis elegans,6239,daf-19
sp|Q09566|LON1_CAEEL,142,NYS,Caenorhabditis elegans,6239,lon-1
sp|Q09591|MIX1_CAEEL,34,NGS,Caenorhabditis elegans,6239,mix-1
sp|Q09591|MIX1_CAEEL,230,NFS,Caenorhabditis elegans,6239,mix-1
sp|Q09591|MIX1_CAEEL,334,NKS,Caenorhabditis elegans,6239,mix-1
sp|Q09591|MIX1_CAEEL,591,NAS,Caenorhabditis elegans,6239,mix-1
sp|Q09591|MIX1_CAEEL,614,NDT,Caenorhabditis elegans,6239,mix-1
sp|Q09591|MIX1_CAEEL,749,NNS,Caenorhabditis elegans,6239,mix-1
sp|Q09591|MIX1_CAEEL,1002,NVS,Caenorhabditis elegans,6239,mix-1
sp|Q09600|VPS11_CAEEL,598,NQT,Caenorhabditis elegans,6239,vps-11
sp|Q09601|NUP35_CAEEL,8,NTS,Caenorhabditis elegans,6239,npp-19
sp|Q09601|NUP35_CAEEL,19,NNS,Caenorhabditis elegans,6239,npp-19
sp|Q09601|NUP35_CAEEL,109,NLS,Caenorhabditis elegans,6239,npp-19
sp|Q09601|NUP35_CAEEL,115,NSS,Caenorhabditis elegans,6239,npp-19
sp|Q09601|NUP35_CAEEL,253,NGT,Caenorhabditis elegans,6239,npp-19
sp|Q09601|NUP35_CAEEL,275,NGS,Caenorhabditis elegans,6239,npp-19
sp|Q09601|NUP35_CAEEL,293,NRS,Caenorhabditis elegans,6239,npp-19
sp|Q09601|NUP35_CAEEL,321,NSS,Caenorhabditis elegans,6239,npp-19
sp|Q09601|NUP35_CAEEL,329,NNS,Caenorhabditis elegans,6239,npp-19
sp|Q09601|NUP35_CAEEL,333,NSS,Caenorhabditis elegans,6239,npp-19
sp|Q09624|PKD1_CAEEL,95,NST,Caenorhabditis elegans,6239,lov-1
sp|Q09624|PKD1_CAEEL,524,NLT,Caenorhabditis elegans,6239,lov-1
sp|Q09624|PKD1_CAEEL,583,NYT,Caenorhabditis elegans,6239,lov-1
sp|Q09624|PKD1_CAEEL,721,NET,Caenorhabditis elegans,6239,lov-1
sp|Q09624|PKD1_CAEEL,753,NVS,Caenorhabditis elegans,6239,lov-1
sp|Q09624|PKD1_CAEEL,769,NYS,Caenorhabditis elegans,6239,lov-1
sp|Q09624|PKD1_CAEEL,776,NAT,Caenorhabditis elegans,6239,lov-1
sp|Q09624|PKD1_CAEEL,803,NMT,Caenorhabditis elegans,6239,lov-1
sp|Q09624|PKD1_CAEEL,889,NST,Caenorhabditis elegans,6239,lov-1
sp|Q09624|PKD1_CAEEL,935,NLT,Caenorhabditis elegans,6239,lov-1
sp|Q09624|PKD1_CAEEL,939,NET,Caenorhabditis elegans,6239,lov-1
sp|Q09624|PKD1_CAEEL,972,NDS,Caenorhabditis elegans,6239,lov-1
sp|Q09624|PKD1_CAEEL,1020,NVT,Caenorhabditis elegans,6239,lov-1
sp|Q09624|PKD1_CAEEL,1169,NGS,Caenorhabditis elegans,6239,lov-1
sp|Q09624|PKD1_CAEEL,1249,NNS,Caenorhabditis elegans,6239,lov-1
sp|Q09624|PKD1_CAEEL,1253,NTS,Caenorhabditis elegans,6239,lov-1
sp|Q09624|PKD1_CAEEL,1289,NMS,Caenorhabditis elegans,6239,lov-1
sp|Q09624|PKD1_CAEEL,1325,NMT,Caenorhabditis elegans,6239,lov-1
sp|Q09624|PKD1_CAEEL,1476,NVT,Caenorhabditis elegans,6239,lov-1
sp|Q09624|PKD1_CAEEL,1481,NST,Caenorhabditis elegans,6239,lov-1
sp|Q09624|PKD1_CAEEL,1491,NTS,Caenorhabditis elegans,6239,lov-1
sp|Q09624|PKD1_CAEEL,1545,NGT,Caenorhabditis elegans,6239,lov-1
sp|Q09624|PKD1_CAEEL,1599,NQT,Caenorhabditis elegans,6239,lov-1
sp|Q09624|PKD1_CAEEL,1755,NGT,Caenorhabditis elegans,6239,lov-1
sp|Q09624|PKD1_CAEEL,1818,NDT,Caenorhabditis elegans,6239,lov-1
sp|Q09624|PKD1_CAEEL,2065,NNS,Caenorhabditis elegans,6239,lov-1
sp|Q09624|PKD1_CAEEL,2113,NKT,Caenorhabditis elegans,6239,lov-1
sp|Q09624|PKD1_CAEEL,2127,NNT,Caenorhabditis elegans,6239,lov-1
sp|Q09624|PKD1_CAEEL,2140,NSS,Caenorhabditis elegans,6239,lov-1
sp|Q09624|PKD1_CAEEL,2147,NSS,Caenorhabditis elegans,6239,lov-1
sp|Q09624|PKD1_CAEEL,2208,NCS,Caenorhabditis elegans,6239,lov-1
sp|Q09624|PKD1_CAEEL,2311,NLS,Caenorhabditis elegans,6239,lov-1
sp|Q09624|PKD1_CAEEL,2825,NGT,Caenorhabditis elegans,6239,lov-1
sp|Q09624|PKD1_CAEEL,2990,NFS,Caenorhabditis elegans,6239,lov-1
sp|Q09624|PKD1_CAEEL,3036,NLT,Caenorhabditis elegans,6239,lov-1
sp|Q09624|PKD1_CAEEL,3177,NDS,Caenorhabditis elegans,6239,lov-1
sp|Q09624|PKD1_CAEEL,3249,NQT,Caenorhabditis elegans,6239,lov-1
sp|Q09624|PKD1_CAEEL,3254,NYT,Caenorhabditis elegans,6239,lov-1
sp|Q09639|GRK2_CAEEL,74,NVS,Caenorhabditis elegans,6239,grk-2
sp|Q09639|GRK2_CAEEL,123,NYS,Caenorhabditis elegans,6239,grk-2
sp|Q09646|SWIC1_CAEEL,195,NET,Caenorhabditis elegans,6239,ham-3
sp|Q09646|SWIC1_CAEEL,341,NQT,Caenorhabditis elegans,6239,ham-3
sp|Q09647|TTLL4_CAEEL,343,NYS,Caenorhabditis elegans,6239,ttll-4
sp|Q09647|TTLL4_CAEEL,437,NIS,Caenorhabditis elegans,6239,ttll-4
sp|Q09961|HLH14_CAEEL,35,NHT,Caenorhabditis elegans,6239,hlh-14
sp|Q09961|HLH14_CAEEL,79,NNS,Caenorhabditis elegans,6239,hlh-14
sp|Q09967|EGG1_CAEEL,119,NVS,Caenorhabditis elegans,6239,egg-1
sp|Q09967|EGG1_CAEEL,250,NCS,Caenorhabditis elegans,6239,egg-1
sp|Q09967|EGG1_CAEEL,412,NCT,Caenorhabditis elegans,6239,egg-1
sp|Q09967|EGG1_CAEEL,509,NES,Caenorhabditis elegans,6239,egg-1
sp|Q09967|EGG1_CAEEL,529,NAT,Caenorhabditis elegans,6239,egg-1
sp|Q09969|BNIP3_CAEEL,161,NLT,Caenorhabditis elegans,6239,dct-1
sp|Q09990|LIN23_CAEEL,152,NIS,Caenorhabditis elegans,6239,lin-23
sp|Q09EF7|CROCC_CAEEL,61,NLT,Caenorhabditis elegans,6239,che-10
sp|Q09EF7|CROCC_CAEEL,83,NQT,Caenorhabditis elegans,6239,che-10
sp|Q09EF7|CROCC_CAEEL,86,NIS,Caenorhabditis elegans,6239,che-10
sp|Q09EF7|CROCC_CAEEL,179,NNT,Caenorhabditis elegans,6239,che-10
sp|Q09EF7|CROCC_CAEEL,209,NLS,Caenorhabditis elegans,6239,che-10
sp|Q09EF7|CROCC_CAEEL,237,NQT,Caenorhabditis elegans,6239,che-10
sp|Q09EF7|CROCC_CAEEL,377,NET,Caenorhabditis elegans,6239,che-10
sp|Q09EF7|CROCC_CAEEL,814,NKS,Caenorhabditis elegans,6239,che-10
sp|Q09EF7|CROCC_CAEEL,1141,NVT,Caenorhabditis elegans,6239,che-10
sp|Q09EF7|CROCC_CAEEL,1315,NRS,Caenorhabditis elegans,6239,che-10
sp|Q09EF7|CROCC_CAEEL,1571,NRT,Caenorhabditis elegans,6239,che-10
sp|Q09EF7|CROCC_CAEEL,1797,NRS,Caenorhabditis elegans,6239,che-10
sp|Q09EF7|CROCC_CAEEL,1834,NYS,Caenorhabditis elegans,6239,che-10
sp|Q0G819|PP2B_CAEEL,18,NTT,Caenorhabditis elegans,6239,tax-6
sp|Q0G819|PP2B_CAEEL,360,NCS,Caenorhabditis elegans,6239,tax-6
sp|Q0G838|IFT46_CAEEL,63,NES,Caenorhabditis elegans,6239,dyf-6
sp|Q0G838|IFT46_CAEEL,313,NQS,Caenorhabditis elegans,6239,dyf-6
sp|Q0G838|IFT46_CAEEL,326,NAT,Caenorhabditis elegans,6239,dyf-6
sp|Q0G838|IFT46_CAEEL,444,NNS,Caenorhabditis elegans,6239,dyf-6
sp|Q10038|VHP1_CAEEL,37,NES,Caenorhabditis elegans,6239,vhp-1
sp|Q10038|VHP1_CAEEL,207,NLS,Caenorhabditis elegans,6239,vhp-1
sp|Q10038|VHP1_CAEEL,230,NDS,Caenorhabditis elegans,6239,vhp-1
sp|Q10038|VHP1_CAEEL,420,NMT,Caenorhabditis elegans,6239,vhp-1
sp|Q10038|VHP1_CAEEL,473,NFT,Caenorhabditis elegans,6239,vhp-1
sp|Q10051|PRP19_CAEEL,37,NGT,Caenorhabditis elegans,6239,prp-19
sp|Q10051|PRP19_CAEEL,66,NVS,Caenorhabditis elegans,6239,prp-19
sp|Q10051|PRP19_CAEEL,222,NLS,Caenorhabditis elegans,6239,prp-19
sp|Q10051|PRP19_CAEEL,263,NIT,Caenorhabditis elegans,6239,prp-19
sp|Q10051|PRP19_CAEEL,302,NAS,Caenorhabditis elegans,6239,prp-19
sp|Q10051|PRP19_CAEEL,369,NQT,Caenorhabditis elegans,6239,prp-19
sp|Q10122|SORF2_CAEEL,9,NES,Caenorhabditis elegans,6239,sorf-2
sp|Q10122|SORF2_CAEEL,61,NTS,Caenorhabditis elegans,6239,sorf-2
sp|Q10122|SORF2_CAEEL,108,NCS,Caenorhabditis elegans,6239,sorf-2
sp|Q10122|SORF2_CAEEL,127,NMT,Caenorhabditis elegans,6239,sorf-2
sp|Q10122|SORF2_CAEEL,287,NRT,Caenorhabditis elegans,6239,sorf-2
sp|Q10122|SORF2_CAEEL,602,NFS,Caenorhabditis elegans,6239,sorf-2
sp|Q10122|SORF2_CAEEL,1005,NSS,Caenorhabditis elegans,6239,sorf-2
sp|Q10122|SORF2_CAEEL,1091,NYT,Caenorhabditis elegans,6239,sorf-2
sp|Q10122|SORF2_CAEEL,1251,NGT,Caenorhabditis elegans,6239,sorf-2
sp|Q10122|SORF2_CAEEL,1271,NST,Caenorhabditis elegans,6239,sorf-2
sp|Q10122|SORF2_CAEEL,1329,NGT,Caenorhabditis elegans,6239,sorf-2
sp|Q10122|SORF2_CAEEL,1366,NCS,Caenorhabditis elegans,6239,sorf-2
sp|Q10128|ILCR2_CAEEL,42,NAS,Caenorhabditis elegans,6239,ilcr-2
sp|Q10128|ILCR2_CAEEL,128,NIS,Caenorhabditis elegans,6239,ilcr-2
sp|Q10128|ILCR2_CAEEL,204,NAT,Caenorhabditis elegans,6239,ilcr-2
sp|Q10128|ILCR2_CAEEL,237,NQS,Caenorhabditis elegans,6239,ilcr-2
sp|Q10128|ILCR2_CAEEL,536,NYS,Caenorhabditis elegans,6239,ilcr-2
sp|Q10128|ILCR2_CAEEL,576,NVT,Caenorhabditis elegans,6239,ilcr-2
sp|Q10128|ILCR2_CAEEL,580,NIS,Caenorhabditis elegans,6239,ilcr-2
sp|Q10459|MOM2_CAEEL,90,NCT,Caenorhabditis elegans,6239,mom-2
sp|Q10572|FOX1_CAEEL,104,NST,Caenorhabditis elegans,6239,fox-1
sp|Q10572|FOX1_CAEEL,163,NGS,Caenorhabditis elegans,6239,fox-1
sp|Q10572|FOX1_CAEEL,393,NAS,Caenorhabditis elegans,6239,fox-1
sp|Q10574|LIN32_CAEEL,35,NFS,Caenorhabditis elegans,6239,lin-32
sp|Q10576|P4HA1_CAEEL,158,NYT,Caenorhabditis elegans,6239,dpy-18
sp|Q10576|P4HA1_CAEEL,546,NVS,Caenorhabditis elegans,6239,dpy-18
sp|Q10651|A4_CAEEL,84,NIT,Caenorhabditis elegans,6239,apl-1
sp|Q10651|A4_CAEEL,201,NKT,Caenorhabditis elegans,6239,apl-1
sp|Q10651|A4_CAEEL,249,NWT,Caenorhabditis elegans,6239,apl-1
sp|Q10651|A4_CAEEL,417,NGT,Caenorhabditis elegans,6239,apl-1
sp|Q10653|CCNB1_CAEEL,239,NIS,Caenorhabditis elegans,6239,cyb-1
sp|Q10655|ELT2_CAEEL,38,NES,Caenorhabditis elegans,6239,elt-2
sp|Q10655|ELT2_CAEEL,175,NCS,Caenorhabditis elegans,6239,elt-2
sp|Q10655|ELT2_CAEEL,226,NGS,Caenorhabditis elegans,6239,elt-2
sp|Q10655|ELT2_CAEEL,241,NGT,Caenorhabditis elegans,6239,elt-2
sp|Q10655|ELT2_CAEEL,244,NTT,Caenorhabditis elegans,6239,elt-2
sp|Q10656|EGL15_CAEEL,121,NFT,Caenorhabditis elegans,6239,egl-15
sp|Q10656|EGL15_CAEEL,280,NIT,Caenorhabditis elegans,6239,egl-15
sp|Q10656|EGL15_CAEEL,299,NET,Caenorhabditis elegans,6239,egl-15
sp|Q10656|EGL15_CAEEL,401,NQS,Caenorhabditis elegans,6239,egl-15
sp|Q10656|EGL15_CAEEL,407,NDT,Caenorhabditis elegans,6239,egl-15
sp|Q10656|EGL15_CAEEL,433,NGS,Caenorhabditis elegans,6239,egl-15
sp|Q10656|EGL15_CAEEL,440,NNS,Caenorhabditis elegans,6239,egl-15
sp|Q10656|EGL15_CAEEL,449,NYT,Caenorhabditis elegans,6239,egl-15
sp|Q10656|EGL15_CAEEL,474,NVS,Caenorhabditis elegans,6239,egl-15
sp|Q10656|EGL15_CAEEL,497,NAT,Caenorhabditis elegans,6239,egl-15
sp|Q10656|EGL15_CAEEL,768,NLT,Caenorhabditis elegans,6239,egl-15
sp|Q10656|EGL15_CAEEL,936,NET,Caenorhabditis elegans,6239,egl-15
sp|Q10656|EGL15_CAEEL,996,NFS,Caenorhabditis elegans,6239,egl-15
sp|Q10656|EGL15_CAEEL,1032,NNS,Caenorhabditis elegans,6239,egl-15
sp|Q10657|TPIS_CAEEL,28,NAS,Caenorhabditis elegans,6239,tpi-1
sp|Q10657|TPIS_CAEEL,33,NSS,Caenorhabditis elegans,6239,tpi-1
sp|Q10658|UN119_CAEEL,94,NET,Caenorhabditis elegans,6239,unc-119
sp|Q10658|UN119_CAEEL,193,NET,Caenorhabditis elegans,6239,unc-119
sp|Q10661|DPY30_CAEEL,40,NTT,Caenorhabditis elegans,6239,dpy-30
sp|Q10661|DPY30_CAEEL,58,NQS,Caenorhabditis elegans,6239,dpy-30
sp|Q10661|DPY30_CAEEL,64,NTS,Caenorhabditis elegans,6239,dpy-30
sp|Q10665|MES3_CAEEL,42,NKS,Caenorhabditis elegans,6239,mes-3
sp|Q10665|MES3_CAEEL,191,NDS,Caenorhabditis elegans,6239,mes-3
sp|Q10665|MES3_CAEEL,208,NRT,Caenorhabditis elegans,6239,mes-3
sp|Q10665|MES3_CAEEL,217,NSS,Caenorhabditis elegans,6239,mes-3
sp|Q10665|MES3_CAEEL,223,NIT,Caenorhabditis elegans,6239,mes-3
sp|Q10665|MES3_CAEEL,451,NET,Caenorhabditis elegans,6239,mes-3
sp|Q10665|MES3_CAEEL,635,NTT,Caenorhabditis elegans,6239,mes-3
sp|Q10666|POP1_CAEEL,299,NNT,Caenorhabditis elegans,6239,pop-1
sp|Q10666|POP1_CAEEL,402,NAS,Caenorhabditis elegans,6239,pop-1
sp|Q10669|MED23_CAEEL,40,NHT,Caenorhabditis elegans,6239,sur-2
sp|Q10669|MED23_CAEEL,279,NAS,Caenorhabditis elegans,6239,sur-2
sp|Q10669|MED23_CAEEL,413,NLT,Caenorhabditis elegans,6239,sur-2
sp|Q10669|MED23_CAEEL,473,NET,Caenorhabditis elegans,6239,sur-2
sp|Q10669|MED23_CAEEL,856,NIT,Caenorhabditis elegans,6239,sur-2
sp|Q10669|MED23_CAEEL,1179,NLT,Caenorhabditis elegans,6239,sur-2
sp|Q10669|MED23_CAEEL,1488,NMS,Caenorhabditis elegans,6239,sur-2
sp|Q10669|MED23_CAEEL,1549,NMT,Caenorhabditis elegans,6239,sur-2
sp|Q10905|CRN4_CAEEL,61,NRT,Caenorhabditis elegans,6239,crn-4
sp|Q10916|ASM1_CAEEL,16,NAT,Caenorhabditis elegans,6239,asm-1
sp|Q10916|ASM1_CAEEL,103,NES,Caenorhabditis elegans,6239,asm-1
sp|Q10916|ASM1_CAEEL,151,NMS,Caenorhabditis elegans,6239,asm-1
sp|Q10916|ASM1_CAEEL,221,NKT,Caenorhabditis elegans,6239,asm-1
sp|Q10916|ASM1_CAEEL,351,NQS,Caenorhabditis elegans,6239,asm-1
sp|Q10916|ASM1_CAEEL,430,NVS,Caenorhabditis elegans,6239,asm-1
sp|Q10916|ASM1_CAEEL,533,NFS,Caenorhabditis elegans,6239,asm-1
sp|Q10916|ASM1_CAEEL,556,NST,Caenorhabditis elegans,6239,asm-1
sp|Q10925|SID3_CAEEL,75,NRS,Caenorhabditis elegans,6239,sid-3
sp|Q10925|SID3_CAEEL,130,NGT,Caenorhabditis elegans,6239,sid-3
sp|Q10925|SID3_CAEEL,463,NNT,Caenorhabditis elegans,6239,sid-3
sp|Q10925|SID3_CAEEL,590,NDS,Caenorhabditis elegans,6239,sid-3
sp|Q10925|SID3_CAEEL,656,NSS,Caenorhabditis elegans,6239,sid-3
sp|Q10925|SID3_CAEEL,941,NST,Caenorhabditis elegans,6239,sid-3
sp|Q10925|SID3_CAEEL,1045,NIT,Caenorhabditis elegans,6239,sid-3
sp|Q10925|SID3_CAEEL,1048,NSS,Caenorhabditis elegans,6239,sid-3
sp|Q10931|ATG12_CAEEL,71,NNS,Caenorhabditis elegans,6239,lgg-3
sp|Q10943|ARF12_CAEEL,60,NIS,Caenorhabditis elegans,6239,arf-1.2
sp|Q10943|ARF12_CAEEL,150,NRS,Caenorhabditis elegans,6239,arf-1.2
sp|Q10943|ARF12_CAEEL,179,NRS,Caenorhabditis elegans,6239,arf-1.2
sp|Q10953|WRM1_CAEEL,112,NMS,Caenorhabditis elegans,6239,wrm-1
sp|Q10953|WRM1_CAEEL,363,NLS,Caenorhabditis elegans,6239,wrm-1
sp|Q10953|WRM1_CAEEL,368,NAT,Caenorhabditis elegans,6239,wrm-1
sp|Q10953|WRM1_CAEEL,414,NGT,Caenorhabditis elegans,6239,wrm-1
sp|Q10953|WRM1_CAEEL,547,NVT,Caenorhabditis elegans,6239,wrm-1
sp|Q10953|WRM1_CAEEL,696,NGT,Caenorhabditis elegans,6239,wrm-1
sp|Q11098|TSP17_CAEEL,85,NRS,Caenorhabditis elegans,6239,tsp-17
sp|Q11098|TSP17_CAEEL,130,NLT,Caenorhabditis elegans,6239,tsp-17
sp|Q11107|LIN13_CAEEL,11,NQT,Caenorhabditis elegans,6239,lin-13
sp|Q11107|LIN13_CAEEL,34,NQS,Caenorhabditis elegans,6239,lin-13
sp|Q11107|LIN13_CAEEL,435,NHS,Caenorhabditis elegans,6239,lin-13
sp|Q11107|LIN13_CAEEL,502,NHT,Caenorhabditis elegans,6239,lin-13
sp|Q11107|LIN13_CAEEL,610,NIT,Caenorhabditis elegans,6239,lin-13
sp|Q11107|LIN13_CAEEL,641,NQS,Caenorhabditis elegans,6239,lin-13
sp|Q11107|LIN13_CAEEL,852,NFS,Caenorhabditis elegans,6239,lin-13
sp|Q11107|LIN13_CAEEL,1425,NVT,Caenorhabditis elegans,6239,lin-13
sp|Q11107|LIN13_CAEEL,1539,NST,Caenorhabditis elegans,6239,lin-13
sp|Q11107|LIN13_CAEEL,1568,NGS,Caenorhabditis elegans,6239,lin-13
sp|Q11107|LIN13_CAEEL,1639,NHT,Caenorhabditis elegans,6239,lin-13
sp|Q11107|LIN13_CAEEL,1712,NYS,Caenorhabditis elegans,6239,lin-13
sp|Q11107|LIN13_CAEEL,1743,NKT,Caenorhabditis elegans,6239,lin-13
sp|Q11107|LIN13_CAEEL,1786,NHS,Caenorhabditis elegans,6239,lin-13
sp|Q11107|LIN13_CAEEL,1835,NHS,Caenorhabditis elegans,6239,lin-13
sp|Q11107|LIN13_CAEEL,1866,NGS,Caenorhabditis elegans,6239,lin-13
sp|Q11107|LIN13_CAEEL,1890,NVT,Caenorhabditis elegans,6239,lin-13
sp|Q11107|LIN13_CAEEL,1914,NNT,Caenorhabditis elegans,6239,lin-13
sp|Q11107|LIN13_CAEEL,1953,NSS,Caenorhabditis elegans,6239,lin-13
sp|Q11107|LIN13_CAEEL,2060,NGT,Caenorhabditis elegans,6239,lin-13
sp|Q11107|LIN13_CAEEL,2239,NNT,Caenorhabditis elegans,6239,lin-13
sp|Q11176|WDR1_CAEEL,37,NGT,Caenorhabditis elegans,6239,unc-78
sp|Q11176|WDR1_CAEEL,142,NLT,Caenorhabditis elegans,6239,unc-78
sp|Q11176|WDR1_CAEEL,450,NSS,Caenorhabditis elegans,6239,unc-78
sp|Q11176|WDR1_CAEEL,591,NET,Caenorhabditis elegans,6239,unc-78
sp|Q11179|MK15_CAEEL,397,NNS,Caenorhabditis elegans,6239,mapk-15
sp|Q11184|LE756_CAEEL,150,NYS,Caenorhabditis elegans,6239,let-756
sp|Q11186|PLPL2_CAEEL,12,NLS,Caenorhabditis elegans,6239,atgl-1
sp|Q11186|PLPL2_CAEEL,209,NGT,Caenorhabditis elegans,6239,atgl-1
sp|Q11186|PLPL2_CAEEL,426,NFS,Caenorhabditis elegans,6239,atgl-1
sp|Q11186|PLPL2_CAEEL,488,NNS,Caenorhabditis elegans,6239,atgl-1
sp|Q11193|SOR3_CAEEL,5,NQS,Caenorhabditis elegans,6239,sor-3
sp|Q11193|SOR3_CAEEL,308,NIS,Caenorhabditis elegans,6239,sor-3
sp|Q17328|GLUCB_CAEEL,50,NSS,Caenorhabditis elegans,6239,glc-2
sp|Q17328|GLUCB_CAEEL,216,NYT,Caenorhabditis elegans,6239,glc-2
sp|Q17328|GLUCB_CAEEL,426,NAS,Caenorhabditis elegans,6239,glc-2
sp|Q17336|CWC22_CAEEL,482,NLT,Caenorhabditis elegans,6239,let-858
sp|Q17339|GLD1_CAEEL,324,NGT,Caenorhabditis elegans,6239,gld-1
sp|Q17339|GLD1_CAEEL,440,NQT,Caenorhabditis elegans,6239,gld-1
sp|Q17339|GLD1_CAEEL,445,NVS,Caenorhabditis elegans,6239,gld-1
sp|Q17339|GLD1_CAEEL,459,NNT,Caenorhabditis elegans,6239,gld-1
sp|Q17345|CNOT7_CAEEL,111,NFS,Caenorhabditis elegans,6239,ccf-1
sp|Q17353|PAR3_CAEEL,48,NSS,Caenorhabditis elegans,6239,par-3
sp|Q17353|PAR3_CAEEL,65,NGT,Caenorhabditis elegans,6239,par-3
sp|Q17353|PAR3_CAEEL,482,NRS,Caenorhabditis elegans,6239,par-3
sp|Q17353|PAR3_CAEEL,566,NGT,Caenorhabditis elegans,6239,par-3
sp|Q17353|PAR3_CAEEL,664,NGS,Caenorhabditis elegans,6239,par-3
sp|Q17353|PAR3_CAEEL,684,NGS,Caenorhabditis elegans,6239,par-3
sp|Q17353|PAR3_CAEEL,1061,NGS,Caenorhabditis elegans,6239,par-3
sp|Q17353|PAR3_CAEEL,1102,NTT,Caenorhabditis elegans,6239,par-3
sp|Q17353|PAR3_CAEEL,1151,NTS,Caenorhabditis elegans,6239,par-3
sp|Q17381|PHA4_CAEEL,35,NST,Caenorhabditis elegans,6239,pha-4
sp|Q17381|PHA4_CAEEL,68,NGT,Caenorhabditis elegans,6239,pha-4
sp|Q17381|PHA4_CAEEL,107,NTT,Caenorhabditis elegans,6239,pha-4
sp|Q17381|PHA4_CAEEL,129,NYS,Caenorhabditis elegans,6239,pha-4
sp|Q17381|PHA4_CAEEL,421,NHS,Caenorhabditis elegans,6239,pha-4
sp|Q17381|PHA4_CAEEL,470,NNT,Caenorhabditis elegans,6239,pha-4
sp|Q17381|PHA4_CAEEL,475,NTT,Caenorhabditis elegans,6239,pha-4
sp|Q17388|FER1_CAEEL,38,NES,Caenorhabditis elegans,6239,fer-1
sp|Q17388|FER1_CAEEL,42,NTS,Caenorhabditis elegans,6239,fer-1
sp|Q17388|FER1_CAEEL,484,NSS,Caenorhabditis elegans,6239,fer-1
sp|Q17388|FER1_CAEEL,990,NSS,Caenorhabditis elegans,6239,fer-1
sp|Q17388|FER1_CAEEL,1019,NET,Caenorhabditis elegans,6239,fer-1
sp|Q17388|FER1_CAEEL,1323,NFS,Caenorhabditis elegans,6239,fer-1
sp|Q17388|FER1_CAEEL,1569,NFS,Caenorhabditis elegans,6239,fer-1
sp|Q17388|FER1_CAEEL,1964,NHS,Caenorhabditis elegans,6239,fer-1
sp|Q17389|CUL1_CAEEL,257,NVT,Caenorhabditis elegans,6239,cul-1
sp|Q17389|CUL1_CAEEL,281,NSS,Caenorhabditis elegans,6239,cul-1
sp|Q17389|CUL1_CAEEL,383,NRS,Caenorhabditis elegans,6239,cul-1
sp|Q17389|CUL1_CAEEL,513,NDT,Caenorhabditis elegans,6239,cul-1
sp|Q17390|CUL2_CAEEL,566,NQT,Caenorhabditis elegans,6239,cul-2
sp|Q17390|CUL2_CAEEL,606,NMS,Caenorhabditis elegans,6239,cul-2
sp|Q17390|CUL2_CAEEL,677,NLT,Caenorhabditis elegans,6239,cul-2
sp|Q17390|CUL2_CAEEL,687,NMS,Caenorhabditis elegans,6239,cul-2
sp|Q17391|CUL3_CAEEL,45,NNS,Caenorhabditis elegans,6239,cul-3
sp|Q17391|CUL3_CAEEL,328,NET,Caenorhabditis elegans,6239,cul-3
sp|Q17423|CREC_CAEEL,175,NWT,Caenorhabditis elegans,6239,che-12
sp|Q17423|CREC_CAEEL,182,NFT,Caenorhabditis elegans,6239,che-12
sp|Q17423|CREC_CAEEL,218,NLS,Caenorhabditis elegans,6239,che-12
sp|Q17423|CREC_CAEEL,607,NSS,Caenorhabditis elegans,6239,che-12
sp|Q17423|CREC_CAEEL,639,NSS,Caenorhabditis elegans,6239,che-12
sp|Q17423|CREC_CAEEL,689,NLS,Caenorhabditis elegans,6239,che-12
sp|Q17423|CREC_CAEEL,764,NGT,Caenorhabditis elegans,6239,che-12
sp|Q17423|CREC_CAEEL,800,NMS,Caenorhabditis elegans,6239,che-12
sp|Q17423|CREC_CAEEL,933,NNT,Caenorhabditis elegans,6239,che-12
sp|Q17423|CREC_CAEEL,1035,NLS,Caenorhabditis elegans,6239,che-12
sp|Q17446|PMK1_CAEEL,25,NRS,Caenorhabditis elegans,6239,pmk-1
sp|Q17446|PMK1_CAEEL,37,NLT,Caenorhabditis elegans,6239,pmk-1
sp|Q17449|FAAH1_CAEEL,192,NCS,Caenorhabditis elegans,6239,faah-1
sp|Q17449|FAAH1_CAEEL,314,NES,Caenorhabditis elegans,6239,faah-1
sp|Q17551|RPM1_CAEEL,347,NET,Caenorhabditis elegans,6239,rpm-1
sp|Q17551|RPM1_CAEEL,358,NQS,Caenorhabditis elegans,6239,rpm-1
sp|Q17551|RPM1_CAEEL,373,NGS,Caenorhabditis elegans,6239,rpm-1
sp|Q17551|RPM1_CAEEL,381,NYS,Caenorhabditis elegans,6239,rpm-1
sp|Q17551|RPM1_CAEEL,426,NST,Caenorhabditis elegans,6239,rpm-1
sp|Q17551|RPM1_CAEEL,435,NDS,Caenorhabditis elegans,6239,rpm-1
sp|Q17551|RPM1_CAEEL,505,NGT,Caenorhabditis elegans,6239,rpm-1
sp|Q17551|RPM1_CAEEL,601,NVS,Caenorhabditis elegans,6239,rpm-1
sp|Q17551|RPM1_CAEEL,829,NHT,Caenorhabditis elegans,6239,rpm-1
sp|Q17551|RPM1_CAEEL,911,NKT,Caenorhabditis elegans,6239,rpm-1
sp|Q17551|RPM1_CAEEL,1028,NLS,Caenorhabditis elegans,6239,rpm-1
sp|Q17551|RPM1_CAEEL,1189,NGT,Caenorhabditis elegans,6239,rpm-1
sp|Q17551|RPM1_CAEEL,1238,NVT,Caenorhabditis elegans,6239,rpm-1
sp|Q17551|RPM1_CAEEL,1469,NTS,Caenorhabditis elegans,6239,rpm-1
sp|Q17551|RPM1_CAEEL,1640,NGT,Caenorhabditis elegans,6239,rpm-1
sp|Q17551|RPM1_CAEEL,1776,NTS,Caenorhabditis elegans,6239,rpm-1
sp|Q17551|RPM1_CAEEL,1875,NDS,Caenorhabditis elegans,6239,rpm-1
sp|Q17551|RPM1_CAEEL,2066,NHT,Caenorhabditis elegans,6239,rpm-1
sp|Q17551|RPM1_CAEEL,2081,NYS,Caenorhabditis elegans,6239,rpm-1
sp|Q17551|RPM1_CAEEL,2276,NGS,Caenorhabditis elegans,6239,rpm-1
sp|Q17551|RPM1_CAEEL,2493,NIT,Caenorhabditis elegans,6239,rpm-1
sp|Q17551|RPM1_CAEEL,2606,NSS,Caenorhabditis elegans,6239,rpm-1
sp|Q17551|RPM1_CAEEL,2643,NNS,Caenorhabditis elegans,6239,rpm-1
sp|Q17551|RPM1_CAEEL,2929,NRS,Caenorhabditis elegans,6239,rpm-1
sp|Q17551|RPM1_CAEEL,3114,NYS,Caenorhabditis elegans,6239,rpm-1
sp|Q17551|RPM1_CAEEL,3247,NGT,Caenorhabditis elegans,6239,rpm-1
sp|Q17551|RPM1_CAEEL,3256,NAT,Caenorhabditis elegans,6239,rpm-1
sp|Q17551|RPM1_CAEEL,3762,NIS,Caenorhabditis elegans,6239,rpm-1
sp|Q17569|DDI1_CAEEL,22,NTT,Caenorhabditis elegans,6239,ddi-1
sp|Q17569|DDI1_CAEEL,248,NLT,Caenorhabditis elegans,6239,ddi-1
sp|Q17569|DDI1_CAEEL,355,NGT,Caenorhabditis elegans,6239,ddi-1
sp|Q17602|NU214_CAEEL,268,NGT,Caenorhabditis elegans,6239,npp-14
sp|Q17602|NU214_CAEEL,556,NDS,Caenorhabditis elegans,6239,npp-14
sp|Q17602|NU214_CAEEL,648,NMS,Caenorhabditis elegans,6239,npp-14
sp|Q17602|NU214_CAEEL,725,NVS,Caenorhabditis elegans,6239,npp-14
sp|Q17602|NU214_CAEEL,764,NFT,Caenorhabditis elegans,6239,npp-14
sp|Q17602|NU214_CAEEL,834,NLS,Caenorhabditis elegans,6239,npp-14
sp|Q17602|NU214_CAEEL,907,NTT,Caenorhabditis elegans,6239,npp-14
sp|Q17602|NU214_CAEEL,928,NKT,Caenorhabditis elegans,6239,npp-14
sp|Q17602|NU214_CAEEL,977,NSS,Caenorhabditis elegans,6239,npp-14
sp|Q17602|NU214_CAEEL,998,NKT,Caenorhabditis elegans,6239,npp-14
sp|Q17602|NU214_CAEEL,1058,NST,Caenorhabditis elegans,6239,npp-14
sp|Q17602|NU214_CAEEL,1086,NST,Caenorhabditis elegans,6239,npp-14
sp|Q17602|NU214_CAEEL,1106,NTS,Caenorhabditis elegans,6239,npp-14
sp|Q17602|NU214_CAEEL,1219,NTS,Caenorhabditis elegans,6239,npp-14
sp|Q17602|NU214_CAEEL,1311,NAS,Caenorhabditis elegans,6239,npp-14
sp|Q17602|NU214_CAEEL,1353,NTS,Caenorhabditis elegans,6239,npp-14
sp|Q17602|NU214_CAEEL,1362,NTT,Caenorhabditis elegans,6239,npp-14
sp|Q17607|MCE1_CAEEL,141,NRT,Caenorhabditis elegans,6239,cel-1
sp|Q17607|MCE1_CAEEL,512,NLS,Caenorhabditis elegans,6239,cel-1
sp|Q17635|NDC80_CAEEL,57,NSS,Caenorhabditis elegans,6239,ndc-80
sp|Q17635|NDC80_CAEEL,72,NGS,Caenorhabditis elegans,6239,ndc-80
sp|Q17667|LNP1_CAEEL,8,NKS,Caenorhabditis elegans,6239,lnp-1
sp|Q17667|LNP1_CAEEL,98,NRT,Caenorhabditis elegans,6239,lnp-1
sp|Q17667|LNP1_CAEEL,140,NTT,Caenorhabditis elegans,6239,lnp-1
sp|Q17667|LNP1_CAEEL,146,NDS,Caenorhabditis elegans,6239,lnp-1
sp|Q17667|LNP1_CAEEL,192,NMT,Caenorhabditis elegans,6239,lnp-1
sp|Q17667|LNP1_CAEEL,318,NGS,Caenorhabditis elegans,6239,lnp-1
sp|Q17695|SPDL1_CAEEL,70,NAT,Caenorhabditis elegans,6239,spdl-1
sp|Q17695|SPDL1_CAEEL,99,NGS,Caenorhabditis elegans,6239,spdl-1
sp|Q17695|SPDL1_CAEEL,249,NVT,Caenorhabditis elegans,6239,spdl-1
sp|Q17745|TRXR1_CAEEL,85,NSS,Caenorhabditis elegans,6239,trxr-1
sp|Q17745|TRXR1_CAEEL,645,NFT,Caenorhabditis elegans,6239,trxr-1
sp|Q17770|PDI2_CAEEL,334,NIS,Caenorhabditis elegans,6239,pdi-2
sp|Q17800|SVH1_CAEEL,241,NRT,Caenorhabditis elegans,6239,svh-1
sp|Q17800|SVH1_CAEEL,329,NGS,Caenorhabditis elegans,6239,svh-1
sp|Q17800|SVH1_CAEEL,464,NYS,Caenorhabditis elegans,6239,svh-1
sp|Q17800|SVH1_CAEEL,536,NLS,Caenorhabditis elegans,6239,svh-1
sp|Q17800|SVH1_CAEEL,544,NCT,Caenorhabditis elegans,6239,svh-1
sp|Q17800|SVH1_CAEEL,602,NGS,Caenorhabditis elegans,6239,svh-1
sp|Q17800|SVH1_CAEEL,650,NAT,Caenorhabditis elegans,6239,svh-1
sp|Q17800|SVH1_CAEEL,776,NQT,Caenorhabditis elegans,6239,svh-1
sp|Q17800|SVH1_CAEEL,869,NSS,Caenorhabditis elegans,6239,svh-1
sp|Q17802|CPG1_CAEEL,268,NGS,Caenorhabditis elegans,6239,cpg-1
sp|Q17850|PK1_CAEEL,204,NRS,Caenorhabditis elegans,6239,pak-1
sp|Q17941|AKT1_CAEEL,164,NCS,Caenorhabditis elegans,6239,akt-1
sp|Q17941|AKT1_CAEEL,512,NFT,Caenorhabditis elegans,6239,akt-1
sp|Q17963|WDR51_CAEEL,307,NFS,Caenorhabditis elegans,6239,wdr-5.1
sp|Q17990|LITE1_CAEEL,61,NQS,Caenorhabditis elegans,6239,lite-1
sp|Q17990|LITE1_CAEEL,67,NNS,Caenorhabditis elegans,6239,lite-1
sp|Q17990|LITE1_CAEEL,99,NGT,Caenorhabditis elegans,6239,lite-1
sp|Q17990|LITE1_CAEEL,426,NQS,Caenorhabditis elegans,6239,lite-1
sp|Q17990|LITE1_CAEEL,434,NHT,Caenorhabditis elegans,6239,lite-1
sp|Q18007|ACM1_CAEEL,3,NYT,Caenorhabditis elegans,6239,gar-1
sp|Q18007|ACM1_CAEEL,54,NIS,Caenorhabditis elegans,6239,gar-1
sp|Q18007|ACM1_CAEEL,333,NES,Caenorhabditis elegans,6239,gar-1
sp|Q18007|ACM1_CAEEL,433,NDS,Caenorhabditis elegans,6239,gar-1
sp|Q18007|ACM1_CAEEL,580,NKT,Caenorhabditis elegans,6239,gar-1
sp|Q18007|ACM1_CAEEL,682,NSS,Caenorhabditis elegans,6239,gar-1
sp|Q18014|OFUT1_CAEEL,24,NET,Caenorhabditis elegans,6239,pfut-1
sp|Q18020|HRG7_CAEEL,155,NSS,Caenorhabditis elegans,6239,hrg-7
sp|Q18020|HRG7_CAEEL,191,NTS,Caenorhabditis elegans,6239,hrg-7
sp|Q18120|TWK18_CAEEL,88,NRT,Caenorhabditis elegans,6239,twk-18
sp|Q18120|TWK18_CAEEL,358,NWS,Caenorhabditis elegans,6239,twk-18
sp|Q18163|DDRA_CAEEL,87,NDT,Caenorhabditis elegans,6239,ddr-1
sp|Q18163|DDRA_CAEEL,103,NGT,Caenorhabditis elegans,6239,ddr-1
sp|Q18163|DDRA_CAEEL,129,NRT,Caenorhabditis elegans,6239,ddr-1
sp|Q18163|DDRA_CAEEL,242,NNS,Caenorhabditis elegans,6239,ddr-1
sp|Q18163|DDRA_CAEEL,268,NFT,Caenorhabditis elegans,6239,ddr-1
sp|Q18163|DDRA_CAEEL,310,NNT,Caenorhabditis elegans,6239,ddr-1
sp|Q18163|DDRA_CAEEL,353,NLT,Caenorhabditis elegans,6239,ddr-1
sp|Q18163|DDRA_CAEEL,401,NKS,Caenorhabditis elegans,6239,ddr-1
sp|Q18163|DDRA_CAEEL,496,NSS,Caenorhabditis elegans,6239,ddr-1
sp|Q18163|DDRA_CAEEL,499,NGS,Caenorhabditis elegans,6239,ddr-1
sp|Q18221|SET1_CAEEL,136,NCT,Caenorhabditis elegans,6239,set-2
sp|Q18221|SET1_CAEEL,375,NRS,Caenorhabditis elegans,6239,set-2
sp|Q18221|SET1_CAEEL,403,NGS,Caenorhabditis elegans,6239,set-2
sp|Q18221|SET1_CAEEL,454,NVS,Caenorhabditis elegans,6239,set-2
sp|Q18221|SET1_CAEEL,487,NRS,Caenorhabditis elegans,6239,set-2
sp|Q18221|SET1_CAEEL,518,NRS,Caenorhabditis elegans,6239,set-2
sp|Q18221|SET1_CAEEL,836,NQS,Caenorhabditis elegans,6239,set-2
sp|Q18221|SET1_CAEEL,883,NSS,Caenorhabditis elegans,6239,set-2
sp|Q18221|SET1_CAEEL,1313,NES,Caenorhabditis elegans,6239,set-2
sp|Q18221|SET1_CAEEL,1446,NHS,Caenorhabditis elegans,6239,set-2
sp|Q18223|FBSP1_CAEEL,16,NLT,Caenorhabditis elegans,6239,fsn-1
sp|Q18223|FBSP1_CAEEL,161,NTS,Caenorhabditis elegans,6239,fsn-1
sp|Q18235|IFY1_CAEEL,46,NSS,Caenorhabditis elegans,6239,ify-1
sp|Q18237|SMC5_CAEEL,51,NGS,Caenorhabditis elegans,6239,smc-5
sp|Q18237|SMC5_CAEEL,121,NDS,Caenorhabditis elegans,6239,smc-5
sp|Q18237|SMC5_CAEEL,426,NFS,Caenorhabditis elegans,6239,smc-5
sp|Q18237|SMC5_CAEEL,441,NRS,Caenorhabditis elegans,6239,smc-5
sp|Q18237|SMC5_CAEEL,500,NTS,Caenorhabditis elegans,6239,smc-5
sp|Q18237|SMC5_CAEEL,547,NVS,Caenorhabditis elegans,6239,smc-5
sp|Q18237|SMC5_CAEEL,596,NNT,Caenorhabditis elegans,6239,smc-5
sp|Q18237|SMC5_CAEEL,753,NKS,Caenorhabditis elegans,6239,smc-5
sp|Q18237|SMC5_CAEEL,1014,NGT,Caenorhabditis elegans,6239,smc-5
sp|Q18237|SMC5_CAEEL,1048,NST,Caenorhabditis elegans,6239,smc-5
sp|Q18248|DMD4_CAEEL,207,NMT,Caenorhabditis elegans,6239,dmd-4
sp|Q18248|DMD4_CAEEL,253,NSS,Caenorhabditis elegans,6239,dmd-4
sp|Q18264|TM131_CAEEL,230,NSS,Caenorhabditis elegans,6239,tmem-131
sp|Q18264|TM131_CAEEL,301,NST,Caenorhabditis elegans,6239,tmem-131
sp|Q18264|TM131_CAEEL,451,NVS,Caenorhabditis elegans,6239,tmem-131
sp|Q18264|TM131_CAEEL,500,NIT,Caenorhabditis elegans,6239,tmem-131
sp|Q18264|TM131_CAEEL,545,NST,Caenorhabditis elegans,6239,tmem-131
sp|Q18264|TM131_CAEEL,553,NVS,Caenorhabditis elegans,6239,tmem-131
sp|Q18264|TM131_CAEEL,558,NLS,Caenorhabditis elegans,6239,tmem-131
sp|Q18264|TM131_CAEEL,588,NDT,Caenorhabditis elegans,6239,tmem-131
sp|Q18264|TM131_CAEEL,630,NFS,Caenorhabditis elegans,6239,tmem-131
sp|Q18264|TM131_CAEEL,831,NTT,Caenorhabditis elegans,6239,tmem-131
sp|Q18264|TM131_CAEEL,872,NFT,Caenorhabditis elegans,6239,tmem-131
sp|Q18264|TM131_CAEEL,877,NLT,Caenorhabditis elegans,6239,tmem-131
sp|Q18264|TM131_CAEEL,923,NET,Caenorhabditis elegans,6239,tmem-131
sp|Q18264|TM131_CAEEL,1006,NLT,Caenorhabditis elegans,6239,tmem-131
sp|Q18264|TM131_CAEEL,1083,NMS,Caenorhabditis elegans,6239,tmem-131
sp|Q18264|TM131_CAEEL,1109,NET,Caenorhabditis elegans,6239,tmem-131
sp|Q18264|TM131_CAEEL,1138,NGS,Caenorhabditis elegans,6239,tmem-131
sp|Q18264|TM131_CAEEL,1221,NNS,Caenorhabditis elegans,6239,tmem-131
sp|Q18264|TM131_CAEEL,1589,NDS,Caenorhabditis elegans,6239,tmem-131
sp|Q18264|TM131_CAEEL,1702,NQS,Caenorhabditis elegans,6239,tmem-131
sp|Q18321|DAF37_CAEEL,6,NIT,Caenorhabditis elegans,6239,daf-37
sp|Q18321|DAF37_CAEEL,51,NAT,Caenorhabditis elegans,6239,daf-37
sp|Q18321|DAF37_CAEEL,170,NCT,Caenorhabditis elegans,6239,daf-37
sp|Q18321|DAF37_CAEEL,339,NSS,Caenorhabditis elegans,6239,daf-37
sp|Q18321|DAF37_CAEEL,395,NTT,Caenorhabditis elegans,6239,daf-37
sp|Q18321|DAF37_CAEEL,398,NRT,Caenorhabditis elegans,6239,daf-37
sp|Q18321|DAF37_CAEEL,444,NGS,Caenorhabditis elegans,6239,daf-37
sp|Q18321|DAF37_CAEEL,471,NGT,Caenorhabditis elegans,6239,daf-37
sp|Q18336|H1X_CAEEL,53,NGT,Caenorhabditis elegans,6239,hil-1
sp|Q18336|H1X_CAEEL,141,NIS,Caenorhabditis elegans,6239,hil-1
sp|Q18411|NTP1_CAEEL,231,NDS,Caenorhabditis elegans,6239,ntp-1
sp|Q18411|NTP1_CAEEL,309,NDS,Caenorhabditis elegans,6239,ntp-1
sp|Q18411|NTP1_CAEEL,327,NGT,Caenorhabditis elegans,6239,ntp-1
sp|Q18411|NTP1_CAEEL,367,NLS,Caenorhabditis elegans,6239,ntp-1
sp|Q18425|SPHK1_CAEEL,11,NYT,Caenorhabditis elegans,6239,sphk-1
sp|Q18425|SPHK1_CAEEL,233,NQS,Caenorhabditis elegans,6239,sphk-1
sp|Q18425|SPHK1_CAEEL,320,NGS,Caenorhabditis elegans,6239,sphk-1
sp|Q18425|SPHK1_CAEEL,337,NWT,Caenorhabditis elegans,6239,sphk-1
sp|Q18434|GPA17_CAEEL,75,NNT,Caenorhabditis elegans,6239,odr-3
sp|Q18434|GPA17_CAEEL,257,NST,Caenorhabditis elegans,6239,odr-3
sp|Q18434|GPA17_CAEEL,284,NIT,Caenorhabditis elegans,6239,odr-3
sp|Q18490|TOST1_CAEEL,62,NDS,Caenorhabditis elegans,6239,tost-1
sp|Q18508|MEL28_CAEEL,5,NSS,Caenorhabditis elegans,6239,mel-28
sp|Q18508|MEL28_CAEEL,363,NVS,Caenorhabditis elegans,6239,mel-28
sp|Q18508|MEL28_CAEEL,540,NSS,Caenorhabditis elegans,6239,mel-28
sp|Q18508|MEL28_CAEEL,664,NHT,Caenorhabditis elegans,6239,mel-28
sp|Q18508|MEL28_CAEEL,702,NSS,Caenorhabditis elegans,6239,mel-28
sp|Q18508|MEL28_CAEEL,747,NVS,Caenorhabditis elegans,6239,mel-28
sp|Q18508|MEL28_CAEEL,1006,NNS,Caenorhabditis elegans,6239,mel-28
sp|Q18508|MEL28_CAEEL,1184,NGS,Caenorhabditis elegans,6239,mel-28
sp|Q18508|MEL28_CAEEL,1309,NES,Caenorhabditis elegans,6239,mel-28
sp|Q18508|MEL28_CAEEL,1460,NKS,Caenorhabditis elegans,6239,mel-28
sp|Q18508|MEL28_CAEEL,1484,NDT,Caenorhabditis elegans,6239,mel-28
sp|Q18508|MEL28_CAEEL,1591,NTT,Caenorhabditis elegans,6239,mel-28
sp|Q18533|HMX_CAEEL,52,NIS,Caenorhabditis elegans,6239,mls-2
sp|Q18533|HMX_CAEEL,137,NMS,Caenorhabditis elegans,6239,mls-2
sp|Q18533|HMX_CAEEL,192,NSS,Caenorhabditis elegans,6239,mls-2
sp|Q18533|HMX_CAEEL,266,NIS,Caenorhabditis elegans,6239,mls-2
sp|Q18533|HMX_CAEEL,333,NAS,Caenorhabditis elegans,6239,mls-2
sp|Q18534|NPR1_CAEEL,5,NFT,Caenorhabditis elegans,6239,npr-1
sp|Q18534|NPR1_CAEEL,44,NVT,Caenorhabditis elegans,6239,npr-1
sp|Q18534|NPR1_CAEEL,369,NQT,Caenorhabditis elegans,6239,npr-1
sp|Q18534|NPR1_CAEEL,411,NLS,Caenorhabditis elegans,6239,npr-1
sp|Q18534|NPR1_CAEEL,453,NDT,Caenorhabditis elegans,6239,npr-1
sp|Q18581|ACN1_CAEEL,59,NGS,Caenorhabditis elegans,6239,acn-1
sp|Q18581|ACN1_CAEEL,141,NKT,Caenorhabditis elegans,6239,acn-1
sp|Q18581|ACN1_CAEEL,159,NSS,Caenorhabditis elegans,6239,acn-1
sp|Q18581|ACN1_CAEEL,458,NYT,Caenorhabditis elegans,6239,acn-1
sp|Q18581|ACN1_CAEEL,653,NTS,Caenorhabditis elegans,6239,acn-1
sp|Q18581|ACN1_CAEEL,815,NGT,Caenorhabditis elegans,6239,acn-1
sp|Q18593|CLHM1_CAEEL,76,NST,Caenorhabditis elegans,6239,clhm-1
sp|Q18593|CLHM1_CAEEL,148,NST,Caenorhabditis elegans,6239,clhm-1
sp|Q18685|UN112_CAEEL,231,NDT,Caenorhabditis elegans,6239,unc-112
sp|Q18688|HSP90_CAEEL,39,NAS,Caenorhabditis elegans,6239,daf-21
sp|Q18688|HSP90_CAEEL,262,NKT,Caenorhabditis elegans,6239,daf-21
sp|Q18688|HSP90_CAEEL,368,NIS,Caenorhabditis elegans,6239,daf-21
sp|Q18688|HSP90_CAEEL,457,NQT,Caenorhabditis elegans,6239,daf-21
sp|Q18694|UN130_CAEEL,88,NHS,Caenorhabditis elegans,6239,unc-130
sp|Q18694|UN130_CAEEL,178,NLS,Caenorhabditis elegans,6239,unc-130
sp|Q18694|UN130_CAEEL,213,NGS,Caenorhabditis elegans,6239,unc-130
sp|Q18694|UN130_CAEEL,322,NGS,Caenorhabditis elegans,6239,unc-130
sp|Q18779|SQV7_CAEEL,242,NYS,Caenorhabditis elegans,6239,sqv-7
sp|Q18779|SQV7_CAEEL,285,NFT,Caenorhabditis elegans,6239,sqv-7
sp|Q18779|SQV7_CAEEL,290,NVS,Caenorhabditis elegans,6239,sqv-7
sp|Q18788|MAN12_CAEEL,156,NYS,Caenorhabditis elegans,6239,C52E4.5
sp|Q18788|MAN12_CAEEL,212,NFS,Caenorhabditis elegans,6239,C52E4.5
sp|Q18788|MAN12_CAEEL,373,NYT,Caenorhabditis elegans,6239,C52E4.5
sp|Q18788|MAN12_CAEEL,402,NLT,Caenorhabditis elegans,6239,C52E4.5
sp|Q18801|GMD1_CAEEL,270,NLS,Caenorhabditis elegans,6239,bre-1
sp|Q18806|RIG3_CAEEL,272,NVT,Caenorhabditis elegans,6239,rig-3
sp|Q18807|ODR10_CAEEL,71,NTT,Caenorhabditis elegans,6239,odr-10
sp|Q18807|ODR10_CAEEL,83,NYS,Caenorhabditis elegans,6239,odr-10
sp|Q18807|ODR10_CAEEL,179,NVS,Caenorhabditis elegans,6239,odr-10
sp|Q18807|ODR10_CAEEL,333,NLS,Caenorhabditis elegans,6239,odr-10
sp|Q18812|ACC2_CAEEL,46,NCT,Caenorhabditis elegans,6239,acc-2
sp|Q18812|ACC2_CAEEL,59,NGT,Caenorhabditis elegans,6239,acc-2
sp|Q18812|ACC2_CAEEL,121,NLS,Caenorhabditis elegans,6239,acc-2
sp|Q18812|ACC2_CAEEL,162,NGT,Caenorhabditis elegans,6239,acc-2
sp|Q18812|ACC2_CAEEL,218,NLS,Caenorhabditis elegans,6239,acc-2
sp|Q18812|ACC2_CAEEL,364,NIS,Caenorhabditis elegans,6239,acc-2
sp|Q18825|BAR1_CAEEL,15,NLS,Caenorhabditis elegans,6239,bar-1
sp|Q18825|BAR1_CAEEL,62,NHS,Caenorhabditis elegans,6239,bar-1
sp|Q18825|BAR1_CAEEL,367,NIS,Caenorhabditis elegans,6239,bar-1
sp|Q18825|BAR1_CAEEL,392,NTT,Caenorhabditis elegans,6239,bar-1
sp|Q18825|BAR1_CAEEL,698,NSS,Caenorhabditis elegans,6239,bar-1
sp|Q18825|BAR1_CAEEL,726,NSS,Caenorhabditis elegans,6239,bar-1
sp|Q18879|CAV2_CAEEL,5,NTS,Caenorhabditis elegans,6239,cav-2
sp|Q18879|CAV2_CAEEL,224,NTS,Caenorhabditis elegans,6239,cav-2
sp|Q18885|BTF3_CAEEL,126,NVT,Caenorhabditis elegans,6239,icd-1
sp|Q18885|BTF3_CAEEL,154,NET,Caenorhabditis elegans,6239,icd-1
sp|Q18891|VP33B_CAEEL,108,NRS,Caenorhabditis elegans,6239,vps-33.2
sp|Q18891|VP33B_CAEEL,557,NRT,Caenorhabditis elegans,6239,vps-33.2
sp|Q18909|CEBP1_CAEEL,6,NYS,Caenorhabditis elegans,6239,cebp-1
sp|Q18969|RAB39_CAEEL,221,NSS,Caenorhabditis elegans,6239,rab-39
sp|Q18990|PYR1_CAEEL,1517,NTS,Caenorhabditis elegans,6239,pyr-1
sp|Q18990|PYR1_CAEEL,1552,NNS,Caenorhabditis elegans,6239,pyr-1
sp|Q18990|PYR1_CAEEL,1572,NET,Caenorhabditis elegans,6239,pyr-1
sp|Q18990|PYR1_CAEEL,1582,NIS,Caenorhabditis elegans,6239,pyr-1
sp|Q18990|PYR1_CAEEL,1645,NVT,Caenorhabditis elegans,6239,pyr-1
sp|Q19020|DYHC_CAEEL,5,NES,Caenorhabditis elegans,6239,dhc-1
sp|Q19020|DYHC_CAEEL,485,NGS,Caenorhabditis elegans,6239,dhc-1
sp|Q19020|DYHC_CAEEL,691,NWT,Caenorhabditis elegans,6239,dhc-1
sp|Q19020|DYHC_CAEEL,871,NYS,Caenorhabditis elegans,6239,dhc-1
sp|Q19020|DYHC_CAEEL,1229,NKS,Caenorhabditis elegans,6239,dhc-1
sp|Q19020|DYHC_CAEEL,1392,NLS,Caenorhabditis elegans,6239,dhc-1
sp|Q19020|DYHC_CAEEL,1449,NKT,Caenorhabditis elegans,6239,dhc-1
sp|Q19020|DYHC_CAEEL,2563,NFS,Caenorhabditis elegans,6239,dhc-1
sp|Q19020|DYHC_CAEEL,3416,NRS,Caenorhabditis elegans,6239,dhc-1
sp|Q19020|DYHC_CAEEL,3643,NFT,Caenorhabditis elegans,6239,dhc-1
sp|Q19020|DYHC_CAEEL,3697,NES,Caenorhabditis elegans,6239,dhc-1
sp|Q19020|DYHC_CAEEL,4246,NMS,Caenorhabditis elegans,6239,dhc-1
sp|Q19020|DYHC_CAEEL,4383,NET,Caenorhabditis elegans,6239,dhc-1
sp|Q19020|DYHC_CAEEL,4565,NST,Caenorhabditis elegans,6239,dhc-1
sp|Q19076|PHO1_CAEEL,108,NRT,Caenorhabditis elegans,6239,pho-1
sp|Q19076|PHO1_CAEEL,127,NSS,Caenorhabditis elegans,6239,pho-1
sp|Q19076|PHO1_CAEEL,198,NLT,Caenorhabditis elegans,6239,pho-1
sp|Q19076|PHO1_CAEEL,227,NAT,Caenorhabditis elegans,6239,pho-1
sp|Q19076|PHO1_CAEEL,305,NCT,Caenorhabditis elegans,6239,pho-1
sp|Q19076|PHO1_CAEEL,391,NSS,Caenorhabditis elegans,6239,pho-1
sp|Q19076|PHO1_CAEEL,422,NKS,Caenorhabditis elegans,6239,pho-1
sp|Q19087|DNPEP_CAEEL,67,NRS,Caenorhabditis elegans,6239,dnpp-1
sp|Q19087|DNPEP_CAEEL,210,NIT,Caenorhabditis elegans,6239,dnpp-1
sp|Q19087|DNPEP_CAEEL,351,NYS,Caenorhabditis elegans,6239,dnpp-1
sp|Q19087|DNPEP_CAEEL,406,NDS,Caenorhabditis elegans,6239,dnpp-1
sp|Q19127|NPC1A_CAEEL,42,NDT,Caenorhabditis elegans,6239,ncr-1
sp|Q19127|NPC1A_CAEEL,231,NFT,Caenorhabditis elegans,6239,ncr-1
sp|Q19127|NPC1A_CAEEL,447,NIS,Caenorhabditis elegans,6239,ncr-1
sp|Q19127|NPC1A_CAEEL,558,NST,Caenorhabditis elegans,6239,ncr-1
sp|Q19127|NPC1A_CAEEL,993,NKS,Caenorhabditis elegans,6239,ncr-1
sp|Q19127|NPC1A_CAEEL,1082,NSS,Caenorhabditis elegans,6239,ncr-1
sp|Q19131|NPP5_CAEEL,10,NSS,Caenorhabditis elegans,6239,npp-5
sp|Q19131|NPP5_CAEEL,26,NET,Caenorhabditis elegans,6239,npp-5
sp|Q19131|NPP5_CAEEL,39,NLS,Caenorhabditis elegans,6239,npp-5
sp|Q19131|NPP5_CAEEL,90,NYS,Caenorhabditis elegans,6239,npp-5
sp|Q19131|NPP5_CAEEL,397,NET,Caenorhabditis elegans,6239,npp-5
sp|Q19131|NPP5_CAEEL,671,NTT,Caenorhabditis elegans,6239,npp-5
sp|Q19187|GCY12_CAEEL,104,NLS,Caenorhabditis elegans,6239,gcy-12
sp|Q19187|GCY12_CAEEL,113,NSS,Caenorhabditis elegans,6239,gcy-12
sp|Q19187|GCY12_CAEEL,174,NDS,Caenorhabditis elegans,6239,gcy-12
sp|Q19187|GCY12_CAEEL,298,NVS,Caenorhabditis elegans,6239,gcy-12
sp|Q19187|GCY12_CAEEL,395,NNS,Caenorhabditis elegans,6239,gcy-12
sp|Q19187|GCY12_CAEEL,516,NFS,Caenorhabditis elegans,6239,gcy-12
sp|Q19187|GCY12_CAEEL,530,NKS,Caenorhabditis elegans,6239,gcy-12
sp|Q19187|GCY12_CAEEL,650,NES,Caenorhabditis elegans,6239,gcy-12
sp|Q19187|GCY12_CAEEL,842,NGS,Caenorhabditis elegans,6239,gcy-12
sp|Q19187|GCY12_CAEEL,1306,NQS,Caenorhabditis elegans,6239,gcy-12
sp|Q19187|GCY12_CAEEL,1342,NAS,Caenorhabditis elegans,6239,gcy-12
sp|Q19187|GCY12_CAEEL,1386,NNS,Caenorhabditis elegans,6239,gcy-12
sp|Q19187|GCY12_CAEEL,1395,NIS,Caenorhabditis elegans,6239,gcy-12
sp|Q19187|GCY12_CAEEL,1513,NDS,Caenorhabditis elegans,6239,gcy-12
sp|Q19187|GCY12_CAEEL,1570,NKS,Caenorhabditis elegans,6239,gcy-12
sp|Q19187|GCY12_CAEEL,1634,NGS,Caenorhabditis elegans,6239,gcy-12
sp|Q19187|GCY12_CAEEL,1639,NRS,Caenorhabditis elegans,6239,gcy-12
sp|Q19192|E2AKA_CAEEL,206,NLS,Caenorhabditis elegans,6239,pek-1
sp|Q19192|E2AKA_CAEEL,585,NRT,Caenorhabditis elegans,6239,pek-1
sp|Q19192|E2AKA_CAEEL,733,NTT,Caenorhabditis elegans,6239,pek-1
sp|Q19192|E2AKA_CAEEL,817,NSS,Caenorhabditis elegans,6239,pek-1
sp|Q19192|E2AKA_CAEEL,872,NDT,Caenorhabditis elegans,6239,pek-1
sp|Q19202|APY1_CAEEL,30,NKS,Caenorhabditis elegans,6239,apy-1
sp|Q19202|APY1_CAEEL,291,NKS,Caenorhabditis elegans,6239,apy-1
sp|Q19204|ADT2_CAEEL,54,NGS,Caenorhabditis elegans,6239,adt-2
sp|Q19204|ADT2_CAEEL,70,NLS,Caenorhabditis elegans,6239,adt-2
sp|Q19253|TOCA1_CAEEL,2,NDS,Caenorhabditis elegans,6239,toca-1
sp|Q19253|TOCA1_CAEEL,572,NNS,Caenorhabditis elegans,6239,toca-1
sp|Q19266|KPC3_CAEEL,81,NSS,Caenorhabditis elegans,6239,pkc-3
sp|Q19266|KPC3_CAEEL,202,NTS,Caenorhabditis elegans,6239,pkc-3
sp|Q19266|KPC3_CAEEL,241,NGS,Caenorhabditis elegans,6239,pkc-3
sp|Q19267|CREL1_CAEEL,122,NMS,Caenorhabditis elegans,6239,crld-1
sp|Q19267|CREL1_CAEEL,247,NES,Caenorhabditis elegans,6239,crld-1
sp|Q19272|MSH5_CAEEL,117,NRS,Caenorhabditis elegans,6239,msh-5
sp|Q19272|MSH5_CAEEL,527,NAT,Caenorhabditis elegans,6239,msh-5
sp|Q19272|MSH5_CAEEL,883,NVS,Caenorhabditis elegans,6239,msh-5
sp|Q19272|MSH5_CAEEL,1112,NRS,Caenorhabditis elegans,6239,msh-5
sp|Q19272|MSH5_CAEEL,1116,NQS,Caenorhabditis elegans,6239,msh-5
sp|Q19272|MSH5_CAEEL,1162,NVT,Caenorhabditis elegans,6239,msh-5
sp|Q19272|MSH5_CAEEL,1274,NSS,Caenorhabditis elegans,6239,msh-5
sp|Q19272|MSH5_CAEEL,1322,NCS,Caenorhabditis elegans,6239,msh-5
sp|Q19286|IFB2_CAEEL,90,NDS,Caenorhabditis elegans,6239,ifb-2
sp|Q19286|IFB2_CAEEL,156,NKS,Caenorhabditis elegans,6239,ifb-2
sp|Q19286|IFB2_CAEEL,297,NES,Caenorhabditis elegans,6239,ifb-2
sp|Q19286|IFB2_CAEEL,431,NVS,Caenorhabditis elegans,6239,ifb-2
sp|Q19286|IFB2_CAEEL,448,NTS,Caenorhabditis elegans,6239,ifb-2
sp|Q19289|IFB1_CAEEL,477,NVT,Caenorhabditis elegans,6239,ifb-1
sp|Q19289|IFB1_CAEEL,533,NLT,Caenorhabditis elegans,6239,ifb-1
sp|Q19294|CDC23_CAEEL,2,NVS,Caenorhabditis elegans,6239,mat-3
sp|Q19294|CDC23_CAEEL,11,NST,Caenorhabditis elegans,6239,mat-3
sp|Q19294|CDC23_CAEEL,147,NHT,Caenorhabditis elegans,6239,mat-3
sp|Q19294|CDC23_CAEEL,640,NAS,Caenorhabditis elegans,6239,mat-3
sp|Q19317|NBEA_CAEEL,9,NES,Caenorhabditis elegans,6239,sel-2
sp|Q19317|NBEA_CAEEL,701,NFS,Caenorhabditis elegans,6239,sel-2
sp|Q19317|NBEA_CAEEL,1101,NAS,Caenorhabditis elegans,6239,sel-2
sp|Q19317|NBEA_CAEEL,1227,NST,Caenorhabditis elegans,6239,sel-2
sp|Q19317|NBEA_CAEEL,1335,NGS,Caenorhabditis elegans,6239,sel-2
sp|Q19317|NBEA_CAEEL,1347,NLS,Caenorhabditis elegans,6239,sel-2
sp|Q19317|NBEA_CAEEL,1468,NDT,Caenorhabditis elegans,6239,sel-2
sp|Q19317|NBEA_CAEEL,1480,NAS,Caenorhabditis elegans,6239,sel-2
sp|Q19317|NBEA_CAEEL,1582,NAT,Caenorhabditis elegans,6239,sel-2
sp|Q19317|NBEA_CAEEL,1666,NSS,Caenorhabditis elegans,6239,sel-2
sp|Q19317|NBEA_CAEEL,1726,NES,Caenorhabditis elegans,6239,sel-2
sp|Q19317|NBEA_CAEEL,1869,NYT,Caenorhabditis elegans,6239,sel-2
sp|Q19317|NBEA_CAEEL,1990,NSS,Caenorhabditis elegans,6239,sel-2
sp|Q19317|NBEA_CAEEL,2301,NGT,Caenorhabditis elegans,6239,sel-2
sp|Q19317|NBEA_CAEEL,2494,NTS,Caenorhabditis elegans,6239,sel-2
sp|Q19319|CADH4_CAEEL,39,NLS,Caenorhabditis elegans,6239,cdh-4
sp|Q19319|CADH4_CAEEL,56,NST,Caenorhabditis elegans,6239,cdh-4
sp|Q19319|CADH4_CAEEL,196,NRS,Caenorhabditis elegans,6239,cdh-4
sp|Q19319|CADH4_CAEEL,330,NGS,Caenorhabditis elegans,6239,cdh-4
sp|Q19319|CADH4_CAEEL,339,NVT,Caenorhabditis elegans,6239,cdh-4
sp|Q19319|CADH4_CAEEL,365,NET,Caenorhabditis elegans,6239,cdh-4
sp|Q19319|CADH4_CAEEL,431,NAT,Caenorhabditis elegans,6239,cdh-4
sp|Q19319|CADH4_CAEEL,452,NRS,Caenorhabditis elegans,6239,cdh-4
sp|Q19319|CADH4_CAEEL,584,NGT,Caenorhabditis elegans,6239,cdh-4
sp|Q19319|CADH4_CAEEL,715,NHS,Caenorhabditis elegans,6239,cdh-4
sp|Q19319|CADH4_CAEEL,811,NLT,Caenorhabditis elegans,6239,cdh-4
sp|Q19319|CADH4_CAEEL,899,NLS,Caenorhabditis elegans,6239,cdh-4
sp|Q19319|CADH4_CAEEL,1192,NIT,Caenorhabditis elegans,6239,cdh-4
sp|Q19319|CADH4_CAEEL,1335,NIS,Caenorhabditis elegans,6239,cdh-4
sp|Q19319|CADH4_CAEEL,1610,NCT,Caenorhabditis elegans,6239,cdh-4
sp|Q19319|CADH4_CAEEL,1895,NTT,Caenorhabditis elegans,6239,cdh-4
sp|Q19319|CADH4_CAEEL,2059,NGS,Caenorhabditis elegans,6239,cdh-4
sp|Q19319|CADH4_CAEEL,2150,NYT,Caenorhabditis elegans,6239,cdh-4
sp|Q19319|CADH4_CAEEL,2216,NDT,Caenorhabditis elegans,6239,cdh-4
sp|Q19319|CADH4_CAEEL,2338,NIS,Caenorhabditis elegans,6239,cdh-4
sp|Q19319|CADH4_CAEEL,2367,NVS,Caenorhabditis elegans,6239,cdh-4
sp|Q19319|CADH4_CAEEL,2413,NKS,Caenorhabditis elegans,6239,cdh-4
sp|Q19319|CADH4_CAEEL,2440,NSS,Caenorhabditis elegans,6239,cdh-4
sp|Q19319|CADH4_CAEEL,2535,NDT,Caenorhabditis elegans,6239,cdh-4
sp|Q19319|CADH4_CAEEL,2807,NDS,Caenorhabditis elegans,6239,cdh-4
sp|Q19319|CADH4_CAEEL,2844,NVS,Caenorhabditis elegans,6239,cdh-4
sp|Q19319|CADH4_CAEEL,2916,NKT,Caenorhabditis elegans,6239,cdh-4
sp|Q19319|CADH4_CAEEL,2941,NVT,Caenorhabditis elegans,6239,cdh-4
sp|Q19319|CADH4_CAEEL,3083,NLT,Caenorhabditis elegans,6239,cdh-4
sp|Q19319|CADH4_CAEEL,3143,NET,Caenorhabditis elegans,6239,cdh-4
sp|Q19319|CADH4_CAEEL,3330,NMT,Caenorhabditis elegans,6239,cdh-4
sp|Q19319|CADH4_CAEEL,3512,NVT,Caenorhabditis elegans,6239,cdh-4
sp|Q19319|CADH4_CAEEL,3727,NST,Caenorhabditis elegans,6239,cdh-4
sp|Q19319|CADH4_CAEEL,3811,NGT,Caenorhabditis elegans,6239,cdh-4
sp|Q19319|CADH4_CAEEL,4043,NCT,Caenorhabditis elegans,6239,cdh-4
sp|Q19319|CADH4_CAEEL,4135,NDS,Caenorhabditis elegans,6239,cdh-4
sp|Q19325|SCC1_CAEEL,117,NIT,Caenorhabditis elegans,6239,scc-1
sp|Q19325|SCC1_CAEEL,136,NVS,Caenorhabditis elegans,6239,scc-1
sp|Q19325|SCC1_CAEEL,206,NGT,Caenorhabditis elegans,6239,scc-1
sp|Q19325|SCC1_CAEEL,249,NQT,Caenorhabditis elegans,6239,scc-1
sp|Q19325|SCC1_CAEEL,408,NYT,Caenorhabditis elegans,6239,scc-1
sp|Q19325|SCC1_CAEEL,519,NSS,Caenorhabditis elegans,6239,scc-1
sp|Q19325|SCC1_CAEEL,533,NTS,Caenorhabditis elegans,6239,scc-1
sp|Q19325|SCC1_CAEEL,635,NST,Caenorhabditis elegans,6239,scc-1
sp|Q19336|PCGF3_CAEEL,63,NSS,Caenorhabditis elegans,6239,mig-32
sp|Q19336|PCGF3_CAEEL,73,NKT,Caenorhabditis elegans,6239,mig-32
sp|Q19336|PCGF3_CAEEL,362,NNT,Caenorhabditis elegans,6239,mig-32
sp|Q19345|NHR25_CAEEL,260,NTT,Caenorhabditis elegans,6239,nhr-25
sp|Q19345|NHR25_CAEEL,317,NSS,Caenorhabditis elegans,6239,nhr-25
sp|Q19345|NHR25_CAEEL,428,NQT,Caenorhabditis elegans,6239,nhr-25
sp|Q19345|NHR25_CAEEL,539,NRS,Caenorhabditis elegans,6239,nhr-25
sp|Q19351|PBO6_CAEEL,182,NAS,Caenorhabditis elegans,6239,pbo-6
sp|Q19351|PBO6_CAEEL,191,NYS,Caenorhabditis elegans,6239,pbo-6
sp|Q19360|UBA3_CAEEL,317,NFT,Caenorhabditis elegans,6239,rfl-1
sp|Q19404|YAP1_CAEEL,30,NQS,Caenorhabditis elegans,6239,yap-1
sp|Q19404|YAP1_CAEEL,161,NYS,Caenorhabditis elegans,6239,yap-1
sp|Q19426|MOGS1_CAEEL,153,NIS,Caenorhabditis elegans,6239,mogs-1
sp|Q19426|MOGS1_CAEEL,340,NYT,Caenorhabditis elegans,6239,mogs-1
sp|Q19426|MOGS1_CAEEL,517,NET,Caenorhabditis elegans,6239,mogs-1
sp|Q19468|MBOA7_CAEEL,319,NRS,Caenorhabditis elegans,6239,mboa-7
sp|Q19469|SAD1_CAEEL,565,NST,Caenorhabditis elegans,6239,sad-1
sp|Q19469|SAD1_CAEEL,568,NSS,Caenorhabditis elegans,6239,sad-1
sp|Q19469|SAD1_CAEEL,614,NGT,Caenorhabditis elegans,6239,sad-1
sp|Q19469|SAD1_CAEEL,757,NST,Caenorhabditis elegans,6239,sad-1
sp|Q19469|SAD1_CAEEL,793,NAS,Caenorhabditis elegans,6239,sad-1
sp|Q19469|SAD1_CAEEL,844,NTT,Caenorhabditis elegans,6239,sad-1
sp|Q19469|SAD1_CAEEL,886,NGS,Caenorhabditis elegans,6239,sad-1
sp|Q19541|PID1_CAEEL,129,NTS,Caenorhabditis elegans,6239,pid-1
sp|Q19542|DYHC2_CAEEL,99,NGT,Caenorhabditis elegans,6239,che-3
sp|Q19542|DYHC2_CAEEL,469,NIS,Caenorhabditis elegans,6239,che-3
sp|Q19542|DYHC2_CAEEL,472,NYS,Caenorhabditis elegans,6239,che-3
sp|Q19542|DYHC2_CAEEL,510,NET,Caenorhabditis elegans,6239,che-3
sp|Q19542|DYHC2_CAEEL,534,NYS,Caenorhabditis elegans,6239,che-3
sp|Q19542|DYHC2_CAEEL,782,NST,Caenorhabditis elegans,6239,che-3
sp|Q19542|DYHC2_CAEEL,1512,NGS,Caenorhabditis elegans,6239,che-3
sp|Q19542|DYHC2_CAEEL,1835,NET,Caenorhabditis elegans,6239,che-3
sp|Q19542|DYHC2_CAEEL,1870,NVT,Caenorhabditis elegans,6239,che-3
sp|Q19542|DYHC2_CAEEL,1956,NRS,Caenorhabditis elegans,6239,che-3
sp|Q19542|DYHC2_CAEEL,2183,NVT,Caenorhabditis elegans,6239,che-3
sp|Q19542|DYHC2_CAEEL,2366,NTT,Caenorhabditis elegans,6239,che-3
sp|Q19542|DYHC2_CAEEL,2482,NET,Caenorhabditis elegans,6239,che-3
sp|Q19542|DYHC2_CAEEL,2513,NMS,Caenorhabditis elegans,6239,che-3
sp|Q19542|DYHC2_CAEEL,2594,NFS,Caenorhabditis elegans,6239,che-3
sp|Q19542|DYHC2_CAEEL,2702,NIT,Caenorhabditis elegans,6239,che-3
sp|Q19542|DYHC2_CAEEL,3024,NLS,Caenorhabditis elegans,6239,che-3
sp|Q19542|DYHC2_CAEEL,3163,NGS,Caenorhabditis elegans,6239,che-3
sp|Q19542|DYHC2_CAEEL,3285,NFT,Caenorhabditis elegans,6239,che-3
sp|Q19542|DYHC2_CAEEL,3356,NKS,Caenorhabditis elegans,6239,che-3
sp|Q19542|DYHC2_CAEEL,3411,NYS,Caenorhabditis elegans,6239,che-3
sp|Q19542|DYHC2_CAEEL,3469,NAT,Caenorhabditis elegans,6239,che-3
sp|Q19546|WRN_CAEEL,48,NKT,Caenorhabditis elegans,6239,wrn-1
sp|Q19546|WRN_CAEEL,157,NDS,Caenorhabditis elegans,6239,wrn-1
sp|Q19546|WRN_CAEEL,372,NRS,Caenorhabditis elegans,6239,wrn-1
sp|Q19546|WRN_CAEEL,574,NLT,Caenorhabditis elegans,6239,wrn-1
sp|Q19546|WRN_CAEEL,959,NVS,Caenorhabditis elegans,6239,wrn-1
sp|Q19555|SCC3_CAEEL,22,NYT,Caenorhabditis elegans,6239,scc-3
sp|Q19555|SCC3_CAEEL,30,NNS,Caenorhabditis elegans,6239,scc-3
sp|Q19555|SCC3_CAEEL,70,NFS,Caenorhabditis elegans,6239,scc-3
sp|Q19555|SCC3_CAEEL,283,NNS,Caenorhabditis elegans,6239,scc-3
sp|Q19555|SCC3_CAEEL,659,NSS,Caenorhabditis elegans,6239,scc-3
sp|Q19555|SCC3_CAEEL,732,NYT,Caenorhabditis elegans,6239,scc-3
sp|Q19555|SCC3_CAEEL,1058,NMS,Caenorhabditis elegans,6239,scc-3
sp|Q19555|SCC3_CAEEL,1070,NAT,Caenorhabditis elegans,6239,scc-3
sp|Q19572|GPA12_CAEEL,262,NVS,Caenorhabditis elegans,6239,gpa-12
sp|Q19584|UFD1_CAEEL,35,NAT,Caenorhabditis elegans,6239,ufd-1
sp|Q19584|UFD1_CAEEL,138,NIT,Caenorhabditis elegans,6239,ufd-1
sp|Q19584|UFD1_CAEEL,240,NAT,Caenorhabditis elegans,6239,ufd-1
sp|Q19584|UFD1_CAEEL,335,NRT,Caenorhabditis elegans,6239,ufd-1
sp|Q19614|SLFL2_CAEEL,156,NSS,Caenorhabditis elegans,6239,tofu-2
sp|Q19617|NLR1_CAEEL,229,NQT,Caenorhabditis elegans,6239,nlr-1
sp|Q19617|NLR1_CAEEL,302,NSS,Caenorhabditis elegans,6239,nlr-1
sp|Q19617|NLR1_CAEEL,336,NGT,Caenorhabditis elegans,6239,nlr-1
sp|Q19617|NLR1_CAEEL,355,NIT,Caenorhabditis elegans,6239,nlr-1
sp|Q19617|NLR1_CAEEL,436,NVT,Caenorhabditis elegans,6239,nlr-1
sp|Q19617|NLR1_CAEEL,522,NVT,Caenorhabditis elegans,6239,nlr-1
sp|Q19617|NLR1_CAEEL,636,NGS,Caenorhabditis elegans,6239,nlr-1
sp|Q19617|NLR1_CAEEL,933,NTT,Caenorhabditis elegans,6239,nlr-1
sp|Q19617|NLR1_CAEEL,949,NMT,Caenorhabditis elegans,6239,nlr-1
sp|Q19617|NLR1_CAEEL,978,NLS,Caenorhabditis elegans,6239,nlr-1
sp|Q19617|NLR1_CAEEL,997,NVS,Caenorhabditis elegans,6239,nlr-1
sp|Q19617|NLR1_CAEEL,1011,NWT,Caenorhabditis elegans,6239,nlr-1
sp|Q19617|NLR1_CAEEL,1052,NYS,Caenorhabditis elegans,6239,nlr-1
sp|Q19617|NLR1_CAEEL,1143,NET,Caenorhabditis elegans,6239,nlr-1
sp|Q19617|NLR1_CAEEL,1148,NCS,Caenorhabditis elegans,6239,nlr-1
sp|Q19617|NLR1_CAEEL,1161,NTT,Caenorhabditis elegans,6239,nlr-1
sp|Q19626|VATB1_CAEEL,115,NGS,Caenorhabditis elegans,6239,vha-12
sp|Q19626|VATB1_CAEEL,231,NGS,Caenorhabditis elegans,6239,vha-12
sp|Q19626|VATB1_CAEEL,450,NRS,Caenorhabditis elegans,6239,vha-12
sp|Q19691|TBX2_CAEEL,124,NNS,Caenorhabditis elegans,6239,tbx-2
sp|Q19691|TBX2_CAEEL,170,NIS,Caenorhabditis elegans,6239,tbx-2
sp|Q19705|ARL2_CAEEL,125,NKS,Caenorhabditis elegans,6239,evl-20
sp|Q19706|EIF3G_CAEEL,177,NRS,Caenorhabditis elegans,6239,eif-3.G
sp|Q19746|INX3_CAEEL,219,NET,Caenorhabditis elegans,6239,inx-3
sp|Q19775|PPM1A_CAEEL,23,NES,Caenorhabditis elegans,6239,ppm-1.A
sp|Q19775|PPM1A_CAEEL,278,NGS,Caenorhabditis elegans,6239,ppm-1.A
sp|Q19775|PPM1A_CAEEL,373,NMT,Caenorhabditis elegans,6239,ppm-1.A
sp|Q19791|GON1_CAEEL,134,NKS,Caenorhabditis elegans,6239,gon-1
sp|Q19791|GON1_CAEEL,213,NGT,Caenorhabditis elegans,6239,gon-1
sp|Q19791|GON1_CAEEL,243,NST,Caenorhabditis elegans,6239,gon-1
sp|Q19791|GON1_CAEEL,248,NET,Caenorhabditis elegans,6239,gon-1
sp|Q19791|GON1_CAEEL,842,NGT,Caenorhabditis elegans,6239,gon-1
sp|Q19791|GON1_CAEEL,1139,NCT,Caenorhabditis elegans,6239,gon-1
sp|Q19791|GON1_CAEEL,1199,NGT,Caenorhabditis elegans,6239,gon-1
sp|Q19791|GON1_CAEEL,1370,NGT,Caenorhabditis elegans,6239,gon-1
sp|Q19791|GON1_CAEEL,1432,NVT,Caenorhabditis elegans,6239,gon-1
sp|Q19791|GON1_CAEEL,1528,NNS,Caenorhabditis elegans,6239,gon-1
sp|Q19791|GON1_CAEEL,1590,NKT,Caenorhabditis elegans,6239,gon-1
sp|Q19791|GON1_CAEEL,1606,NTT,Caenorhabditis elegans,6239,gon-1
sp|Q19791|GON1_CAEEL,1654,NVT,Caenorhabditis elegans,6239,gon-1
sp|Q19791|GON1_CAEEL,1741,NVT,Caenorhabditis elegans,6239,gon-1
sp|Q19791|GON1_CAEEL,1828,NST,Caenorhabditis elegans,6239,gon-1
sp|Q19791|GON1_CAEEL,1855,NES,Caenorhabditis elegans,6239,gon-1
sp|Q19791|GON1_CAEEL,1942,NYT,Caenorhabditis elegans,6239,gon-1
sp|Q19791|GON1_CAEEL,1960,NST,Caenorhabditis elegans,6239,gon-1
sp|Q19791|GON1_CAEEL,1997,NDS,Caenorhabditis elegans,6239,gon-1
sp|Q19848|VRK1_CAEEL,209,NGT,Caenorhabditis elegans,6239,vrk-1
sp|Q19848|VRK1_CAEEL,279,NES,Caenorhabditis elegans,6239,vrk-1
sp|Q19848|VRK1_CAEEL,299,NYT,Caenorhabditis elegans,6239,vrk-1
sp|Q19848|VRK1_CAEEL,388,NDS,Caenorhabditis elegans,6239,vrk-1
sp|Q19848|VRK1_CAEEL,489,NKS,Caenorhabditis elegans,6239,vrk-1
sp|Q19849|EGL44_CAEEL,29,NGT,Caenorhabditis elegans,6239,egl-44
sp|Q19849|EGL44_CAEEL,295,NKT,Caenorhabditis elegans,6239,egl-44
sp|Q19849|EGL44_CAEEL,351,NVS,Caenorhabditis elegans,6239,egl-44
sp|Q19849|EGL44_CAEEL,409,NNS,Caenorhabditis elegans,6239,egl-44
sp|Q19849|EGL44_CAEEL,439,NFT,Caenorhabditis elegans,6239,egl-44
sp|Q19905|UGDH_CAEEL,429,NYS,Caenorhabditis elegans,6239,sqv-4
sp|Q19954|VPS41_CAEEL,120,NDS,Caenorhabditis elegans,6239,vps-41
sp|Q19954|VPS41_CAEEL,208,NDT,Caenorhabditis elegans,6239,vps-41
sp|Q19954|VPS41_CAEEL,366,NHT,Caenorhabditis elegans,6239,vps-41
sp|Q19954|VPS41_CAEEL,786,NLS,Caenorhabditis elegans,6239,vps-41
sp|Q19969|IMA3_CAEEL,212,NVT,Caenorhabditis elegans,6239,ima-3
sp|Q19969|IMA3_CAEEL,345,NIT,Caenorhabditis elegans,6239,ima-3
sp|Q19969|IMA3_CAEEL,387,NVT,Caenorhabditis elegans,6239,ima-3
sp|Q19972|CEC4_CAEEL,16,NFT,Caenorhabditis elegans,6239,cec-4
sp|Q19972|CEC4_CAEEL,219,NHT,Caenorhabditis elegans,6239,cec-4
sp|Q19980|GCH1_CAEEL,6,NES,Caenorhabditis elegans,6239,cat-4
sp|Q19980|GCH1_CAEEL,31,NGT,Caenorhabditis elegans,6239,cat-4
sp|Q19980|GCH1_CAEEL,194,NAS,Caenorhabditis elegans,6239,cat-4
sp|Q1ENI8|PXDN1_CAEEL,49,NIS,Caenorhabditis elegans,6239,pxn-1
sp|Q1ENI8|PXDN1_CAEEL,248,NSS,Caenorhabditis elegans,6239,pxn-1
sp|Q1ENI8|PXDN1_CAEEL,312,NGS,Caenorhabditis elegans,6239,pxn-1
sp|Q1ENI8|PXDN1_CAEEL,595,NVS,Caenorhabditis elegans,6239,pxn-1
sp|Q1ENI8|PXDN1_CAEEL,700,NIT,Caenorhabditis elegans,6239,pxn-1
sp|Q1ENI8|PXDN1_CAEEL,741,NRT,Caenorhabditis elegans,6239,pxn-1
sp|Q1ENI8|PXDN1_CAEEL,858,NFS,Caenorhabditis elegans,6239,pxn-1
sp|Q1ENI8|PXDN1_CAEEL,1281,NRS,Caenorhabditis elegans,6239,pxn-1
sp|Q20010|SAS5_CAEEL,97,NVS,Caenorhabditis elegans,6239,sas-5
sp|Q20010|SAS5_CAEEL,121,NTT,Caenorhabditis elegans,6239,sas-5
sp|Q20010|SAS5_CAEEL,355,NRT,Caenorhabditis elegans,6239,sas-5
sp|Q20024|STX3_CAEEL,185,NLS,Caenorhabditis elegans,6239,syx-3
sp|Q20024|STX3_CAEEL,251,NAT,Caenorhabditis elegans,6239,syx-3
sp|Q20052|APC11_CAEEL,23,NMS,Caenorhabditis elegans,6239,apc-11
sp|Q20059|WDR48_CAEEL,6,NTS,Caenorhabditis elegans,6239,wdr-48
sp|Q20059|WDR48_CAEEL,28,NRS,Caenorhabditis elegans,6239,wdr-48
sp|Q20059|WDR48_CAEEL,110,NDT,Caenorhabditis elegans,6239,wdr-48
sp|Q20059|WDR48_CAEEL,189,NLS,Caenorhabditis elegans,6239,wdr-48
sp|Q20059|WDR48_CAEEL,356,NHS,Caenorhabditis elegans,6239,wdr-48
sp|Q20060|SMC4_CAEEL,123,NGS,Caenorhabditis elegans,6239,smc-4
sp|Q20060|SMC4_CAEEL,198,NNS,Caenorhabditis elegans,6239,smc-4
sp|Q20060|SMC4_CAEEL,416,NIS,Caenorhabditis elegans,6239,smc-4
sp|Q20060|SMC4_CAEEL,596,NSS,Caenorhabditis elegans,6239,smc-4
sp|Q20060|SMC4_CAEEL,939,NIS,Caenorhabditis elegans,6239,smc-4
sp|Q20060|SMC4_CAEEL,953,NIS,Caenorhabditis elegans,6239,smc-4
sp|Q20060|SMC4_CAEEL,1088,NQS,Caenorhabditis elegans,6239,smc-4
sp|Q20060|SMC4_CAEEL,1316,NVS,Caenorhabditis elegans,6239,smc-4
sp|Q20060|SMC4_CAEEL,1396,NET,Caenorhabditis elegans,6239,smc-4
sp|Q20065|P4HA2_CAEEL,110,NIT,Caenorhabditis elegans,6239,phy-2
sp|Q20085|PMY11_CAEEL,33,NTS,Caenorhabditis elegans,6239,wee-1.1
sp|Q20085|PMY11_CAEEL,45,NQS,Caenorhabditis elegans,6239,wee-1.1
sp|Q20085|PMY11_CAEEL,255,NNS,Caenorhabditis elegans,6239,wee-1.1
sp|Q20085|PMY11_CAEEL,277,NGT,Caenorhabditis elegans,6239,wee-1.1
sp|Q20117|GSH1_CAEEL,191,NLT,Caenorhabditis elegans,6239,gcs-1
sp|Q20230|KCY2_CAEEL,58,NGS,Caenorhabditis elegans,6239,F40F8.1
sp|Q20255|TTC21_CAEEL,110,NKS,Caenorhabditis elegans,6239,ift-139
sp|Q20300|ELO5_CAEEL,9,NFT,Caenorhabditis elegans,6239,elo-5
sp|Q20390|PPT1_CAEEL,20,NAT,Caenorhabditis elegans,6239,ppt-1
sp|Q20390|PPT1_CAEEL,250,NET,Caenorhabditis elegans,6239,ppt-1
sp|Q20402|EGG3_CAEEL,370,NES,Caenorhabditis elegans,6239,egg-3
sp|Q20432|CNEP1_CAEEL,206,NDT,Caenorhabditis elegans,6239,cnep-1
sp|Q20435|ATF6H_CAEEL,81,NFT,Caenorhabditis elegans,6239,atf-6
sp|Q20435|ATF6H_CAEEL,360,NET,Caenorhabditis elegans,6239,atf-6
sp|Q20435|ATF6H_CAEEL,394,NST,Caenorhabditis elegans,6239,atf-6
sp|Q20435|ATF6H_CAEEL,406,NAT,Caenorhabditis elegans,6239,atf-6
sp|Q20435|ATF6H_CAEEL,555,NGT,Caenorhabditis elegans,6239,atf-6
sp|Q20471|KIN20_CAEEL,16,NNT,Caenorhabditis elegans,6239,kin-20
sp|Q20471|KIN20_CAEEL,353,NLT,Caenorhabditis elegans,6239,kin-20
sp|Q20471|KIN20_CAEEL,478,NES,Caenorhabditis elegans,6239,kin-20
sp|Q20497|MED12_CAEEL,50,NAS,Caenorhabditis elegans,6239,dpy-22
sp|Q20497|MED12_CAEEL,147,NIS,Caenorhabditis elegans,6239,dpy-22
sp|Q20497|MED12_CAEEL,166,NSS,Caenorhabditis elegans,6239,dpy-22
sp|Q20497|MED12_CAEEL,189,NKT,Caenorhabditis elegans,6239,dpy-22
sp|Q20497|MED12_CAEEL,313,NKT,Caenorhabditis elegans,6239,dpy-22
sp|Q20497|MED12_CAEEL,650,NAS,Caenorhabditis elegans,6239,dpy-22
sp|Q20497|MED12_CAEEL,1462,NIT,Caenorhabditis elegans,6239,dpy-22
sp|Q20497|MED12_CAEEL,1611,NNT,Caenorhabditis elegans,6239,dpy-22
sp|Q20497|MED12_CAEEL,1866,NTT,Caenorhabditis elegans,6239,dpy-22
sp|Q20497|MED12_CAEEL,1948,NWT,Caenorhabditis elegans,6239,dpy-22
sp|Q20497|MED12_CAEEL,2361,NTS,Caenorhabditis elegans,6239,dpy-22
sp|Q20497|MED12_CAEEL,2384,NGS,Caenorhabditis elegans,6239,dpy-22
sp|Q20497|MED12_CAEEL,2426,NTS,Caenorhabditis elegans,6239,dpy-22
sp|Q20497|MED12_CAEEL,2475,NQS,Caenorhabditis elegans,6239,dpy-22
sp|Q20497|MED12_CAEEL,2514,NRS,Caenorhabditis elegans,6239,dpy-22
sp|Q20497|MED12_CAEEL,3091,NVS,Caenorhabditis elegans,6239,dpy-22
sp|Q20497|MED12_CAEEL,3116,NQT,Caenorhabditis elegans,6239,dpy-22
sp|Q20497|MED12_CAEEL,3120,NQS,Caenorhabditis elegans,6239,dpy-22
sp|Q20497|MED12_CAEEL,3245,NQS,Caenorhabditis elegans,6239,dpy-22
sp|Q20497|MED12_CAEEL,3263,NAS,Caenorhabditis elegans,6239,dpy-22
sp|Q20595|CTBP1_CAEEL,414,NTS,Caenorhabditis elegans,6239,ctbp-1
sp|Q20595|CTBP1_CAEEL,596,NRS,Caenorhabditis elegans,6239,ctbp-1
sp|Q20595|CTBP1_CAEEL,608,NKS,Caenorhabditis elegans,6239,ctbp-1
sp|Q20616|SKPO1_CAEEL,635,NGS,Caenorhabditis elegans,6239,skpo-1
sp|Q20624|MOCS1_CAEEL,180,NIS,Caenorhabditis elegans,6239,moc-5
sp|Q20624|MOCS1_CAEEL,237,NLT,Caenorhabditis elegans,6239,moc-5
sp|Q20624|MOCS1_CAEEL,290,NDT,Caenorhabditis elegans,6239,moc-5
sp|Q20624|MOCS1_CAEEL,386,NDS,Caenorhabditis elegans,6239,moc-5
sp|Q20646|CEP1_CAEEL,26,NLT,Caenorhabditis elegans,6239,cep-1
sp|Q20646|CEP1_CAEEL,30,NLS,Caenorhabditis elegans,6239,cep-1
sp|Q20646|CEP1_CAEEL,96,NTS,Caenorhabditis elegans,6239,cep-1
sp|Q20646|CEP1_CAEEL,120,NTT,Caenorhabditis elegans,6239,cep-1
sp|Q20646|CEP1_CAEEL,277,NLS,Caenorhabditis elegans,6239,cep-1
sp|Q20646|CEP1_CAEEL,450,NVT,Caenorhabditis elegans,6239,cep-1
sp|Q20646|CEP1_CAEEL,453,NTT,Caenorhabditis elegans,6239,cep-1
sp|Q20646|CEP1_CAEEL,529,NYS,Caenorhabditis elegans,6239,cep-1
sp|Q20655|14332_CAEEL,175,NFS,Caenorhabditis elegans,6239,ftt-2
sp|Q20655|14332_CAEEL,226,NLT,Caenorhabditis elegans,6239,ftt-2
sp|Q20655|14332_CAEEL,242,NET,Caenorhabditis elegans,6239,ftt-2
sp|Q20679|PLOD_CAEEL,689,NCT,Caenorhabditis elegans,6239,let-268
sp|Q20709|TRA4_CAEEL,71,NKT,Caenorhabditis elegans,6239,tra-4
sp|Q20745|UNC84_CAEEL,71,NYT,Caenorhabditis elegans,6239,unc-84
sp|Q20745|UNC84_CAEEL,291,NIT,Caenorhabditis elegans,6239,unc-84
sp|Q20745|UNC84_CAEEL,547,NAS,Caenorhabditis elegans,6239,unc-84
sp|Q20745|UNC84_CAEEL,650,NKS,Caenorhabditis elegans,6239,unc-84
sp|Q20745|UNC84_CAEEL,681,NAS,Caenorhabditis elegans,6239,unc-84
sp|Q20745|UNC84_CAEEL,699,NFS,Caenorhabditis elegans,6239,unc-84
sp|Q20745|UNC84_CAEEL,1031,NRS,Caenorhabditis elegans,6239,unc-84
sp|Q20748|ATAD3_CAEEL,10,NAT,Caenorhabditis elegans,6239,atad-3
sp|Q20748|ATAD3_CAEEL,88,NET,Caenorhabditis elegans,6239,atad-3
sp|Q20798|HRD1_CAEEL,41,NAS,Caenorhabditis elegans,6239,sel-11
sp|Q20798|HRD1_CAEEL,453,NTT,Caenorhabditis elegans,6239,sel-11
sp|Q20826|GLIT1_CAEEL,103,NIT,Caenorhabditis elegans,6239,glit-1
sp|Q20826|GLIT1_CAEEL,320,NNT,Caenorhabditis elegans,6239,glit-1
sp|Q20826|GLIT1_CAEEL,445,NYS,Caenorhabditis elegans,6239,glit-1
sp|Q20826|GLIT1_CAEEL,512,NFS,Caenorhabditis elegans,6239,glit-1
sp|Q20826|GLIT1_CAEEL,557,NFT,Caenorhabditis elegans,6239,glit-1
sp|Q20826|GLIT1_CAEEL,564,NAS,Caenorhabditis elegans,6239,glit-1
sp|Q20826|GLIT1_CAEEL,604,NYT,Caenorhabditis elegans,6239,glit-1
sp|Q20849|KNTC1_CAEEL,505,NET,Caenorhabditis elegans,6239,rod-1
sp|Q20849|KNTC1_CAEEL,707,NMS,Caenorhabditis elegans,6239,rod-1
sp|Q20849|KNTC1_CAEEL,726,NMT,Caenorhabditis elegans,6239,rod-1
sp|Q20849|KNTC1_CAEEL,1032,NSS,Caenorhabditis elegans,6239,rod-1
sp|Q20849|KNTC1_CAEEL,1111,NET,Caenorhabditis elegans,6239,rod-1
sp|Q20849|KNTC1_CAEEL,1200,NQS,Caenorhabditis elegans,6239,rod-1
sp|Q20849|KNTC1_CAEEL,1600,NMS,Caenorhabditis elegans,6239,rod-1
sp|Q20849|KNTC1_CAEEL,1754,NIS,Caenorhabditis elegans,6239,rod-1
sp|Q20849|KNTC1_CAEEL,1807,NVS,Caenorhabditis elegans,6239,rod-1
sp|Q20849|KNTC1_CAEEL,1873,NES,Caenorhabditis elegans,6239,rod-1
sp|Q20849|KNTC1_CAEEL,2045,NSS,Caenorhabditis elegans,6239,rod-1
sp|Q20924|SUN1_CAEEL,67,NSS,Caenorhabditis elegans,6239,sun-1
sp|Q20924|SUN1_CAEEL,410,NHS,Caenorhabditis elegans,6239,sun-1
sp|Q20924|SUN1_CAEEL,455,NGT,Caenorhabditis elegans,6239,sun-1
sp|Q20929|DMSR1_CAEEL,186,NET,Caenorhabditis elegans,6239,dmsr-1
sp|Q20929|DMSR1_CAEEL,268,NQT,Caenorhabditis elegans,6239,dmsr-1
sp|Q20929|DMSR1_CAEEL,291,NGS,Caenorhabditis elegans,6239,dmsr-1
sp|Q20929|DMSR1_CAEEL,421,NGT,Caenorhabditis elegans,6239,dmsr-1
sp|Q20929|DMSR1_CAEEL,443,NST,Caenorhabditis elegans,6239,dmsr-1
sp|Q20929|DMSR1_CAEEL,490,NSS,Caenorhabditis elegans,6239,dmsr-1
sp|Q20929|DMSR1_CAEEL,495,NST,Caenorhabditis elegans,6239,dmsr-1
sp|Q20930|MIG17_CAEEL,52,NET,Caenorhabditis elegans,6239,mig-17
sp|Q20930|MIG17_CAEEL,65,NKT,Caenorhabditis elegans,6239,mig-17
sp|Q20930|MIG17_CAEEL,123,NET,Caenorhabditis elegans,6239,mig-17
sp|Q20930|MIG17_CAEEL,172,NST,Caenorhabditis elegans,6239,mig-17
sp|Q20930|MIG17_CAEEL,183,NST,Caenorhabditis elegans,6239,mig-17
sp|Q20930|MIG17_CAEEL,189,NSS,Caenorhabditis elegans,6239,mig-17
sp|Q20930|MIG17_CAEEL,218,NNS,Caenorhabditis elegans,6239,mig-17
sp|Q20930|MIG17_CAEEL,350,NCS,Caenorhabditis elegans,6239,mig-17
sp|Q20937|CNOT1_CAEEL,135,NRS,Caenorhabditis elegans,6239,let-711
sp|Q20937|CNOT1_CAEEL,236,NFT,Caenorhabditis elegans,6239,let-711
sp|Q20937|CNOT1_CAEEL,376,NNS,Caenorhabditis elegans,6239,let-711
sp|Q20937|CNOT1_CAEEL,508,NIS,Caenorhabditis elegans,6239,let-711
sp|Q20937|CNOT1_CAEEL,608,NVT,Caenorhabditis elegans,6239,let-711
sp|Q20937|CNOT1_CAEEL,618,NDT,Caenorhabditis elegans,6239,let-711
sp|Q20937|CNOT1_CAEEL,895,NMS,Caenorhabditis elegans,6239,let-711
sp|Q20937|CNOT1_CAEEL,1002,NFS,Caenorhabditis elegans,6239,let-711
sp|Q20937|CNOT1_CAEEL,1243,NRT,Caenorhabditis elegans,6239,let-711
sp|Q20937|CNOT1_CAEEL,1285,NLS,Caenorhabditis elegans,6239,let-711
sp|Q20937|CNOT1_CAEEL,1371,NYS,Caenorhabditis elegans,6239,let-711
sp|Q20937|CNOT1_CAEEL,1572,NVT,Caenorhabditis elegans,6239,let-711
sp|Q20937|CNOT1_CAEEL,2457,NTT,Caenorhabditis elegans,6239,let-711
sp|Q20937|CNOT1_CAEEL,2540,NST,Caenorhabditis elegans,6239,let-711
sp|Q20937|CNOT1_CAEEL,2543,NDT,Caenorhabditis elegans,6239,let-711
sp|Q20937|CNOT1_CAEEL,2627,NNT,Caenorhabditis elegans,6239,let-711
sp|Q20938|PS11A_CAEEL,136,NRT,Caenorhabditis elegans,6239,rpn-6.1
sp|Q20938|PS11A_CAEEL,194,NLS,Caenorhabditis elegans,6239,rpn-6.1
sp|Q20938|PS11A_CAEEL,296,NGS,Caenorhabditis elegans,6239,rpn-6.1
sp|Q20938|PS11A_CAEEL,433,NAS,Caenorhabditis elegans,6239,rpn-6.1
sp|Q20977|STATB_CAEEL,33,NLS,Caenorhabditis elegans,6239,sta-2
sp|Q20977|STATB_CAEEL,156,NLT,Caenorhabditis elegans,6239,sta-2
sp|Q20977|STATB_CAEEL,247,NTS,Caenorhabditis elegans,6239,sta-2
sp|Q20992|ACX3_CAEEL,528,NLS,Caenorhabditis elegans,6239,acox-3
sp|Q21005|ACC1_CAEEL,32,NDT,Caenorhabditis elegans,6239,acc-1
sp|Q21005|ACC1_CAEEL,102,NIS,Caenorhabditis elegans,6239,acc-1
sp|Q21005|ACC1_CAEEL,143,NGT,Caenorhabditis elegans,6239,acc-1
sp|Q21005|ACC1_CAEEL,211,NFS,Caenorhabditis elegans,6239,acc-1
sp|Q21005|ACC1_CAEEL,376,NDS,Caenorhabditis elegans,6239,acc-1
sp|Q21005|ACC1_CAEEL,397,NIT,Caenorhabditis elegans,6239,acc-1
sp|Q21005|ACC1_CAEEL,442,NIS,Caenorhabditis elegans,6239,acc-1
sp|Q21017|KIN29_CAEEL,388,NLS,Caenorhabditis elegans,6239,kin-29
sp|Q21017|KIN29_CAEEL,466,NFS,Caenorhabditis elegans,6239,kin-29
sp|Q21017|KIN29_CAEEL,796,NDS,Caenorhabditis elegans,6239,kin-29
sp|Q21029|NSY1_CAEEL,48,NGS,Caenorhabditis elegans,6239,nsy-1
sp|Q21029|NSY1_CAEEL,97,NLT,Caenorhabditis elegans,6239,nsy-1
sp|Q21029|NSY1_CAEEL,407,NLT,Caenorhabditis elegans,6239,nsy-1
sp|Q21029|NSY1_CAEEL,1027,NRT,Caenorhabditis elegans,6239,nsy-1
sp|Q21029|NSY1_CAEEL,1046,NMS,Caenorhabditis elegans,6239,nsy-1
sp|Q21029|NSY1_CAEEL,1091,NRT,Caenorhabditis elegans,6239,nsy-1
sp|Q21029|NSY1_CAEEL,1100,NSS,Caenorhabditis elegans,6239,nsy-1
sp|Q21029|NSY1_CAEEL,1260,NSS,Caenorhabditis elegans,6239,nsy-1
sp|Q21049|LIPA_CAEEL,122,NNT,Caenorhabditis elegans,6239,syd-2
sp|Q21049|LIPA_CAEEL,206,NSS,Caenorhabditis elegans,6239,syd-2
sp|Q21049|LIPA_CAEEL,231,NGS,Caenorhabditis elegans,6239,syd-2
sp|Q21049|LIPA_CAEEL,494,NES,Caenorhabditis elegans,6239,syd-2
sp|Q21049|LIPA_CAEEL,731,NVS,Caenorhabditis elegans,6239,syd-2
sp|Q21049|LIPA_CAEEL,798,NSS,Caenorhabditis elegans,6239,syd-2
sp|Q21049|LIPA_CAEEL,815,NSS,Caenorhabditis elegans,6239,syd-2
sp|Q21049|LIPA_CAEEL,1126,NDS,Caenorhabditis elegans,6239,syd-2
sp|Q21054|CGT3_CAEEL,152,NSS,Caenorhabditis elegans,6239,cgt-3
sp|Q21054|CGT3_CAEEL,326,NSS,Caenorhabditis elegans,6239,cgt-3
sp|Q21059|NAS34_CAEEL,322,NST,Caenorhabditis elegans,6239,hch-1
sp|Q21067|IFC2_CAEEL,215,NVS,Caenorhabditis elegans,6239,ifc-2
sp|Q21067|IFC2_CAEEL,396,NVT,Caenorhabditis elegans,6239,ifc-2
sp|Q21067|IFC2_CAEEL,435,NTS,Caenorhabditis elegans,6239,ifc-2
sp|Q21067|IFC2_CAEEL,597,NST,Caenorhabditis elegans,6239,ifc-2
sp|Q21067|IFC2_CAEEL,607,NYT,Caenorhabditis elegans,6239,ifc-2
sp|Q21086|GNL3_CAEEL,39,NGT,Caenorhabditis elegans,6239,nst-1
sp|Q21086|GNL3_CAEEL,230,NNT,Caenorhabditis elegans,6239,nst-1
sp|Q21126|MEGG1_CAEEL,62,NGS,Caenorhabditis elegans,6239,meg-1
sp|Q21126|MEGG1_CAEEL,77,NTS,Caenorhabditis elegans,6239,meg-1
sp|Q21126|MEGG1_CAEEL,89,NFS,Caenorhabditis elegans,6239,meg-1
sp|Q21126|MEGG1_CAEEL,112,NAS,Caenorhabditis elegans,6239,meg-1
sp|Q21126|MEGG1_CAEEL,117,NGS,Caenorhabditis elegans,6239,meg-1
sp|Q21126|MEGG1_CAEEL,126,NTS,Caenorhabditis elegans,6239,meg-1
sp|Q21126|MEGG1_CAEEL,190,NQS,Caenorhabditis elegans,6239,meg-1
sp|Q21126|MEGG1_CAEEL,197,NQS,Caenorhabditis elegans,6239,meg-1
sp|Q21126|MEGG1_CAEEL,217,NQS,Caenorhabditis elegans,6239,meg-1
sp|Q21126|MEGG1_CAEEL,291,NLS,Caenorhabditis elegans,6239,meg-1
sp|Q21126|MEGG1_CAEEL,306,NQS,Caenorhabditis elegans,6239,meg-1
sp|Q21126|MEGG1_CAEEL,318,NLS,Caenorhabditis elegans,6239,meg-1
sp|Q21126|MEGG1_CAEEL,342,NTS,Caenorhabditis elegans,6239,meg-1
sp|Q21126|MEGG1_CAEEL,346,NHS,Caenorhabditis elegans,6239,meg-1
sp|Q21126|MEGG1_CAEEL,460,NSS,Caenorhabditis elegans,6239,meg-1
sp|Q21126|MEGG1_CAEEL,468,NSS,Caenorhabditis elegans,6239,meg-1
sp|Q21126|MEGG1_CAEEL,474,NQT,Caenorhabditis elegans,6239,meg-1
sp|Q21126|MEGG1_CAEEL,572,NFS,Caenorhabditis elegans,6239,meg-1
sp|Q21148|ZIP2_CAEEL,111,NMS,Caenorhabditis elegans,6239,zip-2
sp|Q21148|ZIP2_CAEEL,150,NSS,Caenorhabditis elegans,6239,zip-2
sp|Q21148|ZIP2_CAEEL,189,NAS,Caenorhabditis elegans,6239,zip-2
sp|Q21187|FKH9_CAEEL,10,NQT,Caenorhabditis elegans,6239,fkh-9
sp|Q21187|FKH9_CAEEL,18,NIT,Caenorhabditis elegans,6239,fkh-9
sp|Q21187|FKH9_CAEEL,119,NLS,Caenorhabditis elegans,6239,fkh-9
sp|Q21187|FKH9_CAEEL,274,NLT,Caenorhabditis elegans,6239,fkh-9
sp|Q21192|LIM6_CAEEL,221,NET,Caenorhabditis elegans,6239,lim-6
sp|Q21192|LIM6_CAEEL,304,NMT,Caenorhabditis elegans,6239,lim-6
sp|Q21209|BARD1_CAEEL,179,NST,Caenorhabditis elegans,6239,brd-1
sp|Q21209|BARD1_CAEEL,390,NSS,Caenorhabditis elegans,6239,brd-1
sp|Q21209|BARD1_CAEEL,407,NAS,Caenorhabditis elegans,6239,brd-1
sp|Q21219|PEPT1_CAEEL,422,NTT,Caenorhabditis elegans,6239,pept-1
sp|Q21219|PEPT1_CAEEL,471,NKS,Caenorhabditis elegans,6239,pept-1
sp|Q21219|PEPT1_CAEEL,558,NSS,Caenorhabditis elegans,6239,pept-1
sp|Q21219|PEPT1_CAEEL,571,NTS,Caenorhabditis elegans,6239,pept-1
sp|Q21219|PEPT1_CAEEL,606,NAT,Caenorhabditis elegans,6239,pept-1
sp|Q21219|PEPT1_CAEEL,649,NKT,Caenorhabditis elegans,6239,pept-1
sp|Q21221|AHO3_CAEEL,317,NAT,Caenorhabditis elegans,6239,aho-3
sp|Q21221|AHO3_CAEEL,328,NGT,Caenorhabditis elegans,6239,aho-3
sp|Q21222|AFG2H_CAEEL,46,NGT,Caenorhabditis elegans,6239,cdc-48.3
sp|Q21222|AFG2H_CAEEL,175,NSS,Caenorhabditis elegans,6239,cdc-48.3
sp|Q21222|AFG2H_CAEEL,186,NVT,Caenorhabditis elegans,6239,cdc-48.3
sp|Q21222|AFG2H_CAEEL,227,NAS,Caenorhabditis elegans,6239,cdc-48.3
sp|Q21222|AFG2H_CAEEL,455,NVS,Caenorhabditis elegans,6239,cdc-48.3
sp|Q21227|APR1_CAEEL,9,NET,Caenorhabditis elegans,6239,apr-1
sp|Q21227|APR1_CAEEL,192,NET,Caenorhabditis elegans,6239,apr-1
sp|Q21227|APR1_CAEEL,212,NLT,Caenorhabditis elegans,6239,apr-1
sp|Q21227|APR1_CAEEL,243,NIT,Caenorhabditis elegans,6239,apr-1
sp|Q21227|APR1_CAEEL,254,NLS,Caenorhabditis elegans,6239,apr-1
sp|Q21227|APR1_CAEEL,349,NTS,Caenorhabditis elegans,6239,apr-1
sp|Q21227|APR1_CAEEL,632,NSS,Caenorhabditis elegans,6239,apr-1
sp|Q21227|APR1_CAEEL,640,NSS,Caenorhabditis elegans,6239,apr-1
sp|Q21227|APR1_CAEEL,683,NTT,Caenorhabditis elegans,6239,apr-1
sp|Q21227|APR1_CAEEL,728,NGT,Caenorhabditis elegans,6239,apr-1
sp|Q21227|APR1_CAEEL,939,NSS,Caenorhabditis elegans,6239,apr-1
sp|Q21227|APR1_CAEEL,1016,NET,Caenorhabditis elegans,6239,apr-1
sp|Q21227|APR1_CAEEL,1063,NGS,Caenorhabditis elegans,6239,apr-1
sp|Q21227|APR1_CAEEL,1102,NQT,Caenorhabditis elegans,6239,apr-1
sp|Q21227|APR1_CAEEL,1142,NGS,Caenorhabditis elegans,6239,apr-1
sp|Q21241|LECT2_CAEEL,317,NIT,Caenorhabditis elegans,6239,lect-2
sp|Q21253|GELS1_CAEEL,66,NAS,Caenorhabditis elegans,6239,gsnl-1
sp|Q21253|GELS1_CAEEL,216,NDS,Caenorhabditis elegans,6239,gsnl-1
sp|Q21253|GELS1_CAEEL,378,NFT,Caenorhabditis elegans,6239,gsnl-1
sp|Q21281|MUP4_CAEEL,494,NYS,Caenorhabditis elegans,6239,mup-4
sp|Q21281|MUP4_CAEEL,556,NVT,Caenorhabditis elegans,6239,mup-4
sp|Q21281|MUP4_CAEEL,879,NCS,Caenorhabditis elegans,6239,mup-4
sp|Q21281|MUP4_CAEEL,1037,NDS,Caenorhabditis elegans,6239,mup-4
sp|Q21281|MUP4_CAEEL,1132,NCS,Caenorhabditis elegans,6239,mup-4
sp|Q21281|MUP4_CAEEL,1271,NQS,Caenorhabditis elegans,6239,mup-4
sp|Q21281|MUP4_CAEEL,1403,NVS,Caenorhabditis elegans,6239,mup-4
sp|Q21281|MUP4_CAEEL,1576,NFT,Caenorhabditis elegans,6239,mup-4
sp|Q21281|MUP4_CAEEL,1730,NST,Caenorhabditis elegans,6239,mup-4
sp|Q21281|MUP4_CAEEL,1782,NCS,Caenorhabditis elegans,6239,mup-4
sp|Q21281|MUP4_CAEEL,1838,NVT,Caenorhabditis elegans,6239,mup-4
sp|Q21281|MUP4_CAEEL,2028,NQS,Caenorhabditis elegans,6239,mup-4
sp|Q21281|MUP4_CAEEL,2070,NQS,Caenorhabditis elegans,6239,mup-4
sp|Q21286|CATP5_CAEEL,2,NTS,Caenorhabditis elegans,6239,catp-5
sp|Q21286|CATP5_CAEEL,321,NGT,Caenorhabditis elegans,6239,catp-5
sp|Q21286|CATP5_CAEEL,962,NIS,Caenorhabditis elegans,6239,catp-5
sp|Q21286|CATP5_CAEEL,1043,NTT,Caenorhabditis elegans,6239,catp-5
sp|Q21286|CATP5_CAEEL,1188,NLS,Caenorhabditis elegans,6239,catp-5
sp|Q21313|EPI1_CAEEL,121,NNS,Caenorhabditis elegans,6239,epi-1
sp|Q21313|EPI1_CAEEL,140,NIT,Caenorhabditis elegans,6239,epi-1
sp|Q21313|EPI1_CAEEL,249,NFT,Caenorhabditis elegans,6239,epi-1
sp|Q21313|EPI1_CAEEL,351,NFT,Caenorhabditis elegans,6239,epi-1
sp|Q21313|EPI1_CAEEL,477,NGT,Caenorhabditis elegans,6239,epi-1
sp|Q21313|EPI1_CAEEL,511,NVT,Caenorhabditis elegans,6239,epi-1
sp|Q21313|EPI1_CAEEL,530,NCS,Caenorhabditis elegans,6239,epi-1
sp|Q21313|EPI1_CAEEL,634,NFT,Caenorhabditis elegans,6239,epi-1
sp|Q21313|EPI1_CAEEL,761,NGT,Caenorhabditis elegans,6239,epi-1
sp|Q21313|EPI1_CAEEL,1014,NTT,Caenorhabditis elegans,6239,epi-1
sp|Q21313|EPI1_CAEEL,1341,NSS,Caenorhabditis elegans,6239,epi-1
sp|Q21313|EPI1_CAEEL,1705,NMT,Caenorhabditis elegans,6239,epi-1
sp|Q21313|EPI1_CAEEL,1756,NIT,Caenorhabditis elegans,6239,epi-1
sp|Q21313|EPI1_CAEEL,1868,NAT,Caenorhabditis elegans,6239,epi-1
sp|Q21313|EPI1_CAEEL,1871,NGS,Caenorhabditis elegans,6239,epi-1
sp|Q21313|EPI1_CAEEL,1944,NLT,Caenorhabditis elegans,6239,epi-1
sp|Q21313|EPI1_CAEEL,1986,NCS,Caenorhabditis elegans,6239,epi-1
sp|Q21313|EPI1_CAEEL,2002,NKS,Caenorhabditis elegans,6239,epi-1
sp|Q21313|EPI1_CAEEL,2159,NIS,Caenorhabditis elegans,6239,epi-1
sp|Q21313|EPI1_CAEEL,2207,NST,Caenorhabditis elegans,6239,epi-1
sp|Q21313|EPI1_CAEEL,2231,NIT,Caenorhabditis elegans,6239,epi-1
sp|Q21313|EPI1_CAEEL,2235,NGT,Caenorhabditis elegans,6239,epi-1
sp|Q21313|EPI1_CAEEL,2401,NIT,Caenorhabditis elegans,6239,epi-1
sp|Q21313|EPI1_CAEEL,2421,NET,Caenorhabditis elegans,6239,epi-1
sp|Q21313|EPI1_CAEEL,2487,NLT,Caenorhabditis elegans,6239,epi-1
sp|Q21313|EPI1_CAEEL,2821,NKS,Caenorhabditis elegans,6239,epi-1
sp|Q21313|EPI1_CAEEL,3087,NAT,Caenorhabditis elegans,6239,epi-1
sp|Q21313|EPI1_CAEEL,3242,NIS,Caenorhabditis elegans,6239,epi-1
sp|Q21313|EPI1_CAEEL,3541,NGS,Caenorhabditis elegans,6239,epi-1
sp|Q21360|MAK1_CAEEL,80,NAT,Caenorhabditis elegans,6239,mak-1
sp|Q21361|NFIL3_CAEEL,33,NFS,Caenorhabditis elegans,6239,atf-2
sp|Q21361|NFIL3_CAEEL,48,NES,Caenorhabditis elegans,6239,atf-2
sp|Q21361|NFIL3_CAEEL,300,NKS,Caenorhabditis elegans,6239,atf-2
sp|Q21361|NFIL3_CAEEL,324,NYS,Caenorhabditis elegans,6239,atf-2
sp|Q21361|NFIL3_CAEEL,327,NKS,Caenorhabditis elegans,6239,atf-2
sp|Q21412|PARN1_CAEEL,94,NDT,Caenorhabditis elegans,6239,parn-1
sp|Q21412|PARN1_CAEEL,190,NSS,Caenorhabditis elegans,6239,parn-1
sp|Q21412|PARN1_CAEEL,200,NLS,Caenorhabditis elegans,6239,parn-1
sp|Q21412|PARN1_CAEEL,235,NIS,Caenorhabditis elegans,6239,parn-1
sp|Q21412|PARN1_CAEEL,509,NDS,Caenorhabditis elegans,6239,parn-1
sp|Q21415|GLR3_CAEEL,225,NMS,Caenorhabditis elegans,6239,glr-3
sp|Q21415|GLR3_CAEEL,257,NIT,Caenorhabditis elegans,6239,glr-3
sp|Q21415|GLR3_CAEEL,356,NYT,Caenorhabditis elegans,6239,glr-3
sp|Q21415|GLR3_CAEEL,391,NSS,Caenorhabditis elegans,6239,glr-3
sp|Q21415|GLR3_CAEEL,419,NGS,Caenorhabditis elegans,6239,glr-3
sp|Q21415|GLR3_CAEEL,657,NES,Caenorhabditis elegans,6239,glr-3
sp|Q21432|NAS11_CAEEL,256,NLT,Caenorhabditis elegans,6239,nas-11
sp|Q21432|NAS11_CAEEL,454,NWS,Caenorhabditis elegans,6239,nas-11
sp|Q21433|NRAMB_CAEEL,8,NIS,Caenorhabditis elegans,6239,smf-2
sp|Q21433|NRAMB_CAEEL,321,NNT,Caenorhabditis elegans,6239,smf-2
sp|Q21433|NRAMB_CAEEL,409,NLT,Caenorhabditis elegans,6239,smf-2
sp|Q21433|NRAMB_CAEEL,514,NDT,Caenorhabditis elegans,6239,smf-2
sp|Q21434|NRAMA_CAEEL,334,NNT,Caenorhabditis elegans,6239,smf-1
sp|Q21434|NRAMA_CAEEL,422,NLT,Caenorhabditis elegans,6239,smf-1
sp|Q21434|NRAMA_CAEEL,538,NKS,Caenorhabditis elegans,6239,smf-1
sp|Q21441|KI26L_CAEEL,51,NYS,Caenorhabditis elegans,6239,vab-8
sp|Q21441|KI26L_CAEEL,148,NES,Caenorhabditis elegans,6239,vab-8
sp|Q21441|KI26L_CAEEL,182,NES,Caenorhabditis elegans,6239,vab-8
sp|Q21441|KI26L_CAEEL,251,NST,Caenorhabditis elegans,6239,vab-8
sp|Q21441|KI26L_CAEEL,347,NSS,Caenorhabditis elegans,6239,vab-8
sp|Q21441|KI26L_CAEEL,388,NSS,Caenorhabditis elegans,6239,vab-8
sp|Q21441|KI26L_CAEEL,416,NHS,Caenorhabditis elegans,6239,vab-8
sp|Q21441|KI26L_CAEEL,804,NAS,Caenorhabditis elegans,6239,vab-8
sp|Q21441|KI26L_CAEEL,940,NGT,Caenorhabditis elegans,6239,vab-8
sp|Q21441|KI26L_CAEEL,1023,NSS,Caenorhabditis elegans,6239,vab-8
sp|Q21441|KI26L_CAEEL,1057,NHS,Caenorhabditis elegans,6239,vab-8
sp|Q21443|LMN1_CAEEL,20,NSS,Caenorhabditis elegans,6239,lmn-1
sp|Q21443|LMN1_CAEEL,183,NIT,Caenorhabditis elegans,6239,lmn-1
sp|Q21443|LMN1_CAEEL,273,NKT,Caenorhabditis elegans,6239,lmn-1
sp|Q21443|LMN1_CAEEL,316,NAS,Caenorhabditis elegans,6239,lmn-1
sp|Q21443|LMN1_CAEEL,388,NLT,Caenorhabditis elegans,6239,lmn-1
sp|Q21443|LMN1_CAEEL,396,NTS,Caenorhabditis elegans,6239,lmn-1
sp|Q21443|LMN1_CAEEL,463,NNS,Caenorhabditis elegans,6239,lmn-1
sp|Q21446|LIN14_CAEEL,46,NGT,Caenorhabditis elegans,6239,lin-14
sp|Q21446|LIN14_CAEEL,92,NAT,Caenorhabditis elegans,6239,lin-14
sp|Q21446|LIN14_CAEEL,228,NHS,Caenorhabditis elegans,6239,lin-14
sp|Q21446|LIN14_CAEEL,274,NGT,Caenorhabditis elegans,6239,lin-14
sp|Q21446|LIN14_CAEEL,278,NGT,Caenorhabditis elegans,6239,lin-14
sp|Q21446|LIN14_CAEEL,311,NIS,Caenorhabditis elegans,6239,lin-14
sp|Q21446|LIN14_CAEEL,383,NHS,Caenorhabditis elegans,6239,lin-14
sp|Q21446|LIN14_CAEEL,516,NIS,Caenorhabditis elegans,6239,lin-14
sp|Q21480|ATG2_CAEEL,26,NLS,Caenorhabditis elegans,6239,atg-2
sp|Q21480|ATG2_CAEEL,185,NRS,Caenorhabditis elegans,6239,atg-2
sp|Q21480|ATG2_CAEEL,216,NAT,Caenorhabditis elegans,6239,atg-2
sp|Q21480|ATG2_CAEEL,237,NLT,Caenorhabditis elegans,6239,atg-2
sp|Q21480|ATG2_CAEEL,420,NMT,Caenorhabditis elegans,6239,atg-2
sp|Q21480|ATG2_CAEEL,428,NQS,Caenorhabditis elegans,6239,atg-2
sp|Q21480|ATG2_CAEEL,603,NST,Caenorhabditis elegans,6239,atg-2
sp|Q21480|ATG2_CAEEL,933,NQS,Caenorhabditis elegans,6239,atg-2
sp|Q21480|ATG2_CAEEL,1036,NHT,Caenorhabditis elegans,6239,atg-2
sp|Q21480|ATG2_CAEEL,1206,NIS,Caenorhabditis elegans,6239,atg-2
sp|Q21480|ATG2_CAEEL,1330,NKS,Caenorhabditis elegans,6239,atg-2
sp|Q21480|ATG2_CAEEL,1403,NET,Caenorhabditis elegans,6239,atg-2
sp|Q21480|ATG2_CAEEL,1406,NES,Caenorhabditis elegans,6239,atg-2
sp|Q21480|ATG2_CAEEL,1416,NFS,Caenorhabditis elegans,6239,atg-2
sp|Q21480|ATG2_CAEEL,1460,NGS,Caenorhabditis elegans,6239,atg-2
sp|Q21480|ATG2_CAEEL,1535,NST,Caenorhabditis elegans,6239,atg-2
sp|Q21480|ATG2_CAEEL,1877,NIS,Caenorhabditis elegans,6239,atg-2
sp|Q21489|CHL1_CAEEL,276,NST,Caenorhabditis elegans,6239,chl-1
sp|Q21489|CHL1_CAEEL,733,NKT,Caenorhabditis elegans,6239,chl-1
sp|Q21502|MEP1_CAEEL,14,NTT,Caenorhabditis elegans,6239,mep-1
sp|Q21502|MEP1_CAEEL,56,NGS,Caenorhabditis elegans,6239,mep-1
sp|Q21502|MEP1_CAEEL,153,NGT,Caenorhabditis elegans,6239,mep-1
sp|Q21502|MEP1_CAEEL,171,NGT,Caenorhabditis elegans,6239,mep-1
sp|Q21502|MEP1_CAEEL,358,NMT,Caenorhabditis elegans,6239,mep-1
sp|Q21578|HHEXH_CAEEL,38,NES,Caenorhabditis elegans,6239,pha-2
sp|Q21578|HHEXH_CAEEL,57,NGT,Caenorhabditis elegans,6239,pha-2
sp|Q21578|HHEXH_CAEEL,99,NQT,Caenorhabditis elegans,6239,pha-2
sp|Q21626|BBS5_CAEEL,70,NIT,Caenorhabditis elegans,6239,bbs-5
sp|Q21626|BBS5_CAEEL,179,NLS,Caenorhabditis elegans,6239,bbs-5
sp|Q21626|BBS5_CAEEL,208,NVS,Caenorhabditis elegans,6239,bbs-5
sp|Q21691|NRDE3_CAEEL,252,NRS,Caenorhabditis elegans,6239,nrde-3
sp|Q21691|NRDE3_CAEEL,428,NRS,Caenorhabditis elegans,6239,nrde-3
sp|Q21691|NRDE3_CAEEL,753,NNS,Caenorhabditis elegans,6239,nrde-3
sp|Q21691|NRDE3_CAEEL,964,NVT,Caenorhabditis elegans,6239,nrde-3
sp|Q21691|NRDE3_CAEEL,984,NVS,Caenorhabditis elegans,6239,nrde-3
sp|Q21693|IF4E2_CAEEL,22,NWT,Caenorhabditis elegans,6239,ife-2
sp|Q21693|IF4E2_CAEEL,33,NKS,Caenorhabditis elegans,6239,ife-2
sp|Q21693|IF4E2_CAEEL,169,NAS,Caenorhabditis elegans,6239,ife-2
sp|Q21733|DAF8_CAEEL,181,NVT,Caenorhabditis elegans,6239,daf-8
sp|Q21733|DAF8_CAEEL,270,NDT,Caenorhabditis elegans,6239,daf-8
sp|Q21733|DAF8_CAEEL,293,NFS,Caenorhabditis elegans,6239,daf-8
sp|Q21733|DAF8_CAEEL,399,NRS,Caenorhabditis elegans,6239,daf-8
sp|Q21734|KS6A1_CAEEL,25,NVS,Caenorhabditis elegans,6239,rskn-1
sp|Q21734|KS6A1_CAEEL,310,NDT,Caenorhabditis elegans,6239,rskn-1
sp|Q21734|KS6A1_CAEEL,656,NDT,Caenorhabditis elegans,6239,rskn-1
sp|Q21734|KS6A1_CAEEL,775,NYT,Caenorhabditis elegans,6239,rskn-1
sp|Q21734|KS6A1_CAEEL,779,NVS,Caenorhabditis elegans,6239,rskn-1
sp|Q21738|PAXT1_CAEEL,48,NVT,Caenorhabditis elegans,6239,paxt-1
sp|Q21738|PAXT1_CAEEL,259,NMS,Caenorhabditis elegans,6239,paxt-1
sp|Q21776|BUB1_CAEEL,191,NNS,Caenorhabditis elegans,6239,bub-1
sp|Q21776|BUB1_CAEEL,374,NYS,Caenorhabditis elegans,6239,bub-1
sp|Q21776|BUB1_CAEEL,620,NLT,Caenorhabditis elegans,6239,bub-1
sp|Q21776|BUB1_CAEEL,625,NES,Caenorhabditis elegans,6239,bub-1
sp|Q21776|BUB1_CAEEL,838,NDS,Caenorhabditis elegans,6239,bub-1
sp|Q21815|MIG23_CAEEL,190,NKT,Caenorhabditis elegans,6239,mig-23
sp|Q21815|MIG23_CAEEL,284,NGT,Caenorhabditis elegans,6239,mig-23
sp|Q21815|MIG23_CAEEL,541,NRT,Caenorhabditis elegans,6239,mig-23
sp|Q21832|RBM8A_CAEEL,117,NDT,Caenorhabditis elegans,6239,rnp-4
sp|Q21836|ARXH_CAEEL,99,NGS,Caenorhabditis elegans,6239,alr-1
sp|Q21898|VATL1_CAEEL,97,NYT,Caenorhabditis elegans,6239,vha-1
sp|Q21921|SIR2_CAEEL,7,NDS,Caenorhabditis elegans,6239,sir-2.1
sp|Q21921|SIR2_CAEEL,100,NAS,Caenorhabditis elegans,6239,sir-2.1
sp|Q21921|SIR2_CAEEL,234,NYT,Caenorhabditis elegans,6239,sir-2.1
sp|Q21929|DCXR_CAEEL,140,NIS,Caenorhabditis elegans,6239,dhs-21
sp|Q21929|DCXR_CAEEL,152,NHT,Caenorhabditis elegans,6239,dhs-21
sp|Q21929|DCXR_CAEEL,197,NWS,Caenorhabditis elegans,6239,dhs-21
sp|Q21929|DCXR_CAEEL,233,NAS,Caenorhabditis elegans,6239,dhs-21
sp|Q21952|NUF2_CAEEL,52,NVS,Caenorhabditis elegans,6239,him-10
sp|Q21952|NUF2_CAEEL,482,NDS,Caenorhabditis elegans,6239,him-10
sp|Q21955|MED15_CAEEL,199,NGS,Caenorhabditis elegans,6239,mdt-15
sp|Q21955|MED15_CAEEL,653,NET,Caenorhabditis elegans,6239,mdt-15
sp|Q21955|MED15_CAEEL,707,NVT,Caenorhabditis elegans,6239,mdt-15
sp|Q21955|MED15_CAEEL,757,NQT,Caenorhabditis elegans,6239,mdt-15
sp|Q21966|ASP4_CAEEL,106,NFT,Caenorhabditis elegans,6239,asp-4
sp|Q21966|ASP4_CAEEL,433,NES,Caenorhabditis elegans,6239,asp-4
sp|Q21974|UNC8_CAEEL,274,NAS,Caenorhabditis elegans,6239,unc-8
sp|Q21974|UNC8_CAEEL,319,NAS,Caenorhabditis elegans,6239,unc-8
sp|Q21974|UNC8_CAEEL,357,NYT,Caenorhabditis elegans,6239,unc-8
sp|Q21974|UNC8_CAEEL,411,NLS,Caenorhabditis elegans,6239,unc-8
sp|Q21974|UNC8_CAEEL,453,NDS,Caenorhabditis elegans,6239,unc-8
sp|Q21974|UNC8_CAEEL,533,NCS,Caenorhabditis elegans,6239,unc-8
sp|Q21974|UNC8_CAEEL,597,NLT,Caenorhabditis elegans,6239,unc-8
sp|Q21974|UNC8_CAEEL,651,NDT,Caenorhabditis elegans,6239,unc-8
sp|Q21974|UNC8_CAEEL,768,NES,Caenorhabditis elegans,6239,unc-8
sp|Q22000|PDE4_CAEEL,190,NRS,Caenorhabditis elegans,6239,pde-4
sp|Q22000|PDE4_CAEEL,363,NHS,Caenorhabditis elegans,6239,pde-4
sp|Q22000|PDE4_CAEEL,498,NLS,Caenorhabditis elegans,6239,pde-4
sp|Q22000|PDE4_CAEEL,609,NVT,Caenorhabditis elegans,6239,pde-4
sp|Q22002|MAB10_CAEEL,175,NYT,Caenorhabditis elegans,6239,mab-10
sp|Q22002|MAB10_CAEEL,234,NTT,Caenorhabditis elegans,6239,mab-10
sp|Q22002|MAB10_CAEEL,277,NTS,Caenorhabditis elegans,6239,mab-10
sp|Q22002|MAB10_CAEEL,294,NVS,Caenorhabditis elegans,6239,mab-10
sp|Q22002|MAB10_CAEEL,319,NFS,Caenorhabditis elegans,6239,mab-10
sp|Q22024|EGL43_CAEEL,44,NDS,Caenorhabditis elegans,6239,egl-43
sp|Q22024|EGL43_CAEEL,397,NST,Caenorhabditis elegans,6239,egl-43
sp|Q22024|EGL43_CAEEL,458,NLT,Caenorhabditis elegans,6239,egl-43
sp|Q22024|EGL43_CAEEL,499,NTS,Caenorhabditis elegans,6239,egl-43
sp|Q22024|EGL43_CAEEL,515,NST,Caenorhabditis elegans,6239,egl-43
sp|Q22036|CAN5_CAEEL,38,NQS,Caenorhabditis elegans,6239,tra-3
sp|Q22036|CAN5_CAEEL,208,NDT,Caenorhabditis elegans,6239,tra-3
sp|Q22036|CAN5_CAEEL,310,NVS,Caenorhabditis elegans,6239,tra-3
sp|Q22036|CAN5_CAEEL,354,NTS,Caenorhabditis elegans,6239,tra-3
sp|Q22036|CAN5_CAEEL,411,NCS,Caenorhabditis elegans,6239,tra-3
sp|Q22067|AATC_CAEEL,32,NLT,Caenorhabditis elegans,6239,got-1.2
sp|Q22067|AATC_CAEEL,60,NDT,Caenorhabditis elegans,6239,got-1.2
sp|Q22067|AATC_CAEEL,262,NLT,Caenorhabditis elegans,6239,got-1.2
sp|Q22067|AATC_CAEEL,287,NWS,Caenorhabditis elegans,6239,got-1.2
sp|Q22067|AATC_CAEEL,313,NQS,Caenorhabditis elegans,6239,got-1.2
sp|Q22071|MEC15_CAEEL,273,NFS,Caenorhabditis elegans,6239,mec-15
sp|Q22071|MEC15_CAEEL,347,NYT,Caenorhabditis elegans,6239,mec-15
sp|Q22099|SYK_CAEEL,80,NVT,Caenorhabditis elegans,6239,kars-1
sp|Q22146|FRK1_CAEEL,212,NGS,Caenorhabditis elegans,6239,frk-1
sp|Q22197|CKI1_CAEEL,110,NSS,Caenorhabditis elegans,6239,cki-1
sp|Q22227|MIG5_CAEEL,509,NST,Caenorhabditis elegans,6239,mig-5
sp|Q22227|MIG5_CAEEL,623,NGS,Caenorhabditis elegans,6239,mig-5
sp|Q22227|MIG5_CAEEL,661,NSS,Caenorhabditis elegans,6239,mig-5
sp|Q22258|ATR_CAEEL,314,NFS,Caenorhabditis elegans,6239,atl-1
sp|Q22258|ATR_CAEEL,782,NVS,Caenorhabditis elegans,6239,atl-1
sp|Q22258|ATR_CAEEL,950,NTT,Caenorhabditis elegans,6239,atl-1
sp|Q22258|ATR_CAEEL,1102,NYS,Caenorhabditis elegans,6239,atl-1
sp|Q22258|ATR_CAEEL,1592,NST,Caenorhabditis elegans,6239,atl-1
sp|Q22258|ATR_CAEEL,1717,NVS,Caenorhabditis elegans,6239,atl-1
sp|Q22271|UNC58_CAEEL,226,NFT,Caenorhabditis elegans,6239,unc-58
sp|Q22271|UNC58_CAEEL,354,NRS,Caenorhabditis elegans,6239,unc-58
sp|Q22271|UNC58_CAEEL,382,NDT,Caenorhabditis elegans,6239,unc-58
sp|Q22307|DHX9_CAEEL,52,NST,Caenorhabditis elegans,6239,rha-1
sp|Q22307|DHX9_CAEEL,293,NET,Caenorhabditis elegans,6239,rha-1
sp|Q22307|DHX9_CAEEL,324,NIS,Caenorhabditis elegans,6239,rha-1
sp|Q22307|DHX9_CAEEL,626,NES,Caenorhabditis elegans,6239,rha-1
sp|Q22307|DHX9_CAEEL,1109,NVS,Caenorhabditis elegans,6239,rha-1
sp|Q22307|DHX9_CAEEL,1196,NNS,Caenorhabditis elegans,6239,rha-1
sp|Q22307|DHX9_CAEEL,1245,NNS,Caenorhabditis elegans,6239,rha-1
sp|Q22307|DHX9_CAEEL,1297,NAS,Caenorhabditis elegans,6239,rha-1
sp|Q22329|PORCN_CAEEL,27,NAT,Caenorhabditis elegans,6239,mom-1
sp|Q22329|PORCN_CAEEL,106,NIS,Caenorhabditis elegans,6239,mom-1
sp|Q22329|PORCN_CAEEL,304,NST,Caenorhabditis elegans,6239,mom-1
sp|Q22329|PORCN_CAEEL,376,NKT,Caenorhabditis elegans,6239,mom-1
sp|Q22355|AST1_CAEEL,94,NLS,Caenorhabditis elegans,6239,ast-1
sp|Q22355|AST1_CAEEL,104,NST,Caenorhabditis elegans,6239,ast-1
sp|Q22355|AST1_CAEEL,122,NSS,Caenorhabditis elegans,6239,ast-1
sp|Q22355|AST1_CAEEL,135,NGS,Caenorhabditis elegans,6239,ast-1
sp|Q22355|AST1_CAEEL,149,NIS,Caenorhabditis elegans,6239,ast-1
sp|Q22355|AST1_CAEEL,186,NST,Caenorhabditis elegans,6239,ast-1
sp|Q22355|AST1_CAEEL,344,NGS,Caenorhabditis elegans,6239,ast-1
sp|Q22355|AST1_CAEEL,354,NYS,Caenorhabditis elegans,6239,ast-1
sp|Q22355|AST1_CAEEL,366,NLS,Caenorhabditis elegans,6239,ast-1
sp|Q22361|CNI1_CAEEL,108,NRS,Caenorhabditis elegans,6239,cni-1
sp|Q22366|RIM_CAEEL,192,NQT,Caenorhabditis elegans,6239,unc-10
sp|Q22366|RIM_CAEEL,275,NMT,Caenorhabditis elegans,6239,unc-10
sp|Q22366|RIM_CAEEL,282,NQT,Caenorhabditis elegans,6239,unc-10
sp|Q22366|RIM_CAEEL,293,NDS,Caenorhabditis elegans,6239,unc-10
sp|Q22366|RIM_CAEEL,443,NNS,Caenorhabditis elegans,6239,unc-10
sp|Q22366|RIM_CAEEL,708,NAT,Caenorhabditis elegans,6239,unc-10
sp|Q22366|RIM_CAEEL,745,NLT,Caenorhabditis elegans,6239,unc-10
sp|Q22366|RIM_CAEEL,800,NNT,Caenorhabditis elegans,6239,unc-10
sp|Q22366|RIM_CAEEL,807,NRS,Caenorhabditis elegans,6239,unc-10
sp|Q22366|RIM_CAEEL,1269,NNT,Caenorhabditis elegans,6239,unc-10
sp|Q22366|RIM_CAEEL,1275,NTS,Caenorhabditis elegans,6239,unc-10
sp|Q22366|RIM_CAEEL,1351,NLS,Caenorhabditis elegans,6239,unc-10
sp|Q22366|RIM_CAEEL,1490,NDS,Caenorhabditis elegans,6239,unc-10
sp|Q22397|AAT6_CAEEL,289,NKT,Caenorhabditis elegans,6239,aat-6
sp|Q22397|AAT6_CAEEL,312,NST,Caenorhabditis elegans,6239,aat-6
sp|Q22397|AAT6_CAEEL,462,NAT,Caenorhabditis elegans,6239,aat-6
sp|Q22453|SSU72_CAEEL,18,NRS,Caenorhabditis elegans,6239,ssup-72
sp|Q22453|SSU72_CAEEL,126,NRS,Caenorhabditis elegans,6239,ssup-72
sp|Q22472|RIC3_CAEEL,291,NSS,Caenorhabditis elegans,6239,ric-3
sp|Q22492|HEXA_CAEEL,47,NRT,Caenorhabditis elegans,6239,hex-1
sp|Q22492|HEXA_CAEEL,351,NDT,Caenorhabditis elegans,6239,hex-1
sp|Q22492|HEXA_CAEEL,412,NIT,Caenorhabditis elegans,6239,hex-1
sp|Q22492|HEXA_CAEEL,460,NGT,Caenorhabditis elegans,6239,hex-1
sp|Q22495|TSP12_CAEEL,110,NTS,Caenorhabditis elegans,6239,tsp-12
sp|Q22495|TSP12_CAEEL,213,NSS,Caenorhabditis elegans,6239,tsp-12
sp|Q22505|IMMT1_CAEEL,213,NVT,Caenorhabditis elegans,6239,immt-1
sp|Q22505|IMMT1_CAEEL,283,NKS,Caenorhabditis elegans,6239,immt-1
sp|Q22505|IMMT1_CAEEL,517,NES,Caenorhabditis elegans,6239,immt-1
sp|Q22505|IMMT1_CAEEL,608,NNT,Caenorhabditis elegans,6239,immt-1
sp|Q22510|FKH02_CAEEL,144,NLS,Caenorhabditis elegans,6239,fkh-2
sp|Q22516|CHD3_CAEEL,113,NFS,Caenorhabditis elegans,6239,chd-3
sp|Q22516|CHD3_CAEEL,130,NVT,Caenorhabditis elegans,6239,chd-3
sp|Q22516|CHD3_CAEEL,633,NGT,Caenorhabditis elegans,6239,chd-3
sp|Q22516|CHD3_CAEEL,771,NQS,Caenorhabditis elegans,6239,chd-3
sp|Q22516|CHD3_CAEEL,1348,NKS,Caenorhabditis elegans,6239,chd-3
sp|Q22516|CHD3_CAEEL,1459,NIT,Caenorhabditis elegans,6239,chd-3
sp|Q22516|CHD3_CAEEL,1716,NFT,Caenorhabditis elegans,6239,chd-3
sp|Q22516|CHD3_CAEEL,1731,NLS,Caenorhabditis elegans,6239,chd-3
sp|Q22557|SPRTN_CAEEL,126,NIT,Caenorhabditis elegans,6239,dvc-1
sp|Q22557|SPRTN_CAEEL,209,NKS,Caenorhabditis elegans,6239,dvc-1
sp|Q22557|SPRTN_CAEEL,237,NSS,Caenorhabditis elegans,6239,dvc-1
sp|Q22557|SPRTN_CAEEL,241,NST,Caenorhabditis elegans,6239,dvc-1
sp|Q22557|SPRTN_CAEEL,302,NFT,Caenorhabditis elegans,6239,dvc-1
sp|Q22592|BECN_CAEEL,115,NVS,Caenorhabditis elegans,6239,bec-1
sp|Q22618|DSRAD_CAEEL,64,NGS,Caenorhabditis elegans,6239,adr-2
sp|Q22618|DSRAD_CAEEL,263,NSS,Caenorhabditis elegans,6239,adr-2
sp|Q22695|CD5R1_CAEEL,4,NLT,Caenorhabditis elegans,6239,cdka-1
sp|Q22695|CD5R1_CAEEL,41,NTS,Caenorhabditis elegans,6239,cdka-1
sp|Q22695|CD5R1_CAEEL,60,NWS,Caenorhabditis elegans,6239,cdka-1
sp|Q22695|CD5R1_CAEEL,99,NVS,Caenorhabditis elegans,6239,cdka-1
sp|Q22695|CD5R1_CAEEL,336,NSS,Caenorhabditis elegans,6239,cdka-1
sp|Q22703|TFDP1_CAEEL,211,NDT,Caenorhabditis elegans,6239,dpl-1
sp|Q22703|TFDP1_CAEEL,323,NLS,Caenorhabditis elegans,6239,dpl-1
sp|Q22707|DUS11_CAEEL,155,NRT,Caenorhabditis elegans,6239,pir-1
sp|Q22707|DUS11_CAEEL,170,NYS,Caenorhabditis elegans,6239,pir-1
sp|Q22707|DUS11_CAEEL,230,NNS,Caenorhabditis elegans,6239,pir-1
sp|Q22712|MTMR3_CAEEL,40,NES,Caenorhabditis elegans,6239,mtm-3
sp|Q22712|MTMR3_CAEEL,54,NES,Caenorhabditis elegans,6239,mtm-3
sp|Q22712|MTMR3_CAEEL,71,NYT,Caenorhabditis elegans,6239,mtm-3
sp|Q22712|MTMR3_CAEEL,438,NLS,Caenorhabditis elegans,6239,mtm-3
sp|Q22712|MTMR3_CAEEL,602,NQS,Caenorhabditis elegans,6239,mtm-3
sp|Q22712|MTMR3_CAEEL,617,NVS,Caenorhabditis elegans,6239,mtm-3
sp|Q22712|MTMR3_CAEEL,657,NTS,Caenorhabditis elegans,6239,mtm-3
sp|Q22712|MTMR3_CAEEL,814,NTT,Caenorhabditis elegans,6239,mtm-3
sp|Q22712|MTMR3_CAEEL,905,NDS,Caenorhabditis elegans,6239,mtm-3
sp|Q22712|MTMR3_CAEEL,914,NNS,Caenorhabditis elegans,6239,mtm-3
sp|Q22712|MTMR3_CAEEL,918,NVS,Caenorhabditis elegans,6239,mtm-3
sp|Q22712|MTMR3_CAEEL,922,NVS,Caenorhabditis elegans,6239,mtm-3
sp|Q22744|RASF1_CAEEL,41,NIS,Caenorhabditis elegans,6239,rsf-1
sp|Q22744|RASF1_CAEEL,138,NDT,Caenorhabditis elegans,6239,rsf-1
sp|Q22744|RASF1_CAEEL,164,NHS,Caenorhabditis elegans,6239,rsf-1
sp|Q22744|RASF1_CAEEL,199,NYT,Caenorhabditis elegans,6239,rsf-1
sp|Q22744|RASF1_CAEEL,368,NLS,Caenorhabditis elegans,6239,rsf-1
sp|Q22744|RASF1_CAEEL,494,NDT,Caenorhabditis elegans,6239,rsf-1
sp|Q22782|RAB6B_CAEEL,123,NKT,Caenorhabditis elegans,6239,rab-6.2
sp|Q22795|KMT5A_CAEEL,186,NHS,Caenorhabditis elegans,6239,set-1
sp|Q22812|HM39_CAEEL,357,NRS,Caenorhabditis elegans,6239,ceh-39
sp|Q22830|OSM1_CAEEL,21,NIS,Caenorhabditis elegans,6239,osm-1
sp|Q22830|OSM1_CAEEL,27,NGS,Caenorhabditis elegans,6239,osm-1
sp|Q22830|OSM1_CAEEL,180,NFS,Caenorhabditis elegans,6239,osm-1
sp|Q22830|OSM1_CAEEL,338,NDT,Caenorhabditis elegans,6239,osm-1
sp|Q22830|OSM1_CAEEL,477,NHT,Caenorhabditis elegans,6239,osm-1
sp|Q22830|OSM1_CAEEL,539,NLS,Caenorhabditis elegans,6239,osm-1
sp|Q22830|OSM1_CAEEL,612,NTS,Caenorhabditis elegans,6239,osm-1
sp|Q22830|OSM1_CAEEL,700,NDT,Caenorhabditis elegans,6239,osm-1
sp|Q22830|OSM1_CAEEL,782,NDS,Caenorhabditis elegans,6239,osm-1
sp|Q22830|OSM1_CAEEL,1473,NFS,Caenorhabditis elegans,6239,osm-1
sp|Q22830|OSM1_CAEEL,1713,NQT,Caenorhabditis elegans,6239,osm-1
sp|Q22866|TPM1_CAEEL,132,NRS,Caenorhabditis elegans,6239,lev-11
sp|Q22875|SHOC2_CAEEL,186,NLS,Caenorhabditis elegans,6239,soc-2
sp|Q22875|SHOC2_CAEEL,310,NLS,Caenorhabditis elegans,6239,soc-2
sp|Q22875|SHOC2_CAEEL,381,NLS,Caenorhabditis elegans,6239,soc-2
sp|Q22875|SHOC2_CAEEL,478,NLT,Caenorhabditis elegans,6239,soc-2
sp|Q22875|SHOC2_CAEEL,500,NSS,Caenorhabditis elegans,6239,soc-2
sp|Q22942|CKA2_CAEEL,21,NMS,Caenorhabditis elegans,6239,cka-2
sp|Q22993|PMT2_CAEEL,90,NAT,Caenorhabditis elegans,6239,pmt-2
sp|Q22993|PMT2_CAEEL,93,NAT,Caenorhabditis elegans,6239,pmt-2
sp|Q22993|PMT2_CAEEL,134,NNT,Caenorhabditis elegans,6239,pmt-2
sp|Q22993|PMT2_CAEEL,362,NKT,Caenorhabditis elegans,6239,pmt-2
sp|Q22993|PMT2_CAEEL,373,NMT,Caenorhabditis elegans,6239,pmt-2
sp|Q23022|ACH5_CAEEL,124,NIT,Caenorhabditis elegans,6239,unc-38
sp|Q23022|ACH5_CAEEL,202,NVT,Caenorhabditis elegans,6239,unc-38
sp|Q23022|ACH5_CAEEL,412,NAT,Caenorhabditis elegans,6239,unc-38
sp|Q23022|ACH5_CAEEL,503,NLS,Caenorhabditis elegans,6239,unc-38
sp|Q23023|UNC51_CAEEL,45,NIS,Caenorhabditis elegans,6239,unc-51
sp|Q23023|UNC51_CAEEL,144,NNS,Caenorhabditis elegans,6239,unc-51
sp|Q23023|UNC51_CAEEL,378,NVS,Caenorhabditis elegans,6239,unc-51
sp|Q23023|UNC51_CAEEL,573,NNS,Caenorhabditis elegans,6239,unc-51
sp|Q23023|UNC51_CAEEL,587,NQT,Caenorhabditis elegans,6239,unc-51
sp|Q23023|UNC51_CAEEL,696,NTS,Caenorhabditis elegans,6239,unc-51
sp|Q23045|EGL13_CAEEL,215,NAT,Caenorhabditis elegans,6239,egl-13
sp|Q23045|EGL13_CAEEL,229,NIS,Caenorhabditis elegans,6239,egl-13
sp|Q23045|EGL13_CAEEL,258,NLS,Caenorhabditis elegans,6239,egl-13
sp|Q23045|EGL13_CAEEL,296,NCS,Caenorhabditis elegans,6239,egl-13
sp|Q23045|EGL13_CAEEL,300,NSS,Caenorhabditis elegans,6239,egl-13
sp|Q23045|EGL13_CAEEL,309,NTS,Caenorhabditis elegans,6239,egl-13
sp|Q23045|EGL13_CAEEL,358,NIS,Caenorhabditis elegans,6239,egl-13
sp|Q23049|TTC8_CAEEL,283,NVT,Caenorhabditis elegans,6239,bbs-8
sp|Q23064|UNC83_CAEEL,39,NCS,Caenorhabditis elegans,6239,unc-83
sp|Q23064|UNC83_CAEEL,53,NLT,Caenorhabditis elegans,6239,unc-83
sp|Q23064|UNC83_CAEEL,402,NLS,Caenorhabditis elegans,6239,unc-83
sp|Q23064|UNC83_CAEEL,491,NQT,Caenorhabditis elegans,6239,unc-83
sp|Q23064|UNC83_CAEEL,528,NAS,Caenorhabditis elegans,6239,unc-83
sp|Q23064|UNC83_CAEEL,920,NES,Caenorhabditis elegans,6239,unc-83
sp|Q23120|RSP2_CAEEL,118,NLS,Caenorhabditis elegans,6239,rsp-2
sp|Q23120|RSP2_CAEEL,260,NRS,Caenorhabditis elegans,6239,rsp-2
sp|Q23120|RSP2_CAEEL,271,NSS,Caenorhabditis elegans,6239,rsp-2
sp|Q23121|RSP1_CAEEL,135,NLS,Caenorhabditis elegans,6239,rsp-1
sp|Q23175|HM32_CAEEL,16,NFS,Caenorhabditis elegans,6239,ceh-32
sp|Q23175|HM32_CAEEL,67,NLT,Caenorhabditis elegans,6239,ceh-32
sp|Q23175|HM32_CAEEL,220,NAT,Caenorhabditis elegans,6239,ceh-32
sp|Q23175|HM32_CAEEL,389,NES,Caenorhabditis elegans,6239,ceh-32
sp|Q23194|VPS18_CAEEL,453,NFT,Caenorhabditis elegans,6239,vps-18
sp|Q23194|VPS18_CAEEL,478,NSS,Caenorhabditis elegans,6239,vps-18
sp|Q23194|VPS18_CAEEL,830,NES,Caenorhabditis elegans,6239,vps-18
sp|Q23194|VPS18_CAEEL,895,NRT,Caenorhabditis elegans,6239,vps-18
sp|Q23212|FLP03_CAEEL,102,NDT,Caenorhabditis elegans,6239,flp-3
sp|Q23221|FAT3_CAEEL,6,NAS,Caenorhabditis elegans,6239,fat-3
sp|Q23221|FAT3_CAEEL,88,NVS,Caenorhabditis elegans,6239,fat-3
sp|Q23221|FAT3_CAEEL,122,NET,Caenorhabditis elegans,6239,fat-3
sp|Q23221|FAT3_CAEEL,182,NDT,Caenorhabditis elegans,6239,fat-3
sp|Q23221|FAT3_CAEEL,366,NMT,Caenorhabditis elegans,6239,fat-3
sp|Q23229|XOL1_CAEEL,197,NGT,Caenorhabditis elegans,6239,xol-1
sp|Q23238|ULP2_CAEEL,108,NLS,Caenorhabditis elegans,6239,ulp-2
sp|Q23238|ULP2_CAEEL,133,NKS,Caenorhabditis elegans,6239,ulp-2
sp|Q23238|ULP2_CAEEL,139,NLT,Caenorhabditis elegans,6239,ulp-2
sp|Q23238|ULP2_CAEEL,234,NGS,Caenorhabditis elegans,6239,ulp-2
sp|Q23238|ULP2_CAEEL,439,NAS,Caenorhabditis elegans,6239,ulp-2
sp|Q23238|ULP2_CAEEL,451,NSS,Caenorhabditis elegans,6239,ulp-2
sp|Q23238|ULP2_CAEEL,556,NDS,Caenorhabditis elegans,6239,ulp-2
sp|Q23238|ULP2_CAEEL,589,NLT,Caenorhabditis elegans,6239,ulp-2
sp|Q23243|MORC1_CAEEL,3,NDT,Caenorhabditis elegans,6239,morc-1
sp|Q23243|MORC1_CAEEL,215,NTT,Caenorhabditis elegans,6239,morc-1
sp|Q23243|MORC1_CAEEL,294,NET,Caenorhabditis elegans,6239,morc-1
sp|Q23243|MORC1_CAEEL,315,NYT,Caenorhabditis elegans,6239,morc-1
sp|Q23243|MORC1_CAEEL,483,NNT,Caenorhabditis elegans,6239,morc-1
sp|Q23255|MRE11_CAEEL,44,NDT,Caenorhabditis elegans,6239,mre-11
sp|Q23255|MRE11_CAEEL,155,NQS,Caenorhabditis elegans,6239,mre-11
sp|Q23255|MRE11_CAEEL,247,NNS,Caenorhabditis elegans,6239,mre-11
sp|Q23255|MRE11_CAEEL,441,NIT,Caenorhabditis elegans,6239,mre-11
sp|Q23255|MRE11_CAEEL,485,NIT,Caenorhabditis elegans,6239,mre-11
sp|Q23255|MRE11_CAEEL,697,NDS,Caenorhabditis elegans,6239,mre-11
sp|Q23272|ATFS1_CAEEL,111,NVT,Caenorhabditis elegans,6239,atfs-1
sp|Q23272|ATFS1_CAEEL,141,NGS,Caenorhabditis elegans,6239,atfs-1
sp|Q23272|ATFS1_CAEEL,295,NLS,Caenorhabditis elegans,6239,atfs-1
sp|Q23288|SPE39_CAEEL,18,NES,Caenorhabditis elegans,6239,spe-39
sp|Q23288|SPE39_CAEEL,23,NSS,Caenorhabditis elegans,6239,spe-39
sp|Q23288|SPE39_CAEEL,207,NNT,Caenorhabditis elegans,6239,spe-39
sp|Q23310|GCY14_CAEEL,65,NFT,Caenorhabditis elegans,6239,gcy-14
sp|Q23310|GCY14_CAEEL,130,NVS,Caenorhabditis elegans,6239,gcy-14
sp|Q23310|GCY14_CAEEL,318,NFS,Caenorhabditis elegans,6239,gcy-14
sp|Q23310|GCY14_CAEEL,340,NST,Caenorhabditis elegans,6239,gcy-14
sp|Q23310|GCY14_CAEEL,365,NRS,Caenorhabditis elegans,6239,gcy-14
sp|Q23310|GCY14_CAEEL,379,NGS,Caenorhabditis elegans,6239,gcy-14
sp|Q23310|GCY14_CAEEL,417,NTS,Caenorhabditis elegans,6239,gcy-14
sp|Q23310|GCY14_CAEEL,431,NGS,Caenorhabditis elegans,6239,gcy-14
sp|Q23316|NICA_CAEEL,40,NKT,Caenorhabditis elegans,6239,aph-2
sp|Q23316|NICA_CAEEL,181,NST,Caenorhabditis elegans,6239,aph-2
sp|Q23316|NICA_CAEEL,271,NET,Caenorhabditis elegans,6239,aph-2
sp|Q23316|NICA_CAEEL,328,NTS,Caenorhabditis elegans,6239,aph-2
sp|Q23316|NICA_CAEEL,409,NKT,Caenorhabditis elegans,6239,aph-2
sp|Q23316|NICA_CAEEL,627,NFS,Caenorhabditis elegans,6239,aph-2
sp|Q23356|MIG15_CAEEL,29,NGT,Caenorhabditis elegans,6239,mig-15
sp|Q23356|MIG15_CAEEL,651,NAS,Caenorhabditis elegans,6239,mig-15
sp|Q23356|MIG15_CAEEL,753,NVT,Caenorhabditis elegans,6239,mig-15
sp|Q23356|MIG15_CAEEL,759,NGT,Caenorhabditis elegans,6239,mig-15
sp|Q23356|MIG15_CAEEL,863,NTT,Caenorhabditis elegans,6239,mig-15
sp|Q23357|CD112_CAEEL,3,NYS,Caenorhabditis elegans,6239,cdk-11.2
sp|Q23357|CD112_CAEEL,7,NGS,Caenorhabditis elegans,6239,cdk-11.2
sp|Q23357|CD112_CAEEL,96,NHS,Caenorhabditis elegans,6239,cdk-11.2
sp|Q23357|CD112_CAEEL,113,NRS,Caenorhabditis elegans,6239,cdk-11.2
sp|Q23357|CD112_CAEEL,234,NET,Caenorhabditis elegans,6239,cdk-11.2
sp|Q23357|CD112_CAEEL,570,NET,Caenorhabditis elegans,6239,cdk-11.2
sp|Q23359|MOE2_CAEEL,370,NET,Caenorhabditis elegans,6239,oma-2
sp|Q23405|HIM14_CAEEL,4,NKS,Caenorhabditis elegans,6239,him-14
sp|Q23405|HIM14_CAEEL,42,NNT,Caenorhabditis elegans,6239,him-14
sp|Q23405|HIM14_CAEEL,204,NDT,Caenorhabditis elegans,6239,him-14
sp|Q23405|HIM14_CAEEL,244,NHT,Caenorhabditis elegans,6239,him-14
sp|Q23405|HIM14_CAEEL,434,NSS,Caenorhabditis elegans,6239,him-14
sp|Q23405|HIM14_CAEEL,471,NRT,Caenorhabditis elegans,6239,him-14
sp|Q23405|HIM14_CAEEL,573,NDT,Caenorhabditis elegans,6239,him-14
sp|Q23405|HIM14_CAEEL,640,NKS,Caenorhabditis elegans,6239,him-14
sp|Q23405|HIM14_CAEEL,710,NYS,Caenorhabditis elegans,6239,him-14
sp|Q23405|HIM14_CAEEL,727,NST,Caenorhabditis elegans,6239,him-14
sp|Q23457|RBX1_CAEEL,17,NQT,Caenorhabditis elegans,6239,rbx-1
sp|Q23462|GCNA1_CAEEL,10,NKS,Caenorhabditis elegans,6239,gcna-1
sp|Q23462|GCNA1_CAEEL,13,NAS,Caenorhabditis elegans,6239,gcna-1
sp|Q23462|GCNA1_CAEEL,35,NDS,Caenorhabditis elegans,6239,gcna-1
sp|Q23462|GCNA1_CAEEL,62,NIS,Caenorhabditis elegans,6239,gcna-1
sp|Q23462|GCNA1_CAEEL,336,NHS,Caenorhabditis elegans,6239,gcna-1
sp|Q23462|GCNA1_CAEEL,341,NST,Caenorhabditis elegans,6239,gcna-1
sp|Q23462|GCNA1_CAEEL,477,NSS,Caenorhabditis elegans,6239,gcna-1
sp|Q23490|MLT7_CAEEL,7,NLS,Caenorhabditis elegans,6239,mlt-7
sp|Q23490|MLT7_CAEEL,233,NQS,Caenorhabditis elegans,6239,mlt-7
sp|Q23490|MLT7_CAEEL,509,NIT,Caenorhabditis elegans,6239,mlt-7
sp|Q23490|MLT7_CAEEL,617,NTT,Caenorhabditis elegans,6239,mlt-7
sp|Q23490|MLT7_CAEEL,706,NLT,Caenorhabditis elegans,6239,mlt-7
sp|Q23498|ASM2_CAEEL,89,NST,Caenorhabditis elegans,6239,asm-2
sp|Q23498|ASM2_CAEEL,159,NIT,Caenorhabditis elegans,6239,asm-2
sp|Q23498|ASM2_CAEEL,298,NMT,Caenorhabditis elegans,6239,asm-2
sp|Q23498|ASM2_CAEEL,525,NVT,Caenorhabditis elegans,6239,asm-2
sp|Q23498|ASM2_CAEEL,568,NTT,Caenorhabditis elegans,6239,asm-2
sp|Q23529|HOOK_CAEEL,99,NRT,Caenorhabditis elegans,6239,zyg-12
sp|Q23529|HOOK_CAEEL,126,NRT,Caenorhabditis elegans,6239,zyg-12
sp|Q23529|HOOK_CAEEL,233,NGS,Caenorhabditis elegans,6239,zyg-12
sp|Q23529|HOOK_CAEEL,494,NLS,Caenorhabditis elegans,6239,zyg-12
sp|Q23529|HOOK_CAEEL,623,NAT,Caenorhabditis elegans,6239,zyg-12
sp|Q23529|HOOK_CAEEL,700,NRS,Caenorhabditis elegans,6239,zyg-12
sp|Q23533|SORF1_CAEEL,6,NST,Caenorhabditis elegans,6239,sorf-1
sp|Q23533|SORF1_CAEEL,104,NIS,Caenorhabditis elegans,6239,sorf-1
sp|Q23533|SORF1_CAEEL,169,NVS,Caenorhabditis elegans,6239,sorf-1
sp|Q23541|KDM5_CAEEL,295,NST,Caenorhabditis elegans,6239,rbr-2
sp|Q23541|KDM5_CAEEL,870,NLT,Caenorhabditis elegans,6239,rbr-2
sp|Q23541|KDM5_CAEEL,1095,NGS,Caenorhabditis elegans,6239,rbr-2
sp|Q23541|KDM5_CAEEL,1212,NKS,Caenorhabditis elegans,6239,rbr-2
sp|Q23541|KDM5_CAEEL,1270,NGT,Caenorhabditis elegans,6239,rbr-2
sp|Q23544|FICD_CAEEL,315,NCS,Caenorhabditis elegans,6239,fic-1
sp|Q23551|UNC22_CAEEL,420,NSS,Caenorhabditis elegans,6239,unc-22
sp|Q23551|UNC22_CAEEL,429,NGS,Caenorhabditis elegans,6239,unc-22
sp|Q23551|UNC22_CAEEL,627,NES,Caenorhabditis elegans,6239,unc-22
sp|Q23551|UNC22_CAEEL,775,NGT,Caenorhabditis elegans,6239,unc-22
sp|Q23551|UNC22_CAEEL,823,NKS,Caenorhabditis elegans,6239,unc-22
sp|Q23551|UNC22_CAEEL,988,NVT,Caenorhabditis elegans,6239,unc-22
sp|Q23551|UNC22_CAEEL,994,NET,Caenorhabditis elegans,6239,unc-22
sp|Q23551|UNC22_CAEEL,1326,NES,Caenorhabditis elegans,6239,unc-22
sp|Q23551|UNC22_CAEEL,1456,NGT,Caenorhabditis elegans,6239,unc-22
sp|Q23551|UNC22_CAEEL,1486,NVT,Caenorhabditis elegans,6239,unc-22
sp|Q23551|UNC22_CAEEL,1606,NVT,Caenorhabditis elegans,6239,unc-22
sp|Q23551|UNC22_CAEEL,1872,NSS,Caenorhabditis elegans,6239,unc-22
sp|Q23551|UNC22_CAEEL,1946,NTT,Caenorhabditis elegans,6239,unc-22
sp|Q23551|UNC22_CAEEL,2048,NAS,Caenorhabditis elegans,6239,unc-22
sp|Q23551|UNC22_CAEEL,2179,NLT,Caenorhabditis elegans,6239,unc-22
sp|Q23551|UNC22_CAEEL,2204,NLS,Caenorhabditis elegans,6239,unc-22
sp|Q23551|UNC22_CAEEL,2463,NAS,Caenorhabditis elegans,6239,unc-22
sp|Q23551|UNC22_CAEEL,2757,NGT,Caenorhabditis elegans,6239,unc-22
sp|Q23551|UNC22_CAEEL,2981,NLT,Caenorhabditis elegans,6239,unc-22
sp|Q23551|UNC22_CAEEL,3227,NAT,Caenorhabditis elegans,6239,unc-22
sp|Q23551|UNC22_CAEEL,3348,NGT,Caenorhabditis elegans,6239,unc-22
sp|Q23551|UNC22_CAEEL,3600,NGS,Caenorhabditis elegans,6239,unc-22
sp|Q23551|UNC22_CAEEL,3614,NNT,Caenorhabditis elegans,6239,unc-22
sp|Q23551|UNC22_CAEEL,3618,NNT,Caenorhabditis elegans,6239,unc-22
sp|Q23551|UNC22_CAEEL,3641,NES,Caenorhabditis elegans,6239,unc-22
sp|Q23551|UNC22_CAEEL,3819,NLT,Caenorhabditis elegans,6239,unc-22
sp|Q23551|UNC22_CAEEL,3944,NVT,Caenorhabditis elegans,6239,unc-22
sp|Q23551|UNC22_CAEEL,4394,NTS,Caenorhabditis elegans,6239,unc-22
sp|Q23551|UNC22_CAEEL,4541,NIT,Caenorhabditis elegans,6239,unc-22
sp|Q23551|UNC22_CAEEL,4703,NET,Caenorhabditis elegans,6239,unc-22
sp|Q23551|UNC22_CAEEL,4723,NGS,Caenorhabditis elegans,6239,unc-22
sp|Q23551|UNC22_CAEEL,5288,NYT,Caenorhabditis elegans,6239,unc-22
sp|Q23551|UNC22_CAEEL,5703,NDS,Caenorhabditis elegans,6239,unc-22
sp|Q23551|UNC22_CAEEL,5715,NVT,Caenorhabditis elegans,6239,unc-22
sp|Q23551|UNC22_CAEEL,5999,NSS,Caenorhabditis elegans,6239,unc-22
sp|Q23551|UNC22_CAEEL,6061,NNS,Caenorhabditis elegans,6239,unc-22
sp|Q23551|UNC22_CAEEL,6080,NAS,Caenorhabditis elegans,6239,unc-22
sp|Q23551|UNC22_CAEEL,6105,NVT,Caenorhabditis elegans,6239,unc-22
sp|Q23551|UNC22_CAEEL,6145,NYT,Caenorhabditis elegans,6239,unc-22
sp|Q23551|UNC22_CAEEL,6559,NYS,Caenorhabditis elegans,6239,unc-22
sp|Q23551|UNC22_CAEEL,6673,NVT,Caenorhabditis elegans,6239,unc-22
sp|Q23552|PMT1_CAEEL,43,NHS,Caenorhabditis elegans,6239,pmt-1
sp|Q23552|PMT1_CAEEL,302,NST,Caenorhabditis elegans,6239,pmt-1
sp|Q23552|PMT1_CAEEL,362,NQS,Caenorhabditis elegans,6239,pmt-1
sp|Q23571|ODB2_CAEEL,292,NST,Caenorhabditis elegans,6239,dbt-1
sp|Q23579|HLH10_CAEEL,73,NDT,Caenorhabditis elegans,6239,hlh-10
sp|Q23579|HLH10_CAEEL,84,NKS,Caenorhabditis elegans,6239,hlh-10
sp|Q23579|HLH10_CAEEL,92,NES,Caenorhabditis elegans,6239,hlh-10
sp|Q23588|UTPP_CAEEL,75,NLS,Caenorhabditis elegans,6239,upp-1
sp|Q23590|BAZ2_CAEEL,4,NSS,Caenorhabditis elegans,6239,baz-2
sp|Q23590|BAZ2_CAEEL,45,NGT,Caenorhabditis elegans,6239,baz-2
sp|Q23590|BAZ2_CAEEL,607,NFS,Caenorhabditis elegans,6239,baz-2
sp|Q23590|BAZ2_CAEEL,1380,NFT,Caenorhabditis elegans,6239,baz-2
sp|Q23651|ELP3_CAEEL,99,NFT,Caenorhabditis elegans,6239,elpc-3
sp|Q23651|ELP3_CAEEL,464,NVS,Caenorhabditis elegans,6239,elpc-3
sp|Q23658|CAPS_CAEEL,58,NNS,Caenorhabditis elegans,6239,unc-31
sp|Q23658|CAPS_CAEEL,84,NVS,Caenorhabditis elegans,6239,unc-31
sp|Q23658|CAPS_CAEEL,895,NYT,Caenorhabditis elegans,6239,unc-31
sp|Q23658|CAPS_CAEEL,1340,NGS,Caenorhabditis elegans,6239,unc-31
sp|Q23658|CAPS_CAEEL,1354,NAT,Caenorhabditis elegans,6239,unc-31
sp|Q23658|CAPS_CAEEL,1361,NMS,Caenorhabditis elegans,6239,unc-31
sp|Q23670|TOP2_CAEEL,35,NES,Caenorhabditis elegans,6239,top-2
sp|Q23670|TOP2_CAEEL,232,NMT,Caenorhabditis elegans,6239,top-2
sp|Q23670|TOP2_CAEEL,1032,NTT,Caenorhabditis elegans,6239,top-2
sp|Q23681|GCY4_CAEEL,17,NLT,Caenorhabditis elegans,6239,gcy-4
sp|Q23681|GCY4_CAEEL,40,NGS,Caenorhabditis elegans,6239,gcy-4
sp|Q23681|GCY4_CAEEL,194,NES,Caenorhabditis elegans,6239,gcy-4
sp|Q23681|GCY4_CAEEL,252,NSS,Caenorhabditis elegans,6239,gcy-4
sp|Q23681|GCY4_CAEEL,351,NAT,Caenorhabditis elegans,6239,gcy-4
sp|Q23681|GCY4_CAEEL,377,NST,Caenorhabditis elegans,6239,gcy-4
sp|Q23681|GCY4_CAEEL,386,NLS,Caenorhabditis elegans,6239,gcy-4
sp|Q23681|GCY4_CAEEL,438,NDT,Caenorhabditis elegans,6239,gcy-4
sp|Q23681|GCY4_CAEEL,556,NFT,Caenorhabditis elegans,6239,gcy-4
sp|Q23681|GCY4_CAEEL,686,NDS,Caenorhabditis elegans,6239,gcy-4
sp|Q23681|GCY4_CAEEL,788,NQT,Caenorhabditis elegans,6239,gcy-4
sp|Q23681|GCY4_CAEEL,1076,NQS,Caenorhabditis elegans,6239,gcy-4
sp|Q23681|GCY4_CAEEL,1102,NYS,Caenorhabditis elegans,6239,gcy-4
sp|Q23681|GCY4_CAEEL,1114,NLS,Caenorhabditis elegans,6239,gcy-4
sp|Q23682|GCY5_CAEEL,252,NMT,Caenorhabditis elegans,6239,gcy-5
sp|Q23682|GCY5_CAEEL,299,NET,Caenorhabditis elegans,6239,gcy-5
sp|Q23682|GCY5_CAEEL,344,NTS,Caenorhabditis elegans,6239,gcy-5
sp|Q23682|GCY5_CAEEL,350,NAS,Caenorhabditis elegans,6239,gcy-5
sp|Q23682|GCY5_CAEEL,378,NST,Caenorhabditis elegans,6239,gcy-5
sp|Q23682|GCY5_CAEEL,434,NMT,Caenorhabditis elegans,6239,gcy-5
sp|Q23682|GCY5_CAEEL,439,NSS,Caenorhabditis elegans,6239,gcy-5
sp|Q23682|GCY5_CAEEL,570,NYT,Caenorhabditis elegans,6239,gcy-5
sp|Q23682|GCY5_CAEEL,643,NFS,Caenorhabditis elegans,6239,gcy-5
sp|Q23682|GCY5_CAEEL,684,NDS,Caenorhabditis elegans,6239,gcy-5
sp|Q23682|GCY5_CAEEL,771,NRT,Caenorhabditis elegans,6239,gcy-5
sp|Q26261|UNC5_CAEEL,206,NYT,Caenorhabditis elegans,6239,unc-5
sp|Q26261|UNC5_CAEEL,503,NCS,Caenorhabditis elegans,6239,unc-5
sp|Q26261|UNC5_CAEEL,801,NGS,Caenorhabditis elegans,6239,unc-5
sp|Q26261|UNC5_CAEEL,866,NES,Caenorhabditis elegans,6239,unc-5
sp|Q27218|ACH7_CAEEL,28,NHS,Caenorhabditis elegans,6239,lev-1
sp|Q27218|ACH7_CAEEL,58,NRS,Caenorhabditis elegans,6239,lev-1
sp|Q27218|ACH7_CAEEL,109,NIT,Caenorhabditis elegans,6239,lev-1
sp|Q27218|ACH7_CAEEL,256,NVT,Caenorhabditis elegans,6239,lev-1
sp|Q27218|ACH7_CAEEL,484,NAT,Caenorhabditis elegans,6239,lev-1
sp|Q27218|ACH7_CAEEL,500,NDT,Caenorhabditis elegans,6239,lev-1
sp|Q27249|TPM3_CAEEL,241,NLT,Caenorhabditis elegans,6239,lev-11
sp|Q27355|LIN26_CAEEL,66,NNT,Caenorhabditis elegans,6239,lin-26
sp|Q27355|LIN26_CAEEL,151,NLS,Caenorhabditis elegans,6239,lin-26
sp|Q27355|LIN26_CAEEL,227,NHS,Caenorhabditis elegans,6239,lin-26
sp|Q27355|LIN26_CAEEL,365,NST,Caenorhabditis elegans,6239,lin-26
sp|Q27394|LE653_CAEEL,172,NRT,Caenorhabditis elegans,6239,let-653
sp|Q27394|LE653_CAEEL,211,NLS,Caenorhabditis elegans,6239,let-653
sp|Q27394|LE653_CAEEL,272,NCS,Caenorhabditis elegans,6239,let-653
sp|Q27394|LE653_CAEEL,771,NFT,Caenorhabditis elegans,6239,let-653
sp|Q27433|MEC2_CAEEL,18,NGS,Caenorhabditis elegans,6239,mec-2
sp|Q27433|MEC2_CAEEL,215,NAT,Caenorhabditis elegans,6239,mec-2
sp|Q27433|MEC2_CAEEL,351,NST,Caenorhabditis elegans,6239,mec-2
sp|Q27433|MEC2_CAEEL,465,NQS,Caenorhabditis elegans,6239,mec-2
sp|Q27487|CATA1_CAEEL,144,NNT,Caenorhabditis elegans,6239,ctl-2
sp|Q27487|CATA1_CAEEL,240,NLT,Caenorhabditis elegans,6239,ctl-2
sp|Q27511|H2AV_CAEEL,74,NAS,Caenorhabditis elegans,6239,htz-1
sp|Q27539|CLPP1_CAEEL,215,NGS,Caenorhabditis elegans,6239,clpp-1
sp|Q27873|PIMT_CAEEL,56,NAT,Caenorhabditis elegans,6239,pcm-1
sp|Q27873|PIMT_CAEEL,103,NGT,Caenorhabditis elegans,6239,pcm-1
sp|Q27874|PAT3_CAEEL,47,NYT,Caenorhabditis elegans,6239,pat-3
sp|Q27874|PAT3_CAEEL,141,NVT,Caenorhabditis elegans,6239,pat-3
sp|Q27874|PAT3_CAEEL,269,NKT,Caenorhabditis elegans,6239,pat-3
sp|Q27874|PAT3_CAEEL,373,NDS,Caenorhabditis elegans,6239,pat-3
sp|Q27874|PAT3_CAEEL,400,NAS,Caenorhabditis elegans,6239,pat-3
sp|Q27874|PAT3_CAEEL,530,NES,Caenorhabditis elegans,6239,pat-3
sp|Q27874|PAT3_CAEEL,672,NET,Caenorhabditis elegans,6239,pat-3
sp|Q27874|PAT3_CAEEL,693,NET,Caenorhabditis elegans,6239,pat-3
sp|Q27874|PAT3_CAEEL,721,NAT,Caenorhabditis elegans,6239,pat-3
sp|Q27886|LIN44_CAEEL,286,NET,Caenorhabditis elegans,6239,lin-44
sp|Q27886|LIN44_CAEEL,339,NGT,Caenorhabditis elegans,6239,lin-44
sp|Q2PJ68|SGK1_CAEEL,7,NES,Caenorhabditis elegans,6239,sgk-1
sp|Q2PJ68|SGK1_CAEEL,356,NIS,Caenorhabditis elegans,6239,sgk-1
sp|Q2PJ68|SGK1_CAEEL,421,NIS,Caenorhabditis elegans,6239,sgk-1
sp|Q2PJ68|SGK1_CAEEL,452,NFT,Caenorhabditis elegans,6239,sgk-1
sp|Q3LRZ3|AXLP1_CAEEL,129,NTT,Caenorhabditis elegans,6239,axl-1
sp|Q3LRZ3|AXLP1_CAEEL,194,NSS,Caenorhabditis elegans,6239,axl-1
sp|Q3LRZ3|AXLP1_CAEEL,262,NAS,Caenorhabditis elegans,6239,axl-1
sp|Q3V5I7|ATG5_CAEEL,91,NLS,Caenorhabditis elegans,6239,atg-5
sp|Q3V5I7|ATG5_CAEEL,95,NDS,Caenorhabditis elegans,6239,atg-5
sp|Q3V5I7|ATG5_CAEEL,258,NLS,Caenorhabditis elegans,6239,atg-5
sp|Q3Y416|KKCC_CAEEL,105,NLS,Caenorhabditis elegans,6239,ckk-1
sp|Q3Y416|KKCC_CAEEL,505,NST,Caenorhabditis elegans,6239,ckk-1
sp|Q3Y416|KKCC_CAEEL,520,NLS,Caenorhabditis elegans,6239,ckk-1
sp|Q45EK2|CEH60_CAEEL,190,NTT,Caenorhabditis elegans,6239,ceh-60
sp|Q45EK2|CEH60_CAEEL,268,NSS,Caenorhabditis elegans,6239,ceh-60
sp|Q45EK2|CEH60_CAEEL,277,NMS,Caenorhabditis elegans,6239,ceh-60
sp|Q45FX5|VAV_CAEEL,58,NGT,Caenorhabditis elegans,6239,vav-1
sp|Q45FX5|VAV_CAEEL,172,NGS,Caenorhabditis elegans,6239,vav-1
sp|Q45FX5|VAV_CAEEL,196,NRT,Caenorhabditis elegans,6239,vav-1
sp|Q45FX5|VAV_CAEEL,542,NAS,Caenorhabditis elegans,6239,vav-1
sp|Q45FX5|VAV_CAEEL,599,NVS,Caenorhabditis elegans,6239,vav-1
sp|Q45FX5|VAV_CAEEL,649,NMS,Caenorhabditis elegans,6239,vav-1
sp|Q45FX5|VAV_CAEEL,698,NST,Caenorhabditis elegans,6239,vav-1
sp|Q45FX5|VAV_CAEEL,735,NRT,Caenorhabditis elegans,6239,vav-1
sp|Q45FX5|VAV_CAEEL,773,NES,Caenorhabditis elegans,6239,vav-1
sp|Q45FX5|VAV_CAEEL,802,NSS,Caenorhabditis elegans,6239,vav-1
sp|Q45FX5|VAV_CAEEL,809,NGS,Caenorhabditis elegans,6239,vav-1
sp|Q45FX5|VAV_CAEEL,850,NGT,Caenorhabditis elegans,6239,vav-1
sp|Q45FX5|VAV_CAEEL,896,NST,Caenorhabditis elegans,6239,vav-1
sp|Q45FX5|VAV_CAEEL,976,NKS,Caenorhabditis elegans,6239,vav-1
sp|Q4TT88|PSA_CAEEL,30,NFS,Caenorhabditis elegans,6239,pam-1
sp|Q4TT88|PSA_CAEEL,194,NGT,Caenorhabditis elegans,6239,pam-1
sp|Q4TT88|PSA_CAEEL,872,NSS,Caenorhabditis elegans,6239,pam-1
sp|Q4W4Z2|RT4I1_CAEEL,25,NGS,Caenorhabditis elegans,6239,rad-8
sp|Q4W4Z2|RT4I1_CAEEL,143,NLS,Caenorhabditis elegans,6239,rad-8
sp|Q59E83|NPR22_CAEEL,207,NWT,Caenorhabditis elegans,6239,npr-22
sp|Q59E83|NPR22_CAEEL,369,NTS,Caenorhabditis elegans,6239,npr-22
sp|Q59E83|NPR22_CAEEL,376,NRS,Caenorhabditis elegans,6239,npr-22
sp|Q59E83|NPR22_CAEEL,427,NNS,Caenorhabditis elegans,6239,npr-22
sp|Q5CZ52|BBS4_CAEEL,279,NHS,Caenorhabditis elegans,6239,bbs-4
sp|Q5FC64|ZDHCS_CAEEL,269,NET,Caenorhabditis elegans,6239,spe-10
sp|Q5H9N3|NFI1_CAEEL,156,NGS,Caenorhabditis elegans,6239,nfi-1
sp|Q5H9N3|NFI1_CAEEL,336,NKT,Caenorhabditis elegans,6239,nfi-1
sp|Q5H9N3|NFI1_CAEEL,401,NSS,Caenorhabditis elegans,6239,nfi-1
sp|Q5H9N3|NFI1_CAEEL,688,NDS,Caenorhabditis elegans,6239,nfi-1
sp|Q5H9N3|NFI1_CAEEL,737,NGS,Caenorhabditis elegans,6239,nfi-1
sp|Q5H9N3|NFI1_CAEEL,787,NSS,Caenorhabditis elegans,6239,nfi-1
sp|Q5WRN1|TSP21_CAEEL,84,NKS,Caenorhabditis elegans,6239,tsp-21
sp|Q5WRN1|TSP21_CAEEL,129,NTT,Caenorhabditis elegans,6239,tsp-21
sp|Q5WRN1|TSP21_CAEEL,161,NYT,Caenorhabditis elegans,6239,tsp-21
sp|Q5WRN1|TSP21_CAEEL,191,NGT,Caenorhabditis elegans,6239,tsp-21
sp|Q5ZEP9|NFYA2_CAEEL,99,NDS,Caenorhabditis elegans,6239,nfya-2
sp|Q5ZR76|GDPP1_CAEEL,63,NYS,Caenorhabditis elegans,6239,mcp-1
sp|Q5ZR76|GDPP1_CAEEL,195,NAS,Caenorhabditis elegans,6239,mcp-1
sp|Q5ZR76|GDPP1_CAEEL,383,NLT,Caenorhabditis elegans,6239,mcp-1
sp|Q65XX7|EHN3_CAEEL,13,NKT,Caenorhabditis elegans,6239,ehn-3
sp|Q65XX7|EHN3_CAEEL,102,NSS,Caenorhabditis elegans,6239,ehn-3
sp|Q65ZG8|PER_CAEEL,241,NGS,Caenorhabditis elegans,6239,lin-42
sp|Q65ZG8|PER_CAEEL,356,NST,Caenorhabditis elegans,6239,lin-42
sp|Q6AW06|DOT11_CAEEL,120,NWS,Caenorhabditis elegans,6239,dot-1.1
sp|Q6AW06|DOT11_CAEEL,137,NCS,Caenorhabditis elegans,6239,dot-1.1
sp|Q6AW06|DOT11_CAEEL,701,NQS,Caenorhabditis elegans,6239,dot-1.1
sp|Q6AW06|DOT11_CAEEL,875,NNT,Caenorhabditis elegans,6239,dot-1.1
sp|Q6DNF4|GCY36_CAEEL,572,NTS,Caenorhabditis elegans,6239,gcy-36
sp|Q6I6D4|CLUA1_CAEEL,263,NLS,Caenorhabditis elegans,6239,dyf-3
sp|Q6RYS9|DOPR3_CAEEL,247,NRT,Caenorhabditis elegans,6239,dop-3
sp|Q6RYS9|DOPR3_CAEEL,309,NLT,Caenorhabditis elegans,6239,dop-3
sp|Q6RYS9|DOPR3_CAEEL,384,NTS,Caenorhabditis elegans,6239,dop-3
sp|Q6RYS9|DOPR3_CAEEL,424,NGT,Caenorhabditis elegans,6239,dop-3
sp|Q6RYS9|DOPR3_CAEEL,576,NSS,Caenorhabditis elegans,6239,dop-3
sp|Q7JKC3|UBP7_CAEEL,85,NRS,Caenorhabditis elegans,6239,math-33
sp|Q7JKC3|UBP7_CAEEL,163,NDT,Caenorhabditis elegans,6239,math-33
sp|Q7JKC3|UBP7_CAEEL,231,NES,Caenorhabditis elegans,6239,math-33
sp|Q7JKC3|UBP7_CAEEL,492,NSS,Caenorhabditis elegans,6239,math-33
sp|Q7JKC3|UBP7_CAEEL,560,NHS,Caenorhabditis elegans,6239,math-33
sp|Q7JKC3|UBP7_CAEEL,767,NYS,Caenorhabditis elegans,6239,math-33
sp|Q7JKC3|UBP7_CAEEL,1105,NQT,Caenorhabditis elegans,6239,math-33
sp|Q7JM44|SMA9_CAEEL,326,NAS,Caenorhabditis elegans,6239,sma-9
sp|Q7JM44|SMA9_CAEEL,395,NRT,Caenorhabditis elegans,6239,sma-9
sp|Q7JM44|SMA9_CAEEL,548,NES,Caenorhabditis elegans,6239,sma-9
sp|Q7JM44|SMA9_CAEEL,649,NYT,Caenorhabditis elegans,6239,sma-9
sp|Q7JM44|SMA9_CAEEL,807,NIS,Caenorhabditis elegans,6239,sma-9
sp|Q7JM44|SMA9_CAEEL,1103,NAS,Caenorhabditis elegans,6239,sma-9
sp|Q7JM44|SMA9_CAEEL,1182,NIT,Caenorhabditis elegans,6239,sma-9
sp|Q7JM44|SMA9_CAEEL,1224,NLS,Caenorhabditis elegans,6239,sma-9
sp|Q7JM44|SMA9_CAEEL,1476,NCT,Caenorhabditis elegans,6239,sma-9
sp|Q7JM44|SMA9_CAEEL,1481,NFS,Caenorhabditis elegans,6239,sma-9
sp|Q7JM44|SMA9_CAEEL,1489,NLT,Caenorhabditis elegans,6239,sma-9
sp|Q7JM44|SMA9_CAEEL,1510,NDS,Caenorhabditis elegans,6239,sma-9
sp|Q7JM44|SMA9_CAEEL,1541,NNS,Caenorhabditis elegans,6239,sma-9
sp|Q7JM44|SMA9_CAEEL,1655,NCS,Caenorhabditis elegans,6239,sma-9
sp|Q7JM44|SMA9_CAEEL,1661,NVS,Caenorhabditis elegans,6239,sma-9
sp|Q7JM44|SMA9_CAEEL,1938,NVS,Caenorhabditis elegans,6239,sma-9
sp|Q7JM44|SMA9_CAEEL,1946,NNS,Caenorhabditis elegans,6239,sma-9
sp|Q7JM44|SMA9_CAEEL,2040,NFS,Caenorhabditis elegans,6239,sma-9
sp|Q7JM44|SMA9_CAEEL,2235,NQS,Caenorhabditis elegans,6239,sma-9
sp|Q7JNM3|ZICH2_CAEEL,53,NMS,Caenorhabditis elegans,6239,ref-2
sp|Q7JNM3|ZICH2_CAEEL,193,NSS,Caenorhabditis elegans,6239,ref-2
sp|Q7JNM3|ZICH2_CAEEL,254,NAS,Caenorhabditis elegans,6239,ref-2
sp|Q7K755|GLT11_CAEEL,169,NES,Caenorhabditis elegans,6239,gly-11
sp|Q7K755|GLT11_CAEEL,205,NAT,Caenorhabditis elegans,6239,gly-11
sp|Q7K755|GLT11_CAEEL,490,NGT,Caenorhabditis elegans,6239,gly-11
sp|Q7YSI9|UNC53_CAEEL,205,NNT,Caenorhabditis elegans,6239,unc-53
sp|Q7YSI9|UNC53_CAEEL,406,NST,Caenorhabditis elegans,6239,unc-53
sp|Q7YSI9|UNC53_CAEEL,444,NAS,Caenorhabditis elegans,6239,unc-53
sp|Q7YSI9|UNC53_CAEEL,606,NHS,Caenorhabditis elegans,6239,unc-53
sp|Q7YSI9|UNC53_CAEEL,616,NKT,Caenorhabditis elegans,6239,unc-53
sp|Q7YSI9|UNC53_CAEEL,842,NAS,Caenorhabditis elegans,6239,unc-53
sp|Q7YSI9|UNC53_CAEEL,1393,NQS,Caenorhabditis elegans,6239,unc-53
sp|Q7YSI9|UNC53_CAEEL,1401,NIS,Caenorhabditis elegans,6239,unc-53
sp|Q7YSI9|UNC53_CAEEL,1628,NSS,Caenorhabditis elegans,6239,unc-53
sp|Q7YWX7|WLS_CAEEL,9,NLS,Caenorhabditis elegans,6239,mig-14
sp|Q7YWX7|WLS_CAEEL,158,NVT,Caenorhabditis elegans,6239,mig-14
sp|Q7YWX7|WLS_CAEEL,213,NKS,Caenorhabditis elegans,6239,mig-14
sp|Q7YWX7|WLS_CAEEL,345,NLS,Caenorhabditis elegans,6239,mig-14
sp|Q7Z139|HYL2_CAEEL,22,NKT,Caenorhabditis elegans,6239,hyl-2
sp|Q7Z1Z1|CHSSA_CAEEL,278,NQS,Caenorhabditis elegans,6239,sqv-5
sp|Q7Z1Z1|CHSSA_CAEEL,348,NRT,Caenorhabditis elegans,6239,sqv-5
sp|Q7Z1Z1|CHSSA_CAEEL,443,NRT,Caenorhabditis elegans,6239,sqv-5
sp|Q7Z1Z1|CHSSA_CAEEL,477,NST,Caenorhabditis elegans,6239,sqv-5
sp|Q867X0|PARG1_CAEEL,44,NTT,Caenorhabditis elegans,6239,parg-1
sp|Q867X0|PARG1_CAEEL,90,NLT,Caenorhabditis elegans,6239,parg-1
sp|Q867X0|PARG1_CAEEL,105,NVT,Caenorhabditis elegans,6239,parg-1
sp|Q867X0|PARG1_CAEEL,129,NKS,Caenorhabditis elegans,6239,parg-1
sp|Q867X0|PARG1_CAEEL,281,NLT,Caenorhabditis elegans,6239,parg-1
sp|Q867X0|PARG1_CAEEL,606,NHS,Caenorhabditis elegans,6239,parg-1
sp|Q867X0|PARG1_CAEEL,742,NNT,Caenorhabditis elegans,6239,parg-1
sp|Q86C56|GCY31_CAEEL,150,NIS,Caenorhabditis elegans,6239,gcy-31
sp|Q86C56|GCY31_CAEEL,198,NDS,Caenorhabditis elegans,6239,gcy-31
sp|Q86C56|GCY31_CAEEL,248,NQT,Caenorhabditis elegans,6239,gcy-31
sp|Q86C56|GCY31_CAEEL,566,NSS,Caenorhabditis elegans,6239,gcy-31
sp|Q86C56|GCY31_CAEEL,686,NKT,Caenorhabditis elegans,6239,gcy-31
sp|Q86DA5|SARM1_CAEEL,143,NGT,Caenorhabditis elegans,6239,tir-1
sp|Q86DA5|SARM1_CAEEL,178,NGS,Caenorhabditis elegans,6239,tir-1
sp|Q86DA5|SARM1_CAEEL,364,NKS,Caenorhabditis elegans,6239,tir-1
sp|Q86DA5|SARM1_CAEEL,379,NKT,Caenorhabditis elegans,6239,tir-1
sp|Q86DA5|SARM1_CAEEL,713,NRS,Caenorhabditis elegans,6239,tir-1
sp|Q86DA5|SARM1_CAEEL,906,NRT,Caenorhabditis elegans,6239,tir-1
sp|Q86GV3|GCY28_CAEEL,87,NLT,Caenorhabditis elegans,6239,gcy-28
sp|Q86GV3|GCY28_CAEEL,196,NSS,Caenorhabditis elegans,6239,gcy-28
sp|Q86GV3|GCY28_CAEEL,338,NDT,Caenorhabditis elegans,6239,gcy-28
sp|Q86GV3|GCY28_CAEEL,384,NYT,Caenorhabditis elegans,6239,gcy-28
sp|Q86GV3|GCY28_CAEEL,387,NIT,Caenorhabditis elegans,6239,gcy-28
sp|Q86GV3|GCY28_CAEEL,414,NET,Caenorhabditis elegans,6239,gcy-28
sp|Q86GV3|GCY28_CAEEL,428,NIT,Caenorhabditis elegans,6239,gcy-28
sp|Q86GV3|GCY28_CAEEL,444,NVS,Caenorhabditis elegans,6239,gcy-28
sp|Q86GV3|GCY28_CAEEL,737,NNT,Caenorhabditis elegans,6239,gcy-28
sp|Q86GV3|GCY28_CAEEL,982,NDT,Caenorhabditis elegans,6239,gcy-28
sp|Q86GV3|GCY28_CAEEL,1017,NET,Caenorhabditis elegans,6239,gcy-28
sp|Q86GV3|GCY28_CAEEL,1209,NTS,Caenorhabditis elegans,6239,gcy-28
sp|Q86MD3|ATF7_CAEEL,127,NTS,Caenorhabditis elegans,6239,atf-7
sp|Q86MD3|ATF7_CAEEL,132,NQS,Caenorhabditis elegans,6239,atf-7
sp|Q86MD3|ATF7_CAEEL,337,NMS,Caenorhabditis elegans,6239,atf-7
sp|Q86MD3|ATF7_CAEEL,371,NGT,Caenorhabditis elegans,6239,atf-7
sp|Q86ME6|DOPR1_CAEEL,154,NLT,Caenorhabditis elegans,6239,dop-1
sp|Q86ME6|DOPR1_CAEEL,316,NRS,Caenorhabditis elegans,6239,dop-1
sp|Q86ME6|DOPR1_CAEEL,319,NIS,Caenorhabditis elegans,6239,dop-1
sp|Q86ME6|DOPR1_CAEEL,372,NSS,Caenorhabditis elegans,6239,dop-1
sp|Q86ME6|DOPR1_CAEEL,409,NKS,Caenorhabditis elegans,6239,dop-1
sp|Q86ME6|DOPR1_CAEEL,443,NAT,Caenorhabditis elegans,6239,dop-1
sp|Q86MI0|DVE1_CAEEL,217,NQS,Caenorhabditis elegans,6239,dve-1
sp|Q86MI0|DVE1_CAEEL,224,NNS,Caenorhabditis elegans,6239,dve-1
sp|Q86MI0|DVE1_CAEEL,379,NSS,Caenorhabditis elegans,6239,dve-1
sp|Q86MP3|EPG6_CAEEL,28,NST,Caenorhabditis elegans,6239,epg-6
sp|Q86MP3|EPG6_CAEEL,362,NFT,Caenorhabditis elegans,6239,epg-6
sp|Q86MP3|EPG6_CAEEL,378,NDS,Caenorhabditis elegans,6239,epg-6
sp|Q86NH1|SYD1_CAEEL,68,NAS,Caenorhabditis elegans,6239,syd-1
sp|Q86NH1|SYD1_CAEEL,269,NAT,Caenorhabditis elegans,6239,syd-1
sp|Q86NH1|SYD1_CAEEL,430,NDS,Caenorhabditis elegans,6239,syd-1
sp|Q86NH1|SYD1_CAEEL,433,NKS,Caenorhabditis elegans,6239,syd-1
sp|Q86NH1|SYD1_CAEEL,494,NGS,Caenorhabditis elegans,6239,syd-1
sp|Q86NH1|SYD1_CAEEL,676,NAT,Caenorhabditis elegans,6239,syd-1
sp|Q8I0P7|PDE3_CAEEL,209,NIT,Caenorhabditis elegans,6239,pde-3
sp|Q8I113|MNK_CAEEL,192,NSS,Caenorhabditis elegans,6239,mnk-1
sp|Q8I113|MNK_CAEEL,611,NLS,Caenorhabditis elegans,6239,mnk-1
sp|Q8I136|GALT4_CAEEL,176,NQS,Caenorhabditis elegans,6239,gly-4
sp|Q8I136|GALT4_CAEEL,523,NKT,Caenorhabditis elegans,6239,gly-4
sp|Q8I4B0|KCNSK_CAEEL,16,NDS,Caenorhabditis elegans,6239,shk-1
sp|Q8I4B0|KCNSK_CAEEL,138,NVS,Caenorhabditis elegans,6239,shk-1
sp|Q8I4B0|KCNSK_CAEEL,255,NKT,Caenorhabditis elegans,6239,shk-1
sp|Q8I4B0|KCNSK_CAEEL,307,NNS,Caenorhabditis elegans,6239,shk-1
sp|Q8I4B0|KCNSK_CAEEL,383,NSS,Caenorhabditis elegans,6239,shk-1
sp|Q8I4F7|SMYDL_CAEEL,69,NFS,Caenorhabditis elegans,6239,set-18
sp|Q8I4F7|SMYDL_CAEEL,208,NHS,Caenorhabditis elegans,6239,set-18
sp|Q8I4F7|SMYDL_CAEEL,384,NLS,Caenorhabditis elegans,6239,set-18
sp|Q8I4F7|SMYDL_CAEEL,475,NFS,Caenorhabditis elegans,6239,set-18
sp|Q8I4M5|GLS1_CAEEL,66,NAT,Caenorhabditis elegans,6239,gls-1
sp|Q8I4M5|GLS1_CAEEL,77,NSS,Caenorhabditis elegans,6239,gls-1
sp|Q8I4M5|GLS1_CAEEL,86,NSS,Caenorhabditis elegans,6239,gls-1
sp|Q8I4M5|GLS1_CAEEL,95,NTS,Caenorhabditis elegans,6239,gls-1
sp|Q8I4M5|GLS1_CAEEL,100,NAS,Caenorhabditis elegans,6239,gls-1
sp|Q8I4M5|GLS1_CAEEL,225,NQS,Caenorhabditis elegans,6239,gls-1
sp|Q8I4M5|GLS1_CAEEL,253,NSS,Caenorhabditis elegans,6239,gls-1
sp|Q8I4M5|GLS1_CAEEL,377,NCS,Caenorhabditis elegans,6239,gls-1
sp|Q8I4M5|GLS1_CAEEL,507,NQS,Caenorhabditis elegans,6239,gls-1
sp|Q8I4M5|GLS1_CAEEL,510,NTT,Caenorhabditis elegans,6239,gls-1
sp|Q8I4M5|GLS1_CAEEL,676,NDT,Caenorhabditis elegans,6239,gls-1
sp|Q8I4M5|GLS1_CAEEL,845,NGT,Caenorhabditis elegans,6239,gls-1
sp|Q8I4M5|GLS1_CAEEL,885,NAT,Caenorhabditis elegans,6239,gls-1
sp|Q8I4M5|GLS1_CAEEL,1012,NGT,Caenorhabditis elegans,6239,gls-1
sp|Q8I4M5|GLS1_CAEEL,1034,NNT,Caenorhabditis elegans,6239,gls-1
sp|Q8I4N4|DAF11_CAEEL,14,NLT,Caenorhabditis elegans,6239,daf-11
sp|Q8I4N4|DAF11_CAEEL,112,NIS,Caenorhabditis elegans,6239,daf-11
sp|Q8I4N4|DAF11_CAEEL,149,NYT,Caenorhabditis elegans,6239,daf-11
sp|Q8I4N4|DAF11_CAEEL,236,NTT,Caenorhabditis elegans,6239,daf-11
sp|Q8I4N4|DAF11_CAEEL,311,NST,Caenorhabditis elegans,6239,daf-11
sp|Q8I4N4|DAF11_CAEEL,363,NGS,Caenorhabditis elegans,6239,daf-11
sp|Q8I4N4|DAF11_CAEEL,528,NLT,Caenorhabditis elegans,6239,daf-11
sp|Q8I4N4|DAF11_CAEEL,708,NLT,Caenorhabditis elegans,6239,daf-11
sp|Q8I4N4|DAF11_CAEEL,717,NET,Caenorhabditis elegans,6239,daf-11
sp|Q8I4N4|DAF11_CAEEL,722,NRT,Caenorhabditis elegans,6239,daf-11
sp|Q8I4N4|DAF11_CAEEL,763,NAT,Caenorhabditis elegans,6239,daf-11
sp|Q8I7F8|ODR4_CAEEL,95,NAT,Caenorhabditis elegans,6239,odr-4
sp|Q8I7F8|ODR4_CAEEL,195,NDS,Caenorhabditis elegans,6239,odr-4
sp|Q8I7F8|ODR4_CAEEL,214,NAS,Caenorhabditis elegans,6239,odr-4
sp|Q8I7G4|TTC30_CAEEL,110,NES,Caenorhabditis elegans,6239,dyf-1
sp|Q8I7G4|TTC30_CAEEL,505,NQT,Caenorhabditis elegans,6239,dyf-1
sp|Q8I7G4|TTC30_CAEEL,638,NVT,Caenorhabditis elegans,6239,dyf-1
sp|Q8I7I5|ROL3_CAEEL,63,NYS,Caenorhabditis elegans,6239,rol-3
sp|Q8I7I5|ROL3_CAEEL,181,NSS,Caenorhabditis elegans,6239,rol-3
sp|Q8I7I5|ROL3_CAEEL,332,NGT,Caenorhabditis elegans,6239,rol-3
sp|Q8I7I5|ROL3_CAEEL,391,NQT,Caenorhabditis elegans,6239,rol-3
sp|Q8I7I5|ROL3_CAEEL,493,NAT,Caenorhabditis elegans,6239,rol-3
sp|Q8I7I5|ROL3_CAEEL,530,NGS,Caenorhabditis elegans,6239,rol-3
sp|Q8I7I5|ROL3_CAEEL,654,NFT,Caenorhabditis elegans,6239,rol-3
sp|Q8I7I5|ROL3_CAEEL,763,NTT,Caenorhabditis elegans,6239,rol-3
sp|Q8I7I5|ROL3_CAEEL,865,NGT,Caenorhabditis elegans,6239,rol-3
sp|Q8I7I5|ROL3_CAEEL,877,NRT,Caenorhabditis elegans,6239,rol-3
sp|Q8I7I5|ROL3_CAEEL,1000,NFT,Caenorhabditis elegans,6239,rol-3
sp|Q8I7I5|ROL3_CAEEL,1033,NRT,Caenorhabditis elegans,6239,rol-3
sp|Q8I7I5|ROL3_CAEEL,1078,NGT,Caenorhabditis elegans,6239,rol-3
sp|Q8I7I5|ROL3_CAEEL,1087,NCT,Caenorhabditis elegans,6239,rol-3
sp|Q8I7I5|ROL3_CAEEL,1298,NGS,Caenorhabditis elegans,6239,rol-3
sp|Q8I7I5|ROL3_CAEEL,1604,NIS,Caenorhabditis elegans,6239,rol-3
sp|Q8I7I5|ROL3_CAEEL,1673,NVT,Caenorhabditis elegans,6239,rol-3
sp|Q8I7I5|ROL3_CAEEL,1714,NVS,Caenorhabditis elegans,6239,rol-3
sp|Q8I7I5|ROL3_CAEEL,1816,NKT,Caenorhabditis elegans,6239,rol-3
sp|Q8I7I5|ROL3_CAEEL,1939,NFS,Caenorhabditis elegans,6239,rol-3
sp|Q8I7I5|ROL3_CAEEL,1962,NYS,Caenorhabditis elegans,6239,rol-3
sp|Q8I7I5|ROL3_CAEEL,2006,NHS,Caenorhabditis elegans,6239,rol-3
sp|Q8I7I5|ROL3_CAEEL,2100,NLS,Caenorhabditis elegans,6239,rol-3
sp|Q8I7I5|ROL3_CAEEL,2131,NRS,Caenorhabditis elegans,6239,rol-3
sp|Q8I7I5|ROL3_CAEEL,2192,NGS,Caenorhabditis elegans,6239,rol-3
sp|Q8I7I5|ROL3_CAEEL,2257,NFS,Caenorhabditis elegans,6239,rol-3
sp|Q8I7I5|ROL3_CAEEL,2295,NQS,Caenorhabditis elegans,6239,rol-3
sp|Q8I7I5|ROL3_CAEEL,2315,NGS,Caenorhabditis elegans,6239,rol-3
sp|Q8I7I5|ROL3_CAEEL,2413,NLS,Caenorhabditis elegans,6239,rol-3
sp|Q8I7I5|ROL3_CAEEL,2465,NAS,Caenorhabditis elegans,6239,rol-3
sp|Q8I7M8|CDK17_CAEEL,162,NNT,Caenorhabditis elegans,6239,pct-1
sp|Q8I7M8|CDK17_CAEEL,299,NRT,Caenorhabditis elegans,6239,pct-1
sp|Q8IG69|CEBP2_CAEEL,8,NTS,Caenorhabditis elegans,6239,cebp-2
sp|Q8IG69|CEBP2_CAEEL,32,NRT,Caenorhabditis elegans,6239,cebp-2
sp|Q8IG69|CEBP2_CAEEL,43,NDT,Caenorhabditis elegans,6239,cebp-2
sp|Q8IG69|CEBP2_CAEEL,56,NET,Caenorhabditis elegans,6239,cebp-2
sp|Q8ITW8|NHR80_CAEEL,128,NVS,Caenorhabditis elegans,6239,nhr-80
sp|Q8ITW8|NHR80_CAEEL,189,NYS,Caenorhabditis elegans,6239,nhr-80
sp|Q8ITW8|NHR80_CAEEL,387,NVS,Caenorhabditis elegans,6239,nhr-80
sp|Q8MLZ5|GAP2_CAEEL,98,NRT,Caenorhabditis elegans,6239,gap-2
sp|Q8MLZ5|GAP2_CAEEL,205,NRT,Caenorhabditis elegans,6239,gap-2
sp|Q8MLZ5|GAP2_CAEEL,228,NLS,Caenorhabditis elegans,6239,gap-2
sp|Q8MLZ5|GAP2_CAEEL,493,NTS,Caenorhabditis elegans,6239,gap-2
sp|Q8MLZ5|GAP2_CAEEL,652,NVS,Caenorhabditis elegans,6239,gap-2
sp|Q8MLZ5|GAP2_CAEEL,655,NSS,Caenorhabditis elegans,6239,gap-2
sp|Q8MLZ5|GAP2_CAEEL,744,NLT,Caenorhabditis elegans,6239,gap-2
sp|Q8MLZ5|GAP2_CAEEL,757,NFS,Caenorhabditis elegans,6239,gap-2
sp|Q8MLZ5|GAP2_CAEEL,1009,NSS,Caenorhabditis elegans,6239,gap-2
sp|Q8MLZ5|GAP2_CAEEL,1108,NST,Caenorhabditis elegans,6239,gap-2
sp|Q8MNT9|NMAD1_CAEEL,202,NGS,Caenorhabditis elegans,6239,nmad-1
sp|Q8MNT9|NMAD1_CAEEL,212,NKS,Caenorhabditis elegans,6239,nmad-1
sp|Q8MNV0|SPAST_CAEEL,302,NIS,Caenorhabditis elegans,6239,spas-1
sp|Q8MNV0|SPAST_CAEEL,439,NTS,Caenorhabditis elegans,6239,spas-1
sp|Q8MQ70|HIPK_CAEEL,41,NLT,Caenorhabditis elegans,6239,hpk-1
sp|Q8MQ70|HIPK_CAEEL,327,NES,Caenorhabditis elegans,6239,hpk-1
sp|Q8MQ70|HIPK_CAEEL,392,NHT,Caenorhabditis elegans,6239,hpk-1
sp|Q8MQ70|HIPK_CAEEL,709,NSS,Caenorhabditis elegans,6239,hpk-1
sp|Q8MQ70|HIPK_CAEEL,785,NDT,Caenorhabditis elegans,6239,hpk-1
sp|Q8MXI4|PMK2_CAEEL,39,NKT,Caenorhabditis elegans,6239,pmk-2
sp|Q8MXI4|PMK2_CAEEL,303,NRS,Caenorhabditis elegans,6239,pmk-2
sp|Q8STE5|CED12_CAEEL,72,NLS,Caenorhabditis elegans,6239,ced-12
sp|Q8STE5|CED12_CAEEL,126,NIS,Caenorhabditis elegans,6239,ced-12
sp|Q8STF6|DYC1_CAEEL,268,NTS,Caenorhabditis elegans,6239,dyc-1
sp|Q8STF6|DYC1_CAEEL,547,NSS,Caenorhabditis elegans,6239,dyc-1
sp|Q8STF6|DYC1_CAEEL,670,NFS,Caenorhabditis elegans,6239,dyc-1
sp|Q8STF6|DYC1_CAEEL,715,NTT,Caenorhabditis elegans,6239,dyc-1
sp|Q8STF6|DYC1_CAEEL,825,NSS,Caenorhabditis elegans,6239,dyc-1
sp|Q8T3B9|SEM2_CAEEL,41,NAT,Caenorhabditis elegans,6239,sem-2
sp|Q8T3B9|SEM2_CAEEL,402,NFS,Caenorhabditis elegans,6239,sem-2
sp|Q8T3G2|SCPL1_CAEEL,186,NAS,Caenorhabditis elegans,6239,scpl-1
sp|Q8T3G2|SCPL1_CAEEL,229,NST,Caenorhabditis elegans,6239,scpl-1
sp|Q8T3G2|SCPL1_CAEEL,275,NGS,Caenorhabditis elegans,6239,scpl-1
sp|Q8T3G2|SCPL1_CAEEL,289,NDS,Caenorhabditis elegans,6239,scpl-1
sp|Q8T3G2|SCPL1_CAEEL,421,NQT,Caenorhabditis elegans,6239,scpl-1
sp|Q8WQ99|KC1G_CAEEL,317,NVS,Caenorhabditis elegans,6239,csnk-1
sp|Q8WQ99|KC1G_CAEEL,381,NSS,Caenorhabditis elegans,6239,csnk-1
sp|Q8WQ99|KC1G_CAEEL,400,NAT,Caenorhabditis elegans,6239,csnk-1
sp|Q8WQA4|EXC4_CAEEL,216,NFT,Caenorhabditis elegans,6239,exc-4
sp|Q8WQC9|DNM1L_CAEEL,84,NGT,Caenorhabditis elegans,6239,drp-1
sp|Q8WQC9|DNM1L_CAEEL,248,NRS,Caenorhabditis elegans,6239,drp-1
sp|Q8WQC9|DNM1L_CAEEL,282,NGT,Caenorhabditis elegans,6239,drp-1
sp|Q8WQC9|DNM1L_CAEEL,332,NRT,Caenorhabditis elegans,6239,drp-1
sp|Q8WQC9|DNM1L_CAEEL,388,NLT,Caenorhabditis elegans,6239,drp-1
sp|Q8WQC9|DNM1L_CAEEL,400,NAT,Caenorhabditis elegans,6239,drp-1
sp|Q8WQG9|JNK1_CAEEL,156,NVT,Caenorhabditis elegans,6239,jnk-1
sp|Q8WQL7|MBK1_CAEEL,205,NES,Caenorhabditis elegans,6239,mbk-1
sp|Q8WQL7|MBK1_CAEEL,420,NTS,Caenorhabditis elegans,6239,mbk-1
sp|Q8WR51|OFUT2_CAEEL,205,NFS,Caenorhabditis elegans,6239,pad-2
sp|Q8WT44|UBPH_CAEEL,123,NDS,Caenorhabditis elegans,6239,cyk-3
sp|Q8WT44|UBPH_CAEEL,682,NKS,Caenorhabditis elegans,6239,cyk-3
sp|Q8WT44|UBPH_CAEEL,730,NES,Caenorhabditis elegans,6239,cyk-3
sp|Q8WT44|UBPH_CAEEL,933,NSS,Caenorhabditis elegans,6239,cyk-3
sp|Q8WT44|UBPH_CAEEL,1007,NHS,Caenorhabditis elegans,6239,cyk-3
sp|Q93149|ACR3_CAEEL,46,NAS,Caenorhabditis elegans,6239,acr-3
sp|Q93149|ACR3_CAEEL,468,NQT,Caenorhabditis elegans,6239,acr-3
sp|Q93212|SOL1_CAEEL,34,NVT,Caenorhabditis elegans,6239,sol-1
sp|Q93212|SOL1_CAEEL,151,NFT,Caenorhabditis elegans,6239,sol-1
sp|Q93212|SOL1_CAEEL,187,NCT,Caenorhabditis elegans,6239,sol-1
sp|Q93212|SOL1_CAEEL,345,NVT,Caenorhabditis elegans,6239,sol-1
sp|Q93212|SOL1_CAEEL,355,NLS,Caenorhabditis elegans,6239,sol-1
sp|Q93212|SOL1_CAEEL,440,NSS,Caenorhabditis elegans,6239,sol-1
sp|Q93227|MARC3_CAEEL,5,NAS,Caenorhabditis elegans,6239,marc-3
sp|Q93227|MARC3_CAEEL,149,NQT,Caenorhabditis elegans,6239,marc-3
sp|Q93227|MARC3_CAEEL,245,NDS,Caenorhabditis elegans,6239,marc-3
sp|Q93227|MARC3_CAEEL,265,NRT,Caenorhabditis elegans,6239,marc-3
sp|Q93227|MARC3_CAEEL,272,NNT,Caenorhabditis elegans,6239,marc-3
sp|Q93227|MARC3_CAEEL,405,NDS,Caenorhabditis elegans,6239,marc-3
sp|Q93243|NAS37_CAEEL,126,NLT,Caenorhabditis elegans,6239,nas-37
sp|Q93246|DFSC1_CAEEL,149,NAS,Caenorhabditis elegans,6239,dsc-1
sp|Q93246|DFSC1_CAEEL,161,NST,Caenorhabditis elegans,6239,dsc-1
sp|Q93246|DFSC1_CAEEL,186,NFT,Caenorhabditis elegans,6239,dsc-1
sp|Q93246|DFSC1_CAEEL,248,NES,Caenorhabditis elegans,6239,dsc-1
sp|Q93352|HM36_CAEEL,133,NGS,Caenorhabditis elegans,6239,ceh-36
sp|Q93352|HM36_CAEEL,138,NES,Caenorhabditis elegans,6239,ceh-36
sp|Q93352|HM36_CAEEL,250,NIT,Caenorhabditis elegans,6239,ceh-36
sp|Q93356|HM37_CAEEL,61,NET,Caenorhabditis elegans,6239,ceh-37
sp|Q93356|HM37_CAEEL,176,NTS,Caenorhabditis elegans,6239,ceh-37
sp|Q93356|HM37_CAEEL,196,NET,Caenorhabditis elegans,6239,ceh-37
sp|Q93356|HM37_CAEEL,210,NAS,Caenorhabditis elegans,6239,ceh-37
sp|Q93367|MINA1_CAEEL,89,NAS,Caenorhabditis elegans,6239,mina-1
sp|Q93373|LET4_CAEEL,16,NST,Caenorhabditis elegans,6239,let-4
sp|Q93373|LET4_CAEEL,44,NSS,Caenorhabditis elegans,6239,let-4
sp|Q93373|LET4_CAEEL,143,NNS,Caenorhabditis elegans,6239,let-4
sp|Q93373|LET4_CAEEL,195,NMT,Caenorhabditis elegans,6239,let-4
sp|Q93373|LET4_CAEEL,318,NIS,Caenorhabditis elegans,6239,let-4
sp|Q93373|LET4_CAEEL,326,NSS,Caenorhabditis elegans,6239,let-4
sp|Q93373|LET4_CAEEL,612,NLS,Caenorhabditis elegans,6239,let-4
sp|Q93379|GSHR_CAEEL,71,NCS,Caenorhabditis elegans,6239,gsr-1
sp|Q93379|GSHR_CAEEL,309,NTS,Caenorhabditis elegans,6239,gsr-1
sp|Q93380|UNC93_CAEEL,426,NLS,Caenorhabditis elegans,6239,unc-93
sp|Q93454|RAE1_CAEEL,9,NKS,Caenorhabditis elegans,6239,rae-1
sp|Q93454|RAE1_CAEEL,17,NIS,Caenorhabditis elegans,6239,rae-1
sp|Q93454|RAE1_CAEEL,28,NTT,Caenorhabditis elegans,6239,rae-1
sp|Q93454|RAE1_CAEEL,166,NQT,Caenorhabditis elegans,6239,rae-1
sp|Q93454|RAE1_CAEEL,260,NFT,Caenorhabditis elegans,6239,rae-1
sp|Q93560|BLMP1_CAEEL,185,NKT,Caenorhabditis elegans,6239,blmp-1
sp|Q93560|BLMP1_CAEEL,249,NYS,Caenorhabditis elegans,6239,blmp-1
sp|Q93560|BLMP1_CAEEL,480,NHS,Caenorhabditis elegans,6239,blmp-1
sp|Q93560|BLMP1_CAEEL,487,NDS,Caenorhabditis elegans,6239,blmp-1
sp|Q93560|BLMP1_CAEEL,514,NKT,Caenorhabditis elegans,6239,blmp-1
sp|Q93560|BLMP1_CAEEL,706,NAS,Caenorhabditis elegans,6239,blmp-1
sp|Q93561|DERL1_CAEEL,80,NYS,Caenorhabditis elegans,6239,cup-2
sp|Q93575|RTEL1_CAEEL,7,NST,Caenorhabditis elegans,6239,rtel-1
sp|Q93575|RTEL1_CAEEL,123,NRT,Caenorhabditis elegans,6239,rtel-1
sp|Q93575|RTEL1_CAEEL,263,NAS,Caenorhabditis elegans,6239,rtel-1
sp|Q93575|RTEL1_CAEEL,594,NES,Caenorhabditis elegans,6239,rtel-1
sp|Q93594|NCBP2_CAEEL,43,NLS,Caenorhabditis elegans,6239,ncbp-2
sp|Q93594|NCBP2_CAEEL,97,NIS,Caenorhabditis elegans,6239,ncbp-2
sp|Q93654|GRAS1_CAEEL,25,NIS,Caenorhabditis elegans,6239,gras-1
sp|Q93654|GRAS1_CAEEL,221,NGT,Caenorhabditis elegans,6239,gras-1
sp|Q93654|GRAS1_CAEEL,232,NSS,Caenorhabditis elegans,6239,gras-1
sp|Q93703|ATTY_CAEEL,380,NIS,Caenorhabditis elegans,6239,tatn-1
sp|Q93705|UNC3_CAEEL,47,NTS,Caenorhabditis elegans,6239,unc-3
sp|Q93705|UNC3_CAEEL,177,NET,Caenorhabditis elegans,6239,unc-3
sp|Q93705|UNC3_CAEEL,239,NNS,Caenorhabditis elegans,6239,unc-3
sp|Q93705|UNC3_CAEEL,402,NRT,Caenorhabditis elegans,6239,unc-3
sp|Q93705|UNC3_CAEEL,457,NAT,Caenorhabditis elegans,6239,unc-3
sp|Q93794|SEL10_CAEEL,40,NGS,Caenorhabditis elegans,6239,sel-10
sp|Q93794|SEL10_CAEEL,104,NMT,Caenorhabditis elegans,6239,sel-10
sp|Q93794|SEL10_CAEEL,138,NLT,Caenorhabditis elegans,6239,sel-10
sp|Q93794|SEL10_CAEEL,570,NNT,Caenorhabditis elegans,6239,sel-10
sp|Q93796|NRF5_CAEEL,59,NLS,Caenorhabditis elegans,6239,nrf-5
sp|Q93796|NRF5_CAEEL,84,NLS,Caenorhabditis elegans,6239,nrf-5
sp|Q93796|NRF5_CAEEL,98,NIS,Caenorhabditis elegans,6239,nrf-5
sp|Q93796|NRF5_CAEEL,141,NGT,Caenorhabditis elegans,6239,nrf-5
sp|Q93796|NRF5_CAEEL,147,NAS,Caenorhabditis elegans,6239,nrf-5
sp|Q93796|NRF5_CAEEL,152,NVT,Caenorhabditis elegans,6239,nrf-5
sp|Q93796|NRF5_CAEEL,262,NST,Caenorhabditis elegans,6239,nrf-5
sp|Q93796|NRF5_CAEEL,317,NKT,Caenorhabditis elegans,6239,nrf-5
sp|Q93796|NRF5_CAEEL,381,NLT,Caenorhabditis elegans,6239,nrf-5
sp|Q93796|NRF5_CAEEL,403,NVS,Caenorhabditis elegans,6239,nrf-5
sp|Q93833|CHE13_CAEEL,106,NST,Caenorhabditis elegans,6239,che-13
sp|Q93833|CHE13_CAEEL,280,NMS,Caenorhabditis elegans,6239,che-13
sp|Q93833|CHE13_CAEEL,403,NFS,Caenorhabditis elegans,6239,che-13
sp|Q93890|SRF3_CAEEL,170,NRT,Caenorhabditis elegans,6239,srf-3
sp|Q93971|TRPG_CAEEL,108,NAS,Caenorhabditis elegans,6239,gon-2
sp|Q93971|TRPG_CAEEL,115,NGS,Caenorhabditis elegans,6239,gon-2
sp|Q93971|TRPG_CAEEL,154,NRS,Caenorhabditis elegans,6239,gon-2
sp|Q93971|TRPG_CAEEL,276,NMS,Caenorhabditis elegans,6239,gon-2
sp|Q93971|TRPG_CAEEL,535,NGT,Caenorhabditis elegans,6239,gon-2
sp|Q93971|TRPG_CAEEL,616,NVT,Caenorhabditis elegans,6239,gon-2
sp|Q93971|TRPG_CAEEL,689,NLS,Caenorhabditis elegans,6239,gon-2
sp|Q93971|TRPG_CAEEL,886,NRS,Caenorhabditis elegans,6239,gon-2
sp|Q93971|TRPG_CAEEL,1046,NWS,Caenorhabditis elegans,6239,gon-2
sp|Q93971|TRPG_CAEEL,1049,NET,Caenorhabditis elegans,6239,gon-2
sp|Q93971|TRPG_CAEEL,1128,NYS,Caenorhabditis elegans,6239,gon-2
sp|Q93971|TRPG_CAEEL,1180,NIT,Caenorhabditis elegans,6239,gon-2
sp|Q93971|TRPG_CAEEL,1249,NRS,Caenorhabditis elegans,6239,gon-2
sp|Q93971|TRPG_CAEEL,1266,NLS,Caenorhabditis elegans,6239,gon-2
sp|Q93971|TRPG_CAEEL,1274,NIT,Caenorhabditis elegans,6239,gon-2
sp|Q93971|TRPG_CAEEL,1442,NMS,Caenorhabditis elegans,6239,gon-2
sp|Q93971|TRPG_CAEEL,1518,NGT,Caenorhabditis elegans,6239,gon-2
sp|Q93971|TRPG_CAEEL,1656,NTS,Caenorhabditis elegans,6239,gon-2
sp|Q93971|TRPG_CAEEL,1741,NGT,Caenorhabditis elegans,6239,gon-2
sp|Q93971|TRPG_CAEEL,1780,NRT,Caenorhabditis elegans,6239,gon-2
sp|Q93971|TRPG_CAEEL,1861,NRS,Caenorhabditis elegans,6239,gon-2
sp|Q93971|TRPG_CAEEL,1864,NSS,Caenorhabditis elegans,6239,gon-2
sp|Q93971|TRPG_CAEEL,1880,NVT,Caenorhabditis elegans,6239,gon-2
sp|Q94051|CAV1_CAEEL,138,NHT,Caenorhabditis elegans,6239,cav-1
sp|Q94071|LIPB_CAEEL,52,NST,Caenorhabditis elegans,6239,hlb-1
sp|Q94071|LIPB_CAEEL,262,NLT,Caenorhabditis elegans,6239,hlb-1
sp|Q94071|LIPB_CAEEL,309,NET,Caenorhabditis elegans,6239,hlb-1
sp|Q94071|LIPB_CAEEL,326,NQS,Caenorhabditis elegans,6239,hlb-1
sp|Q94071|LIPB_CAEEL,413,NYT,Caenorhabditis elegans,6239,hlb-1
sp|Q94071|LIPB_CAEEL,467,NSS,Caenorhabditis elegans,6239,hlb-1
sp|Q94071|LIPB_CAEEL,478,NWS,Caenorhabditis elegans,6239,hlb-1
sp|Q94071|LIPB_CAEEL,501,NIT,Caenorhabditis elegans,6239,hlb-1
sp|Q94071|LIPB_CAEEL,536,NYS,Caenorhabditis elegans,6239,hlb-1
sp|Q94071|LIPB_CAEEL,625,NAT,Caenorhabditis elegans,6239,hlb-1
sp|Q94071|LIPB_CAEEL,634,NFS,Caenorhabditis elegans,6239,hlb-1
sp|Q94071|LIPB_CAEEL,731,NMS,Caenorhabditis elegans,6239,hlb-1
sp|Q94071|LIPB_CAEEL,996,NSS,Caenorhabditis elegans,6239,hlb-1
sp|Q94124|RAC2_CAEEL,52,NLS,Caenorhabditis elegans,6239,rac-2
sp|Q94124|RAC2_CAEEL,191,NCT,Caenorhabditis elegans,6239,rac-2
sp|Q94125|AGE1_CAEEL,288,NET,Caenorhabditis elegans,6239,age-1
sp|Q94125|AGE1_CAEEL,435,NIS,Caenorhabditis elegans,6239,age-1
sp|Q94125|AGE1_CAEEL,519,NMS,Caenorhabditis elegans,6239,age-1
sp|Q94125|AGE1_CAEEL,546,NRS,Caenorhabditis elegans,6239,age-1
sp|Q94125|AGE1_CAEEL,666,NFS,Caenorhabditis elegans,6239,age-1
sp|Q94125|AGE1_CAEEL,1165,NGS,Caenorhabditis elegans,6239,age-1
sp|Q94126|CES2_CAEEL,192,NDS,Caenorhabditis elegans,6239,ces-2
sp|Q94126|CES2_CAEEL,198,NDS,Caenorhabditis elegans,6239,ces-2
sp|Q94126|CES2_CAEEL,201,NDS,Caenorhabditis elegans,6239,ces-2
sp|Q94131|PIE1_CAEEL,15,NNS,Caenorhabditis elegans,6239,pie-1
sp|Q94131|PIE1_CAEEL,32,NAT,Caenorhabditis elegans,6239,pie-1
sp|Q94131|PIE1_CAEEL,49,NRS,Caenorhabditis elegans,6239,pie-1
sp|Q94131|PIE1_CAEEL,53,NDS,Caenorhabditis elegans,6239,pie-1
sp|Q94131|PIE1_CAEEL,118,NCT,Caenorhabditis elegans,6239,pie-1
sp|Q94131|PIE1_CAEEL,161,NRS,Caenorhabditis elegans,6239,pie-1
sp|Q94131|PIE1_CAEEL,218,NAT,Caenorhabditis elegans,6239,pie-1
sp|Q94131|PIE1_CAEEL,312,NAT,Caenorhabditis elegans,6239,pie-1
sp|Q94148|RAB10_CAEEL,35,NTT,Caenorhabditis elegans,6239,rab-10
sp|Q94165|HM34_CAEEL,89,NHT,Caenorhabditis elegans,6239,ceh-34
sp|Q94165|HM34_CAEEL,203,NDS,Caenorhabditis elegans,6239,ceh-34
sp|Q94218|UFSP_CAEEL,55,NTT,Caenorhabditis elegans,6239,odr-8
sp|Q94218|UFSP_CAEEL,129,NRS,Caenorhabditis elegans,6239,odr-8
sp|Q94218|UFSP_CAEEL,239,NDT,Caenorhabditis elegans,6239,odr-8
sp|Q94218|UFSP_CAEEL,294,NNT,Caenorhabditis elegans,6239,odr-8
sp|Q94218|UFSP_CAEEL,533,NDT,Caenorhabditis elegans,6239,odr-8
sp|Q94230|PLP1_CAEEL,172,NKS,Caenorhabditis elegans,6239,plp-1
sp|Q94234|HMG5_CAEEL,48,NTS,Caenorhabditis elegans,6239,hmg-5
sp|Q94251|DRE1_CAEEL,428,NAT,Caenorhabditis elegans,6239,dre-1
sp|Q94251|DRE1_CAEEL,852,NNS,Caenorhabditis elegans,6239,dre-1
sp|Q94251|DRE1_CAEEL,867,NTT,Caenorhabditis elegans,6239,dre-1
sp|Q94251|DRE1_CAEEL,918,NDT,Caenorhabditis elegans,6239,dre-1
sp|Q94252|LIPL4_CAEEL,23,NYS,Caenorhabditis elegans,6239,lipl-4
sp|Q94252|LIPL4_CAEEL,51,NTT,Caenorhabditis elegans,6239,lipl-4
sp|Q94252|LIPL4_CAEEL,78,NNS,Caenorhabditis elegans,6239,lipl-4
sp|Q94252|LIPL4_CAEEL,280,NQT,Caenorhabditis elegans,6239,lipl-4
sp|Q94252|LIPL4_CAEEL,335,NFT,Caenorhabditis elegans,6239,lipl-4
sp|Q94361|GEI17_CAEEL,283,NLT,Caenorhabditis elegans,6239,gei-17
sp|Q94361|GEI17_CAEEL,318,NKT,Caenorhabditis elegans,6239,gei-17
sp|Q94361|GEI17_CAEEL,332,NIT,Caenorhabditis elegans,6239,gei-17
sp|Q94361|GEI17_CAEEL,379,NVS,Caenorhabditis elegans,6239,gei-17
sp|Q94361|GEI17_CAEEL,410,NIS,Caenorhabditis elegans,6239,gei-17
sp|Q94361|GEI17_CAEEL,482,NTT,Caenorhabditis elegans,6239,gei-17
sp|Q94361|GEI17_CAEEL,518,NGT,Caenorhabditis elegans,6239,gei-17
sp|Q94361|GEI17_CAEEL,565,NDS,Caenorhabditis elegans,6239,gei-17
sp|Q94361|GEI17_CAEEL,664,NSS,Caenorhabditis elegans,6239,gei-17
sp|Q94420|MEL26_CAEEL,50,NFS,Caenorhabditis elegans,6239,mel-26
sp|Q94420|MEL26_CAEEL,334,NVT,Caenorhabditis elegans,6239,mel-26
sp|Q94986|RAB3_CAEEL,30,NSS,Caenorhabditis elegans,6239,rab-3
sp|Q95NM6|NUCG_CAEEL,170,NMS,Caenorhabditis elegans,6239,cps-6
sp|Q95NU5|TORS_CAEEL,125,NNT,Caenorhabditis elegans,6239,ooc-5
sp|Q95NU5|TORS_CAEEL,250,NFS,Caenorhabditis elegans,6239,ooc-5
sp|Q95PZ9|SPE6_CAEEL,160,NES,Caenorhabditis elegans,6239,spe-6
sp|Q95PZ9|SPE6_CAEEL,342,NES,Caenorhabditis elegans,6239,spe-6
sp|Q95Q34|RIOK2_CAEEL,5,NVS,Caenorhabditis elegans,6239,riok-2
sp|Q95Q34|RIOK2_CAEEL,198,NVT,Caenorhabditis elegans,6239,riok-2
sp|Q95Q95|TOR_CAEEL,277,NKT,Caenorhabditis elegans,6239,let-363
sp|Q95Q95|TOR_CAEEL,387,NKT,Caenorhabditis elegans,6239,let-363
sp|Q95Q95|TOR_CAEEL,829,NDS,Caenorhabditis elegans,6239,let-363
sp|Q95Q95|TOR_CAEEL,1166,NIS,Caenorhabditis elegans,6239,let-363
sp|Q95Q95|TOR_CAEEL,1270,NGS,Caenorhabditis elegans,6239,let-363
sp|Q95Q95|TOR_CAEEL,1334,NLT,Caenorhabditis elegans,6239,let-363
sp|Q95Q95|TOR_CAEEL,1598,NDS,Caenorhabditis elegans,6239,let-363
sp|Q95Q95|TOR_CAEEL,1682,NES,Caenorhabditis elegans,6239,let-363
sp|Q95Q95|TOR_CAEEL,2018,NSS,Caenorhabditis elegans,6239,let-363
sp|Q95Q95|TOR_CAEEL,2033,NDS,Caenorhabditis elegans,6239,let-363
sp|Q95Q95|TOR_CAEEL,2387,NNS,Caenorhabditis elegans,6239,let-363
sp|Q95Q95|TOR_CAEEL,2395,NLT,Caenorhabditis elegans,6239,let-363
sp|Q95Q95|TOR_CAEEL,2496,NYT,Caenorhabditis elegans,6239,let-363
sp|Q95Q95|TOR_CAEEL,2574,NYT,Caenorhabditis elegans,6239,let-363
sp|Q95QA6|PAT12_CAEEL,300,NFS,Caenorhabditis elegans,6239,pat-12
sp|Q95QC4|DCLK_CAEEL,10,NDT,Caenorhabditis elegans,6239,zyg-8
sp|Q95QC4|DCLK_CAEEL,119,NQT,Caenorhabditis elegans,6239,zyg-8
sp|Q95QC4|DCLK_CAEEL,140,NQT,Caenorhabditis elegans,6239,zyg-8
sp|Q95QC4|DCLK_CAEEL,454,NES,Caenorhabditis elegans,6239,zyg-8
sp|Q95QC4|DCLK_CAEEL,656,NKT,Caenorhabditis elegans,6239,zyg-8
sp|Q95QD7|LIN54_CAEEL,61,NRS,Caenorhabditis elegans,6239,lin-54
sp|Q95QD7|LIN54_CAEEL,112,NLS,Caenorhabditis elegans,6239,lin-54
sp|Q95QD7|LIN54_CAEEL,115,NLS,Caenorhabditis elegans,6239,lin-54
sp|Q95QD7|LIN54_CAEEL,178,NCT,Caenorhabditis elegans,6239,lin-54
sp|Q95QD7|LIN54_CAEEL,312,NAS,Caenorhabditis elegans,6239,lin-54
sp|Q95QD7|LIN54_CAEEL,411,NTT,Caenorhabditis elegans,6239,lin-54
sp|Q95QI7|DAF3_CAEEL,6,NLT,Caenorhabditis elegans,6239,daf-3
sp|Q95QI7|DAF3_CAEEL,20,NYS,Caenorhabditis elegans,6239,daf-3
sp|Q95QI7|DAF3_CAEEL,88,NKS,Caenorhabditis elegans,6239,daf-3
sp|Q95QI7|DAF3_CAEEL,118,NTT,Caenorhabditis elegans,6239,daf-3
sp|Q95QI7|DAF3_CAEEL,164,NMT,Caenorhabditis elegans,6239,daf-3
sp|Q95QI7|DAF3_CAEEL,312,NET,Caenorhabditis elegans,6239,daf-3
sp|Q95QI7|DAF3_CAEEL,525,NHT,Caenorhabditis elegans,6239,daf-3
sp|Q95QI7|DAF3_CAEEL,771,NVS,Caenorhabditis elegans,6239,daf-3
sp|Q95QI7|DAF3_CAEEL,888,NVS,Caenorhabditis elegans,6239,daf-3
sp|Q95QJ7|GPR1_CAEEL,178,NNT,Caenorhabditis elegans,6239,gpr-1
sp|Q95QJ7|GPR1_CAEEL,476,NWT,Caenorhabditis elegans,6239,gpr-1
sp|Q95QK3|JMJ31_CAEEL,43,NST,Caenorhabditis elegans,6239,jmjd-3.1
sp|Q95QK3|JMJ31_CAEEL,52,NST,Caenorhabditis elegans,6239,jmjd-3.1
sp|Q95QK3|JMJ31_CAEEL,76,NQT,Caenorhabditis elegans,6239,jmjd-3.1
sp|Q95QK3|JMJ31_CAEEL,92,NDS,Caenorhabditis elegans,6239,jmjd-3.1
sp|Q95QK3|JMJ31_CAEEL,162,NES,Caenorhabditis elegans,6239,jmjd-3.1
sp|Q95QK3|JMJ31_CAEEL,204,NDS,Caenorhabditis elegans,6239,jmjd-3.1
sp|Q95QK3|JMJ31_CAEEL,261,NET,Caenorhabditis elegans,6239,jmjd-3.1
sp|Q95QK3|JMJ31_CAEEL,301,NES,Caenorhabditis elegans,6239,jmjd-3.1
sp|Q95QK3|JMJ31_CAEEL,323,NQT,Caenorhabditis elegans,6239,jmjd-3.1
sp|Q95QK3|JMJ31_CAEEL,402,NQS,Caenorhabditis elegans,6239,jmjd-3.1
sp|Q95QK3|JMJ31_CAEEL,629,NIS,Caenorhabditis elegans,6239,jmjd-3.1
sp|Q95QK3|JMJ31_CAEEL,714,NCT,Caenorhabditis elegans,6239,jmjd-3.1
sp|Q95QK3|JMJ31_CAEEL,901,NVS,Caenorhabditis elegans,6239,jmjd-3.1
sp|Q95QK3|JMJ31_CAEEL,910,NFT,Caenorhabditis elegans,6239,jmjd-3.1
sp|Q95QV8|TIAR1_CAEEL,40,NGS,Caenorhabditis elegans,6239,tiar-1
sp|Q95QV8|TIAR1_CAEEL,171,NTT,Caenorhabditis elegans,6239,tiar-1
sp|Q95QV8|TIAR1_CAEEL,234,NQT,Caenorhabditis elegans,6239,tiar-1
sp|Q95QV8|TIAR1_CAEEL,240,NTS,Caenorhabditis elegans,6239,tiar-1
sp|Q95QV8|TIAR1_CAEEL,329,NSS,Caenorhabditis elegans,6239,tiar-1
sp|Q95QW4|CDF1_CAEEL,20,NNT,Caenorhabditis elegans,6239,cdf-1
sp|Q95QW4|CDF1_CAEEL,81,NCS,Caenorhabditis elegans,6239,cdf-1
sp|Q95QW4|CDF1_CAEEL,233,NLS,Caenorhabditis elegans,6239,cdf-1
sp|Q95QW4|CDF1_CAEEL,362,NVS,Caenorhabditis elegans,6239,cdf-1
sp|Q95QZ9|NPL42_CAEEL,256,NIT,Caenorhabditis elegans,6239,npl-4.2
sp|Q95QZ9|NPL42_CAEEL,375,NKS,Caenorhabditis elegans,6239,npl-4.2
sp|Q95US5|BRE5_CAEEL,150,NNT,Caenorhabditis elegans,6239,bre-5
sp|Q95V25|SLO1_CAEEL,24,NLS,Caenorhabditis elegans,6239,slo-1
sp|Q95V25|SLO1_CAEEL,96,NGS,Caenorhabditis elegans,6239,slo-1
sp|Q95V25|SLO1_CAEEL,478,NYS,Caenorhabditis elegans,6239,slo-1
sp|Q95V25|SLO1_CAEEL,863,NGS,Caenorhabditis elegans,6239,slo-1
sp|Q95V25|SLO1_CAEEL,959,NDS,Caenorhabditis elegans,6239,slo-1
sp|Q95V25|SLO1_CAEEL,1005,NDS,Caenorhabditis elegans,6239,slo-1
sp|Q95V25|SLO1_CAEEL,1068,NTT,Caenorhabditis elegans,6239,slo-1
sp|Q95XA8|CRTC1_CAEEL,25,NTT,Caenorhabditis elegans,6239,crtc-1
sp|Q95XA8|CRTC1_CAEEL,289,NGS,Caenorhabditis elegans,6239,crtc-1
sp|Q95XA8|CRTC1_CAEEL,472,NNS,Caenorhabditis elegans,6239,crtc-1
sp|Q95XG8|NRAMC_CAEEL,310,NNT,Caenorhabditis elegans,6239,smf-3
sp|Q95XG8|NRAMC_CAEEL,414,NIS,Caenorhabditis elegans,6239,smf-3
sp|Q95XG9|OXDA_CAEEL,39,NTT,Caenorhabditis elegans,6239,daao-1
sp|Q95XG9|OXDA_CAEEL,63,NWT,Caenorhabditis elegans,6239,daao-1
sp|Q95XG9|OXDA_CAEEL,175,NCT,Caenorhabditis elegans,6239,daao-1
sp|Q95XG9|OXDA_CAEEL,219,NDS,Caenorhabditis elegans,6239,daao-1
sp|Q95XP4|SEM2A_CAEEL,65,NDT,Caenorhabditis elegans,6239,mab-20
sp|Q95XP4|SEM2A_CAEEL,153,NFT,Caenorhabditis elegans,6239,mab-20
sp|Q95XP4|SEM2A_CAEEL,275,NCS,Caenorhabditis elegans,6239,mab-20
sp|Q95XP4|SEM2A_CAEEL,653,NTS,Caenorhabditis elegans,6239,mab-20
sp|Q95XP9|ZWILC_CAEEL,49,NHS,Caenorhabditis elegans,6239,zwl-1
sp|Q95XP9|ZWILC_CAEEL,159,NCS,Caenorhabditis elegans,6239,zwl-1
sp|Q95XP9|ZWILC_CAEEL,401,NKS,Caenorhabditis elegans,6239,zwl-1
sp|Q95XP9|ZWILC_CAEEL,594,NDS,Caenorhabditis elegans,6239,zwl-1
sp|Q95XQ8|MCM4_CAEEL,38,NMS,Caenorhabditis elegans,6239,mcm-4
sp|Q95XQ8|MCM4_CAEEL,214,NRT,Caenorhabditis elegans,6239,mcm-4
sp|Q95XQ8|MCM4_CAEEL,293,NCS,Caenorhabditis elegans,6239,mcm-4
sp|Q95XQ8|MCM4_CAEEL,305,NRS,Caenorhabditis elegans,6239,mcm-4
sp|Q95XQ8|MCM4_CAEEL,455,NKT,Caenorhabditis elegans,6239,mcm-4
sp|Q95XQ8|MCM4_CAEEL,539,NES,Caenorhabditis elegans,6239,mcm-4
sp|Q95XQ8|MCM4_CAEEL,586,NKT,Caenorhabditis elegans,6239,mcm-4
sp|Q95XQ8|MCM4_CAEEL,592,NIT,Caenorhabditis elegans,6239,mcm-4
sp|Q95XR4|EPG2_CAEEL,4,NRT,Caenorhabditis elegans,6239,epg-2
sp|Q95XR4|EPG2_CAEEL,393,NRT,Caenorhabditis elegans,6239,epg-2
sp|Q95XR4|EPG2_CAEEL,534,NLT,Caenorhabditis elegans,6239,epg-2
sp|Q95XZ5|NIPBL_CAEEL,11,NGT,Caenorhabditis elegans,6239,scc-2
sp|Q95XZ5|NIPBL_CAEEL,366,NAT,Caenorhabditis elegans,6239,scc-2
sp|Q95XZ5|NIPBL_CAEEL,406,NTS,Caenorhabditis elegans,6239,scc-2
sp|Q95XZ5|NIPBL_CAEEL,651,NET,Caenorhabditis elegans,6239,scc-2
sp|Q95XZ5|NIPBL_CAEEL,1104,NIT,Caenorhabditis elegans,6239,scc-2
sp|Q95XZ5|NIPBL_CAEEL,1171,NSS,Caenorhabditis elegans,6239,scc-2
sp|Q95XZ5|NIPBL_CAEEL,1209,NES,Caenorhabditis elegans,6239,scc-2
sp|Q95XZ5|NIPBL_CAEEL,1503,NVS,Caenorhabditis elegans,6239,scc-2
sp|Q95XZ5|NIPBL_CAEEL,2071,NET,Caenorhabditis elegans,6239,scc-2
sp|Q95XZ6|LAAT1_CAEEL,18,NCT,Caenorhabditis elegans,6239,laat-1
sp|Q95XZ6|LAAT1_CAEEL,244,NFT,Caenorhabditis elegans,6239,laat-1
sp|Q95Y52|LGC46_CAEEL,65,NDS,Caenorhabditis elegans,6239,lgc-46
sp|Q95Y52|LGC46_CAEEL,134,NLS,Caenorhabditis elegans,6239,lgc-46
sp|Q95Y52|LGC46_CAEEL,175,NGT,Caenorhabditis elegans,6239,lgc-46
sp|Q95Y52|LGC46_CAEEL,201,NVT,Caenorhabditis elegans,6239,lgc-46
sp|Q95Y52|LGC46_CAEEL,391,NNS,Caenorhabditis elegans,6239,lgc-46
sp|Q95Y80|BET1_CAEEL,473,NET,Caenorhabditis elegans,6239,bet-1
sp|Q95Y80|BET1_CAEEL,486,NAS,Caenorhabditis elegans,6239,bet-1
sp|Q95Y80|BET1_CAEEL,533,NLS,Caenorhabditis elegans,6239,bet-1
sp|Q95Y80|BET1_CAEEL,637,NMS,Caenorhabditis elegans,6239,bet-1
sp|Q95Y80|BET1_CAEEL,693,NQS,Caenorhabditis elegans,6239,bet-1
sp|Q95Y84|CND_CAEEL,253,NRT,Caenorhabditis elegans,6239,hcp-6
sp|Q95Y84|CND_CAEEL,316,NKS,Caenorhabditis elegans,6239,hcp-6
sp|Q95Y84|CND_CAEEL,485,NVS,Caenorhabditis elegans,6239,hcp-6
sp|Q95Y84|CND_CAEEL,571,NLS,Caenorhabditis elegans,6239,hcp-6
sp|Q95Y84|CND_CAEEL,580,NVS,Caenorhabditis elegans,6239,hcp-6
sp|Q95Y84|CND_CAEEL,715,NDT,Caenorhabditis elegans,6239,hcp-6
sp|Q95Y84|CND_CAEEL,739,NSS,Caenorhabditis elegans,6239,hcp-6
sp|Q95Y84|CND_CAEEL,966,NST,Caenorhabditis elegans,6239,hcp-6
sp|Q95Y84|CND_CAEEL,970,NGS,Caenorhabditis elegans,6239,hcp-6
sp|Q95Y84|CND_CAEEL,1498,NRS,Caenorhabditis elegans,6239,hcp-6
sp|Q95Y84|CND_CAEEL,1593,NKS,Caenorhabditis elegans,6239,hcp-6
sp|Q95Y84|CND_CAEEL,1601,NIS,Caenorhabditis elegans,6239,hcp-6
sp|Q95Y84|CND_CAEEL,1605,NVT,Caenorhabditis elegans,6239,hcp-6
sp|Q95Y84|CND_CAEEL,1693,NLS,Caenorhabditis elegans,6239,hcp-6
sp|Q95Y84|CND_CAEEL,1705,NRS,Caenorhabditis elegans,6239,hcp-6
sp|Q95YF0|CLAP1_CAEEL,118,NSS,Caenorhabditis elegans,6239,cls-1
sp|Q95YF0|CLAP1_CAEEL,619,NIS,Caenorhabditis elegans,6239,cls-1
sp|Q95YF0|CLAP1_CAEEL,681,NQS,Caenorhabditis elegans,6239,cls-1
sp|Q95YF0|CLAP1_CAEEL,710,NKS,Caenorhabditis elegans,6239,cls-1
sp|Q95YF0|CLAP1_CAEEL,788,NNS,Caenorhabditis elegans,6239,cls-1
sp|Q95YF0|CLAP1_CAEEL,807,NNS,Caenorhabditis elegans,6239,cls-1
sp|Q95YF0|CLAP1_CAEEL,823,NGS,Caenorhabditis elegans,6239,cls-1
sp|Q95YF0|CLAP1_CAEEL,880,NNT,Caenorhabditis elegans,6239,cls-1
sp|Q95YF0|CLAP1_CAEEL,1354,NAS,Caenorhabditis elegans,6239,cls-1
sp|Q95YF3|CGH1_CAEEL,89,NGT,Caenorhabditis elegans,6239,cgh-1
sp|Q95YF3|CGH1_CAEEL,159,NGT,Caenorhabditis elegans,6239,cgh-1
sp|Q95YF3|CGH1_CAEEL,281,NQS,Caenorhabditis elegans,6239,cgh-1
sp|Q95YF3|CGH1_CAEEL,288,NST,Caenorhabditis elegans,6239,cgh-1
sp|Q95ZJ1|GALT5_CAEEL,32,NDS,Caenorhabditis elegans,6239,gly-5
sp|Q95ZJ1|GALT5_CAEEL,338,NRT,Caenorhabditis elegans,6239,gly-5
sp|Q95ZK7|GLD3_CAEEL,269,NFT,Caenorhabditis elegans,6239,gld-3
sp|Q95ZK7|GLD3_CAEEL,314,NET,Caenorhabditis elegans,6239,gld-3
sp|Q95ZK7|GLD3_CAEEL,509,NSS,Caenorhabditis elegans,6239,gld-3
sp|Q95ZK7|GLD3_CAEEL,777,NDS,Caenorhabditis elegans,6239,gld-3
sp|Q95ZK7|GLD3_CAEEL,808,NES,Caenorhabditis elegans,6239,gld-3
sp|Q95ZK7|GLD3_CAEEL,901,NDT,Caenorhabditis elegans,6239,gld-3
sp|Q95ZQ4|AAPK2_CAEEL,38,NLS,Caenorhabditis elegans,6239,aak-2
sp|Q95ZQ4|AAPK2_CAEEL,59,NSS,Caenorhabditis elegans,6239,aak-2
sp|Q95ZQ4|AAPK2_CAEEL,138,NLS,Caenorhabditis elegans,6239,aak-2
sp|Q95ZQ4|AAPK2_CAEEL,352,NES,Caenorhabditis elegans,6239,aak-2
sp|Q95ZS2|TDC1_CAEEL,73,NAS,Caenorhabditis elegans,6239,tdc-1
sp|Q95ZS2|TDC1_CAEEL,495,NQT,Caenorhabditis elegans,6239,tdc-1
sp|Q95ZS2|TDC1_CAEEL,503,NAS,Caenorhabditis elegans,6239,tdc-1
sp|Q95ZS2|TDC1_CAEEL,529,NAT,Caenorhabditis elegans,6239,tdc-1
sp|Q95ZS2|TDC1_CAEEL,576,NIT,Caenorhabditis elegans,6239,tdc-1
sp|Q95ZV7|DDRB_CAEEL,141,NDT,Caenorhabditis elegans,6239,ddr-2
sp|Q95ZV7|DDRB_CAEEL,167,NST,Caenorhabditis elegans,6239,ddr-2
sp|Q95ZV7|DDRB_CAEEL,264,NIS,Caenorhabditis elegans,6239,ddr-2
sp|Q95ZV7|DDRB_CAEEL,353,NHT,Caenorhabditis elegans,6239,ddr-2
sp|Q965H3|SOP2_CAEEL,4,NLT,Caenorhabditis elegans,6239,sop-2
sp|Q965H3|SOP2_CAEEL,309,NVS,Caenorhabditis elegans,6239,sop-2
sp|Q965H3|SOP2_CAEEL,635,NKT,Caenorhabditis elegans,6239,sop-2
sp|Q965M2|SMA10_CAEEL,52,NNT,Caenorhabditis elegans,6239,sma-10
sp|Q965M2|SMA10_CAEEL,247,NVS,Caenorhabditis elegans,6239,sma-10
sp|Q965M2|SMA10_CAEEL,273,NLS,Caenorhabditis elegans,6239,sma-10
sp|Q965M2|SMA10_CAEEL,387,NTS,Caenorhabditis elegans,6239,sma-10
sp|Q965M2|SMA10_CAEEL,446,NSS,Caenorhabditis elegans,6239,sma-10
sp|Q965M2|SMA10_CAEEL,495,NLT,Caenorhabditis elegans,6239,sma-10
sp|Q965M2|SMA10_CAEEL,500,NDS,Caenorhabditis elegans,6239,sma-10
sp|Q965M2|SMA10_CAEEL,560,NRT,Caenorhabditis elegans,6239,sma-10
sp|Q965M2|SMA10_CAEEL,566,NGT,Caenorhabditis elegans,6239,sma-10
sp|Q965M2|SMA10_CAEEL,677,NVT,Caenorhabditis elegans,6239,sma-10
sp|Q965Q8|XYLT_CAEEL,4,NGT,Caenorhabditis elegans,6239,sqv-6
sp|Q965Q8|XYLT_CAEEL,89,NGT,Caenorhabditis elegans,6239,sqv-6
sp|Q965Q8|XYLT_CAEEL,169,NAT,Caenorhabditis elegans,6239,sqv-6
sp|Q965Q8|XYLT_CAEEL,325,NFS,Caenorhabditis elegans,6239,sqv-6
sp|Q965Q8|XYLT_CAEEL,614,NLT,Caenorhabditis elegans,6239,sqv-6
sp|Q965Q8|XYLT_CAEEL,655,NDT,Caenorhabditis elegans,6239,sqv-6
sp|Q965Q8|XYLT_CAEEL,719,NLT,Caenorhabditis elegans,6239,sqv-6
sp|Q965T6|KLP20_CAEEL,84,NGT,Caenorhabditis elegans,6239,klp-20
sp|Q965T6|KLP20_CAEEL,174,NLS,Caenorhabditis elegans,6239,klp-20
sp|Q965T6|KLP20_CAEEL,182,NAS,Caenorhabditis elegans,6239,klp-20
sp|Q965T6|KLP20_CAEEL,260,NLS,Caenorhabditis elegans,6239,klp-20
sp|Q965T6|KLP20_CAEEL,606,NQT,Caenorhabditis elegans,6239,klp-20
sp|Q965X9|NAPE2_CAEEL,70,NIT,Caenorhabditis elegans,6239,nape-2
sp|Q965X9|NAPE2_CAEEL,338,NTS,Caenorhabditis elegans,6239,nape-2
sp|Q966L3|AKIRN_CAEEL,118,NYS,Caenorhabditis elegans,6239,akir-1
sp|Q966L8|CHE1_CAEEL,10,NNT,Caenorhabditis elegans,6239,che-1
sp|Q966L8|CHE1_CAEEL,64,NGS,Caenorhabditis elegans,6239,che-1
sp|Q966L8|CHE1_CAEEL,86,NST,Caenorhabditis elegans,6239,che-1
sp|Q966L8|CHE1_CAEEL,101,NGT,Caenorhabditis elegans,6239,che-1
sp|Q966L8|CHE1_CAEEL,186,NLT,Caenorhabditis elegans,6239,che-1
sp|Q966L9|GLH2_CAEEL,7,NNT,Caenorhabditis elegans,6239,glh-2
sp|Q966L9|GLH2_CAEEL,865,NGS,Caenorhabditis elegans,6239,glh-2
sp|Q966W3|NDST_CAEEL,34,NNS,Caenorhabditis elegans,6239,hst-1
sp|Q966W3|NDST_CAEEL,50,NYT,Caenorhabditis elegans,6239,hst-1
sp|Q966W3|NDST_CAEEL,72,NGT,Caenorhabditis elegans,6239,hst-1
sp|Q966W3|NDST_CAEEL,261,NLT,Caenorhabditis elegans,6239,hst-1
sp|Q966W3|NDST_CAEEL,328,NFT,Caenorhabditis elegans,6239,hst-1
sp|Q966W3|NDST_CAEEL,377,NFT,Caenorhabditis elegans,6239,hst-1
sp|Q966W3|NDST_CAEEL,428,NVS,Caenorhabditis elegans,6239,hst-1
sp|Q966W3|NDST_CAEEL,576,NCT,Caenorhabditis elegans,6239,hst-1
sp|Q966W3|NDST_CAEEL,607,NTS,Caenorhabditis elegans,6239,hst-1
sp|Q966W3|NDST_CAEEL,712,NST,Caenorhabditis elegans,6239,hst-1
sp|Q967F4|HMR1_CAEEL,72,NTT,Caenorhabditis elegans,6239,hmr-1
sp|Q967F4|HMR1_CAEEL,243,NST,Caenorhabditis elegans,6239,hmr-1
sp|Q967F4|HMR1_CAEEL,253,NLS,Caenorhabditis elegans,6239,hmr-1
sp|Q967F4|HMR1_CAEEL,339,NTT,Caenorhabditis elegans,6239,hmr-1
sp|Q967F4|HMR1_CAEEL,508,NTT,Caenorhabditis elegans,6239,hmr-1
sp|Q967F4|HMR1_CAEEL,658,NQT,Caenorhabditis elegans,6239,hmr-1
sp|Q967F4|HMR1_CAEEL,685,NFS,Caenorhabditis elegans,6239,hmr-1
sp|Q967F4|HMR1_CAEEL,715,NVT,Caenorhabditis elegans,6239,hmr-1
sp|Q967F4|HMR1_CAEEL,826,NLT,Caenorhabditis elegans,6239,hmr-1
sp|Q967F4|HMR1_CAEEL,1177,NYT,Caenorhabditis elegans,6239,hmr-1
sp|Q967F4|HMR1_CAEEL,1417,NAT,Caenorhabditis elegans,6239,hmr-1
sp|Q967F4|HMR1_CAEEL,1646,NVT,Caenorhabditis elegans,6239,hmr-1
sp|Q967F4|HMR1_CAEEL,1935,NGS,Caenorhabditis elegans,6239,hmr-1
sp|Q967F4|HMR1_CAEEL,2224,NST,Caenorhabditis elegans,6239,hmr-1
sp|Q967F4|HMR1_CAEEL,2232,NAT,Caenorhabditis elegans,6239,hmr-1
sp|Q967F4|HMR1_CAEEL,2307,NIS,Caenorhabditis elegans,6239,hmr-1
sp|Q967F4|HMR1_CAEEL,2332,NDT,Caenorhabditis elegans,6239,hmr-1
sp|Q967F4|HMR1_CAEEL,2623,NAS,Caenorhabditis elegans,6239,hmr-1
sp|Q967F4|HMR1_CAEEL,2907,NIS,Caenorhabditis elegans,6239,hmr-1
sp|Q968Y9|INSR_CAEEL,113,NYS,Caenorhabditis elegans,6239,daf-2
sp|Q968Y9|INSR_CAEEL,180,NCT,Caenorhabditis elegans,6239,daf-2
sp|Q968Y9|INSR_CAEEL,364,NTT,Caenorhabditis elegans,6239,daf-2
sp|Q968Y9|INSR_CAEEL,453,NKT,Caenorhabditis elegans,6239,daf-2
sp|Q968Y9|INSR_CAEEL,518,NLT,Caenorhabditis elegans,6239,daf-2
sp|Q968Y9|INSR_CAEEL,652,NVS,Caenorhabditis elegans,6239,daf-2
sp|Q968Y9|INSR_CAEEL,671,NIT,Caenorhabditis elegans,6239,daf-2
sp|Q968Y9|INSR_CAEEL,696,NMT,Caenorhabditis elegans,6239,daf-2
sp|Q968Y9|INSR_CAEEL,1017,NVS,Caenorhabditis elegans,6239,daf-2
sp|Q968Y9|INSR_CAEEL,1047,NMT,Caenorhabditis elegans,6239,daf-2
sp|Q968Y9|INSR_CAEEL,1078,NET,Caenorhabditis elegans,6239,daf-2
sp|Q968Y9|INSR_CAEEL,1087,NNS,Caenorhabditis elegans,6239,daf-2
sp|Q968Y9|INSR_CAEEL,1093,NVT,Caenorhabditis elegans,6239,daf-2
sp|Q968Y9|INSR_CAEEL,1350,NET,Caenorhabditis elegans,6239,daf-2
sp|Q968Y9|INSR_CAEEL,1598,NAT,Caenorhabditis elegans,6239,daf-2
sp|Q968Y9|INSR_CAEEL,1630,NHS,Caenorhabditis elegans,6239,daf-2
sp|Q968Y9|INSR_CAEEL,1740,NWS,Caenorhabditis elegans,6239,daf-2
sp|Q968Y9|INSR_CAEEL,1811,NGS,Caenorhabditis elegans,6239,daf-2
sp|Q9BIG5|GPA4_CAEEL,91,NIS,Caenorhabditis elegans,6239,gpa-4
sp|Q9BIG5|GPA4_CAEEL,152,NDS,Caenorhabditis elegans,6239,gpa-4
sp|Q9BKU4|PHB1_CAEEL,92,NIT,Caenorhabditis elegans,6239,phb-1
sp|Q9BKU4|PHB1_CAEEL,259,NVT,Caenorhabditis elegans,6239,phb-1
sp|Q9BLB6|RU2A_CAEEL,191,NSS,Caenorhabditis elegans,6239,mog-2
sp|Q9BMK9|CLH3_CAEEL,14,NKT,Caenorhabditis elegans,6239,clh-3
sp|Q9BMK9|CLH3_CAEEL,195,NES,Caenorhabditis elegans,6239,clh-3
sp|Q9BMK9|CLH3_CAEEL,375,NDS,Caenorhabditis elegans,6239,clh-3
sp|Q9BMK9|CLH3_CAEEL,386,NAT,Caenorhabditis elegans,6239,clh-3
sp|Q9BMK9|CLH3_CAEEL,684,NET,Caenorhabditis elegans,6239,clh-3
sp|Q9BMK9|CLH3_CAEEL,958,NGS,Caenorhabditis elegans,6239,clh-3
sp|Q9BMN8|LAR_CAEEL,8,NNS,Caenorhabditis elegans,6239,ptp-3
sp|Q9BMN8|LAR_CAEEL,116,NAT,Caenorhabditis elegans,6239,ptp-3
sp|Q9BMN8|LAR_CAEEL,269,NLT,Caenorhabditis elegans,6239,ptp-3
sp|Q9BMN8|LAR_CAEEL,315,NFT,Caenorhabditis elegans,6239,ptp-3
sp|Q9BMN8|LAR_CAEEL,574,NTS,Caenorhabditis elegans,6239,ptp-3
sp|Q9BMN8|LAR_CAEEL,886,NET,Caenorhabditis elegans,6239,ptp-3
sp|Q9BMN8|LAR_CAEEL,945,NAT,Caenorhabditis elegans,6239,ptp-3
sp|Q9BMN8|LAR_CAEEL,988,NIT,Caenorhabditis elegans,6239,ptp-3
sp|Q9BMN8|LAR_CAEEL,1069,NST,Caenorhabditis elegans,6239,ptp-3
sp|Q9BMN8|LAR_CAEEL,1141,NLT,Caenorhabditis elegans,6239,ptp-3
sp|Q9BMN8|LAR_CAEEL,1212,NHT,Caenorhabditis elegans,6239,ptp-3
sp|Q9BMN8|LAR_CAEEL,1330,NYS,Caenorhabditis elegans,6239,ptp-3
sp|Q9BMN8|LAR_CAEEL,1618,NMT,Caenorhabditis elegans,6239,ptp-3
sp|Q9BMN8|LAR_CAEEL,1990,NAS,Caenorhabditis elegans,6239,ptp-3
sp|Q9BMN8|LAR_CAEEL,2011,NET,Caenorhabditis elegans,6239,ptp-3
sp|Q9BMN8|LAR_CAEEL,2198,NFS,Caenorhabditis elegans,6239,ptp-3
sp|Q9GN62|PAR4_CAEEL,348,NGT,Caenorhabditis elegans,6239,par-4
sp|Q9GN62|PAR4_CAEEL,505,NLT,Caenorhabditis elegans,6239,par-4
sp|Q9GN62|PAR4_CAEEL,570,NST,Caenorhabditis elegans,6239,par-4
sp|Q9GQ00|MOD1_CAEEL,44,NYT,Caenorhabditis elegans,6239,mod-1
sp|Q9GQ00|MOD1_CAEEL,103,NIT,Caenorhabditis elegans,6239,mod-1
sp|Q9GQ00|MOD1_CAEEL,144,NGT,Caenorhabditis elegans,6239,mod-1
sp|Q9GQ00|MOD1_CAEEL,351,NGS,Caenorhabditis elegans,6239,mod-1
sp|Q9GRZ3|DPY21_CAEEL,45,NDS,Caenorhabditis elegans,6239,dpy-21
sp|Q9GRZ3|DPY21_CAEEL,226,NGS,Caenorhabditis elegans,6239,dpy-21
sp|Q9GRZ3|DPY21_CAEEL,266,NGS,Caenorhabditis elegans,6239,dpy-21
sp|Q9GRZ3|DPY21_CAEEL,327,NSS,Caenorhabditis elegans,6239,dpy-21
sp|Q9GRZ3|DPY21_CAEEL,583,NVS,Caenorhabditis elegans,6239,dpy-21
sp|Q9GRZ3|DPY21_CAEEL,687,NKT,Caenorhabditis elegans,6239,dpy-21
sp|Q9GRZ3|DPY21_CAEEL,997,NTS,Caenorhabditis elegans,6239,dpy-21
sp|Q9GRZ3|DPY21_CAEEL,1019,NGT,Caenorhabditis elegans,6239,dpy-21
sp|Q9GRZ3|DPY21_CAEEL,1090,NGT,Caenorhabditis elegans,6239,dpy-21
sp|Q9GRZ3|DPY21_CAEEL,1184,NKT,Caenorhabditis elegans,6239,dpy-21
sp|Q9GRZ3|DPY21_CAEEL,1424,NRS,Caenorhabditis elegans,6239,dpy-21
sp|Q9GSX9|RIC8_CAEEL,102,NNS,Caenorhabditis elegans,6239,ric-8
sp|Q9GSX9|RIC8_CAEEL,213,NRS,Caenorhabditis elegans,6239,ric-8
sp|Q9GSX9|RIC8_CAEEL,217,NST,Caenorhabditis elegans,6239,ric-8
sp|Q9GSX9|RIC8_CAEEL,402,NNT,Caenorhabditis elegans,6239,ric-8
sp|Q9GT24|ZYG1_CAEEL,348,NRS,Caenorhabditis elegans,6239,zyg-1
sp|Q9GT24|ZYG1_CAEEL,585,NLS,Caenorhabditis elegans,6239,zyg-1
sp|Q9GT24|ZYG1_CAEEL,624,NSS,Caenorhabditis elegans,6239,zyg-1
sp|Q9GUI1|NAAA_CAEEL,150,NIT,Caenorhabditis elegans,6239,Y55D5A.3
sp|Q9GUI1|NAAA_CAEEL,160,NGT,Caenorhabditis elegans,6239,Y55D5A.3
sp|Q9GUI1|NAAA_CAEEL,328,NLT,Caenorhabditis elegans,6239,Y55D5A.3
sp|Q9GUM2|BRE4_CAEEL,37,NLT,Caenorhabditis elegans,6239,bre-4
sp|Q9GUM2|BRE4_CAEEL,71,NST,Caenorhabditis elegans,6239,bre-4
sp|Q9GUM2|BRE4_CAEEL,81,NQT,Caenorhabditis elegans,6239,bre-4
sp|Q9GUM2|BRE4_CAEEL,97,NQT,Caenorhabditis elegans,6239,bre-4
sp|Q9GUM2|BRE4_CAEEL,104,NQT,Caenorhabditis elegans,6239,bre-4
sp|Q9GUM2|BRE4_CAEEL,191,NQT,Caenorhabditis elegans,6239,bre-4
sp|Q9GYF0|CHUP1_CAEEL,18,NQS,Caenorhabditis elegans,6239,chup-1
sp|Q9GYF0|CHUP1_CAEEL,39,NMS,Caenorhabditis elegans,6239,chup-1
sp|Q9GYF0|CHUP1_CAEEL,63,NES,Caenorhabditis elegans,6239,chup-1
sp|Q9GYF0|CHUP1_CAEEL,140,NNS,Caenorhabditis elegans,6239,chup-1
sp|Q9GYF0|CHUP1_CAEEL,174,NST,Caenorhabditis elegans,6239,chup-1
sp|Q9GYF0|CHUP1_CAEEL,257,NVT,Caenorhabditis elegans,6239,chup-1
sp|Q9GYF0|CHUP1_CAEEL,386,NIT,Caenorhabditis elegans,6239,chup-1
sp|Q9GYH7|RME6_CAEEL,134,NDS,Caenorhabditis elegans,6239,rme-6
sp|Q9GYH7|RME6_CAEEL,268,NIS,Caenorhabditis elegans,6239,rme-6
sp|Q9GYH7|RME6_CAEEL,402,NGT,Caenorhabditis elegans,6239,rme-6
sp|Q9GYH7|RME6_CAEEL,739,NIS,Caenorhabditis elegans,6239,rme-6
sp|Q9GYH7|RME6_CAEEL,750,NET,Caenorhabditis elegans,6239,rme-6
sp|Q9GYI0|KDM7_CAEEL,158,NGS,Caenorhabditis elegans,6239,jmjd-1.2
sp|Q9GYI0|KDM7_CAEEL,378,NMT,Caenorhabditis elegans,6239,jmjd-1.2
sp|Q9GYI0|KDM7_CAEEL,408,NQS,Caenorhabditis elegans,6239,jmjd-1.2
sp|Q9GYI4|JMJD6_CAEEL,58,NLT,Caenorhabditis elegans,6239,psr-1
sp|Q9GYI4|JMJD6_CAEEL,344,NES,Caenorhabditis elegans,6239,psr-1
sp|Q9GYQ4|GCY8_CAEEL,31,NGT,Caenorhabditis elegans,6239,gcy-8
sp|Q9GYQ4|GCY8_CAEEL,55,NST,Caenorhabditis elegans,6239,gcy-8
sp|Q9GYQ4|GCY8_CAEEL,385,NET,Caenorhabditis elegans,6239,gcy-8
sp|Q9GYQ4|GCY8_CAEEL,465,NKS,Caenorhabditis elegans,6239,gcy-8
sp|Q9GYQ4|GCY8_CAEEL,653,NES,Caenorhabditis elegans,6239,gcy-8
sp|Q9GYQ4|GCY8_CAEEL,799,NQS,Caenorhabditis elegans,6239,gcy-8
sp|Q9GYQ4|GCY8_CAEEL,837,NTT,Caenorhabditis elegans,6239,gcy-8
sp|Q9GYQ4|GCY8_CAEEL,942,NAS,Caenorhabditis elegans,6239,gcy-8
sp|Q9GZC8|SID1_CAEEL,19,NNS,Caenorhabditis elegans,6239,sid-1
sp|Q9GZC8|SID1_CAEEL,32,NSS,Caenorhabditis elegans,6239,sid-1
sp|Q9GZC8|SID1_CAEEL,205,NCS,Caenorhabditis elegans,6239,sid-1
sp|Q9GZC8|SID1_CAEEL,210,NIS,Caenorhabditis elegans,6239,sid-1
sp|Q9GZC8|SID1_CAEEL,234,NES,Caenorhabditis elegans,6239,sid-1
sp|Q9GZC8|SID1_CAEEL,290,NTS,Caenorhabditis elegans,6239,sid-1
sp|Q9GZC8|SID1_CAEEL,311,NQS,Caenorhabditis elegans,6239,sid-1
sp|Q9GZC8|SID1_CAEEL,375,NTS,Caenorhabditis elegans,6239,sid-1
sp|Q9GZH2|RUVB2_CAEEL,110,NKT,Caenorhabditis elegans,6239,ruvb-2
sp|Q9GZH2|RUVB2_CAEEL,206,NRS,Caenorhabditis elegans,6239,ruvb-2
sp|Q9N2L7|PLK2_CAEEL,55,NKS,Caenorhabditis elegans,6239,plk-2
sp|Q9N2L7|PLK2_CAEEL,316,NVS,Caenorhabditis elegans,6239,plk-2
sp|Q9N2L7|PLK2_CAEEL,523,NGT,Caenorhabditis elegans,6239,plk-2
sp|Q9N2V6|GPA16_CAEEL,149,NDS,Caenorhabditis elegans,6239,gpa-16
sp|Q9N2W5|UBXN2_CAEEL,240,NHS,Caenorhabditis elegans,6239,ubxn-2
sp|Q9N2Z7|WWP1_CAEEL,17,NGT,Caenorhabditis elegans,6239,wwp-1
sp|Q9N2Z7|WWP1_CAEEL,24,NGS,Caenorhabditis elegans,6239,wwp-1
sp|Q9N2Z7|WWP1_CAEEL,38,NAS,Caenorhabditis elegans,6239,wwp-1
sp|Q9N2Z7|WWP1_CAEEL,83,NES,Caenorhabditis elegans,6239,wwp-1
sp|Q9N2Z7|WWP1_CAEEL,128,NIS,Caenorhabditis elegans,6239,wwp-1
sp|Q9N2Z7|WWP1_CAEEL,316,NFS,Caenorhabditis elegans,6239,wwp-1
sp|Q9N2Z7|WWP1_CAEEL,337,NTS,Caenorhabditis elegans,6239,wwp-1
sp|Q9N2Z7|WWP1_CAEEL,348,NRT,Caenorhabditis elegans,6239,wwp-1
sp|Q9N2Z7|WWP1_CAEEL,510,NYS,Caenorhabditis elegans,6239,wwp-1
sp|Q9N303|DEPS1_CAEEL,89,NES,Caenorhabditis elegans,6239,deps-1
sp|Q9N303|DEPS1_CAEEL,176,NMT,Caenorhabditis elegans,6239,deps-1
sp|Q9N303|DEPS1_CAEEL,384,NKS,Caenorhabditis elegans,6239,deps-1
sp|Q9N303|DEPS1_CAEEL,479,NYS,Caenorhabditis elegans,6239,deps-1
sp|Q9N303|DEPS1_CAEEL,561,NSS,Caenorhabditis elegans,6239,deps-1
sp|Q9N363|DCP1_CAEEL,50,NQS,Caenorhabditis elegans,6239,dcap-1
sp|Q9N363|DCP1_CAEEL,244,NST,Caenorhabditis elegans,6239,dcap-1
sp|Q9N373|MKRN_CAEEL,194,NHT,Caenorhabditis elegans,6239,lep-2
sp|Q9N3Q8|DAF25_CAEEL,19,NDT,Caenorhabditis elegans,6239,daf-25
sp|Q9N3Q8|DAF25_CAEEL,53,NLT,Caenorhabditis elegans,6239,daf-25
sp|Q9N3T2|FEN1_CAEEL,69,NRT,Caenorhabditis elegans,6239,crn-1
sp|Q9N3T2|FEN1_CAEEL,208,NLS,Caenorhabditis elegans,6239,crn-1
sp|Q9N3T2|FEN1_CAEEL,346,NST,Caenorhabditis elegans,6239,crn-1
sp|Q9N3Z3|CHK1_CAEEL,60,NKS,Caenorhabditis elegans,6239,chk-1
sp|Q9N3Z3|CHK1_CAEEL,244,NTS,Caenorhabditis elegans,6239,chk-1
sp|Q9N3Z3|CHK1_CAEEL,310,NIT,Caenorhabditis elegans,6239,chk-1
sp|Q9N3Z3|CHK1_CAEEL,340,NAS,Caenorhabditis elegans,6239,chk-1
sp|Q9N491|SQV2_CAEEL,69,NET,Caenorhabditis elegans,6239,sqv-2
sp|Q9N491|SQV2_CAEEL,325,NGS,Caenorhabditis elegans,6239,sqv-2
sp|Q9N4A7|SEC13_CAEEL,137,NSS,Caenorhabditis elegans,6239,npp-20
sp|Q9N4H4|PARP1_CAEEL,70,NIS,Caenorhabditis elegans,6239,parp-1
sp|Q9N4H4|PARP1_CAEEL,340,NSS,Caenorhabditis elegans,6239,parp-1
sp|Q9N4H4|PARP1_CAEEL,771,NES,Caenorhabditis elegans,6239,parp-1
sp|Q9N4H4|PARP1_CAEEL,862,NVS,Caenorhabditis elegans,6239,parp-1
sp|Q9N4M4|ANC1_CAEEL,87,NLT,Caenorhabditis elegans,6239,anc-1
sp|Q9N4M4|ANC1_CAEEL,591,NTS,Caenorhabditis elegans,6239,anc-1
sp|Q9N4M4|ANC1_CAEEL,771,NHS,Caenorhabditis elegans,6239,anc-1
sp|Q9N4M4|ANC1_CAEEL,823,NLT,Caenorhabditis elegans,6239,anc-1
sp|Q9N4M4|ANC1_CAEEL,1161,NIT,Caenorhabditis elegans,6239,anc-1
sp|Q9N4M4|ANC1_CAEEL,1303,NST,Caenorhabditis elegans,6239,anc-1
sp|Q9N4M4|ANC1_CAEEL,1980,NQT,Caenorhabditis elegans,6239,anc-1
sp|Q9N4M4|ANC1_CAEEL,2155,NAT,Caenorhabditis elegans,6239,anc-1
sp|Q9N4M4|ANC1_CAEEL,2956,NVS,Caenorhabditis elegans,6239,anc-1
sp|Q9N4M4|ANC1_CAEEL,2968,NGS,Caenorhabditis elegans,6239,anc-1
sp|Q9N4M4|ANC1_CAEEL,3478,NKS,Caenorhabditis elegans,6239,anc-1
sp|Q9N4M4|ANC1_CAEEL,3680,NNS,Caenorhabditis elegans,6239,anc-1
sp|Q9N4M4|ANC1_CAEEL,3846,NIS,Caenorhabditis elegans,6239,anc-1
sp|Q9N4M4|ANC1_CAEEL,4381,NKS,Caenorhabditis elegans,6239,anc-1
sp|Q9N4M4|ANC1_CAEEL,4432,NKS,Caenorhabditis elegans,6239,anc-1
sp|Q9N4M4|ANC1_CAEEL,4634,NNS,Caenorhabditis elegans,6239,anc-1
sp|Q9N4M4|ANC1_CAEEL,4800,NIS,Caenorhabditis elegans,6239,anc-1
sp|Q9N4M4|ANC1_CAEEL,5335,NKS,Caenorhabditis elegans,6239,anc-1
sp|Q9N4M4|ANC1_CAEEL,5537,NNS,Caenorhabditis elegans,6239,anc-1
sp|Q9N4M4|ANC1_CAEEL,5703,NIS,Caenorhabditis elegans,6239,anc-1
sp|Q9N4M4|ANC1_CAEEL,6238,NKS,Caenorhabditis elegans,6239,anc-1
sp|Q9N4M4|ANC1_CAEEL,6440,NNS,Caenorhabditis elegans,6239,anc-1
sp|Q9N4M4|ANC1_CAEEL,6606,NIS,Caenorhabditis elegans,6239,anc-1
sp|Q9N4M4|ANC1_CAEEL,7141,NKS,Caenorhabditis elegans,6239,anc-1
sp|Q9N4M4|ANC1_CAEEL,7343,NNS,Caenorhabditis elegans,6239,anc-1
sp|Q9N4M4|ANC1_CAEEL,7509,NIS,Caenorhabditis elegans,6239,anc-1
sp|Q9N4M4|ANC1_CAEEL,8044,NKS,Caenorhabditis elegans,6239,anc-1
sp|Q9N4M4|ANC1_CAEEL,8222,NVS,Caenorhabditis elegans,6239,anc-1
sp|Q9N4X8|GSTPA_CAEEL,80,NGS,Caenorhabditis elegans,6239,gst-10
sp|Q9N4X8|GSTPA_CAEEL,120,NKT,Caenorhabditis elegans,6239,gst-10
sp|Q9N587|ACH6_CAEEL,136,NGT,Caenorhabditis elegans,6239,unc-63
sp|Q9N589|MTMR1_CAEEL,6,NNS,Caenorhabditis elegans,6239,mtm-1
sp|Q9N589|MTMR1_CAEEL,40,NVT,Caenorhabditis elegans,6239,mtm-1
sp|Q9N589|MTMR1_CAEEL,237,NQT,Caenorhabditis elegans,6239,mtm-1
sp|Q9N589|MTMR1_CAEEL,431,NYS,Caenorhabditis elegans,6239,mtm-1
sp|Q9N593|CDC27_CAEEL,59,NNS,Caenorhabditis elegans,6239,mat-1
sp|Q9N593|CDC27_CAEEL,253,NTT,Caenorhabditis elegans,6239,mat-1
sp|Q9N593|CDC27_CAEEL,257,NIT,Caenorhabditis elegans,6239,mat-1
sp|Q9N593|CDC27_CAEEL,333,NAS,Caenorhabditis elegans,6239,mat-1
sp|Q9N593|CDC27_CAEEL,373,NKT,Caenorhabditis elegans,6239,mat-1
sp|Q9N593|CDC27_CAEEL,491,NTS,Caenorhabditis elegans,6239,mat-1
sp|Q9N593|CDC27_CAEEL,645,NLT,Caenorhabditis elegans,6239,mat-1
sp|Q9N593|CDC27_CAEEL,702,NRS,Caenorhabditis elegans,6239,mat-1
sp|Q9N593|CDC27_CAEEL,753,NYS,Caenorhabditis elegans,6239,mat-1
sp|Q9N593|CDC27_CAEEL,767,NIT,Caenorhabditis elegans,6239,mat-1
sp|Q9N5A0|VATB2_CAEEL,8,NLS,Caenorhabditis elegans,6239,spe-5
sp|Q9N5A0|VATB2_CAEEL,32,NYS,Caenorhabditis elegans,6239,spe-5
sp|Q9N5A0|VATB2_CAEEL,127,NGS,Caenorhabditis elegans,6239,spe-5
sp|Q9N5A0|VATB2_CAEEL,214,NET,Caenorhabditis elegans,6239,spe-5
sp|Q9N5A0|VATB2_CAEEL,462,NRT,Caenorhabditis elegans,6239,spe-5
sp|Q9N5A8|ZIP11_CAEEL,12,NYS,Caenorhabditis elegans,6239,zip-11
sp|Q9N5D3|SOS_CAEEL,292,NLT,Caenorhabditis elegans,6239,sos-1
sp|Q9N5D3|SOS_CAEEL,347,NET,Caenorhabditis elegans,6239,sos-1
sp|Q9N5D3|SOS_CAEEL,645,NIS,Caenorhabditis elegans,6239,sos-1
sp|Q9N5D3|SOS_CAEEL,869,NES,Caenorhabditis elegans,6239,sos-1
sp|Q9N5D3|SOS_CAEEL,984,NFT,Caenorhabditis elegans,6239,sos-1
sp|Q9N5D3|SOS_CAEEL,996,NSS,Caenorhabditis elegans,6239,sos-1
sp|Q9N5D3|SOS_CAEEL,1061,NST,Caenorhabditis elegans,6239,sos-1
sp|Q9N5D3|SOS_CAEEL,1066,NKS,Caenorhabditis elegans,6239,sos-1
sp|Q9N5D3|SOS_CAEEL,1156,NKS,Caenorhabditis elegans,6239,sos-1
sp|Q9N5D3|SOS_CAEEL,1178,NAS,Caenorhabditis elegans,6239,sos-1
sp|Q9N5D3|SOS_CAEEL,1282,NQS,Caenorhabditis elegans,6239,sos-1
sp|Q9N5D3|SOS_CAEEL,1356,NSS,Caenorhabditis elegans,6239,sos-1
sp|Q9N5D6|UNC62_CAEEL,386,NGS,Caenorhabditis elegans,6239,unc-62
sp|Q9N5D6|UNC62_CAEEL,414,NLT,Caenorhabditis elegans,6239,unc-62
sp|Q9N5D6|UNC62_CAEEL,476,NRS,Caenorhabditis elegans,6239,unc-62
sp|Q9N5D6|UNC62_CAEEL,495,NYS,Caenorhabditis elegans,6239,unc-62
sp|Q9N5K3|SYP4_CAEEL,164,NSS,Caenorhabditis elegans,6239,syp-4
sp|Q9N5K3|SYP4_CAEEL,342,NVT,Caenorhabditis elegans,6239,syp-4
sp|Q9N5K3|SYP4_CAEEL,487,NGS,Caenorhabditis elegans,6239,syp-4
sp|Q9N5K3|SYP4_CAEEL,490,NKS,Caenorhabditis elegans,6239,syp-4
sp|Q9N5K3|SYP4_CAEEL,494,NFS,Caenorhabditis elegans,6239,syp-4
sp|Q9N5K3|SYP4_CAEEL,598,NST,Caenorhabditis elegans,6239,syp-4
sp|Q9N5L4|PARG2_CAEEL,43,NIS,Caenorhabditis elegans,6239,parg-2
sp|Q9N5L4|PARG2_CAEEL,329,NNS,Caenorhabditis elegans,6239,parg-2
sp|Q9N5L4|PARG2_CAEEL,466,NYS,Caenorhabditis elegans,6239,parg-2
sp|Q9N5L4|PARG2_CAEEL,481,NST,Caenorhabditis elegans,6239,parg-2
sp|Q9N5M6|FBF1_CAEEL,136,NNS,Caenorhabditis elegans,6239,fbf-1
sp|Q9N5R9|SPT16_CAEEL,94,NQS,Caenorhabditis elegans,6239,spt-16
sp|Q9N5R9|SPT16_CAEEL,249,NYS,Caenorhabditis elegans,6239,spt-16
sp|Q9N5R9|SPT16_CAEEL,284,NLT,Caenorhabditis elegans,6239,spt-16
sp|Q9N5R9|SPT16_CAEEL,466,NKT,Caenorhabditis elegans,6239,spt-16
sp|Q9N5R9|SPT16_CAEEL,509,NVS,Caenorhabditis elegans,6239,spt-16
sp|Q9N5R9|SPT16_CAEEL,556,NCS,Caenorhabditis elegans,6239,spt-16
sp|Q9N5R9|SPT16_CAEEL,617,NLS,Caenorhabditis elegans,6239,spt-16
sp|Q9N5R9|SPT16_CAEEL,826,NLT,Caenorhabditis elegans,6239,spt-16
sp|Q9N5S3|LSY2_CAEEL,23,NSS,Caenorhabditis elegans,6239,lsy-2
sp|Q9N5S3|LSY2_CAEEL,32,NQS,Caenorhabditis elegans,6239,lsy-2
sp|Q9N5S3|LSY2_CAEEL,243,NMS,Caenorhabditis elegans,6239,lsy-2
sp|Q9NA64|ILCR1_CAEEL,29,NST,Caenorhabditis elegans,6239,ilcr-1
sp|Q9NA64|ILCR1_CAEEL,79,NGT,Caenorhabditis elegans,6239,ilcr-1
sp|Q9NA64|ILCR1_CAEEL,186,NVT,Caenorhabditis elegans,6239,ilcr-1
sp|Q9NA64|ILCR1_CAEEL,214,NYT,Caenorhabditis elegans,6239,ilcr-1
sp|Q9NA64|ILCR1_CAEEL,339,NFT,Caenorhabditis elegans,6239,ilcr-1
sp|Q9NA64|ILCR1_CAEEL,395,NQT,Caenorhabditis elegans,6239,ilcr-1
sp|Q9NA64|ILCR1_CAEEL,528,NSS,Caenorhabditis elegans,6239,ilcr-1
sp|Q9NAD6|STAT1_CAEEL,237,NVS,Caenorhabditis elegans,6239,sta-1
sp|Q9NAD6|STAT1_CAEEL,264,NKT,Caenorhabditis elegans,6239,sta-1
sp|Q9NAD6|STAT1_CAEEL,290,NNS,Caenorhabditis elegans,6239,sta-1
sp|Q9NAD6|STAT1_CAEEL,337,NLS,Caenorhabditis elegans,6239,sta-1
sp|Q9NAD6|STAT1_CAEEL,383,NTT,Caenorhabditis elegans,6239,sta-1
sp|Q9NAD6|STAT1_CAEEL,670,NIT,Caenorhabditis elegans,6239,sta-1
sp|Q9NAG4|MAC1_CAEEL,147,NKT,Caenorhabditis elegans,6239,mac-1
sp|Q9NAG4|MAC1_CAEEL,468,NLT,Caenorhabditis elegans,6239,mac-1
sp|Q9NAG4|MAC1_CAEEL,590,NET,Caenorhabditis elegans,6239,mac-1
sp|Q9NAG4|MAC1_CAEEL,717,NGT,Caenorhabditis elegans,6239,mac-1
sp|Q9NAH6|KS6B_CAEEL,27,NCT,Caenorhabditis elegans,6239,rsks-1
sp|Q9NAH6|KS6B_CAEEL,391,NFS,Caenorhabditis elegans,6239,rsks-1
sp|Q9NAH6|KS6B_CAEEL,524,NGS,Caenorhabditis elegans,6239,rsks-1
sp|Q9NAN2|PAR6_CAEEL,4,NGS,Caenorhabditis elegans,6239,par-6
sp|Q9NAN2|PAR6_CAEEL,63,NST,Caenorhabditis elegans,6239,par-6
sp|Q9NAN2|PAR6_CAEEL,265,NAS,Caenorhabditis elegans,6239,par-6
sp|Q9NAN2|PAR6_CAEEL,287,NGS,Caenorhabditis elegans,6239,par-6
sp|Q9NAN2|PAR6_CAEEL,302,NDS,Caenorhabditis elegans,6239,par-6
sp|Q9NB31|CST1_CAEEL,451,NIT,Caenorhabditis elegans,6239,cst-1
sp|Q9NDC9|LIS1_CAEEL,291,NVT,Caenorhabditis elegans,6239,lis-1
sp|Q9NDC9|LIS1_CAEEL,300,NST,Caenorhabditis elegans,6239,lis-1
sp|Q9NDH7|GLY2_CAEEL,30,NES,Caenorhabditis elegans,6239,gly-2
sp|Q9NDH7|GLY2_CAEEL,412,NIS,Caenorhabditis elegans,6239,gly-2
sp|Q9NDH7|GLY2_CAEEL,437,NIT,Caenorhabditis elegans,6239,gly-2
sp|Q9NDH7|GLY2_CAEEL,601,NSS,Caenorhabditis elegans,6239,gly-2
sp|Q9NDH7|GLY2_CAEEL,626,NCT,Caenorhabditis elegans,6239,gly-2
sp|Q9NEL2|SSL1_CAEEL,87,NRS,Caenorhabditis elegans,6239,ssl-1
sp|Q9NEL2|SSL1_CAEEL,132,NGS,Caenorhabditis elegans,6239,ssl-1
sp|Q9NEL2|SSL1_CAEEL,236,NKT,Caenorhabditis elegans,6239,ssl-1
sp|Q9NEL2|SSL1_CAEEL,798,NCS,Caenorhabditis elegans,6239,ssl-1
sp|Q9NEL2|SSL1_CAEEL,890,NLS,Caenorhabditis elegans,6239,ssl-1
sp|Q9NEL2|SSL1_CAEEL,930,NRT,Caenorhabditis elegans,6239,ssl-1
sp|Q9NEL2|SSL1_CAEEL,960,NGT,Caenorhabditis elegans,6239,ssl-1
sp|Q9NEL2|SSL1_CAEEL,1040,NWS,Caenorhabditis elegans,6239,ssl-1
sp|Q9NEL2|SSL1_CAEEL,1146,NLS,Caenorhabditis elegans,6239,ssl-1
sp|Q9NEL2|SSL1_CAEEL,1160,NTS,Caenorhabditis elegans,6239,ssl-1
sp|Q9NEL2|SSL1_CAEEL,1271,NLT,Caenorhabditis elegans,6239,ssl-1
sp|Q9NEL2|SSL1_CAEEL,1305,NVS,Caenorhabditis elegans,6239,ssl-1
sp|Q9NEL2|SSL1_CAEEL,1478,NDT,Caenorhabditis elegans,6239,ssl-1
sp|Q9NEL2|SSL1_CAEEL,1679,NRT,Caenorhabditis elegans,6239,ssl-1
sp|Q9NEL2|SSL1_CAEEL,1684,NRT,Caenorhabditis elegans,6239,ssl-1
sp|Q9NEL2|SSL1_CAEEL,2015,NSS,Caenorhabditis elegans,6239,ssl-1
sp|Q9NES8|PPP5_CAEEL,467,NLT,Caenorhabditis elegans,6239,pph-5
sp|Q9NEZ5|UNC95_CAEEL,80,NGT,Caenorhabditis elegans,6239,unc-95
sp|Q9NEZ5|UNC95_CAEEL,170,NAT,Caenorhabditis elegans,6239,unc-95
sp|Q9NEZ7|BBS1_CAEEL,8,NQS,Caenorhabditis elegans,6239,bbs-1
sp|Q9NEZ7|BBS1_CAEEL,39,NDS,Caenorhabditis elegans,6239,bbs-1
sp|Q9NH52|MES4_CAEEL,38,NAT,Caenorhabditis elegans,6239,mes-4
sp|Q9NH52|MES4_CAEEL,249,NVS,Caenorhabditis elegans,6239,mes-4
sp|Q9NH52|MES4_CAEEL,439,NST,Caenorhabditis elegans,6239,mes-4
sp|Q9NH52|MES4_CAEEL,611,NIS,Caenorhabditis elegans,6239,mes-4
sp|Q9NH52|MES4_CAEEL,617,NHS,Caenorhabditis elegans,6239,mes-4
sp|Q9NH52|MES4_CAEEL,707,NKS,Caenorhabditis elegans,6239,mes-4
sp|Q9NH52|MES4_CAEEL,728,NGT,Caenorhabditis elegans,6239,mes-4
sp|Q9NHC3|CED2_CAEEL,86,NQS,Caenorhabditis elegans,6239,ced-2
sp|Q9NLA1|FLR4_CAEEL,163,NLS,Caenorhabditis elegans,6239,flr-4
sp|Q9NLA1|FLR4_CAEEL,183,NDS,Caenorhabditis elegans,6239,flr-4
sp|Q9NLA1|FLR4_CAEEL,361,NHS,Caenorhabditis elegans,6239,flr-4
sp|Q9NLA1|FLR4_CAEEL,502,NQT,Caenorhabditis elegans,6239,flr-4
sp|Q9TVL3|CDK9_CAEEL,52,NGT,Caenorhabditis elegans,6239,cdk-9
sp|Q9TVL3|CDK9_CAEEL,143,NIT,Caenorhabditis elegans,6239,cdk-9
sp|Q9TVY6|SPE9_CAEEL,105,NNS,Caenorhabditis elegans,6239,spe-9
sp|Q9TVY6|SPE9_CAEEL,134,NGS,Caenorhabditis elegans,6239,spe-9
sp|Q9TVY6|SPE9_CAEEL,190,NAT,Caenorhabditis elegans,6239,spe-9
sp|Q9TVY6|SPE9_CAEEL,279,NST,Caenorhabditis elegans,6239,spe-9
sp|Q9TVY6|SPE9_CAEEL,290,NIS,Caenorhabditis elegans,6239,spe-9
sp|Q9TVY6|SPE9_CAEEL,316,NGT,Caenorhabditis elegans,6239,spe-9
sp|Q9TVY6|SPE9_CAEEL,338,NSS,Caenorhabditis elegans,6239,spe-9
sp|Q9TVY6|SPE9_CAEEL,549,NGT,Caenorhabditis elegans,6239,spe-9
sp|Q9TW45|PAR1_CAEEL,91,NGT,Caenorhabditis elegans,6239,par-1
sp|Q9TW45|PAR1_CAEEL,506,NVS,Caenorhabditis elegans,6239,par-1
sp|Q9TW45|PAR1_CAEEL,633,NTT,Caenorhabditis elegans,6239,par-1
sp|Q9TW45|PAR1_CAEEL,647,NST,Caenorhabditis elegans,6239,par-1
sp|Q9TW45|PAR1_CAEEL,677,NST,Caenorhabditis elegans,6239,par-1
sp|Q9TW45|PAR1_CAEEL,725,NKT,Caenorhabditis elegans,6239,par-1
sp|Q9TW45|PAR1_CAEEL,773,NNS,Caenorhabditis elegans,6239,par-1
sp|Q9TW45|PAR1_CAEEL,940,NAS,Caenorhabditis elegans,6239,par-1
sp|Q9TW45|PAR1_CAEEL,959,NVT,Caenorhabditis elegans,6239,par-1
sp|Q9TW45|PAR1_CAEEL,1007,NVS,Caenorhabditis elegans,6239,par-1
sp|Q9TW65|DMD_CAEEL,177,NLT,Caenorhabditis elegans,6239,dys-1
sp|Q9TW65|DMD_CAEEL,397,NKS,Caenorhabditis elegans,6239,dys-1
sp|Q9TW65|DMD_CAEEL,555,NLS,Caenorhabditis elegans,6239,dys-1
sp|Q9TW65|DMD_CAEEL,808,NGS,Caenorhabditis elegans,6239,dys-1
sp|Q9TW65|DMD_CAEEL,973,NET,Caenorhabditis elegans,6239,dys-1
sp|Q9TW65|DMD_CAEEL,1147,NIS,Caenorhabditis elegans,6239,dys-1
sp|Q9TW65|DMD_CAEEL,1208,NWS,Caenorhabditis elegans,6239,dys-1
sp|Q9TW65|DMD_CAEEL,1263,NST,Caenorhabditis elegans,6239,dys-1
sp|Q9TW65|DMD_CAEEL,1283,NET,Caenorhabditis elegans,6239,dys-1
sp|Q9TW65|DMD_CAEEL,1631,NGS,Caenorhabditis elegans,6239,dys-1
sp|Q9TW65|DMD_CAEEL,1961,NIS,Caenorhabditis elegans,6239,dys-1
sp|Q9TW65|DMD_CAEEL,2256,NFS,Caenorhabditis elegans,6239,dys-1
sp|Q9TW65|DMD_CAEEL,2388,NDS,Caenorhabditis elegans,6239,dys-1
sp|Q9TW65|DMD_CAEEL,2418,NKT,Caenorhabditis elegans,6239,dys-1
sp|Q9TW65|DMD_CAEEL,2645,NLS,Caenorhabditis elegans,6239,dys-1
sp|Q9TW65|DMD_CAEEL,2654,NMS,Caenorhabditis elegans,6239,dys-1
sp|Q9TW65|DMD_CAEEL,2698,NCS,Caenorhabditis elegans,6239,dys-1
sp|Q9TW65|DMD_CAEEL,2720,NWT,Caenorhabditis elegans,6239,dys-1
sp|Q9TW65|DMD_CAEEL,3046,NQS,Caenorhabditis elegans,6239,dys-1
sp|Q9TW67|NGLY1_CAEEL,53,NAT,Caenorhabditis elegans,6239,png-1
sp|Q9TW67|NGLY1_CAEEL,72,NIS,Caenorhabditis elegans,6239,png-1
sp|Q9TW67|NGLY1_CAEEL,485,NMT,Caenorhabditis elegans,6239,png-1
sp|Q9TW67|NGLY1_CAEEL,499,NIS,Caenorhabditis elegans,6239,png-1
sp|Q9TXH9|UBXN1_CAEEL,93,NFS,Caenorhabditis elegans,6239,ubxn-1
sp|Q9TXI7|PK3C3_CAEEL,121,NNS,Caenorhabditis elegans,6239,vps-34
sp|Q9TXI7|PK3C3_CAEEL,154,NVS,Caenorhabditis elegans,6239,vps-34
sp|Q9TXI7|PK3C3_CAEEL,570,NES,Caenorhabditis elegans,6239,vps-34
sp|Q9TXJ0|CMK1_CAEEL,15,NAT,Caenorhabditis elegans,6239,cmk-1
sp|Q9TXQ1|TNKS1_CAEEL,265,NVT,Caenorhabditis elegans,6239,tank-1
sp|Q9TXQ1|TNKS1_CAEEL,346,NIT,Caenorhabditis elegans,6239,tank-1
sp|Q9TXQ1|TNKS1_CAEEL,357,NST,Caenorhabditis elegans,6239,tank-1
sp|Q9TXQ1|TNKS1_CAEEL,427,NCT,Caenorhabditis elegans,6239,tank-1
sp|Q9TXQ1|TNKS1_CAEEL,876,NQS,Caenorhabditis elegans,6239,tank-1
sp|Q9TXQ1|TNKS1_CAEEL,1037,NAS,Caenorhabditis elegans,6239,tank-1
sp|Q9TXQ1|TNKS1_CAEEL,1123,NRT,Caenorhabditis elegans,6239,tank-1
sp|Q9TXQ1|TNKS1_CAEEL,1183,NST,Caenorhabditis elegans,6239,tank-1
sp|Q9TXQ1|TNKS1_CAEEL,1249,NSS,Caenorhabditis elegans,6239,tank-1
sp|Q9TXQ1|TNKS1_CAEEL,1338,NSS,Caenorhabditis elegans,6239,tank-1
sp|Q9TXQ1|TNKS1_CAEEL,1518,NRS,Caenorhabditis elegans,6239,tank-1
sp|Q9TXQ1|TNKS1_CAEEL,1597,NKS,Caenorhabditis elegans,6239,tank-1
sp|Q9TXQ1|TNKS1_CAEEL,1610,NGS,Caenorhabditis elegans,6239,tank-1
sp|Q9TXQ1|TNKS1_CAEEL,1689,NKT,Caenorhabditis elegans,6239,tank-1
sp|Q9TXQ1|TNKS1_CAEEL,1805,NKT,Caenorhabditis elegans,6239,tank-1
sp|Q9TXQ1|TNKS1_CAEEL,2014,NLT,Caenorhabditis elegans,6239,tank-1
sp|Q9TXQ1|TNKS1_CAEEL,2201,NQS,Caenorhabditis elegans,6239,tank-1
sp|Q9TYT3|SHCH1_CAEEL,85,NIS,Caenorhabditis elegans,6239,shc-1
sp|Q9TYT3|SHCH1_CAEEL,167,NAS,Caenorhabditis elegans,6239,shc-1
sp|Q9TYT3|SHCH1_CAEEL,215,NLS,Caenorhabditis elegans,6239,shc-1
sp|Q9TYT3|SHCH1_CAEEL,275,NIS,Caenorhabditis elegans,6239,shc-1
sp|Q9TYU5|TIP60_CAEEL,59,NGS,Caenorhabditis elegans,6239,mys-1
sp|Q9TYU5|TIP60_CAEEL,250,NKS,Caenorhabditis elegans,6239,mys-1
sp|Q9TYU9|EXC6_CAEEL,146,NAS,Caenorhabditis elegans,6239,exc-6
sp|Q9TYU9|EXC6_CAEEL,339,NNS,Caenorhabditis elegans,6239,exc-6
sp|Q9TYU9|EXC6_CAEEL,593,NES,Caenorhabditis elegans,6239,exc-6
sp|Q9TYU9|EXC6_CAEEL,788,NTS,Caenorhabditis elegans,6239,exc-6
sp|Q9TYV5|NSUN1_CAEEL,339,NFT,Caenorhabditis elegans,6239,nsun-1
sp|Q9TYV5|NSUN1_CAEEL,356,NNT,Caenorhabditis elegans,6239,nsun-1
sp|Q9TYW1|VAS1_CAEEL,191,NQT,Caenorhabditis elegans,6239,vha-19
sp|Q9TYW1|VAS1_CAEEL,235,NFT,Caenorhabditis elegans,6239,vha-19
sp|Q9TYW1|VAS1_CAEEL,249,NGT,Caenorhabditis elegans,6239,vha-19
sp|Q9TYW1|VAS1_CAEEL,330,NGS,Caenorhabditis elegans,6239,vha-19
sp|Q9TZ64|KLF1_CAEEL,7,NAT,Caenorhabditis elegans,6239,klf-1
sp|Q9TZ64|KLF1_CAEEL,107,NDS,Caenorhabditis elegans,6239,klf-1
sp|Q9TZC4|ILKH_CAEEL,78,NST,Caenorhabditis elegans,6239,pat-4
sp|Q9TZC4|ILKH_CAEEL,111,NAT,Caenorhabditis elegans,6239,pat-4
sp|Q9TZM3|LRK1_CAEEL,632,NAS,Caenorhabditis elegans,6239,lrk-1
sp|Q9TZM3|LRK1_CAEEL,656,NNS,Caenorhabditis elegans,6239,lrk-1
sp|Q9TZM3|LRK1_CAEEL,681,NVT,Caenorhabditis elegans,6239,lrk-1
sp|Q9TZM3|LRK1_CAEEL,698,NLS,Caenorhabditis elegans,6239,lrk-1
sp|Q9TZM3|LRK1_CAEEL,723,NLS,Caenorhabditis elegans,6239,lrk-1
sp|Q9TZM3|LRK1_CAEEL,747,NMS,Caenorhabditis elegans,6239,lrk-1
sp|Q9TZM3|LRK1_CAEEL,750,NNS,Caenorhabditis elegans,6239,lrk-1
sp|Q9TZM3|LRK1_CAEEL,799,NGS,Caenorhabditis elegans,6239,lrk-1
sp|Q9TZM3|LRK1_CAEEL,911,NLS,Caenorhabditis elegans,6239,lrk-1
sp|Q9TZM3|LRK1_CAEEL,1090,NST,Caenorhabditis elegans,6239,lrk-1
sp|Q9TZM3|LRK1_CAEEL,1106,NSS,Caenorhabditis elegans,6239,lrk-1
sp|Q9TZM3|LRK1_CAEEL,1146,NST,Caenorhabditis elegans,6239,lrk-1
sp|Q9TZM3|LRK1_CAEEL,1597,NGS,Caenorhabditis elegans,6239,lrk-1
sp|Q9TZM3|LRK1_CAEEL,2096,NGT,Caenorhabditis elegans,6239,lrk-1
sp|Q9TZM3|LRK1_CAEEL,2150,NGS,Caenorhabditis elegans,6239,lrk-1
sp|Q9TZM3|LRK1_CAEEL,2173,NDS,Caenorhabditis elegans,6239,lrk-1
sp|Q9TZP5|CSP2_CAEEL,21,NRS,Caenorhabditis elegans,6239,csp-2
sp|Q9TZQ3|PGL1_CAEEL,35,NNT,Caenorhabditis elegans,6239,pgl-1
sp|Q9TZQ3|PGL1_CAEEL,402,NET,Caenorhabditis elegans,6239,pgl-1
sp|Q9TZQ3|PGL1_CAEEL,501,NSS,Caenorhabditis elegans,6239,pgl-1
sp|Q9U1S7|PKD2_CAEEL,150,NST,Caenorhabditis elegans,6239,pkd-2
sp|Q9U1S7|PKD2_CAEEL,177,NDS,Caenorhabditis elegans,6239,pkd-2
sp|Q9U1S7|PKD2_CAEEL,377,NRT,Caenorhabditis elegans,6239,pkd-2
sp|Q9U1S7|PKD2_CAEEL,431,NKT,Caenorhabditis elegans,6239,pkd-2
sp|Q9U1S7|PKD2_CAEEL,496,NFS,Caenorhabditis elegans,6239,pkd-2
sp|Q9U1S7|PKD2_CAEEL,532,NDS,Caenorhabditis elegans,6239,pkd-2
sp|Q9U1S7|PKD2_CAEEL,603,NVT,Caenorhabditis elegans,6239,pkd-2
sp|Q9U1S7|PKD2_CAEEL,665,NAT,Caenorhabditis elegans,6239,pkd-2
sp|Q9U1W1|TFG_CAEEL,132,NTS,Caenorhabditis elegans,6239,tfg-1
sp|Q9U1W1|TFG_CAEEL,137,NLS,Caenorhabditis elegans,6239,tfg-1
sp|Q9U1W1|TFG_CAEEL,212,NTS,Caenorhabditis elegans,6239,tfg-1
sp|Q9U1W1|TFG_CAEEL,233,NAT,Caenorhabditis elegans,6239,tfg-1
sp|Q9U1Y5|CHK2_CAEEL,80,NFS,Caenorhabditis elegans,6239,chk-2
sp|Q9U1Y5|CHK2_CAEEL,118,NGT,Caenorhabditis elegans,6239,chk-2
sp|Q9U213|SRRMH_CAEEL,22,NLS,Caenorhabditis elegans,6239,rsr-2
sp|Q9U213|SRRMH_CAEEL,151,NKS,Caenorhabditis elegans,6239,rsr-2
sp|Q9U221|UNG_CAEEL,182,NAT,Caenorhabditis elegans,6239,ung-1
sp|Q9U280|TAT1_CAEEL,140,NDS,Caenorhabditis elegans,6239,tat-1
sp|Q9U280|TAT1_CAEEL,903,NFS,Caenorhabditis elegans,6239,tat-1
sp|Q9U297|KDM4_CAEEL,49,NDS,Caenorhabditis elegans,6239,jmjd-2
sp|Q9U297|KDM4_CAEEL,67,NIS,Caenorhabditis elegans,6239,jmjd-2
sp|Q9U297|KDM4_CAEEL,99,NFS,Caenorhabditis elegans,6239,jmjd-2
sp|Q9U297|KDM4_CAEEL,165,NVT,Caenorhabditis elegans,6239,jmjd-2
sp|Q9U297|KDM4_CAEEL,552,NHT,Caenorhabditis elegans,6239,jmjd-2
sp|Q9U297|KDM4_CAEEL,557,NSS,Caenorhabditis elegans,6239,jmjd-2
sp|Q9U297|KDM4_CAEEL,631,NRT,Caenorhabditis elegans,6239,jmjd-2
sp|Q9U297|KDM4_CAEEL,789,NKT,Caenorhabditis elegans,6239,jmjd-2
sp|Q9U298|ACH8_CAEEL,95,NIT,Caenorhabditis elegans,6239,eat-2
sp|Q9U299|XRN2_CAEEL,282,NET,Caenorhabditis elegans,6239,xrn-2
sp|Q9U299|XRN2_CAEEL,487,NET,Caenorhabditis elegans,6239,xrn-2
sp|Q9U299|XRN2_CAEEL,971,NSS,Caenorhabditis elegans,6239,xrn-2
sp|Q9U2B7|PLR1_CAEEL,10,NTT,Caenorhabditis elegans,6239,plr-1
sp|Q9U2B7|PLR1_CAEEL,211,NIT,Caenorhabditis elegans,6239,plr-1
sp|Q9U2D9|GYS_CAEEL,10,NLS,Caenorhabditis elegans,6239,gsy-1
sp|Q9U2D9|GYS_CAEEL,101,NRT,Caenorhabditis elegans,6239,gsy-1
sp|Q9U2D9|GYS_CAEEL,459,NSS,Caenorhabditis elegans,6239,gsy-1
sp|Q9U2D9|GYS_CAEEL,551,NLS,Caenorhabditis elegans,6239,gsy-1
sp|Q9U2H1|CDKL1_CAEEL,152,NTT,Caenorhabditis elegans,6239,cdkl-1
sp|Q9U2H1|CDKL1_CAEEL,254,NAS,Caenorhabditis elegans,6239,cdkl-1
sp|Q9U2H1|CDKL1_CAEEL,326,NFS,Caenorhabditis elegans,6239,cdkl-1
sp|Q9U2I0|CREBH_CAEEL,9,NCS,Caenorhabditis elegans,6239,crh-1
sp|Q9U2M1|CND1_CAEEL,135,NES,Caenorhabditis elegans,6239,dpy-28
sp|Q9U2M1|CND1_CAEEL,1330,NDS,Caenorhabditis elegans,6239,dpy-28
sp|Q9U2M5|CCND_CAEEL,40,NVS,Caenorhabditis elegans,6239,cyd-1
sp|Q9U2M5|CCND_CAEEL,63,NRT,Caenorhabditis elegans,6239,cyd-1
sp|Q9U2M5|CCND_CAEEL,99,NIT,Caenorhabditis elegans,6239,cyd-1
sp|Q9U2M5|CCND_CAEEL,367,NDS,Caenorhabditis elegans,6239,cyd-1
sp|Q9U2M7|AP4A_CAEEL,58,NIT,Caenorhabditis elegans,6239,ndx-4
sp|Q9U2Q9|GSK3_CAEEL,44,NGS,Caenorhabditis elegans,6239,gsk-3
sp|Q9U2Q9|GSK3_CAEEL,193,NVS,Caenorhabditis elegans,6239,gsk-3
sp|Q9U2Q9|GSK3_CAEEL,213,NYT,Caenorhabditis elegans,6239,gsk-3
sp|Q9U2X0|ANM1_CAEEL,200,NMS,Caenorhabditis elegans,6239,prmt-1
sp|Q9U2X0|ANM1_CAEEL,327,NIS,Caenorhabditis elegans,6239,prmt-1
sp|Q9U2Z0|OTXH_CAEEL,21,NLS,Caenorhabditis elegans,6239,ttx-1
sp|Q9U2Z0|OTXH_CAEEL,126,NVS,Caenorhabditis elegans,6239,ttx-1
sp|Q9U2Z0|OTXH_CAEEL,137,NMS,Caenorhabditis elegans,6239,ttx-1
sp|Q9U2Z0|OTXH_CAEEL,274,NGS,Caenorhabditis elegans,6239,ttx-1
sp|Q9U2Z0|OTXH_CAEEL,283,NGS,Caenorhabditis elegans,6239,ttx-1
sp|Q9U2Z0|OTXH_CAEEL,344,NGT,Caenorhabditis elegans,6239,ttx-1
sp|Q9U2Z0|OTXH_CAEEL,373,NST,Caenorhabditis elegans,6239,ttx-1
sp|Q9U2Z0|OTXH_CAEEL,383,NST,Caenorhabditis elegans,6239,ttx-1
sp|Q9U2Z2|SSU1_CAEEL,35,NAT,Caenorhabditis elegans,6239,ssu-1
sp|Q9U2Z2|SSU1_CAEEL,192,NGT,Caenorhabditis elegans,6239,ssu-1
sp|Q9U2Z2|SSU1_CAEEL,271,NST,Caenorhabditis elegans,6239,ssu-1
sp|Q9U2Z2|SSU1_CAEEL,348,NLS,Caenorhabditis elegans,6239,ssu-1
sp|Q9U2Z2|SSU1_CAEEL,396,NMS,Caenorhabditis elegans,6239,ssu-1
sp|Q9U308|JAC1_CAEEL,269,NLT,Caenorhabditis elegans,6239,jac-1
sp|Q9U308|JAC1_CAEEL,488,NST,Caenorhabditis elegans,6239,jac-1
sp|Q9U308|JAC1_CAEEL,520,NTS,Caenorhabditis elegans,6239,jac-1
sp|Q9U308|JAC1_CAEEL,605,NAS,Caenorhabditis elegans,6239,jac-1
sp|Q9U308|JAC1_CAEEL,710,NAS,Caenorhabditis elegans,6239,jac-1
sp|Q9U308|JAC1_CAEEL,759,NLS,Caenorhabditis elegans,6239,jac-1
sp|Q9U308|JAC1_CAEEL,804,NLS,Caenorhabditis elegans,6239,jac-1
sp|Q9U308|JAC1_CAEEL,850,NST,Caenorhabditis elegans,6239,jac-1
sp|Q9U308|JAC1_CAEEL,857,NVS,Caenorhabditis elegans,6239,jac-1
sp|Q9U308|JAC1_CAEEL,906,NLS,Caenorhabditis elegans,6239,jac-1
sp|Q9U325|MEF2_CAEEL,49,NST,Caenorhabditis elegans,6239,mef-2
sp|Q9U325|MEF2_CAEEL,127,NNS,Caenorhabditis elegans,6239,mef-2
sp|Q9U325|MEF2_CAEEL,187,NYT,Caenorhabditis elegans,6239,mef-2
sp|Q9U325|MEF2_CAEEL,272,NSS,Caenorhabditis elegans,6239,mef-2
sp|Q9U325|MEF2_CAEEL,280,NGT,Caenorhabditis elegans,6239,mef-2
sp|Q9U325|MEF2_CAEEL,289,NVS,Caenorhabditis elegans,6239,mef-2
sp|Q9U358|ACC4_CAEEL,39,NVS,Caenorhabditis elegans,6239,acc-4
sp|Q9U358|ACC4_CAEEL,121,NMS,Caenorhabditis elegans,6239,acc-4
sp|Q9U358|ACC4_CAEEL,163,NGS,Caenorhabditis elegans,6239,acc-4
sp|Q9U358|ACC4_CAEEL,223,NIT,Caenorhabditis elegans,6239,acc-4
sp|Q9U389|ALLO1_CAEEL,105,NSS,Caenorhabditis elegans,6239,allo-1
sp|Q9U389|ALLO1_CAEEL,116,NMS,Caenorhabditis elegans,6239,allo-1
sp|Q9U389|ALLO1_CAEEL,127,NNS,Caenorhabditis elegans,6239,allo-1
sp|Q9U3A0|PAN1_CAEEL,77,NGT,Caenorhabditis elegans,6239,pan-1
sp|Q9U3A0|PAN1_CAEEL,277,NNT,Caenorhabditis elegans,6239,pan-1
sp|Q9U3A0|PAN1_CAEEL,330,NLS,Caenorhabditis elegans,6239,pan-1
sp|Q9U3A0|PAN1_CAEEL,386,NLS,Caenorhabditis elegans,6239,pan-1
sp|Q9U3C8|DCN1_CAEEL,282,NAS,Caenorhabditis elegans,6239,dcn-1
sp|Q9U3D6|ADR1_CAEEL,369,NET,Caenorhabditis elegans,6239,adr-1
sp|Q9U3D6|ADR1_CAEEL,374,NVT,Caenorhabditis elegans,6239,adr-1
sp|Q9U3D6|ADR1_CAEEL,410,NVS,Caenorhabditis elegans,6239,adr-1
sp|Q9U3D6|ADR1_CAEEL,446,NCT,Caenorhabditis elegans,6239,adr-1
sp|Q9U3D6|ADR1_CAEEL,688,NGT,Caenorhabditis elegans,6239,adr-1
sp|Q9U3D6|ADR1_CAEEL,744,NYS,Caenorhabditis elegans,6239,adr-1
sp|Q9U3D6|ADR1_CAEEL,768,NLT,Caenorhabditis elegans,6239,adr-1
sp|Q9U3F4|ZYX_CAEEL,75,NLS,Caenorhabditis elegans,6239,zyx-1
sp|Q9U3F4|ZYX_CAEEL,153,NYS,Caenorhabditis elegans,6239,zyx-1
sp|Q9U3F4|ZYX_CAEEL,170,NKS,Caenorhabditis elegans,6239,zyx-1
sp|Q9U3F4|ZYX_CAEEL,212,NNT,Caenorhabditis elegans,6239,zyx-1
sp|Q9U3F4|ZYX_CAEEL,231,NNS,Caenorhabditis elegans,6239,zyx-1
sp|Q9U3F4|ZYX_CAEEL,324,NQT,Caenorhabditis elegans,6239,zyx-1
sp|Q9U3F4|ZYX_CAEEL,388,NYS,Caenorhabditis elegans,6239,zyx-1
sp|Q9U3P2|SYG2_CAEEL,27,NLS,Caenorhabditis elegans,6239,syg-2
sp|Q9U3P2|SYG2_CAEEL,149,NIT,Caenorhabditis elegans,6239,syg-2
sp|Q9U3P2|SYG2_CAEEL,185,NKT,Caenorhabditis elegans,6239,syg-2
sp|Q9U3P2|SYG2_CAEEL,223,NTT,Caenorhabditis elegans,6239,syg-2
sp|Q9U3P2|SYG2_CAEEL,251,NVT,Caenorhabditis elegans,6239,syg-2
sp|Q9U3P2|SYG2_CAEEL,311,NNS,Caenorhabditis elegans,6239,syg-2
sp|Q9U3P2|SYG2_CAEEL,391,NVS,Caenorhabditis elegans,6239,syg-2
sp|Q9U3P2|SYG2_CAEEL,451,NVT,Caenorhabditis elegans,6239,syg-2
sp|Q9U3P2|SYG2_CAEEL,638,NET,Caenorhabditis elegans,6239,syg-2
sp|Q9U3P2|SYG2_CAEEL,679,NTS,Caenorhabditis elegans,6239,syg-2
sp|Q9U3P2|SYG2_CAEEL,711,NLT,Caenorhabditis elegans,6239,syg-2
sp|Q9U3P2|SYG2_CAEEL,771,NIT,Caenorhabditis elegans,6239,syg-2
sp|Q9U3P2|SYG2_CAEEL,839,NAT,Caenorhabditis elegans,6239,syg-2
sp|Q9U3P2|SYG2_CAEEL,917,NSS,Caenorhabditis elegans,6239,syg-2
sp|Q9U3P2|SYG2_CAEEL,979,NLT,Caenorhabditis elegans,6239,syg-2
sp|Q9U3P2|SYG2_CAEEL,984,NST,Caenorhabditis elegans,6239,syg-2
sp|Q9U3P2|SYG2_CAEEL,1022,NTT,Caenorhabditis elegans,6239,syg-2
sp|Q9U3P2|SYG2_CAEEL,1108,NRT,Caenorhabditis elegans,6239,syg-2
sp|Q9U3P2|SYG2_CAEEL,1237,NNT,Caenorhabditis elegans,6239,syg-2
sp|Q9U489|LIN41_CAEEL,31,NDS,Caenorhabditis elegans,6239,lin-41
sp|Q9U489|LIN41_CAEEL,163,NFT,Caenorhabditis elegans,6239,lin-41
sp|Q9U489|LIN41_CAEEL,196,NSS,Caenorhabditis elegans,6239,lin-41
sp|Q9U489|LIN41_CAEEL,263,NLS,Caenorhabditis elegans,6239,lin-41
sp|Q9U489|LIN41_CAEEL,301,NTS,Caenorhabditis elegans,6239,lin-41
sp|Q9U489|LIN41_CAEEL,463,NDS,Caenorhabditis elegans,6239,lin-41
sp|Q9U489|LIN41_CAEEL,528,NES,Caenorhabditis elegans,6239,lin-41
sp|Q9U489|LIN41_CAEEL,554,NAT,Caenorhabditis elegans,6239,lin-41
sp|Q9U489|LIN41_CAEEL,697,NSS,Caenorhabditis elegans,6239,lin-41
sp|Q9U489|LIN41_CAEEL,1018,NMS,Caenorhabditis elegans,6239,lin-41
sp|Q9U7D5|ACM3_CAEEL,28,NTS,Caenorhabditis elegans,6239,gar-3
sp|Q9U7D5|ACM3_CAEEL,33,NAT,Caenorhabditis elegans,6239,gar-3
sp|Q9U7D5|ACM3_CAEEL,150,NAS,Caenorhabditis elegans,6239,gar-3
sp|Q9U7D5|ACM3_CAEEL,349,NCT,Caenorhabditis elegans,6239,gar-3
sp|Q9U7D5|ACM3_CAEEL,355,NSS,Caenorhabditis elegans,6239,gar-3
sp|Q9U7D5|ACM3_CAEEL,388,NIS,Caenorhabditis elegans,6239,gar-3
sp|Q9U7D5|ACM3_CAEEL,414,NGS,Caenorhabditis elegans,6239,gar-3
sp|Q9U7D5|ACM3_CAEEL,430,NNS,Caenorhabditis elegans,6239,gar-3
sp|Q9U7D5|ACM3_CAEEL,467,NRS,Caenorhabditis elegans,6239,gar-3
sp|Q9U7D5|ACM3_CAEEL,499,NFS,Caenorhabditis elegans,6239,gar-3
sp|Q9U7D5|ACM3_CAEEL,569,NST,Caenorhabditis elegans,6239,gar-3
sp|Q9U9K0|ADD1_CAEEL,91,NMS,Caenorhabditis elegans,6239,add-1
sp|Q9U9K0|ADD1_CAEEL,296,NNT,Caenorhabditis elegans,6239,add-1
sp|Q9U9K0|ADD1_CAEEL,340,NGT,Caenorhabditis elegans,6239,add-1
sp|Q9U9K0|ADD1_CAEEL,653,NTS,Caenorhabditis elegans,6239,add-1
sp|Q9U9K0|ADD1_CAEEL,696,NTT,Caenorhabditis elegans,6239,add-1
sp|Q9U9Y8|NLK_CAEEL,398,NMT,Caenorhabditis elegans,6239,lit-1
sp|Q9XTB5|LEM2_CAEEL,90,NST,Caenorhabditis elegans,6239,lem-2
sp|Q9XTB5|LEM2_CAEEL,94,NST,Caenorhabditis elegans,6239,lem-2
sp|Q9XTB5|LEM2_CAEEL,98,NRS,Caenorhabditis elegans,6239,lem-2
sp|Q9XTB5|LEM2_CAEEL,136,NST,Caenorhabditis elegans,6239,lem-2
sp|Q9XTB5|LEM2_CAEEL,182,NTT,Caenorhabditis elegans,6239,lem-2
sp|Q9XTB5|LEM2_CAEEL,240,NTT,Caenorhabditis elegans,6239,lem-2
sp|Q9XTB5|LEM2_CAEEL,469,NES,Caenorhabditis elegans,6239,lem-2
sp|Q9XTB5|LEM2_CAEEL,494,NQS,Caenorhabditis elegans,6239,lem-2
sp|Q9XTC6|MOM4_CAEEL,3,NSS,Caenorhabditis elegans,6239,mom-4
sp|Q9XTC6|MOM4_CAEEL,147,NYT,Caenorhabditis elegans,6239,mom-4
sp|Q9XTC6|MOM4_CAEEL,312,NGS,Caenorhabditis elegans,6239,mom-4
sp|Q9XTC6|MOM4_CAEEL,351,NRT,Caenorhabditis elegans,6239,mom-4
sp|Q9XTC6|MOM4_CAEEL,372,NRS,Caenorhabditis elegans,6239,mom-4
sp|Q9XTF3|MBK2_CAEEL,137,NSS,Caenorhabditis elegans,6239,mbk-2
sp|Q9XTF3|MBK2_CAEEL,167,NSS,Caenorhabditis elegans,6239,mbk-2
sp|Q9XTF3|MBK2_CAEEL,185,NGS,Caenorhabditis elegans,6239,mbk-2
sp|Q9XTF3|MBK2_CAEEL,269,NST,Caenorhabditis elegans,6239,mbk-2
sp|Q9XTF3|MBK2_CAEEL,310,NGS,Caenorhabditis elegans,6239,mbk-2
sp|Q9XTF3|MBK2_CAEEL,314,NSS,Caenorhabditis elegans,6239,mbk-2
sp|Q9XTF3|MBK2_CAEEL,365,NES,Caenorhabditis elegans,6239,mbk-2
sp|Q9XTF3|MBK2_CAEEL,416,NYT,Caenorhabditis elegans,6239,mbk-2
sp|Q9XTF3|MBK2_CAEEL,446,NGS,Caenorhabditis elegans,6239,mbk-2
sp|Q9XTG1|NLGN1_CAEEL,164,NGT,Caenorhabditis elegans,6239,nlg-1
sp|Q9XTG1|NLGN1_CAEEL,292,NRT,Caenorhabditis elegans,6239,nlg-1
sp|Q9XTG1|NLGN1_CAEEL,315,NIT,Caenorhabditis elegans,6239,nlg-1
sp|Q9XTG1|NLGN1_CAEEL,754,NST,Caenorhabditis elegans,6239,nlg-1
sp|Q9XTG7|AKT2_CAEEL,125,NTS,Caenorhabditis elegans,6239,akt-2
sp|Q9XTG7|AKT2_CAEEL,519,NRS,Caenorhabditis elegans,6239,akt-2
sp|Q9XTQ5|GOB1_CAEEL,107,NNS,Caenorhabditis elegans,6239,gob-1
sp|Q9XTQ5|GOB1_CAEEL,329,NCS,Caenorhabditis elegans,6239,gob-1
sp|Q9XTQ5|GOB1_CAEEL,406,NIT,Caenorhabditis elegans,6239,gob-1
sp|Q9XTQ6|TBH1_CAEEL,104,NVT,Caenorhabditis elegans,6239,tbh-1
sp|Q9XTQ6|TBH1_CAEEL,143,NNS,Caenorhabditis elegans,6239,tbh-1
sp|Q9XTQ6|TBH1_CAEEL,555,NST,Caenorhabditis elegans,6239,tbh-1
sp|Q9XTR1|CDK4_CAEEL,83,NGT,Caenorhabditis elegans,6239,cdk-4
sp|Q9XTR1|CDK4_CAEEL,260,NTT,Caenorhabditis elegans,6239,cdk-4
sp|Q9XTR1|CDK4_CAEEL,285,NST,Caenorhabditis elegans,6239,cdk-4
sp|Q9XTT4|ANI1_CAEEL,95,NES,Caenorhabditis elegans,6239,ani-1
sp|Q9XTT4|ANI1_CAEEL,198,NES,Caenorhabditis elegans,6239,ani-1
sp|Q9XTT4|ANI1_CAEEL,226,NVT,Caenorhabditis elegans,6239,ani-1
sp|Q9XTT4|ANI1_CAEEL,417,NVT,Caenorhabditis elegans,6239,ani-1
sp|Q9XTT4|ANI1_CAEEL,943,NST,Caenorhabditis elegans,6239,ani-1
sp|Q9XTT4|ANI1_CAEEL,964,NQS,Caenorhabditis elegans,6239,ani-1
sp|Q9XTT4|ANI1_CAEEL,1004,NMS,Caenorhabditis elegans,6239,ani-1
sp|Q9XTT4|ANI1_CAEEL,1143,NST,Caenorhabditis elegans,6239,ani-1
sp|Q9XTW2|FA20C_CAEEL,113,NIT,Caenorhabditis elegans,6239,famk-1
sp|Q9XTW2|FA20C_CAEEL,161,NTS,Caenorhabditis elegans,6239,famk-1
sp|Q9XTW2|FA20C_CAEEL,242,NMT,Caenorhabditis elegans,6239,famk-1
sp|Q9XTW2|FA20C_CAEEL,309,NRS,Caenorhabditis elegans,6239,famk-1
sp|Q9XTY1|GCY22_CAEEL,36,NTT,Caenorhabditis elegans,6239,gcy-22
sp|Q9XTY1|GCY22_CAEEL,73,NLT,Caenorhabditis elegans,6239,gcy-22
sp|Q9XTY1|GCY22_CAEEL,201,NLT,Caenorhabditis elegans,6239,gcy-22
sp|Q9XTY1|GCY22_CAEEL,215,NTS,Caenorhabditis elegans,6239,gcy-22
sp|Q9XTY1|GCY22_CAEEL,277,NGT,Caenorhabditis elegans,6239,gcy-22
sp|Q9XTY1|GCY22_CAEEL,302,NDT,Caenorhabditis elegans,6239,gcy-22
sp|Q9XTY1|GCY22_CAEEL,324,NCT,Caenorhabditis elegans,6239,gcy-22
sp|Q9XTY1|GCY22_CAEEL,350,NRS,Caenorhabditis elegans,6239,gcy-22
sp|Q9XTY1|GCY22_CAEEL,386,NST,Caenorhabditis elegans,6239,gcy-22
sp|Q9XTY1|GCY22_CAEEL,558,NDS,Caenorhabditis elegans,6239,gcy-22
sp|Q9XTY1|GCY22_CAEEL,733,NET,Caenorhabditis elegans,6239,gcy-22
sp|Q9XTY1|GCY22_CAEEL,764,NGS,Caenorhabditis elegans,6239,gcy-22
sp|Q9XTY1|GCY22_CAEEL,798,NRS,Caenorhabditis elegans,6239,gcy-22
sp|Q9XTY6|NUMB1_CAEEL,263,NTS,Caenorhabditis elegans,6239,num-1
sp|Q9XTY6|NUMB1_CAEEL,352,NMS,Caenorhabditis elegans,6239,num-1
sp|Q9XTY6|NUMB1_CAEEL,535,NGS,Caenorhabditis elegans,6239,num-1
sp|Q9XTY6|NUMB1_CAEEL,549,NST,Caenorhabditis elegans,6239,num-1
sp|Q9XTY6|NUMB1_CAEEL,561,NSS,Caenorhabditis elegans,6239,num-1
sp|Q9XTY6|NUMB1_CAEEL,590,NNT,Caenorhabditis elegans,6239,num-1
sp|Q9XU42|GCY27_CAEEL,11,NST,Caenorhabditis elegans,6239,gcy-27
sp|Q9XU42|GCY27_CAEEL,179,NRT,Caenorhabditis elegans,6239,gcy-27
sp|Q9XU42|GCY27_CAEEL,222,NAS,Caenorhabditis elegans,6239,gcy-27
sp|Q9XU42|GCY27_CAEEL,339,NIT,Caenorhabditis elegans,6239,gcy-27
sp|Q9XU42|GCY27_CAEEL,431,NET,Caenorhabditis elegans,6239,gcy-27
sp|Q9XU75|SURO1_CAEEL,96,NVT,Caenorhabditis elegans,6239,suro-1
sp|Q9XU75|SURO1_CAEEL,283,NRS,Caenorhabditis elegans,6239,suro-1
sp|Q9XU75|SURO1_CAEEL,477,NNS,Caenorhabditis elegans,6239,suro-1
sp|Q9XU75|SURO1_CAEEL,490,NTS,Caenorhabditis elegans,6239,suro-1
sp|Q9XU75|SURO1_CAEEL,557,NSS,Caenorhabditis elegans,6239,suro-1
sp|Q9XU84|UDA1_CAEEL,300,NGS,Caenorhabditis elegans,6239,uda-1
sp|Q9XU84|UDA1_CAEEL,452,NST,Caenorhabditis elegans,6239,uda-1
sp|Q9XUB2|MEX5_CAEEL,59,NGS,Caenorhabditis elegans,6239,mex-5
sp|Q9XUB2|MEX5_CAEEL,85,NGS,Caenorhabditis elegans,6239,mex-5
sp|Q9XUB3|REC8_CAEEL,173,NNS,Caenorhabditis elegans,6239,rec-8
sp|Q9XUB3|REC8_CAEEL,203,NGS,Caenorhabditis elegans,6239,rec-8
sp|Q9XUB3|REC8_CAEEL,403,NQT,Caenorhabditis elegans,6239,rec-8
sp|Q9XUB9|NRA1_CAEEL,384,NSS,Caenorhabditis elegans,6239,nra-1
sp|Q9XUB9|NRA1_CAEEL,400,NQS,Caenorhabditis elegans,6239,nra-1
sp|Q9XUC4|ZPT71_CAEEL,66,NHT,Caenorhabditis elegans,6239,zipt-7.1
sp|Q9XUC4|ZPT71_CAEEL,152,NHS,Caenorhabditis elegans,6239,zipt-7.1
sp|Q9XUC4|ZPT71_CAEEL,248,NVT,Caenorhabditis elegans,6239,zipt-7.1
sp|Q9XUC4|ZPT71_CAEEL,362,NLS,Caenorhabditis elegans,6239,zipt-7.1
sp|Q9XUJ7|DKF1_CAEEL,247,NFT,Caenorhabditis elegans,6239,dkf-1
sp|Q9XUJ7|DKF1_CAEEL,392,NTT,Caenorhabditis elegans,6239,dkf-1
sp|Q9XUJ7|DKF1_CAEEL,607,NKS,Caenorhabditis elegans,6239,dkf-1
sp|Q9XUJ7|DKF1_CAEEL,641,NAS,Caenorhabditis elegans,6239,dkf-1
sp|Q9XUS7|TOCA2_CAEEL,301,NDS,Caenorhabditis elegans,6239,toca-2
sp|Q9XUS7|TOCA2_CAEEL,460,NQS,Caenorhabditis elegans,6239,toca-2
sp|Q9XUS7|TOCA2_CAEEL,477,NSS,Caenorhabditis elegans,6239,toca-2
sp|Q9XV66|UNC80_CAEEL,153,NAS,Caenorhabditis elegans,6239,unc-80
sp|Q9XV66|UNC80_CAEEL,172,NIS,Caenorhabditis elegans,6239,unc-80
sp|Q9XV66|UNC80_CAEEL,387,NCS,Caenorhabditis elegans,6239,unc-80
sp|Q9XV66|UNC80_CAEEL,404,NLS,Caenorhabditis elegans,6239,unc-80
sp|Q9XV66|UNC80_CAEEL,627,NDT,Caenorhabditis elegans,6239,unc-80
sp|Q9XV66|UNC80_CAEEL,661,NRS,Caenorhabditis elegans,6239,unc-80
sp|Q9XV66|UNC80_CAEEL,686,NIS,Caenorhabditis elegans,6239,unc-80
sp|Q9XV66|UNC80_CAEEL,879,NAT,Caenorhabditis elegans,6239,unc-80
sp|Q9XV66|UNC80_CAEEL,901,NMS,Caenorhabditis elegans,6239,unc-80
sp|Q9XV66|UNC80_CAEEL,1222,NKS,Caenorhabditis elegans,6239,unc-80
sp|Q9XV66|UNC80_CAEEL,1323,NSS,Caenorhabditis elegans,6239,unc-80
sp|Q9XV66|UNC80_CAEEL,1611,NVS,Caenorhabditis elegans,6239,unc-80
sp|Q9XV66|UNC80_CAEEL,2165,NDS,Caenorhabditis elegans,6239,unc-80
sp|Q9XV66|UNC80_CAEEL,2421,NSS,Caenorhabditis elegans,6239,unc-80
sp|Q9XV66|UNC80_CAEEL,2717,NRS,Caenorhabditis elegans,6239,unc-80
sp|Q9XV66|UNC80_CAEEL,3138,NST,Caenorhabditis elegans,6239,unc-80
sp|Q9XV66|UNC80_CAEEL,3156,NKT,Caenorhabditis elegans,6239,unc-80
sp|Q9XV66|UNC80_CAEEL,3211,NRT,Caenorhabditis elegans,6239,unc-80
sp|Q9XVI2|CTNH1_CAEEL,149,NTT,Caenorhabditis elegans,6239,sys-1
sp|Q9XVI2|CTNH1_CAEEL,166,NGS,Caenorhabditis elegans,6239,sys-1
sp|Q9XVI2|CTNH1_CAEEL,181,NIT,Caenorhabditis elegans,6239,sys-1
sp|Q9XVI2|CTNH1_CAEEL,689,NNT,Caenorhabditis elegans,6239,sys-1
sp|Q9XVK5|UBC12_CAEEL,131,NLT,Caenorhabditis elegans,6239,ubc-12
sp|Q9XVM9|TSN15_CAEEL,161,NGT,Caenorhabditis elegans,6239,tsp-15
sp|Q9XVN3|IASPP_CAEEL,207,NAS,Caenorhabditis elegans,6239,ape-1
sp|Q9XVN3|IASPP_CAEEL,272,NNT,Caenorhabditis elegans,6239,ape-1
sp|Q9XVN3|IASPP_CAEEL,345,NHS,Caenorhabditis elegans,6239,ape-1
sp|Q9XVN3|IASPP_CAEEL,372,NSS,Caenorhabditis elegans,6239,ape-1
sp|Q9XVN3|IASPP_CAEEL,679,NST,Caenorhabditis elegans,6239,ape-1
sp|Q9XVS4|NOLC1_CAEEL,514,NAT,Caenorhabditis elegans,6239,dao-5
sp|Q9XVS4|NOLC1_CAEEL,929,NES,Caenorhabditis elegans,6239,dao-5
sp|Q9XVS4|NOLC1_CAEEL,958,NQS,Caenorhabditis elegans,6239,dao-5
sp|Q9XVV3|NHR67_CAEEL,104,NSS,Caenorhabditis elegans,6239,nhr-67
sp|Q9XVV3|NHR67_CAEEL,257,NFT,Caenorhabditis elegans,6239,nhr-67
sp|Q9XVV3|NHR67_CAEEL,355,NSS,Caenorhabditis elegans,6239,nhr-67
sp|Q9XVV3|NHR67_CAEEL,376,NSS,Caenorhabditis elegans,6239,nhr-67
sp|Q9XW17|LS14H_CAEEL,3,NQT,Caenorhabditis elegans,6239,car-1
sp|Q9XW17|LS14H_CAEEL,32,NDS,Caenorhabditis elegans,6239,car-1
sp|Q9XW17|LS14H_CAEEL,238,NIS,Caenorhabditis elegans,6239,car-1
sp|Q9XW26|SPTF3_CAEEL,119,NQT,Caenorhabditis elegans,6239,sptf-3
sp|Q9XW26|SPTF3_CAEEL,193,NNT,Caenorhabditis elegans,6239,sptf-3
sp|Q9XW26|SPTF3_CAEEL,322,NKT,Caenorhabditis elegans,6239,sptf-3
sp|Q9XW70|BBS7_CAEEL,3,NYS,Caenorhabditis elegans,6239,osm-12
sp|Q9XW70|BBS7_CAEEL,40,NGS,Caenorhabditis elegans,6239,osm-12
sp|Q9XW70|BBS7_CAEEL,51,NDT,Caenorhabditis elegans,6239,osm-12
sp|Q9XW70|BBS7_CAEEL,172,NST,Caenorhabditis elegans,6239,osm-12
sp|Q9XW70|BBS7_CAEEL,250,NVT,Caenorhabditis elegans,6239,osm-12
sp|Q9XW70|BBS7_CAEEL,335,NFS,Caenorhabditis elegans,6239,osm-12
sp|Q9XW70|BBS7_CAEEL,396,NLT,Caenorhabditis elegans,6239,osm-12
sp|Q9XW70|BBS7_CAEEL,424,NAS,Caenorhabditis elegans,6239,osm-12
sp|Q9XW70|BBS7_CAEEL,514,NFS,Caenorhabditis elegans,6239,osm-12
sp|Q9XW79|PP4C1_CAEEL,10,NST,Caenorhabditis elegans,6239,pph-4.1
sp|Q9XW79|PP4C1_CAEEL,161,NAS,Caenorhabditis elegans,6239,pph-4.1
sp|Q9XW92|VATA_CAEEL,303,NTS,Caenorhabditis elegans,6239,vha-13
sp|Q9XWD6|CED1_CAEEL,66,NDT,Caenorhabditis elegans,6239,ced-1
sp|Q9XWD6|CED1_CAEEL,333,NCT,Caenorhabditis elegans,6239,ced-1
sp|Q9XWD6|CED1_CAEEL,345,NAS,Caenorhabditis elegans,6239,ced-1
sp|Q9XWD6|CED1_CAEEL,456,NCS,Caenorhabditis elegans,6239,ced-1
sp|Q9XWD6|CED1_CAEEL,1044,NSS,Caenorhabditis elegans,6239,ced-1
sp|Q9XWF0|HSD3B_CAEEL,205,NAT,Caenorhabditis elegans,6239,hsd-1
sp|Q9XWF0|HSD3B_CAEEL,379,NNT,Caenorhabditis elegans,6239,hsd-1
sp|Q9XWF6|UBE2W_CAEEL,28,NTS,Caenorhabditis elegans,6239,ubc-16
sp|Q9XWH0|BUB3_CAEEL,101,NGT,Caenorhabditis elegans,6239,bub-3
sp|Q9XWH0|BUB3_CAEEL,150,NVS,Caenorhabditis elegans,6239,bub-3
sp|Q9XWH0|BUB3_CAEEL,327,NNS,Caenorhabditis elegans,6239,bub-3
sp|Q9XWN7|NSH1_CAEEL,281,NGT,Caenorhabditis elegans,6239,Y43F8C.13
sp|Q9XWN9|DMD3_CAEEL,98,NES,Caenorhabditis elegans,6239,dmd-3
sp|Q9XWP6|KDM1A_CAEEL,68,NST,Caenorhabditis elegans,6239,spr-5
sp|Q9XWR6|RAB28_CAEEL,152,NKT,Caenorhabditis elegans,6239,rab-28
sp|Q9XWS0|SKA1_CAEEL,64,NCT,Caenorhabditis elegans,6239,ska-1
sp|Q9XWZ2|ACD11_CAEEL,17,NAT,Caenorhabditis elegans,6239,acdh-11
sp|Q9XWZ2|ACD11_CAEEL,331,NIT,Caenorhabditis elegans,6239,acdh-11
sp|Q9XWZ2|ACD11_CAEEL,569,NQS,Caenorhabditis elegans,6239,acdh-11
sp|Q9XWZ2|ACD11_CAEEL,608,NFT,Caenorhabditis elegans,6239,acdh-11
sp|Q9XX00|SRBPH_CAEEL,175,NFT,Caenorhabditis elegans,6239,sbp-1
sp|Q9XX00|SRBPH_CAEEL,285,NMS,Caenorhabditis elegans,6239,sbp-1
sp|Q9XX00|SRBPH_CAEEL,469,NGT,Caenorhabditis elegans,6239,sbp-1
sp|Q9XX00|SRBPH_CAEEL,540,NMS,Caenorhabditis elegans,6239,sbp-1
sp|Q9XX00|SRBPH_CAEEL,1042,NGT,Caenorhabditis elegans,6239,sbp-1
sp|Q9XX14|CNT2_CAEEL,53,NTT,Caenorhabditis elegans,6239,cnt-2
sp|Q9XX14|CNT2_CAEEL,105,NVS,Caenorhabditis elegans,6239,cnt-2
sp|Q9XX14|CNT2_CAEEL,331,NIS,Caenorhabditis elegans,6239,cnt-2
sp|Q9XX14|CNT2_CAEEL,453,NST,Caenorhabditis elegans,6239,cnt-2
sp|Q9XX14|CNT2_CAEEL,975,NTT,Caenorhabditis elegans,6239,cnt-2
sp|Q9XXD1|KVS4_CAEEL,264,NLT,Caenorhabditis elegans,6239,kvs-4
sp|Q9XXH8|CNT1_CAEEL,63,NYT,Caenorhabditis elegans,6239,cnt-1
sp|Q9XXH8|CNT1_CAEEL,142,NMS,Caenorhabditis elegans,6239,cnt-1
sp|Q9XXH8|CNT1_CAEEL,154,NAS,Caenorhabditis elegans,6239,cnt-1
sp|Q9XXH8|CNT1_CAEEL,390,NKT,Caenorhabditis elegans,6239,cnt-1
sp|Q9XXH8|CNT1_CAEEL,433,NTS,Caenorhabditis elegans,6239,cnt-1
sp|Q9XXH8|CNT1_CAEEL,592,NSS,Caenorhabditis elegans,6239,cnt-1
sp|Q9XXH8|CNT1_CAEEL,599,NRS,Caenorhabditis elegans,6239,cnt-1
sp|Q9XXH8|CNT1_CAEEL,690,NGT,Caenorhabditis elegans,6239,cnt-1
sp|Q9XXK1|ATPA_CAEEL,341,NNS,Caenorhabditis elegans,6239,atp-1
sp|Q9XXN2|IMMT2_CAEEL,67,NYT,Caenorhabditis elegans,6239,immt-2
sp|Q9XXN2|IMMT2_CAEEL,577,NES,Caenorhabditis elegans,6239,immt-2
sp|Q9XXN2|IMMT2_CAEEL,587,NFT,Caenorhabditis elegans,6239,immt-2
sp|Q9XXU9|VATC_CAEEL,28,NRS,Caenorhabditis elegans,6239,vha-11
sp|Q9XXU9|VATC_CAEEL,33,NTS,Caenorhabditis elegans,6239,vha-11
sp|Q9XYD3|HBL1_CAEEL,52,NNS,Caenorhabditis elegans,6239,hbl-1
sp|Q9XYD3|HBL1_CAEEL,77,NSS,Caenorhabditis elegans,6239,hbl-1
sp|Q9XYD3|HBL1_CAEEL,408,NLS,Caenorhabditis elegans,6239,hbl-1
sp|Q9XYD3|HBL1_CAEEL,426,NLS,Caenorhabditis elegans,6239,hbl-1
sp|Q9XYD3|HBL1_CAEEL,606,NKS,Caenorhabditis elegans,6239,hbl-1
sp|Q9XYD3|HBL1_CAEEL,759,NSS,Caenorhabditis elegans,6239,hbl-1
sp|Q9XYD3|HBL1_CAEEL,803,NIT,Caenorhabditis elegans,6239,hbl-1
sp|Q9XYD3|HBL1_CAEEL,854,NNS,Caenorhabditis elegans,6239,hbl-1
sp|Q9XYD3|HBL1_CAEEL,860,NDS,Caenorhabditis elegans,6239,hbl-1
sp|Q9XZI6|PICAL_CAEEL,68,NVS,Caenorhabditis elegans,6239,unc-11
sp|Q9XZI6|PICAL_CAEEL,86,NWT,Caenorhabditis elegans,6239,unc-11
sp|Q9XZI6|PICAL_CAEEL,116,NTT,Caenorhabditis elegans,6239,unc-11
sp|Q9XZI6|PICAL_CAEEL,120,NLT,Caenorhabditis elegans,6239,unc-11
sp|Q9XZI6|PICAL_CAEEL,211,NCS,Caenorhabditis elegans,6239,unc-11
sp|Q9XZI6|PICAL_CAEEL,495,NTT,Caenorhabditis elegans,6239,unc-11
sp|Q9Y048|DTN1_CAEEL,300,NHS,Caenorhabditis elegans,6239,dyb-1
sp|Q9Y048|DTN1_CAEEL,432,NSS,Caenorhabditis elegans,6239,dyb-1
sp|Q9Y048|DTN1_CAEEL,536,NST,Caenorhabditis elegans,6239,dyb-1
sp|Q9Y048|DTN1_CAEEL,567,NMS,Caenorhabditis elegans,6239,dyb-1
sp|Q9Y0A1|ITPR_CAEEL,29,NET,Caenorhabditis elegans,6239,itr-1
sp|Q9Y0A1|ITPR_CAEEL,183,NES,Caenorhabditis elegans,6239,itr-1
sp|Q9Y0A1|ITPR_CAEEL,255,NVS,Caenorhabditis elegans,6239,itr-1
sp|Q9Y0A1|ITPR_CAEEL,447,NES,Caenorhabditis elegans,6239,itr-1
sp|Q9Y0A1|ITPR_CAEEL,514,NAT,Caenorhabditis elegans,6239,itr-1
sp|Q9Y0A1|ITPR_CAEEL,588,NST,Caenorhabditis elegans,6239,itr-1
sp|Q9Y0A1|ITPR_CAEEL,603,NSS,Caenorhabditis elegans,6239,itr-1
sp|Q9Y0A1|ITPR_CAEEL,857,NIS,Caenorhabditis elegans,6239,itr-1
sp|Q9Y0A1|ITPR_CAEEL,916,NVS,Caenorhabditis elegans,6239,itr-1
sp|Q9Y0A1|ITPR_CAEEL,957,NQS,Caenorhabditis elegans,6239,itr-1
sp|Q9Y0A1|ITPR_CAEEL,967,NSS,Caenorhabditis elegans,6239,itr-1
sp|Q9Y0A1|ITPR_CAEEL,1025,NMS,Caenorhabditis elegans,6239,itr-1
sp|Q9Y0A1|ITPR_CAEEL,1205,NLT,Caenorhabditis elegans,6239,itr-1
sp|Q9Y0A1|ITPR_CAEEL,1381,NQS,Caenorhabditis elegans,6239,itr-1
sp|Q9Y0A1|ITPR_CAEEL,1486,NAS,Caenorhabditis elegans,6239,itr-1
sp|Q9Y0A1|ITPR_CAEEL,1694,NIT,Caenorhabditis elegans,6239,itr-1
sp|Q9Y0A1|ITPR_CAEEL,2136,NFS,Caenorhabditis elegans,6239,itr-1
sp|Q9Y0A1|ITPR_CAEEL,2224,NMS,Caenorhabditis elegans,6239,itr-1
sp|Q9Y0A1|ITPR_CAEEL,2298,NIS,Caenorhabditis elegans,6239,itr-1
sp|Q9Y0A1|ITPR_CAEEL,2400,NNT,Caenorhabditis elegans,6239,itr-1
sp|Q9Y0A1|ITPR_CAEEL,2473,NSS,Caenorhabditis elegans,6239,itr-1
sp|Q9Y0A1|ITPR_CAEEL,2651,NDS,Caenorhabditis elegans,6239,itr-1
sp|Q9Y0A1|ITPR_CAEEL,2786,NRS,Caenorhabditis elegans,6239,itr-1
sp|Q9Y1J3|PDPK1_CAEEL,8,NTS,Caenorhabditis elegans,6239,pdk-1
sp|Q9Y1J3|PDPK1_CAEEL,18,NDT,Caenorhabditis elegans,6239,pdk-1
sp|Q9Y1J3|PDPK1_CAEEL,32,NLT,Caenorhabditis elegans,6239,pdk-1
sp|Q9Y1J3|PDPK1_CAEEL,476,NNS,Caenorhabditis elegans,6239,pdk-1
sp|S6F527|EAT17_CAEEL,45,NST,Caenorhabditis elegans,6239,eat-17
sp|S6F527|EAT17_CAEEL,105,NKS,Caenorhabditis elegans,6239,eat-17
sp|S6F527|EAT17_CAEEL,185,NLS,Caenorhabditis elegans,6239,eat-17
sp|S6F527|EAT17_CAEEL,188,NAS,Caenorhabditis elegans,6239,eat-17
sp|S6F527|EAT17_CAEEL,875,NDT,Caenorhabditis elegans,6239,eat-17
sp|U4PAZ9|PTRN1_CAEEL,67,NGS,Caenorhabditis elegans,6239,ptrn-1
sp|U4PAZ9|PTRN1_CAEEL,123,NMS,Caenorhabditis elegans,6239,ptrn-1
sp|U4PAZ9|PTRN1_CAEEL,231,NDS,Caenorhabditis elegans,6239,ptrn-1
sp|U4PAZ9|PTRN1_CAEEL,436,NET,Caenorhabditis elegans,6239,ptrn-1
sp|U4PAZ9|PTRN1_CAEEL,721,NLT,Caenorhabditis elegans,6239,ptrn-1
sp|U4PAZ9|PTRN1_CAEEL,746,NET,Caenorhabditis elegans,6239,ptrn-1
sp|U4PAZ9|PTRN1_CAEEL,788,NHS,Caenorhabditis elegans,6239,ptrn-1
sp|U4PAZ9|PTRN1_CAEEL,1003,NAT,Caenorhabditis elegans,6239,ptrn-1
sp|U4PAZ9|PTRN1_CAEEL,1073,NFT,Caenorhabditis elegans,6239,ptrn-1
sp|U4PR86|MELK_CAEEL,63,NLS,Caenorhabditis elegans,6239,pig-1
sp|U4PR86|MELK_CAEEL,340,NST,Caenorhabditis elegans,6239,pig-1
sp|U4PR86|MELK_CAEEL,474,NAS,Caenorhabditis elegans,6239,pig-1
sp|U4PR86|MELK_CAEEL,618,NVS,Caenorhabditis elegans,6239,pig-1
sp|V6CIV8|DUSL_CAEEL,78,NNS,Caenorhabditis elegans,6239,lip-1
sp|V6CIV8|DUSL_CAEEL,141,NTT,Caenorhabditis elegans,6239,lip-1
sp|V6CIV8|DUSL_CAEEL,216,NVT,Caenorhabditis elegans,6239,lip-1
sp|V6CIV8|DUSL_CAEEL,241,NAS,Caenorhabditis elegans,6239,lip-1
sp|V6CIV8|DUSL_CAEEL,245,NLT,Caenorhabditis elegans,6239,lip-1
sp|V6CIV8|DUSL_CAEEL,263,NDS,Caenorhabditis elegans,6239,lip-1
sp|V6CIV8|DUSL_CAEEL,305,NAS,Caenorhabditis elegans,6239,lip-1
sp|V6CIV8|DUSL_CAEEL,374,NHS,Caenorhabditis elegans,6239,lip-1
sp|V6CJ04|BICD_CAEEL,66,NQT,Caenorhabditis elegans,6239,bicd-1
sp|V6CJ04|BICD_CAEEL,465,NAS,Caenorhabditis elegans,6239,bicd-1
sp|V6CLA2|HECD1_CAEEL,518,NGS,Caenorhabditis elegans,6239,hecd-1
sp|V6CLA2|HECD1_CAEEL,796,NDS,Caenorhabditis elegans,6239,hecd-1
sp|V6CLA2|HECD1_CAEEL,1138,NKT,Caenorhabditis elegans,6239,hecd-1
sp|V6CLA2|HECD1_CAEEL,1346,NSS,Caenorhabditis elegans,6239,hecd-1
sp|V6CLA2|HECD1_CAEEL,1576,NTT,Caenorhabditis elegans,6239,hecd-1
sp|V6CLA2|HECD1_CAEEL,1714,NQT,Caenorhabditis elegans,6239,hecd-1
sp|V6CLA2|HECD1_CAEEL,1978,NQT,Caenorhabditis elegans,6239,hecd-1
sp|V6CLA2|HECD1_CAEEL,2016,NMS,Caenorhabditis elegans,6239,hecd-1
sp|V6CLA2|HECD1_CAEEL,2022,NVT,Caenorhabditis elegans,6239,hecd-1
sp|V6CLA2|HECD1_CAEEL,2042,NNS,Caenorhabditis elegans,6239,hecd-1
sp|V6CLA2|HECD1_CAEEL,2198,NSS,Caenorhabditis elegans,6239,hecd-1
sp|V6CLA2|HECD1_CAEEL,2416,NDT,Caenorhabditis elegans,6239,hecd-1
sp|V6CLA2|HECD1_CAEEL,2449,NFT,Caenorhabditis elegans,6239,hecd-1
sp|V6CLA2|HECD1_CAEEL,2543,NYT,Caenorhabditis elegans,6239,hecd-1
sp|V6CLJ5|LAG1_CAEEL,16,NRS,Caenorhabditis elegans,6239,lag-1
sp|V6CLJ5|LAG1_CAEEL,267,NTS,Caenorhabditis elegans,6239,lag-1
sp|V6CLJ5|LAG1_CAEEL,276,NSS,Caenorhabditis elegans,6239,lag-1
sp|V6CLJ5|LAG1_CAEEL,747,NRT,Caenorhabditis elegans,6239,lag-1
sp|V6CLP5|KETN1_CAEEL,57,NVS,Caenorhabditis elegans,6239,ketn-1
sp|V6CLP5|KETN1_CAEEL,660,NGS,Caenorhabditis elegans,6239,ketn-1
sp|V6CLP5|KETN1_CAEEL,667,NGS,Caenorhabditis elegans,6239,ketn-1
sp|V6CLP5|KETN1_CAEEL,671,NGS,Caenorhabditis elegans,6239,ketn-1
sp|V6CLP5|KETN1_CAEEL,675,NGS,Caenorhabditis elegans,6239,ketn-1
sp|V6CLP5|KETN1_CAEEL,858,NET,Caenorhabditis elegans,6239,ketn-1
sp|V6CLP5|KETN1_CAEEL,866,NAT,Caenorhabditis elegans,6239,ketn-1
sp|V6CLP5|KETN1_CAEEL,1132,NDS,Caenorhabditis elegans,6239,ketn-1
sp|V6CLP5|KETN1_CAEEL,1798,NGT,Caenorhabditis elegans,6239,ketn-1
sp|V6CLP5|KETN1_CAEEL,1826,NFT,Caenorhabditis elegans,6239,ketn-1
sp|V6CLP5|KETN1_CAEEL,2265,NSS,Caenorhabditis elegans,6239,ketn-1
sp|V6CLP5|KETN1_CAEEL,2348,NFT,Caenorhabditis elegans,6239,ketn-1
sp|V6CLP5|KETN1_CAEEL,2733,NDS,Caenorhabditis elegans,6239,ketn-1
sp|V6CLP5|KETN1_CAEEL,2826,NGT,Caenorhabditis elegans,6239,ketn-1
sp|V6CLP5|KETN1_CAEEL,3393,NNS,Caenorhabditis elegans,6239,ketn-1
sp|V6CLP5|KETN1_CAEEL,3493,NGS,Caenorhabditis elegans,6239,ketn-1
sp|V6CLP5|KETN1_CAEEL,3628,NHT,Caenorhabditis elegans,6239,ketn-1
sp|V6CLP5|KETN1_CAEEL,3955,NES,Caenorhabditis elegans,6239,ketn-1
sp|V6CLP5|KETN1_CAEEL,4457,NKS,Caenorhabditis elegans,6239,ketn-1
sp|V6CLP5|KETN1_CAEEL,4477,NQS,Caenorhabditis elegans,6239,ketn-1
sp|V6CLP5|KETN1_CAEEL,4600,NSS,Caenorhabditis elegans,6239,ketn-1
sp|V6CLP5|KETN1_CAEEL,4632,NLT,Caenorhabditis elegans,6239,ketn-1
sp|W6RTA4|CLA1_CAEEL,490,NTS,Caenorhabditis elegans,6239,cla-1
sp|W6RTA4|CLA1_CAEEL,493,NQT,Caenorhabditis elegans,6239,cla-1
sp|W6RTA4|CLA1_CAEEL,3395,NTS,Caenorhabditis elegans,6239,cla-1
sp|W6RTA4|CLA1_CAEEL,3463,NIS,Caenorhabditis elegans,6239,cla-1
sp|W6RTA4|CLA1_CAEEL,3483,NKS,Caenorhabditis elegans,6239,cla-1
sp|W6RTA4|CLA1_CAEEL,3712,NIT,Caenorhabditis elegans,6239,cla-1
sp|W6RTA4|CLA1_CAEEL,4427,NTT,Caenorhabditis elegans,6239,cla-1
sp|W6RTA4|CLA1_CAEEL,4581,NIT,Caenorhabditis elegans,6239,cla-1
sp|W6RTA4|CLA1_CAEEL,4958,NFS,Caenorhabditis elegans,6239,cla-1
sp|W6RTA4|CLA1_CAEEL,5030,NDS,Caenorhabditis elegans,6239,cla-1
sp|W6RTA4|CLA1_CAEEL,5154,NES,Caenorhabditis elegans,6239,cla-1
sp|W6RTA4|CLA1_CAEEL,5401,NDS,Caenorhabditis elegans,6239,cla-1
sp|W6RTA4|CLA1_CAEEL,5434,NTS,Caenorhabditis elegans,6239,cla-1
sp|W6RTA4|CLA1_CAEEL,5455,NLS,Caenorhabditis elegans,6239,cla-1
sp|W6RTA4|CLA1_CAEEL,5619,NVS,Caenorhabditis elegans,6239,cla-1
sp|W6RTA4|CLA1_CAEEL,5736,NQS,Caenorhabditis elegans,6239,cla-1
sp|W6RTA4|CLA1_CAEEL,5869,NYS,Caenorhabditis elegans,6239,cla-1
sp|W6RTA4|CLA1_CAEEL,6853,NYS,Caenorhabditis elegans,6239,cla-1
sp|W6RTA4|CLA1_CAEEL,6944,NLS,Caenorhabditis elegans,6239,cla-1
sp|W6RTA4|CLA1_CAEEL,7400,NQT,Caenorhabditis elegans,6239,cla-1
sp|W6RTA4|CLA1_CAEEL,7479,NFS,Caenorhabditis elegans,6239,cla-1
sp|W6RTA4|CLA1_CAEEL,7553,NFS,Caenorhabditis elegans,6239,cla-1
sp|W6RTA4|CLA1_CAEEL,7577,NNS,Caenorhabditis elegans,6239,cla-1
sp|W6RTA4|CLA1_CAEEL,7609,NET,Caenorhabditis elegans,6239,cla-1
sp|W6RTA4|CLA1_CAEEL,7703,NSS,Caenorhabditis elegans,6239,cla-1
sp|W6RTA4|CLA1_CAEEL,7740,NVT,Caenorhabditis elegans,6239,cla-1
sp|W6RTA4|CLA1_CAEEL,7818,NYT,Caenorhabditis elegans,6239,cla-1
sp|W6RTA4|CLA1_CAEEL,8211,NYS,Caenorhabditis elegans,6239,cla-1
sp|W6RTA4|CLA1_CAEEL,8260,NLS,Caenorhabditis elegans,6239,cla-1
sp|W6RTA4|CLA1_CAEEL,8461,NVS,Caenorhabditis elegans,6239,cla-1
sp|W6RTA4|CLA1_CAEEL,8614,NQT,Caenorhabditis elegans,6239,cla-1
sp|W6RTA4|CLA1_CAEEL,8647,NKS,Caenorhabditis elegans,6239,cla-1
sp|W6RTA4|CLA1_CAEEL,8700,NNS,Caenorhabditis elegans,6239,cla-1
sp|W6RTA4|CLA1_CAEEL,8851,NGT,Caenorhabditis elegans,6239,cla-1
sp|W6RTA4|CLA1_CAEEL,8878,NYS,Caenorhabditis elegans,6239,cla-1
sp|X5M5N0|WNK_CAEEL,109,NST,Caenorhabditis elegans,6239,wnk-1
sp|X5M5N0|WNK_CAEEL,116,NVS,Caenorhabditis elegans,6239,wnk-1
sp|X5M5N0|WNK_CAEEL,122,NSS,Caenorhabditis elegans,6239,wnk-1
sp|X5M5N0|WNK_CAEEL,171,NGS,Caenorhabditis elegans,6239,wnk-1
sp|X5M5N0|WNK_CAEEL,236,NTS,Caenorhabditis elegans,6239,wnk-1
sp|X5M5N0|WNK_CAEEL,371,NKT,Caenorhabditis elegans,6239,wnk-1
sp|X5M5N0|WNK_CAEEL,491,NKS,Caenorhabditis elegans,6239,wnk-1
sp|X5M5N0|WNK_CAEEL,653,NDS,Caenorhabditis elegans,6239,wnk-1
sp|X5M5N0|WNK_CAEEL,1037,NST,Caenorhabditis elegans,6239,wnk-1
sp|X5M5N0|WNK_CAEEL,1115,NQT,Caenorhabditis elegans,6239,wnk-1
sp|X5M5N0|WNK_CAEEL,1165,NIT,Caenorhabditis elegans,6239,wnk-1
sp|X5M5N0|WNK_CAEEL,1197,NSS,Caenorhabditis elegans,6239,wnk-1
sp|X5M5N0|WNK_CAEEL,1207,NMS,Caenorhabditis elegans,6239,wnk-1
sp|X5M5N0|WNK_CAEEL,1265,NGT,Caenorhabditis elegans,6239,wnk-1
sp|X5M5N0|WNK_CAEEL,1397,NAS,Caenorhabditis elegans,6239,wnk-1
sp|X5M5N0|WNK_CAEEL,1539,NST,Caenorhabditis elegans,6239,wnk-1
sp|X5M5N0|WNK_CAEEL,1567,NTT,Caenorhabditis elegans,6239,wnk-1
sp|X5M5N0|WNK_CAEEL,1720,NAS,Caenorhabditis elegans,6239,wnk-1
sp|X5M5N0|WNK_CAEEL,1756,NVS,Caenorhabditis elegans,6239,wnk-1
sp|A0A078BQN7|FKH3_CAEEL,72,NNS,Caenorhabditis elegans,6239,fkh-3
sp|A0A078BQN7|FKH3_CAEEL,187,NQT,Caenorhabditis elegans,6239,fkh-3
sp|A0A078BQN7|FKH3_CAEEL,257,NSS,Caenorhabditis elegans,6239,fkh-3
sp|A0A078BQN7|FKH3_CAEEL,300,NFT,Caenorhabditis elegans,6239,fkh-3
sp|A0A078BQN7|FKH3_CAEEL,339,NIS,Caenorhabditis elegans,6239,fkh-3
sp|A0A078BQP2|GCY25_CAEEL,28,NET,Caenorhabditis elegans,6239,gcy-25
sp|A0A078BQP2|GCY25_CAEEL,224,NKS,Caenorhabditis elegans,6239,gcy-25
sp|A0A078BQP2|GCY25_CAEEL,301,NYT,Caenorhabditis elegans,6239,gcy-25
sp|A0A078BQP2|GCY25_CAEEL,308,NLS,Caenorhabditis elegans,6239,gcy-25
sp|A0A078BQP2|GCY25_CAEEL,373,NMT,Caenorhabditis elegans,6239,gcy-25
sp|A0A078BQP2|GCY25_CAEEL,584,NSS,Caenorhabditis elegans,6239,gcy-25
sp|A0A131MBU3|IRG7_CAEEL,125,NCS,Caenorhabditis elegans,6239,irg-7
sp|A0A131MBU3|IRG7_CAEEL,279,NCT,Caenorhabditis elegans,6239,irg-7
sp|A0A131MBU3|IRG7_CAEEL,519,NKS,Caenorhabditis elegans,6239,irg-7
sp|A0A131MBU3|IRG7_CAEEL,532,NDS,Caenorhabditis elegans,6239,irg-7
sp|A0A131MBU3|IRG7_CAEEL,565,NSS,Caenorhabditis elegans,6239,irg-7
sp|A0A131MBU3|IRG7_CAEEL,648,NLT,Caenorhabditis elegans,6239,irg-7
sp|A0A131MBU3|IRG7_CAEEL,854,NTT,Caenorhabditis elegans,6239,irg-7
sp|A0A131MBU3|IRG7_CAEEL,961,NST,Caenorhabditis elegans,6239,irg-7
sp|A0A131MBU3|IRG7_CAEEL,975,NLT,Caenorhabditis elegans,6239,irg-7
sp|A0A131MBU3|IRG7_CAEEL,1067,NAT,Caenorhabditis elegans,6239,irg-7
sp|A0A131MBU3|IRG7_CAEEL,1416,NGT,Caenorhabditis elegans,6239,irg-7
sp|A0A131MBU3|IRG7_CAEEL,1750,NYT,Caenorhabditis elegans,6239,irg-7
sp|A0A131MBU3|IRG7_CAEEL,1767,NTT,Caenorhabditis elegans,6239,irg-7
sp|A0A131MBU3|IRG7_CAEEL,2104,NYT,Caenorhabditis elegans,6239,irg-7
sp|A0A3B1DZW5|SRB12_CAEEL,5,NLT,Caenorhabditis elegans,6239,srb-12
sp|A0A3B1DZW5|SRB12_CAEEL,97,NAT,Caenorhabditis elegans,6239,srb-12
sp|A0A3B1DZW5|SRB12_CAEEL,224,NVS,Caenorhabditis elegans,6239,srb-12
sp|A0A3B1DZW5|SRB12_CAEEL,277,NYT,Caenorhabditis elegans,6239,srb-12
sp|A0A3B1DZW5|SRB12_CAEEL,346,NKS,Caenorhabditis elegans,6239,srb-12
sp|A0A486WWJ9|SOMI1_CAEEL,13,NNT,Caenorhabditis elegans,6239,somi-1
sp|A0A486WWJ9|SOMI1_CAEEL,127,NSS,Caenorhabditis elegans,6239,somi-1
sp|A0A486WWJ9|SOMI1_CAEEL,201,NSS,Caenorhabditis elegans,6239,somi-1
sp|A0A486WWJ9|SOMI1_CAEEL,209,NNS,Caenorhabditis elegans,6239,somi-1
sp|A0A486WWJ9|SOMI1_CAEEL,248,NNT,Caenorhabditis elegans,6239,somi-1
sp|A0A486WWJ9|SOMI1_CAEEL,414,NSS,Caenorhabditis elegans,6239,somi-1
sp|A0A486WWJ9|SOMI1_CAEEL,517,NSS,Caenorhabditis elegans,6239,somi-1
sp|A0A486WWJ9|SOMI1_CAEEL,530,NNT,Caenorhabditis elegans,6239,somi-1
sp|A0FLQ6|DPOLQ_CAEEL,174,NQS,Caenorhabditis elegans,6239,polq-1
sp|A0FLQ6|DPOLQ_CAEEL,281,NKT,Caenorhabditis elegans,6239,polq-1
sp|A0FLQ6|DPOLQ_CAEEL,437,NLS,Caenorhabditis elegans,6239,polq-1
sp|A0FLQ6|DPOLQ_CAEEL,545,NVS,Caenorhabditis elegans,6239,polq-1
sp|A0FLQ6|DPOLQ_CAEEL,901,NNS,Caenorhabditis elegans,6239,polq-1
sp|A0FLQ6|DPOLQ_CAEEL,975,NAS,Caenorhabditis elegans,6239,polq-1
sp|A0FLQ6|DPOLQ_CAEEL,979,NNS,Caenorhabditis elegans,6239,polq-1
sp|A0FLQ6|DPOLQ_CAEEL,1405,NDS,Caenorhabditis elegans,6239,polq-1
sp|A0FLQ6|DPOLQ_CAEEL,1480,NET,Caenorhabditis elegans,6239,polq-1
sp|A0FLQ6|DPOLQ_CAEEL,1520,NYT,Caenorhabditis elegans,6239,polq-1
sp|A3QMC6|ERLN_CAEEL,104,NYT,Caenorhabditis elegans,6239,erl-1
sp|A3QMD7|LSY13_CAEEL,185,NDT,Caenorhabditis elegans,6239,lsy-13
sp|A5HWA8|EFL2_CAEEL,68,NIS,Caenorhabditis elegans,6239,efl-2
sp|A5HWA8|EFL2_CAEEL,102,NNS,Caenorhabditis elegans,6239,efl-2
sp|A5HWA8|EFL2_CAEEL,327,NIT,Caenorhabditis elegans,6239,efl-2
sp|A5Z2X3|FUTB2_CAEEL,43,NLS,Caenorhabditis elegans,6239,F08A8.5
sp|A5Z2X3|FUTB2_CAEEL,119,NAT,Caenorhabditis elegans,6239,F08A8.5
sp|A5Z2X3|FUTB2_CAEEL,175,NRS,Caenorhabditis elegans,6239,F08A8.5
sp|A5Z2X3|FUTB2_CAEEL,301,NNS,Caenorhabditis elegans,6239,F08A8.5
sp|A8WHP8|PLIN1_CAEEL,48,NST,Caenorhabditis elegans,6239,plin-1
sp|A8WHP8|PLIN1_CAEEL,210,NLT,Caenorhabditis elegans,6239,plin-1
sp|A8WHP8|PLIN1_CAEEL,349,NFT,Caenorhabditis elegans,6239,plin-1
sp|A9D2P7|SEU1_CAEEL,315,NAS,Caenorhabditis elegans,6239,seu-1
sp|A9D2P7|SEU1_CAEEL,570,NNS,Caenorhabditis elegans,6239,seu-1
sp|A9D2P7|SEU1_CAEEL,613,NRS,Caenorhabditis elegans,6239,seu-1
sp|B2MZD0|VPP4_CAEEL,187,NLS,Caenorhabditis elegans,6239,vha-7
sp|B2MZD0|VPP4_CAEEL,282,NSS,Caenorhabditis elegans,6239,vha-7
sp|B2MZD0|VPP4_CAEEL,414,NSS,Caenorhabditis elegans,6239,vha-7
sp|B2MZD0|VPP4_CAEEL,554,NAT,Caenorhabditis elegans,6239,vha-7
sp|B2MZD0|VPP4_CAEEL,796,NET,Caenorhabditis elegans,6239,vha-7
sp|B2MZD0|VPP4_CAEEL,1010,NKS,Caenorhabditis elegans,6239,vha-7
sp|B2MZD0|VPP4_CAEEL,1019,NGT,Caenorhabditis elegans,6239,vha-7
sp|B2MZD0|VPP4_CAEEL,1118,NET,Caenorhabditis elegans,6239,vha-7
sp|B7FAS0|MCD1_CAEEL,141,NTS,Caenorhabditis elegans,6239,mcd-1
sp|B7FAS0|MCD1_CAEEL,439,NLS,Caenorhabditis elegans,6239,mcd-1
sp|B7FAS0|MCD1_CAEEL,453,NAS,Caenorhabditis elegans,6239,mcd-1
sp|C0HKD7|PEX10_CAEEL,66,NQT,Caenorhabditis elegans,6239,prx-10
sp|D3YT16|ELLI1_CAEEL,90,NMS,Caenorhabditis elegans,6239,elli-1
sp|D3YT16|ELLI1_CAEEL,152,NDT,Caenorhabditis elegans,6239,elli-1
sp|D3YT16|ELLI1_CAEEL,272,NDS,Caenorhabditis elegans,6239,elli-1
sp|D5MCN2|LARP1_CAEEL,243,NES,Caenorhabditis elegans,6239,larp-1
sp|D5MCN2|LARP1_CAEEL,321,NKS,Caenorhabditis elegans,6239,larp-1
sp|D5MCN2|LARP1_CAEEL,368,NST,Caenorhabditis elegans,6239,larp-1
sp|D5MCN2|LARP1_CAEEL,406,NNT,Caenorhabditis elegans,6239,larp-1
sp|D9N129|WDR20_CAEEL,16,NNS,Caenorhabditis elegans,6239,wdr-20
sp|D9N129|WDR20_CAEEL,186,NGS,Caenorhabditis elegans,6239,wdr-20
sp|D9N129|WDR20_CAEEL,266,NGS,Caenorhabditis elegans,6239,wdr-20
sp|D9N129|WDR20_CAEEL,446,NAT,Caenorhabditis elegans,6239,wdr-20
sp|D9N129|WDR20_CAEEL,504,NST,Caenorhabditis elegans,6239,wdr-20
sp|D9N129|WDR20_CAEEL,539,NAS,Caenorhabditis elegans,6239,wdr-20
sp|D9N129|WDR20_CAEEL,550,NHT,Caenorhabditis elegans,6239,wdr-20
sp|D9N129|WDR20_CAEEL,619,NET,Caenorhabditis elegans,6239,wdr-20
sp|D9N129|WDR20_CAEEL,741,NIT,Caenorhabditis elegans,6239,wdr-20
sp|E9P886|TTLL5_CAEEL,16,NKT,Caenorhabditis elegans,6239,ttll-5
sp|E9P886|TTLL5_CAEEL,340,NYS,Caenorhabditis elegans,6239,ttll-5
sp|E9P886|TTLL5_CAEEL,346,NST,Caenorhabditis elegans,6239,ttll-5
sp|E9P886|TTLL5_CAEEL,353,NES,Caenorhabditis elegans,6239,ttll-5
sp|E9P886|TTLL5_CAEEL,439,NLS,Caenorhabditis elegans,6239,ttll-5
sp|E9P886|TTLL5_CAEEL,565,NGT,Caenorhabditis elegans,6239,ttll-5
sp|E9P886|TTLL5_CAEEL,599,NSS,Caenorhabditis elegans,6239,ttll-5
sp|G2HK15|APTF2_CAEEL,10,NST,Caenorhabditis elegans,6239,aptf-2
sp|G2HK15|APTF2_CAEEL,128,NLT,Caenorhabditis elegans,6239,aptf-2
sp|G2HK15|APTF2_CAEEL,163,NQT,Caenorhabditis elegans,6239,aptf-2
sp|G2HK15|APTF2_CAEEL,185,NSS,Caenorhabditis elegans,6239,aptf-2
sp|G3MU46|NLP38_CAEEL,89,NLS,Caenorhabditis elegans,6239,mihp-1
sp|G4RT11|CDC26_CAEEL,136,NDS,Caenorhabditis elegans,6239,cdc-26
sp|G4SDH4|S52AB_CAEEL,181,NFS,Caenorhabditis elegans,6239,rft-2
sp|G4SDH4|S52AB_CAEEL,233,NNT,Caenorhabditis elegans,6239,rft-2
sp|G5EBM5|SNF5_CAEEL,61,NTT,Caenorhabditis elegans,6239,snf-5
sp|G5EBM5|SNF5_CAEEL,210,NGT,Caenorhabditis elegans,6239,snf-5
sp|G5EBM5|SNF5_CAEEL,225,NHT,Caenorhabditis elegans,6239,snf-5
sp|G5EBM5|SNF5_CAEEL,232,NST,Caenorhabditis elegans,6239,snf-5
sp|G5EBM5|SNF5_CAEEL,237,NSS,Caenorhabditis elegans,6239,snf-5
sp|G5EBM5|SNF5_CAEEL,257,NGT,Caenorhabditis elegans,6239,snf-5
sp|G5EBM5|SNF5_CAEEL,352,NYT,Caenorhabditis elegans,6239,snf-5
sp|G5EBM5|SNF5_CAEEL,670,NYS,Caenorhabditis elegans,6239,snf-5
sp|G5EC21|QUA1_CAEEL,40,NDT,Caenorhabditis elegans,6239,qua-1
sp|G5EC21|QUA1_CAEEL,165,NKS,Caenorhabditis elegans,6239,qua-1
sp|G5EC21|QUA1_CAEEL,284,NNS,Caenorhabditis elegans,6239,qua-1
sp|G5EC21|QUA1_CAEEL,342,NIT,Caenorhabditis elegans,6239,qua-1
sp|G5EC21|QUA1_CAEEL,362,NVT,Caenorhabditis elegans,6239,qua-1
sp|G5EC21|QUA1_CAEEL,382,NES,Caenorhabditis elegans,6239,qua-1
sp|G5EC21|QUA1_CAEEL,547,NGT,Caenorhabditis elegans,6239,qua-1
sp|G5EC21|QUA1_CAEEL,568,NGT,Caenorhabditis elegans,6239,qua-1
sp|G5EC21|QUA1_CAEEL,576,NES,Caenorhabditis elegans,6239,qua-1
sp|G5EC21|QUA1_CAEEL,609,NGT,Caenorhabditis elegans,6239,qua-1
sp|G5EC21|QUA1_CAEEL,623,NGS,Caenorhabditis elegans,6239,qua-1
sp|G5EC21|QUA1_CAEEL,640,NKS,Caenorhabditis elegans,6239,qua-1
sp|G5EC21|QUA1_CAEEL,658,NGS,Caenorhabditis elegans,6239,qua-1
sp|G5EC21|QUA1_CAEEL,669,NKS,Caenorhabditis elegans,6239,qua-1
sp|G5EC21|QUA1_CAEEL,825,NET,Caenorhabditis elegans,6239,qua-1
sp|G5EC21|QUA1_CAEEL,831,NAT,Caenorhabditis elegans,6239,qua-1
sp|G5EC21|QUA1_CAEEL,897,NGS,Caenorhabditis elegans,6239,qua-1
sp|G5EC77|ZTF6_CAEEL,31,NGT,Caenorhabditis elegans,6239,ztf-6
sp|G5EC77|ZTF6_CAEEL,43,NST,Caenorhabditis elegans,6239,ztf-6
sp|G5EC77|ZTF6_CAEEL,155,NQT,Caenorhabditis elegans,6239,ztf-6
sp|G5EC77|ZTF6_CAEEL,176,NGS,Caenorhabditis elegans,6239,ztf-6
sp|G5EC77|ZTF6_CAEEL,182,NTT,Caenorhabditis elegans,6239,ztf-6
sp|G5EC77|ZTF6_CAEEL,330,NTS,Caenorhabditis elegans,6239,ztf-6
sp|G5EC77|ZTF6_CAEEL,424,NYT,Caenorhabditis elegans,6239,ztf-6
sp|G5EC77|ZTF6_CAEEL,451,NTS,Caenorhabditis elegans,6239,ztf-6
sp|G5EC77|ZTF6_CAEEL,455,NTS,Caenorhabditis elegans,6239,ztf-6
sp|G5EC77|ZTF6_CAEEL,469,NSS,Caenorhabditis elegans,6239,ztf-6
sp|G5EC84|CGT2_CAEEL,28,NAS,Caenorhabditis elegans,6239,cgt-2
sp|G5ECE8|CHHY1_CAEEL,34,NRT,Caenorhabditis elegans,6239,chhy-1
sp|G5ECE8|CHHY1_CAEEL,92,NES,Caenorhabditis elegans,6239,chhy-1
sp|G5ECE8|CHHY1_CAEEL,119,NET,Caenorhabditis elegans,6239,chhy-1
sp|G5ECE8|CHHY1_CAEEL,433,NGT,Caenorhabditis elegans,6239,chhy-1
sp|G5ECQ8|CIN4_CAEEL,596,NTT,Caenorhabditis elegans,6239,cin-4
sp|G5ECS8|ADT1_CAEEL,69,NDT,Caenorhabditis elegans,6239,adt-1
sp|G5ECS8|ADT1_CAEEL,212,NYT,Caenorhabditis elegans,6239,adt-1
sp|G5ED05|CNNM5_CAEEL,102,NVS,Caenorhabditis elegans,6239,cnnm-5
sp|G5ED05|CNNM5_CAEEL,114,NAT,Caenorhabditis elegans,6239,cnnm-5
sp|G5ED05|CNNM5_CAEEL,320,NAT,Caenorhabditis elegans,6239,cnnm-5
sp|G5ED05|CNNM5_CAEEL,349,NRS,Caenorhabditis elegans,6239,cnnm-5
sp|G5ED05|CNNM5_CAEEL,371,NRS,Caenorhabditis elegans,6239,cnnm-5
sp|G5ED05|CNNM5_CAEEL,639,NVS,Caenorhabditis elegans,6239,cnnm-5
sp|G5ED41|CAND1_CAEEL,124,NAT,Caenorhabditis elegans,6239,cand-1
sp|G5ED41|CAND1_CAEEL,376,NLS,Caenorhabditis elegans,6239,cand-1
sp|G5ED41|CAND1_CAEEL,518,NAS,Caenorhabditis elegans,6239,cand-1
sp|G5ED41|CAND1_CAEEL,606,NDT,Caenorhabditis elegans,6239,cand-1
sp|G5ED41|CAND1_CAEEL,633,NET,Caenorhabditis elegans,6239,cand-1
sp|G5ED41|CAND1_CAEEL,857,NMS,Caenorhabditis elegans,6239,cand-1
sp|G5ED44|FAT5_CAEEL,286,NWT,Caenorhabditis elegans,6239,fat-5
sp|G5ED45|HYL1_CAEEL,17,NVT,Caenorhabditis elegans,6239,hyl-1
sp|G5ED45|HYL1_CAEEL,68,NIT,Caenorhabditis elegans,6239,hyl-1
sp|G5ED45|HYL1_CAEEL,115,NSS,Caenorhabditis elegans,6239,hyl-1
sp|G5ED45|HYL1_CAEEL,219,NMT,Caenorhabditis elegans,6239,hyl-1
sp|G5ED65|VER1_CAEEL,132,NST,Caenorhabditis elegans,6239,ver-1
sp|G5ED65|VER1_CAEEL,226,NKT,Caenorhabditis elegans,6239,ver-1
sp|G5ED65|VER1_CAEEL,261,NFS,Caenorhabditis elegans,6239,ver-1
sp|G5ED65|VER1_CAEEL,387,NYT,Caenorhabditis elegans,6239,ver-1
sp|G5ED65|VER1_CAEEL,433,NKS,Caenorhabditis elegans,6239,ver-1
sp|G5ED65|VER1_CAEEL,572,NKS,Caenorhabditis elegans,6239,ver-1
sp|G5ED65|VER1_CAEEL,603,NLS,Caenorhabditis elegans,6239,ver-1
sp|G5ED65|VER1_CAEEL,625,NAT,Caenorhabditis elegans,6239,ver-1
sp|G5ED65|VER1_CAEEL,633,NYT,Caenorhabditis elegans,6239,ver-1
sp|G5ED65|VER1_CAEEL,645,NFS,Caenorhabditis elegans,6239,ver-1
sp|G5ED65|VER1_CAEEL,1033,NGS,Caenorhabditis elegans,6239,ver-1
sp|G5ED66|PAX3H_CAEEL,190,NRT,Caenorhabditis elegans,6239,pax-3
sp|G5ED84|KLHL8_CAEEL,224,NCT,Caenorhabditis elegans,6239,kel-8
sp|G5ED84|KLHL8_CAEEL,262,NRS,Caenorhabditis elegans,6239,kel-8
sp|G5ED84|KLHL8_CAEEL,267,NVS,Caenorhabditis elegans,6239,kel-8
sp|G5ED84|KLHL8_CAEEL,352,NTS,Caenorhabditis elegans,6239,kel-8
sp|G5ED89|DCP66_CAEEL,161,NSS,Caenorhabditis elegans,6239,dcp-66
sp|G5ED89|DCP66_CAEEL,267,NKT,Caenorhabditis elegans,6239,dcp-66
sp|G5ED89|DCP66_CAEEL,275,NLS,Caenorhabditis elegans,6239,dcp-66
sp|G5ED89|DCP66_CAEEL,336,NAS,Caenorhabditis elegans,6239,dcp-66
sp|G5ED89|DCP66_CAEEL,409,NAS,Caenorhabditis elegans,6239,dcp-66
sp|G5ED89|DCP66_CAEEL,432,NET,Caenorhabditis elegans,6239,dcp-66
sp|G5ED89|DCP66_CAEEL,480,NRT,Caenorhabditis elegans,6239,dcp-66
sp|G5EDL5|CEEH2_CAEEL,114,NTT,Caenorhabditis elegans,6239,ceeh-2
sp|G5EDL5|CEEH2_CAEEL,126,NLT,Caenorhabditis elegans,6239,ceeh-2
sp|G5EDL5|CEEH2_CAEEL,188,NMS,Caenorhabditis elegans,6239,ceeh-2
sp|G5EDL5|CEEH2_CAEEL,195,NKS,Caenorhabditis elegans,6239,ceeh-2
sp|G5EDL5|CEEH2_CAEEL,237,NFT,Caenorhabditis elegans,6239,ceeh-2
sp|G5EDQ2|HMG12_CAEEL,38,NAT,Caenorhabditis elegans,6239,hmg-12
sp|G5EDQ2|HMG12_CAEEL,59,NET,Caenorhabditis elegans,6239,hmg-12
sp|G5EDQ2|HMG12_CAEEL,78,NDS,Caenorhabditis elegans,6239,hmg-12
sp|G5EDQ2|HMG12_CAEEL,112,NDT,Caenorhabditis elegans,6239,hmg-12
sp|G5EDQ2|HMG12_CAEEL,248,NQS,Caenorhabditis elegans,6239,hmg-12
sp|G5EDQ2|HMG12_CAEEL,258,NES,Caenorhabditis elegans,6239,hmg-12
sp|G5EDX4|EGL47_CAEEL,5,NRT,Caenorhabditis elegans,6239,egl-47
sp|G5EDX4|EGL47_CAEEL,391,NIT,Caenorhabditis elegans,6239,egl-47
sp|G5EDX4|EGL47_CAEEL,423,NET,Caenorhabditis elegans,6239,egl-47
sp|G5EDX4|EGL47_CAEEL,512,NTS,Caenorhabditis elegans,6239,egl-47
sp|G5EEJ1|DMD10_CAEEL,97,NDS,Caenorhabditis elegans,6239,dmd-10
sp|G5EEJ1|DMD10_CAEEL,205,NTS,Caenorhabditis elegans,6239,dmd-10
sp|G5EEM1|GEMI_CAEEL,10,NNS,Caenorhabditis elegans,6239,gmn-1
sp|G5EEN8|AEX4_CAEEL,81,NLS,Caenorhabditis elegans,6239,aex-4
sp|G5EEN8|AEX4_CAEEL,95,NIT,Caenorhabditis elegans,6239,aex-4
sp|G5EEN8|AEX4_CAEEL,152,NSS,Caenorhabditis elegans,6239,aex-4
sp|G5EEP3|FACE2_CAEEL,24,NGT,Caenorhabditis elegans,6239,fce-2
sp|G5EER4|FCL_CAEEL,239,NES,Caenorhabditis elegans,6239,ger-1
sp|G5EES6|UFD3_CAEEL,150,NSS,Caenorhabditis elegans,6239,ufd-3
sp|G5EES6|UFD3_CAEEL,455,NES,Caenorhabditis elegans,6239,ufd-3
sp|G5EES6|UFD3_CAEEL,539,NSS,Caenorhabditis elegans,6239,ufd-3
sp|G5EES6|UFD3_CAEEL,640,NYS,Caenorhabditis elegans,6239,ufd-3
sp|G5EES6|UFD3_CAEEL,761,NWS,Caenorhabditis elegans,6239,ufd-3
sp|G5EES6|UFD3_CAEEL,843,NDS,Caenorhabditis elegans,6239,ufd-3
sp|G5EF68|TAF5_CAEEL,5,NSS,Caenorhabditis elegans,6239,taf-5
sp|G5EF68|TAF5_CAEEL,22,NNS,Caenorhabditis elegans,6239,taf-5
sp|G5EF68|TAF5_CAEEL,37,NES,Caenorhabditis elegans,6239,taf-5
sp|G5EF68|TAF5_CAEEL,212,NRT,Caenorhabditis elegans,6239,taf-5
sp|G5EF68|TAF5_CAEEL,401,NFS,Caenorhabditis elegans,6239,taf-5
sp|G5EF68|TAF5_CAEEL,583,NSS,Caenorhabditis elegans,6239,taf-5
sp|G5EF68|TAF5_CAEEL,604,NDS,Caenorhabditis elegans,6239,taf-5
sp|G5EFF7|UBQL_CAEEL,283,NQS,Caenorhabditis elegans,6239,ubql-1
sp|G5EFF7|UBQL_CAEEL,287,NRS,Caenorhabditis elegans,6239,ubql-1
sp|G5EFF7|UBQL_CAEEL,330,NMS,Caenorhabditis elegans,6239,ubql-1
sp|G5EFF7|UBQL_CAEEL,423,NAS,Caenorhabditis elegans,6239,ubql-1
sp|G5EFL9|NPASH_CAEEL,49,NNS,Caenorhabditis elegans,6239,cky-1
sp|G5EFL9|NPASH_CAEEL,57,NNT,Caenorhabditis elegans,6239,cky-1
sp|G5EFL9|NPASH_CAEEL,69,NGS,Caenorhabditis elegans,6239,cky-1
sp|G5EFL9|NPASH_CAEEL,180,NAS,Caenorhabditis elegans,6239,cky-1
sp|G5EG51|NRDE2_CAEEL,51,NDS,Caenorhabditis elegans,6239,nrde-2
sp|G5EG51|NRDE2_CAEEL,246,NYT,Caenorhabditis elegans,6239,nrde-2
sp|G5EG51|NRDE2_CAEEL,341,NDS,Caenorhabditis elegans,6239,nrde-2
sp|G5EG51|NRDE2_CAEEL,442,NLT,Caenorhabditis elegans,6239,nrde-2
sp|G5EG51|NRDE2_CAEEL,489,NGT,Caenorhabditis elegans,6239,nrde-2
sp|G5EG51|NRDE2_CAEEL,702,NST,Caenorhabditis elegans,6239,nrde-2
sp|G5EG51|NRDE2_CAEEL,720,NDS,Caenorhabditis elegans,6239,nrde-2
sp|G5EG61|PGP14_CAEEL,202,NHS,Caenorhabditis elegans,6239,pgp-14
sp|G5EG61|PGP14_CAEEL,212,NDS,Caenorhabditis elegans,6239,pgp-14
sp|G5EG61|PGP14_CAEEL,487,NVT,Caenorhabditis elegans,6239,pgp-14
sp|G5EG61|PGP14_CAEEL,518,NDT,Caenorhabditis elegans,6239,pgp-14
sp|G5EG61|PGP14_CAEEL,612,NAS,Caenorhabditis elegans,6239,pgp-14
sp|G5EG61|PGP14_CAEEL,714,NDS,Caenorhabditis elegans,6239,pgp-14
sp|G5EG61|PGP14_CAEEL,837,NLS,Caenorhabditis elegans,6239,pgp-14
sp|G5EG61|PGP14_CAEEL,994,NYS,Caenorhabditis elegans,6239,pgp-14
sp|G5EG61|PGP14_CAEEL,1305,NHT,Caenorhabditis elegans,6239,pgp-14
sp|G5EGA9|EAK5_CAEEL,62,NAS,Caenorhabditis elegans,6239,sdf-9
sp|G5EGA9|EAK5_CAEEL,156,NET,Caenorhabditis elegans,6239,sdf-9
sp|G5EGA9|EAK5_CAEEL,329,NES,Caenorhabditis elegans,6239,sdf-9
sp|G5EGI7|ZIG1_CAEEL,83,NAT,Caenorhabditis elegans,6239,zig-1
sp|G5EGI7|ZIG1_CAEEL,193,NYT,Caenorhabditis elegans,6239,zig-1
sp|G5EGN3|ELT6_CAEEL,137,NIS,Caenorhabditis elegans,6239,elt-6
sp|G5EGN3|ELT6_CAEEL,213,NQS,Caenorhabditis elegans,6239,elt-6
sp|G5EGN3|ELT6_CAEEL,259,NSS,Caenorhabditis elegans,6239,elt-6
sp|G5EGN3|ELT6_CAEEL,267,NCS,Caenorhabditis elegans,6239,elt-6
sp|G5EGN3|ELT6_CAEEL,358,NQS,Caenorhabditis elegans,6239,elt-6
sp|G5EGQ2|PZF1_CAEEL,51,NET,Caenorhabditis elegans,6239,pzf-1
sp|G5EGQ2|PZF1_CAEEL,74,NWS,Caenorhabditis elegans,6239,pzf-1
sp|G5EGQ2|PZF1_CAEEL,122,NGS,Caenorhabditis elegans,6239,pzf-1
sp|G5EGQ2|PZF1_CAEEL,218,NET,Caenorhabditis elegans,6239,pzf-1
sp|G5EGQ2|PZF1_CAEEL,241,NWT,Caenorhabditis elegans,6239,pzf-1
sp|G5EGQ2|PZF1_CAEEL,371,NWS,Caenorhabditis elegans,6239,pzf-1
sp|H2KYE0|NRA4_CAEEL,282,NFS,Caenorhabditis elegans,6239,nra-4
sp|H2KYP0|PICC1_CAEEL,10,NMS,Caenorhabditis elegans,6239,picc-1
sp|H2KYP0|PICC1_CAEEL,254,NES,Caenorhabditis elegans,6239,picc-1
sp|H2KYP0|PICC1_CAEEL,348,NSS,Caenorhabditis elegans,6239,picc-1
sp|H2KYP0|PICC1_CAEEL,412,NMT,Caenorhabditis elegans,6239,picc-1
sp|H2KYP0|PICC1_CAEEL,487,NMS,Caenorhabditis elegans,6239,picc-1
sp|H2KYW5|NSY7_CAEEL,173,NGT,Caenorhabditis elegans,6239,nsy-7
sp|H2KYW5|NSY7_CAEEL,187,NDS,Caenorhabditis elegans,6239,nsy-7
sp|H2KZK4|DESI1_CAEEL,158,NLS,Caenorhabditis elegans,6239,F36D4.5
sp|H2KZK4|DESI1_CAEEL,208,NDS,Caenorhabditis elegans,6239,F36D4.5
sp|H2KZK4|DESI1_CAEEL,217,NRT,Caenorhabditis elegans,6239,F36D4.5
sp|H2KZK4|DESI1_CAEEL,290,NGT,Caenorhabditis elegans,6239,F36D4.5
sp|H2KZK4|DESI1_CAEEL,316,NST,Caenorhabditis elegans,6239,F36D4.5
sp|H2KZZ6|TBC11_CAEEL,50,NVT,Caenorhabditis elegans,6239,tbc-11
sp|H2KZZ6|TBC11_CAEEL,58,NIS,Caenorhabditis elegans,6239,tbc-11
sp|H2KZZ6|TBC11_CAEEL,111,NSS,Caenorhabditis elegans,6239,tbc-11
sp|H2KZZ6|TBC11_CAEEL,145,NVS,Caenorhabditis elegans,6239,tbc-11
sp|H2KZZ6|TBC11_CAEEL,236,NAT,Caenorhabditis elegans,6239,tbc-11
sp|H2KZZ6|TBC11_CAEEL,670,NHS,Caenorhabditis elegans,6239,tbc-11
sp|H2KZZ6|TBC11_CAEEL,786,NGS,Caenorhabditis elegans,6239,tbc-11
sp|H2KZZ6|TBC11_CAEEL,842,NRS,Caenorhabditis elegans,6239,tbc-11
sp|H2KZZ6|TBC11_CAEEL,929,NSS,Caenorhabditis elegans,6239,tbc-11
sp|H2L0H3|CHAT1_CAEEL,166,NDT,Caenorhabditis elegans,6239,chat-1
sp|H2L0H3|CHAT1_CAEEL,215,NNT,Caenorhabditis elegans,6239,chat-1
sp|H2L0H3|CHAT1_CAEEL,222,NWS,Caenorhabditis elegans,6239,chat-1
sp|H2L0H3|CHAT1_CAEEL,342,NVS,Caenorhabditis elegans,6239,chat-1
sp|H2L0H5|WAPL_CAEEL,77,NLS,Caenorhabditis elegans,6239,wapl-1
sp|H2L0H5|WAPL_CAEEL,278,NMT,Caenorhabditis elegans,6239,wapl-1
sp|H2L0H5|WAPL_CAEEL,502,NIS,Caenorhabditis elegans,6239,wapl-1
sp|H2L0N3|ZIP4_CAEEL,5,NYS,Caenorhabditis elegans,6239,zip-4
sp|H2L0N3|ZIP4_CAEEL,10,NKS,Caenorhabditis elegans,6239,zip-4
sp|H2L0N3|ZIP4_CAEEL,314,NKS,Caenorhabditis elegans,6239,zip-4
sp|H2L2B8|APC10_CAEEL,68,NMS,Caenorhabditis elegans,6239,apc-10
sp|H9G301|MDT28_CAEEL,103,NVS,Caenorhabditis elegans,6239,mdt-28
sp|K8FE10|SYT2_CAEEL,69,NGT,Caenorhabditis elegans,6239,snt-2
sp|K8FE10|SYT2_CAEEL,149,NET,Caenorhabditis elegans,6239,snt-2
sp|K8FE10|SYT2_CAEEL,284,NES,Caenorhabditis elegans,6239,snt-2
sp|O01322|PUF6_CAEEL,29,NKT,Caenorhabditis elegans,6239,puf-6
sp|O01322|PUF6_CAEEL,51,NTT,Caenorhabditis elegans,6239,puf-6
sp|O01393|UNC9_CAEEL,223,NRS,Caenorhabditis elegans,6239,unc-9
sp|O01422|CSN2_CAEEL,103,NYS,Caenorhabditis elegans,6239,csn-2
sp|O01477|SIMR1_CAEEL,124,NAS,Caenorhabditis elegans,6239,simr-1
sp|O01477|SIMR1_CAEEL,170,NVS,Caenorhabditis elegans,6239,simr-1
sp|O01477|SIMR1_CAEEL,316,NSS,Caenorhabditis elegans,6239,simr-1
sp|O01477|SIMR1_CAEEL,370,NES,Caenorhabditis elegans,6239,simr-1
sp|O01477|SIMR1_CAEEL,382,NQS,Caenorhabditis elegans,6239,simr-1
sp|O01477|SIMR1_CAEEL,459,NST,Caenorhabditis elegans,6239,simr-1
sp|O01477|SIMR1_CAEEL,497,NHT,Caenorhabditis elegans,6239,simr-1
sp|O01477|SIMR1_CAEEL,510,NAT,Caenorhabditis elegans,6239,simr-1
sp|O01477|SIMR1_CAEEL,553,NTS,Caenorhabditis elegans,6239,simr-1
sp|O01477|SIMR1_CAEEL,564,NSS,Caenorhabditis elegans,6239,simr-1
sp|O01477|SIMR1_CAEEL,575,NSS,Caenorhabditis elegans,6239,simr-1
sp|O01477|SIMR1_CAEEL,591,NDT,Caenorhabditis elegans,6239,simr-1
sp|O01514|PTHB1_CAEEL,16,NTS,Caenorhabditis elegans,6239,bbs-9
sp|O01514|PTHB1_CAEEL,22,NAS,Caenorhabditis elegans,6239,bbs-9
sp|O01514|PTHB1_CAEEL,235,NAT,Caenorhabditis elegans,6239,bbs-9
sp|O01514|PTHB1_CAEEL,262,NNT,Caenorhabditis elegans,6239,bbs-9
sp|O01514|PTHB1_CAEEL,305,NKS,Caenorhabditis elegans,6239,bbs-9
sp|O01514|PTHB1_CAEEL,410,NVS,Caenorhabditis elegans,6239,bbs-9
sp|O01514|PTHB1_CAEEL,540,NKS,Caenorhabditis elegans,6239,bbs-9
sp|O01514|PTHB1_CAEEL,687,NGS,Caenorhabditis elegans,6239,bbs-9
sp|O01592|CYSK3_CAEEL,24,NIS,Caenorhabditis elegans,6239,cysl-3
sp|O01634|INX12_CAEEL,99,NTT,Caenorhabditis elegans,6239,inx-12
sp|O01634|INX12_CAEEL,143,NVT,Caenorhabditis elegans,6239,inx-12
sp|O01634|INX12_CAEEL,193,NGS,Caenorhabditis elegans,6239,inx-12
sp|O01763|NCBP1_CAEEL,556,NFS,Caenorhabditis elegans,6239,ncbp-1
sp|O01763|NCBP1_CAEEL,730,NTS,Caenorhabditis elegans,6239,ncbp-1
sp|O01840|PEPT3_CAEEL,372,NET,Caenorhabditis elegans,6239,pept-3
sp|O01840|PEPT3_CAEEL,391,NES,Caenorhabditis elegans,6239,pept-3
sp|O01840|PEPT3_CAEEL,432,NES,Caenorhabditis elegans,6239,pept-3
sp|O02058|PTPS_CAEEL,39,NNS,Caenorhabditis elegans,6239,ptps-1
sp|O02108|CDC37_CAEEL,231,NTT,Caenorhabditis elegans,6239,cdc-37
sp|O02115|PCNA_CAEEL,74,NMS,Caenorhabditis elegans,6239,pcn-1
sp|O02115|PCNA_CAEEL,160,NIT,Caenorhabditis elegans,6239,pcn-1
sp|O02115|PCNA_CAEEL,207,NFS,Caenorhabditis elegans,6239,pcn-1
sp|O02164|PIGV1_CAEEL,54,NKT,Caenorhabditis elegans,6239,pigv-1
sp|O02164|PIGV1_CAEEL,417,NFS,Caenorhabditis elegans,6239,pigv-1
sp|O02164|PIGV1_CAEEL,447,NFT,Caenorhabditis elegans,6239,pigv-1
sp|O02218|LID1_CAEEL,260,NMT,Caenorhabditis elegans,6239,lid-1
sp|O02640|MDHM_CAEEL,149,NST,Caenorhabditis elegans,6239,mdh-2
sp|O16242|NCX9_CAEEL,268,NLT,Caenorhabditis elegans,6239,ncx-9
sp|O16262|NIPI4_CAEEL,15,NCS,Caenorhabditis elegans,6239,nipi-4
sp|O16262|NIPI4_CAEEL,354,NAS,Caenorhabditis elegans,6239,nipi-4
sp|O16262|NIPI4_CAEEL,379,NQS,Caenorhabditis elegans,6239,nipi-4
sp|O16368|PRS4_CAEEL,244,NQT,Caenorhabditis elegans,6239,rpt-2
sp|O16452|NHX3_CAEEL,86,NQT,Caenorhabditis elegans,6239,nhx-3
sp|O16452|NHX3_CAEEL,225,NLS,Caenorhabditis elegans,6239,nhx-3
sp|O16452|NHX3_CAEEL,310,NIT,Caenorhabditis elegans,6239,nhx-3
sp|O16544|GCY19_CAEEL,91,NYT,Caenorhabditis elegans,6239,gcy-19
sp|O16544|GCY19_CAEEL,369,NAS,Caenorhabditis elegans,6239,gcy-19
sp|O16544|GCY19_CAEEL,430,NNS,Caenorhabditis elegans,6239,gcy-19
sp|O16544|GCY19_CAEEL,453,NLT,Caenorhabditis elegans,6239,gcy-19
sp|O16544|GCY19_CAEEL,574,NIT,Caenorhabditis elegans,6239,gcy-19
sp|O16544|GCY19_CAEEL,589,NYS,Caenorhabditis elegans,6239,gcy-19
sp|O16544|GCY19_CAEEL,662,NFS,Caenorhabditis elegans,6239,gcy-19
sp|O16544|GCY19_CAEEL,703,NES,Caenorhabditis elegans,6239,gcy-19
sp|O16544|GCY19_CAEEL,1109,NGS,Caenorhabditis elegans,6239,gcy-19
sp|O16616|TRI21_CAEEL,68,NFS,Caenorhabditis elegans,6239,trim-21
sp|O16616|TRI21_CAEEL,111,NCS,Caenorhabditis elegans,6239,trim-21
sp|O16616|TRI21_CAEEL,161,NCT,Caenorhabditis elegans,6239,trim-21
sp|O16616|TRI21_CAEEL,246,NMT,Caenorhabditis elegans,6239,trim-21
sp|O16715|GCY21_CAEEL,102,NGT,Caenorhabditis elegans,6239,gcy-21
sp|O16715|GCY21_CAEEL,296,NLT,Caenorhabditis elegans,6239,gcy-21
sp|O16715|GCY21_CAEEL,322,NST,Caenorhabditis elegans,6239,gcy-21
sp|O16715|GCY21_CAEEL,346,NTT,Caenorhabditis elegans,6239,gcy-21
sp|O16715|GCY21_CAEEL,466,NKS,Caenorhabditis elegans,6239,gcy-21
sp|O16715|GCY21_CAEEL,488,NNT,Caenorhabditis elegans,6239,gcy-21
sp|O16715|GCY21_CAEEL,577,NAS,Caenorhabditis elegans,6239,gcy-21
sp|O16715|GCY21_CAEEL,582,NAS,Caenorhabditis elegans,6239,gcy-21
sp|O16715|GCY21_CAEEL,943,NVS,Caenorhabditis elegans,6239,gcy-21
sp|O16715|GCY21_CAEEL,951,NCT,Caenorhabditis elegans,6239,gcy-21
sp|O16715|GCY21_CAEEL,1092,NCS,Caenorhabditis elegans,6239,gcy-21
sp|O16796|NPL11_CAEEL,16,NES,Caenorhabditis elegans,6239,nep-11
sp|O16796|NPL11_CAEEL,178,NTS,Caenorhabditis elegans,6239,nep-11
sp|O16796|NPL11_CAEEL,249,NKT,Caenorhabditis elegans,6239,nep-11
sp|O16796|NPL11_CAEEL,284,NFT,Caenorhabditis elegans,6239,nep-11
sp|O16796|NPL11_CAEEL,312,NTS,Caenorhabditis elegans,6239,nep-11
sp|O16796|NPL11_CAEEL,337,NTT,Caenorhabditis elegans,6239,nep-11
sp|O16796|NPL11_CAEEL,364,NLT,Caenorhabditis elegans,6239,nep-11
sp|O16796|NPL11_CAEEL,398,NNT,Caenorhabditis elegans,6239,nep-11
sp|O16796|NPL11_CAEEL,438,NET,Caenorhabditis elegans,6239,nep-11
sp|O16796|NPL11_CAEEL,726,NYT,Caenorhabditis elegans,6239,nep-11
sp|O16881|DHS16_CAEEL,383,NVT,Caenorhabditis elegans,6239,dhs-16
sp|O16926|ACH15_CAEEL,17,NGS,Caenorhabditis elegans,6239,acr-15
sp|O16926|ACH15_CAEEL,60,NLS,Caenorhabditis elegans,6239,acr-15
sp|O16926|ACH15_CAEEL,92,NVT,Caenorhabditis elegans,6239,acr-15
sp|O16926|ACH15_CAEEL,200,NIT,Caenorhabditis elegans,6239,acr-15
sp|O16956|LIPL3_CAEEL,65,NVT,Caenorhabditis elegans,6239,lipl-3
sp|O16956|LIPL3_CAEEL,272,NST,Caenorhabditis elegans,6239,lipl-3
sp|O16991|TF2B_CAEEL,98,NNT,Caenorhabditis elegans,6239,ttb-1
sp|O16991|TF2B_CAEEL,211,NLS,Caenorhabditis elegans,6239,ttb-1
sp|O17071|PRS10_CAEEL,146,NIS,Caenorhabditis elegans,6239,rpt-4
sp|O17212|TBX1_CAEEL,4,NFS,Caenorhabditis elegans,6239,mls-1
sp|O17580|NOC2L_CAEEL,349,NET,Caenorhabditis elegans,6239,pro-2
sp|O17580|NOC2L_CAEEL,667,NET,Caenorhabditis elegans,6239,pro-2
sp|O17582|SPR4_CAEEL,129,NHT,Caenorhabditis elegans,6239,spr-4
sp|O17582|SPR4_CAEEL,188,NSS,Caenorhabditis elegans,6239,spr-4
sp|O17582|SPR4_CAEEL,192,NST,Caenorhabditis elegans,6239,spr-4
sp|O17582|SPR4_CAEEL,536,NLS,Caenorhabditis elegans,6239,spr-4
sp|O17582|SPR4_CAEEL,763,NMS,Caenorhabditis elegans,6239,spr-4
sp|O17582|SPR4_CAEEL,827,NCS,Caenorhabditis elegans,6239,spr-4
sp|O17582|SPR4_CAEEL,959,NYS,Caenorhabditis elegans,6239,spr-4
sp|O17582|SPR4_CAEEL,966,NGS,Caenorhabditis elegans,6239,spr-4
sp|O17582|SPR4_CAEEL,1108,NCS,Caenorhabditis elegans,6239,spr-4
sp|O17582|SPR4_CAEEL,1135,NIT,Caenorhabditis elegans,6239,spr-4
sp|O17608|SLFL1_CAEEL,8,NDS,Caenorhabditis elegans,6239,tofu-1
sp|O17680|METK1_CAEEL,157,NGT,Caenorhabditis elegans,6239,sams-1
sp|O17731|SAT_CAEEL,137,NLT,Caenorhabditis elegans,6239,D2023.4
sp|O17732|PYC1_CAEEL,55,NKT,Caenorhabditis elegans,6239,pyc-1
sp|O17732|PYC1_CAEEL,921,NLT,Caenorhabditis elegans,6239,pyc-1
sp|O17898|NHR60_CAEEL,171,NIT,Caenorhabditis elegans,6239,nhr-60
sp|O17898|NHR60_CAEEL,322,NDT,Caenorhabditis elegans,6239,nhr-60
sp|O18037|CGT1_CAEEL,401,NFT,Caenorhabditis elegans,6239,cgt-1
sp|O44169|PUF7_CAEEL,29,NKT,Caenorhabditis elegans,6239,puf-7
sp|O44169|PUF7_CAEEL,51,NTT,Caenorhabditis elegans,6239,puf-7
sp|O44199|RAD50_CAEEL,38,NGT,Caenorhabditis elegans,6239,rad-50
sp|O44199|RAD50_CAEEL,456,NAT,Caenorhabditis elegans,6239,rad-50
sp|O44199|RAD50_CAEEL,688,NMT,Caenorhabditis elegans,6239,rad-50
sp|O44199|RAD50_CAEEL,751,NLS,Caenorhabditis elegans,6239,rad-50
sp|O44199|RAD50_CAEEL,905,NVS,Caenorhabditis elegans,6239,rad-50
sp|O44199|RAD50_CAEEL,962,NAS,Caenorhabditis elegans,6239,rad-50
sp|O44199|RAD50_CAEEL,1130,NST,Caenorhabditis elegans,6239,rad-50
sp|O44445|SNAPN_CAEEL,73,NDS,Caenorhabditis elegans,6239,snpn-1
sp|O44445|SNAPN_CAEEL,80,NNT,Caenorhabditis elegans,6239,snpn-1
sp|O44498|SET9_CAEEL,822,NTS,Caenorhabditis elegans,6239,set-9
sp|O44498|SET9_CAEEL,1010,NDT,Caenorhabditis elegans,6239,set-9
sp|O44498|SET9_CAEEL,1032,NAT,Caenorhabditis elegans,6239,set-9
sp|O44498|SET9_CAEEL,1294,NDS,Caenorhabditis elegans,6239,set-9
sp|O44498|SET9_CAEEL,1336,NST,Caenorhabditis elegans,6239,set-9
sp|O44510|MOCS3_CAEEL,113,NTS,Caenorhabditis elegans,6239,moc-3
sp|O44510|MOCS3_CAEEL,293,NVT,Caenorhabditis elegans,6239,moc-3
sp|O44510|MOCS3_CAEEL,327,NVT,Caenorhabditis elegans,6239,moc-3
sp|O44510|MOCS3_CAEEL,363,NDS,Caenorhabditis elegans,6239,moc-3
sp|O44552|MPIP1_CAEEL,30,NES,Caenorhabditis elegans,6239,cdc-25.1
sp|O44552|MPIP1_CAEEL,90,NSS,Caenorhabditis elegans,6239,cdc-25.1
sp|O44552|MPIP1_CAEEL,161,NLS,Caenorhabditis elegans,6239,cdc-25.1
sp|O44552|MPIP1_CAEEL,206,NTS,Caenorhabditis elegans,6239,cdc-25.1
sp|O44552|MPIP1_CAEEL,240,NGS,Caenorhabditis elegans,6239,cdc-25.1
sp|O44552|MPIP1_CAEEL,469,NNS,Caenorhabditis elegans,6239,cdc-25.1
sp|O44552|MPIP1_CAEEL,532,NIS,Caenorhabditis elegans,6239,cdc-25.1
sp|O44552|MPIP1_CAEEL,536,NAS,Caenorhabditis elegans,6239,cdc-25.1
sp|O44552|MPIP1_CAEEL,539,NAS,Caenorhabditis elegans,6239,cdc-25.1
sp|O44628|MPIP2_CAEEL,164,NTT,Caenorhabditis elegans,6239,cdc-25.2
sp|O44628|MPIP2_CAEEL,348,NIT,Caenorhabditis elegans,6239,cdc-25.2
sp|O45102|SWET1_CAEEL,247,NET,Caenorhabditis elegans,6239,swt-1
sp|O45201|DSL1_CAEEL,32,NVT,Caenorhabditis elegans,6239,dsl-1
sp|O45201|DSL1_CAEEL,150,NGT,Caenorhabditis elegans,6239,dsl-1
sp|O45201|DSL1_CAEEL,192,NGS,Caenorhabditis elegans,6239,dsl-1
sp|O45201|DSL1_CAEEL,238,NNS,Caenorhabditis elegans,6239,dsl-1
sp|O45218|ADAS_CAEEL,202,NLT,Caenorhabditis elegans,6239,ads-1
sp|O45228|PROD_CAEEL,358,NLS,Caenorhabditis elegans,6239,prdh-1
sp|O45228|PROD_CAEEL,503,NVS,Caenorhabditis elegans,6239,prdh-1
sp|O45228|PROD_CAEEL,581,NGS,Caenorhabditis elegans,6239,prdh-1
sp|O45364|C35D1_CAEEL,361,NAT,Caenorhabditis elegans,6239,cyp-35d1
sp|O45380|TPS2_CAEEL,241,NVS,Caenorhabditis elegans,6239,tps-2
sp|O45489|HLH17_CAEEL,93,NKS,Caenorhabditis elegans,6239,hlh-17
sp|O45526|LSY27_CAEEL,87,NWT,Caenorhabditis elegans,6239,lsy-27
sp|O45583|GMD2_CAEEL,86,NGS,Caenorhabditis elegans,6239,gmd-2
sp|O45583|GMD2_CAEEL,253,NLS,Caenorhabditis elegans,6239,gmd-2
sp|O45599|CBD1_CAEEL,327,NNS,Caenorhabditis elegans,6239,cbd-1
sp|O45599|CBD1_CAEEL,1016,NDS,Caenorhabditis elegans,6239,cbd-1
sp|O45599|CBD1_CAEEL,1304,NSS,Caenorhabditis elegans,6239,cbd-1
sp|O45686|ASAH1_CAEEL,118,NAT,Caenorhabditis elegans,6239,asah-1
sp|O45767|SRX43_CAEEL,5,NLT,Caenorhabditis elegans,6239,srx-43
sp|O45767|SRX43_CAEEL,99,NFS,Caenorhabditis elegans,6239,srx-43
sp|O45782|ARD17_CAEEL,208,NLS,Caenorhabditis elegans,6239,arrd-17
sp|O45782|ARD17_CAEEL,324,NGS,Caenorhabditis elegans,6239,arrd-17
sp|O45933|SEH1_CAEEL,118,NRS,Caenorhabditis elegans,6239,npp-18
sp|O61199|ODO1_CAEEL,21,NAS,Caenorhabditis elegans,6239,ogdh-1
sp|O61199|ODO1_CAEEL,39,NQS,Caenorhabditis elegans,6239,ogdh-1
sp|O61199|ODO1_CAEEL,53,NGS,Caenorhabditis elegans,6239,ogdh-1
sp|O61199|ODO1_CAEEL,129,NAS,Caenorhabditis elegans,6239,ogdh-1
sp|O61199|ODO1_CAEEL,717,NSS,Caenorhabditis elegans,6239,ogdh-1
sp|O61199|ODO1_CAEEL,833,NCT,Caenorhabditis elegans,6239,ogdh-1
sp|O61235|CATA2_CAEEL,144,NNT,Caenorhabditis elegans,6239,ctl-1
sp|O61397|GALT7_CAEEL,135,NRT,Caenorhabditis elegans,6239,gly-7
sp|O61660|TOP3_CAEEL,23,NGT,Caenorhabditis elegans,6239,top-3
sp|O61660|TOP3_CAEEL,69,NMS,Caenorhabditis elegans,6239,top-3
sp|O61660|TOP3_CAEEL,205,NDT,Caenorhabditis elegans,6239,top-3
sp|O61660|TOP3_CAEEL,347,NLT,Caenorhabditis elegans,6239,top-3
sp|O61660|TOP3_CAEEL,430,NLT,Caenorhabditis elegans,6239,top-3
sp|O61660|TOP3_CAEEL,674,NDT,Caenorhabditis elegans,6239,top-3
sp|O61742|PSMD4_CAEEL,75,NHS,Caenorhabditis elegans,6239,rpn-10
sp|O61742|PSMD4_CAEEL,147,NES,Caenorhabditis elegans,6239,rpn-10
sp|O61766|SLFL3_CAEEL,12,NFS,Caenorhabditis elegans,6239,slfl-3
sp|O61766|SLFL3_CAEEL,123,NFS,Caenorhabditis elegans,6239,slfl-3
sp|O61766|SLFL3_CAEEL,341,NCT,Caenorhabditis elegans,6239,slfl-3
sp|O61787|INX16_CAEEL,352,NIS,Caenorhabditis elegans,6239,inx-16
sp|O61790|PYRE_CAEEL,11,NHS,Caenorhabditis elegans,6239,R12E2.11
sp|O61887|RNST2_CAEEL,68,NGS,Caenorhabditis elegans,6239,rnst-2
sp|O62026|GCY29_CAEEL,161,NIT,Caenorhabditis elegans,6239,gcy-29
sp|O62026|GCY29_CAEEL,240,NAT,Caenorhabditis elegans,6239,gcy-29
sp|O62026|GCY29_CAEEL,407,NST,Caenorhabditis elegans,6239,gcy-29
sp|O62026|GCY29_CAEEL,944,NIS,Caenorhabditis elegans,6239,gcy-29
sp|O62026|GCY29_CAEEL,1064,NNT,Caenorhabditis elegans,6239,gcy-29
sp|O62179|GCY20_CAEEL,66,NFT,Caenorhabditis elegans,6239,gcy-20
sp|O62179|GCY20_CAEEL,131,NFS,Caenorhabditis elegans,6239,gcy-20
sp|O62179|GCY20_CAEEL,319,NFT,Caenorhabditis elegans,6239,gcy-20
sp|O62179|GCY20_CAEEL,341,NQS,Caenorhabditis elegans,6239,gcy-20
sp|O62179|GCY20_CAEEL,366,NKS,Caenorhabditis elegans,6239,gcy-20
sp|O62179|GCY20_CAEEL,380,NGS,Caenorhabditis elegans,6239,gcy-20
sp|O62179|GCY20_CAEEL,418,NSS,Caenorhabditis elegans,6239,gcy-20
sp|O62179|GCY20_CAEEL,432,NVS,Caenorhabditis elegans,6239,gcy-20
sp|O62179|GCY20_CAEEL,1103,NNS,Caenorhabditis elegans,6239,gcy-20
sp|O62203|PHM2_CAEEL,317,NSS,Caenorhabditis elegans,6239,phm-2
sp|O62203|PHM2_CAEEL,322,NVS,Caenorhabditis elegans,6239,phm-2
sp|O62203|PHM2_CAEEL,659,NIS,Caenorhabditis elegans,6239,phm-2
sp|O62203|PHM2_CAEEL,924,NNT,Caenorhabditis elegans,6239,phm-2
sp|O62203|PHM2_CAEEL,927,NAT,Caenorhabditis elegans,6239,phm-2
sp|O62203|PHM2_CAEEL,1013,NWS,Caenorhabditis elegans,6239,phm-2
sp|O62203|PHM2_CAEEL,1051,NNS,Caenorhabditis elegans,6239,phm-2
sp|O62259|KLF2_CAEEL,92,NFS,Caenorhabditis elegans,6239,klf-2
sp|O62259|KLF2_CAEEL,101,NNS,Caenorhabditis elegans,6239,klf-2
sp|O76368|COL99_CAEEL,474,NGT,Caenorhabditis elegans,6239,col-99
sp|O76371|PRS6A_CAEEL,56,NHS,Caenorhabditis elegans,6239,rpt-5
sp|O76371|PRS6A_CAEEL,76,NKT,Caenorhabditis elegans,6239,rpt-5
sp|O76463|NFT1_CAEEL,370,NVT,Caenorhabditis elegans,6239,nft-1
sp|O76554|ACH4_CAEEL,52,NVS,Caenorhabditis elegans,6239,des-2
sp|O76554|ACH4_CAEEL,96,NIT,Caenorhabditis elegans,6239,des-2
sp|O76554|ACH4_CAEEL,224,NYT,Caenorhabditis elegans,6239,des-2
sp|O76555|MLT10_CAEEL,42,NET,Caenorhabditis elegans,6239,mlt-10
sp|O76555|MLT10_CAEEL,204,NKT,Caenorhabditis elegans,6239,mlt-10
sp|O76555|MLT10_CAEEL,305,NVT,Caenorhabditis elegans,6239,mlt-10
sp|O76555|MLT10_CAEEL,415,NAT,Caenorhabditis elegans,6239,mlt-10
sp|O76720|SLFL4_CAEEL,92,NFS,Caenorhabditis elegans,6239,slfl-4
sp|O76720|SLFL4_CAEEL,111,NMS,Caenorhabditis elegans,6239,slfl-4
sp|O76720|SLFL4_CAEEL,310,NST,Caenorhabditis elegans,6239,slfl-4
sp|P0DM41|ACT1_CAEEL,13,NGS,Caenorhabditis elegans,6239,act-1
sp|P0DM42|ACT3_CAEEL,13,NGS,Caenorhabditis elegans,6239,act-3
sp|P11141|HSP6_CAEEL,176,NDS,Caenorhabditis elegans,6239,hsp-6
sp|P11141|HSP6_CAEEL,440,NTT,Caenorhabditis elegans,6239,hsp-6
sp|P11141|HSP6_CAEEL,510,NVS,Caenorhabditis elegans,6239,hsp-6
sp|P11141|HSP6_CAEEL,606,NET,Caenorhabditis elegans,6239,hsp-6
sp|P12114|SQT1_CAEEL,75,NAT,Caenorhabditis elegans,6239,sqt-1
sp|P17343|GBB1_CAEEL,26,NDT,Caenorhabditis elegans,6239,gpb-1
sp|P17657|DPY13_CAEEL,74,NRT,Caenorhabditis elegans,6239,dpy-13
sp|P18947|VIT4_CAEEL,602,NES,Caenorhabditis elegans,6239,vit-4
sp|P18947|VIT4_CAEEL,812,NDS,Caenorhabditis elegans,6239,vit-4
sp|P18947|VIT4_CAEEL,1052,NES,Caenorhabditis elegans,6239,vit-4
sp|P18947|VIT4_CAEEL,1266,NMT,Caenorhabditis elegans,6239,vit-4
sp|P19625|MLR1_CAEEL,77,NFT,Caenorhabditis elegans,6239,mlc-1
sp|P24585|DEG1_CAEEL,202,NKT,Caenorhabditis elegans,6239,deg-1
sp|P24585|DEG1_CAEEL,209,NKS,Caenorhabditis elegans,6239,deg-1
sp|P24585|DEG1_CAEEL,272,NIS,Caenorhabditis elegans,6239,deg-1
sp|P24585|DEG1_CAEEL,342,NMT,Caenorhabditis elegans,6239,deg-1
sp|P24585|DEG1_CAEEL,473,NYT,Caenorhabditis elegans,6239,deg-1
sp|P24585|DEG1_CAEEL,492,NTS,Caenorhabditis elegans,6239,deg-1
sp|P24585|DEG1_CAEEL,606,NAT,Caenorhabditis elegans,6239,deg-1
sp|P24890|CYB_CAEEL,4,NNS,Caenorhabditis elegans,6239,ctb-1
sp|P24890|CYB_CAEEL,305,NYT,Caenorhabditis elegans,6239,ctb-1
sp|P24892|NU4M_CAEEL,32,NFS,Caenorhabditis elegans,6239,nduo-4
sp|P24892|NU4M_CAEEL,119,NSS,Caenorhabditis elegans,6239,nduo-4
sp|P24893|COX1_CAEEL,107,NLS,Caenorhabditis elegans,6239,ctc-1
sp|P24893|COX1_CAEEL,223,NTS,Caenorhabditis elegans,6239,ctc-1
sp|P24893|COX1_CAEEL,367,NSS,Caenorhabditis elegans,6239,ctc-1
sp|P24893|COX1_CAEEL,429,NLT,Caenorhabditis elegans,6239,ctc-1
sp|P24893|COX1_CAEEL,496,NSS,Caenorhabditis elegans,6239,ctc-1
sp|P24894|COX2_CAEEL,28,NCS,Caenorhabditis elegans,6239,ctc-2
sp|P24894|COX2_CAEEL,97,NLT,Caenorhabditis elegans,6239,ctc-2
sp|P24894|COX2_CAEEL,206,NHS,Caenorhabditis elegans,6239,ctc-2
sp|P27604|SAHH_CAEEL,183,NDS,Caenorhabditis elegans,6239,ahcy-1
sp|P27604|SAHH_CAEEL,316,NAT,Caenorhabditis elegans,6239,ahcy-1
sp|P27639|IF4A_CAEEL,9,NVS,Caenorhabditis elegans,6239,inf-1
sp|P27639|IF4A_CAEEL,267,NVT,Caenorhabditis elegans,6239,inf-1
sp|P28051|GPA1_CAEEL,189,NFT,Caenorhabditis elegans,6239,gpa-1
sp|P28051|GPA1_CAEEL,239,NTT,Caenorhabditis elegans,6239,gpa-1
sp|P28051|GPA1_CAEEL,262,NTS,Caenorhabditis elegans,6239,gpa-1
sp|P30632|ASNA_CAEEL,59,NIS,Caenorhabditis elegans,6239,asna-1
sp|P30632|ASNA_CAEEL,232,NCT,Caenorhabditis elegans,6239,asna-1
sp|P30632|ASNA_CAEEL,280,NGT,Caenorhabditis elegans,6239,asna-1
sp|P30635|TRXR2_CAEEL,158,NKT,Caenorhabditis elegans,6239,trxr-2
sp|P30639|LNKN1_CAEEL,50,NGT,Caenorhabditis elegans,6239,lnkn-1
sp|P30639|LNKN1_CAEEL,117,NHT,Caenorhabditis elegans,6239,lnkn-1
sp|P30639|LNKN1_CAEEL,163,NGS,Caenorhabditis elegans,6239,lnkn-1
sp|P30639|LNKN1_CAEEL,361,NGT,Caenorhabditis elegans,6239,lnkn-1
sp|P30639|LNKN1_CAEEL,378,NMS,Caenorhabditis elegans,6239,lnkn-1
sp|P31161|SODM1_CAEEL,97,NHS,Caenorhabditis elegans,6239,sod-2
sp|P31161|SODM1_CAEEL,211,NVS,Caenorhabditis elegans,6239,sod-2
sp|P32739|NAD2_CAEEL,443,NVS,Caenorhabditis elegans,6239,nac-2
sp|P32739|NAD2_CAEEL,545,NSS,Caenorhabditis elegans,6239,nac-2
sp|P34333|NCOR1_CAEEL,235,NGT,Caenorhabditis elegans,6239,gei-8
sp|P34333|NCOR1_CAEEL,369,NSS,Caenorhabditis elegans,6239,gei-8
sp|P34333|NCOR1_CAEEL,598,NES,Caenorhabditis elegans,6239,gei-8
sp|P34333|NCOR1_CAEEL,682,NAT,Caenorhabditis elegans,6239,gei-8
sp|P34333|NCOR1_CAEEL,1238,NGT,Caenorhabditis elegans,6239,gei-8
sp|P34333|NCOR1_CAEEL,1402,NNS,Caenorhabditis elegans,6239,gei-8
sp|P34333|NCOR1_CAEEL,1551,NLS,Caenorhabditis elegans,6239,gei-8
sp|P34333|NCOR1_CAEEL,1692,NVS,Caenorhabditis elegans,6239,gei-8
sp|P34339|EIF3A_CAEEL,407,NFS,Caenorhabditis elegans,6239,egl-45
sp|P34339|EIF3A_CAEEL,1028,NVT,Caenorhabditis elegans,6239,egl-45
sp|P34339|EIF3A_CAEEL,1061,NNT,Caenorhabditis elegans,6239,egl-45
sp|P34342|RGP2_CAEEL,19,NKT,Caenorhabditis elegans,6239,ran-2
sp|P34342|RGP2_CAEEL,41,NNT,Caenorhabditis elegans,6239,ran-2
sp|P34342|RGP2_CAEEL,325,NIT,Caenorhabditis elegans,6239,ran-2
sp|P34342|RGP2_CAEEL,403,NTS,Caenorhabditis elegans,6239,ran-2
sp|P34342|RGP2_CAEEL,698,NLS,Caenorhabditis elegans,6239,ran-2
sp|P34348|RFS1_CAEEL,98,NQT,Caenorhabditis elegans,6239,rfs-1
sp|P34355|ACX15_CAEEL,517,NHS,Caenorhabditis elegans,6239,acox-1.5
sp|P34402|SAS4_CAEEL,35,NKT,Caenorhabditis elegans,6239,sas-4
sp|P34402|SAS4_CAEEL,129,NDT,Caenorhabditis elegans,6239,sas-4
sp|P34402|SAS4_CAEEL,199,NSS,Caenorhabditis elegans,6239,sas-4
sp|P34402|SAS4_CAEEL,282,NSS,Caenorhabditis elegans,6239,sas-4
sp|P34402|SAS4_CAEEL,521,NQS,Caenorhabditis elegans,6239,sas-4
sp|P34402|SAS4_CAEEL,648,NIS,Caenorhabditis elegans,6239,sas-4
sp|P34402|SAS4_CAEEL,667,NIT,Caenorhabditis elegans,6239,sas-4
sp|P34402|SAS4_CAEEL,780,NLS,Caenorhabditis elegans,6239,sas-4
sp|P34418|MIG39_CAEEL,63,NSS,Caenorhabditis elegans,6239,mig-39
sp|P34418|MIG39_CAEEL,104,NNS,Caenorhabditis elegans,6239,mig-39
sp|P34418|MIG39_CAEEL,113,NKT,Caenorhabditis elegans,6239,mig-39
sp|P34418|MIG39_CAEEL,196,NKT,Caenorhabditis elegans,6239,mig-39
sp|P34418|MIG39_CAEEL,200,NLS,Caenorhabditis elegans,6239,mig-39
sp|P34418|MIG39_CAEEL,284,NTS,Caenorhabditis elegans,6239,mig-39
sp|P34418|MIG39_CAEEL,332,NNS,Caenorhabditis elegans,6239,mig-39
sp|P34418|MIG39_CAEEL,335,NGS,Caenorhabditis elegans,6239,mig-39
sp|P34418|MIG39_CAEEL,466,NST,Caenorhabditis elegans,6239,mig-39
sp|P34418|MIG39_CAEEL,531,NQS,Caenorhabditis elegans,6239,mig-39
sp|P34418|MIG39_CAEEL,548,NIS,Caenorhabditis elegans,6239,mig-39
sp|P34418|MIG39_CAEEL,828,NSS,Caenorhabditis elegans,6239,mig-39
sp|P34427|LIN36_CAEEL,160,NLT,Caenorhabditis elegans,6239,lin-36
sp|P34427|LIN36_CAEEL,236,NKS,Caenorhabditis elegans,6239,lin-36
sp|P34427|LIN36_CAEEL,287,NHT,Caenorhabditis elegans,6239,lin-36
sp|P34427|LIN36_CAEEL,363,NWT,Caenorhabditis elegans,6239,lin-36
sp|P34427|LIN36_CAEEL,783,NFS,Caenorhabditis elegans,6239,lin-36
sp|P34427|LIN36_CAEEL,817,NSS,Caenorhabditis elegans,6239,lin-36
sp|P34443|RHEB1_CAEEL,126,NKT,Caenorhabditis elegans,6239,rheb-1
sp|P34443|RHEB1_CAEEL,180,NLS,Caenorhabditis elegans,6239,rheb-1
sp|P34455|ACON_CAEEL,297,NES,Caenorhabditis elegans,6239,aco-2
sp|P34455|ACON_CAEEL,384,NSS,Caenorhabditis elegans,6239,aco-2
sp|P34455|ACON_CAEEL,472,NFT,Caenorhabditis elegans,6239,aco-2
sp|P34455|ACON_CAEEL,606,NIS,Caenorhabditis elegans,6239,aco-2
sp|P34455|ACON_CAEEL,717,NVS,Caenorhabditis elegans,6239,aco-2
sp|P34455|ACON_CAEEL,740,NGS,Caenorhabditis elegans,6239,aco-2
sp|P34455|ACON_CAEEL,749,NHT,Caenorhabditis elegans,6239,aco-2
sp|P34489|FOZI1_CAEEL,38,NTS,Caenorhabditis elegans,6239,fozi-1
sp|P34489|FOZI1_CAEEL,311,NNS,Caenorhabditis elegans,6239,fozi-1
sp|P34489|FOZI1_CAEEL,350,NSS,Caenorhabditis elegans,6239,fozi-1
sp|P34489|FOZI1_CAEEL,486,NLS,Caenorhabditis elegans,6239,fozi-1
sp|P34489|FOZI1_CAEEL,728,NVS,Caenorhabditis elegans,6239,fozi-1
sp|P34498|MOG1_CAEEL,972,NGS,Caenorhabditis elegans,6239,mog-1
sp|P34511|VMS1_CAEEL,95,NMT,Caenorhabditis elegans,6239,vms-1
sp|P34511|VMS1_CAEEL,138,NRS,Caenorhabditis elegans,6239,vms-1
sp|P34511|VMS1_CAEEL,145,NGS,Caenorhabditis elegans,6239,vms-1
sp|P34511|VMS1_CAEEL,437,NRS,Caenorhabditis elegans,6239,vms-1
sp|P34511|VMS1_CAEEL,495,NET,Caenorhabditis elegans,6239,vms-1
sp|P34511|VMS1_CAEEL,560,NMS,Caenorhabditis elegans,6239,vms-1
sp|P34514|ANC2_CAEEL,718,NGS,Caenorhabditis elegans,6239,apc-2
sp|P34522|PROS1_CAEEL,41,NGS,Caenorhabditis elegans,6239,pros-1
sp|P34522|PROS1_CAEEL,46,NSS,Caenorhabditis elegans,6239,pros-1
sp|P34522|PROS1_CAEEL,79,NSS,Caenorhabditis elegans,6239,pros-1
sp|P34522|PROS1_CAEEL,90,NST,Caenorhabditis elegans,6239,pros-1
sp|P34522|PROS1_CAEEL,167,NSS,Caenorhabditis elegans,6239,pros-1
sp|P34522|PROS1_CAEEL,198,NVT,Caenorhabditis elegans,6239,pros-1
sp|P34522|PROS1_CAEEL,473,NNT,Caenorhabditis elegans,6239,pros-1
sp|P34531|CLP1H_CAEEL,2,NKS,Caenorhabditis elegans,6239,clip-1
sp|P34531|CLP1H_CAEEL,173,NGS,Caenorhabditis elegans,6239,clip-1
sp|P34531|CLP1H_CAEEL,187,NCT,Caenorhabditis elegans,6239,clip-1
sp|P34531|CLP1H_CAEEL,271,NFS,Caenorhabditis elegans,6239,clip-1
sp|P34531|CLP1H_CAEEL,276,NST,Caenorhabditis elegans,6239,clip-1
sp|P34531|CLP1H_CAEEL,574,NIS,Caenorhabditis elegans,6239,clip-1
sp|P34531|CLP1H_CAEEL,732,NLS,Caenorhabditis elegans,6239,clip-1
sp|P34531|CLP1H_CAEEL,810,NVT,Caenorhabditis elegans,6239,clip-1
sp|P34531|CLP1H_CAEEL,866,NRS,Caenorhabditis elegans,6239,clip-1
sp|P34531|CLP1H_CAEEL,927,NTS,Caenorhabditis elegans,6239,clip-1
sp|P34534|TOP2M_CAEEL,136,NGS,Caenorhabditis elegans,6239,R05D3.12
sp|P34534|TOP2M_CAEEL,294,NDS,Caenorhabditis elegans,6239,R05D3.12
sp|P34534|TOP2M_CAEEL,379,NLS,Caenorhabditis elegans,6239,R05D3.12
sp|P34534|TOP2M_CAEEL,512,NVS,Caenorhabditis elegans,6239,R05D3.12
sp|P34534|TOP2M_CAEEL,859,NGT,Caenorhabditis elegans,6239,R05D3.12
sp|P34534|TOP2M_CAEEL,931,NAS,Caenorhabditis elegans,6239,R05D3.12
sp|P34534|TOP2M_CAEEL,1026,NIS,Caenorhabditis elegans,6239,R05D3.12
sp|P34534|TOP2M_CAEEL,1072,NGT,Caenorhabditis elegans,6239,R05D3.12
sp|P34579|UNC47_CAEEL,11,NWT,Caenorhabditis elegans,6239,unc-47
sp|P34579|UNC47_CAEEL,97,NVT,Caenorhabditis elegans,6239,unc-47
sp|P34579|UNC47_CAEEL,337,NQS,Caenorhabditis elegans,6239,unc-47
sp|P34579|UNC47_CAEEL,424,NIT,Caenorhabditis elegans,6239,unc-47
sp|P34629|AMPL_CAEEL,31,NVT,Caenorhabditis elegans,6239,lap-1
sp|P34629|AMPL_CAEEL,198,NAT,Caenorhabditis elegans,6239,lap-1
sp|P34629|AMPL_CAEEL,308,NVS,Caenorhabditis elegans,6239,lap-1
sp|P34629|AMPL_CAEEL,331,NNT,Caenorhabditis elegans,6239,lap-1
sp|P34630|CUTC_CAEEL,190,NSS,Caenorhabditis elegans,6239,cutc-1
sp|P34631|UBXN4_CAEEL,261,NAS,Caenorhabditis elegans,6239,ubxn-4
sp|P34631|UBXN4_CAEEL,401,NST,Caenorhabditis elegans,6239,ubxn-4
sp|P34631|UBXN4_CAEEL,464,NST,Caenorhabditis elegans,6239,ubxn-4
sp|P34647|MCM6_CAEEL,186,NRT,Caenorhabditis elegans,6239,mcm-6
sp|P34647|MCM6_CAEEL,195,NSS,Caenorhabditis elegans,6239,mcm-6
sp|P34647|MCM6_CAEEL,656,NKS,Caenorhabditis elegans,6239,mcm-6
sp|P34649|RIOK3_CAEEL,146,NAT,Caenorhabditis elegans,6239,riok-3
sp|P34649|RIOK3_CAEEL,286,NRS,Caenorhabditis elegans,6239,riok-3
sp|P34649|RIOK3_CAEEL,314,NLS,Caenorhabditis elegans,6239,riok-3
sp|P34649|RIOK3_CAEEL,473,NRS,Caenorhabditis elegans,6239,riok-3
sp|P34653|PAN3_CAEEL,355,NVS,Caenorhabditis elegans,6239,panl-3
sp|P34653|PAN3_CAEEL,479,NNS,Caenorhabditis elegans,6239,panl-3
sp|P34686|CAPZB_CAEEL,24,NLT,Caenorhabditis elegans,6239,cap-2
sp|P34686|CAPZB_CAEEL,144,NIT,Caenorhabditis elegans,6239,cap-2
sp|P34686|CAPZB_CAEEL,179,NKS,Caenorhabditis elegans,6239,cap-2
sp|P34703|SPT6H_CAEEL,866,NVS,Caenorhabditis elegans,6239,emb-5
sp|P34703|SPT6H_CAEEL,1214,NIS,Caenorhabditis elegans,6239,emb-5
sp|P34703|SPT6H_CAEEL,1305,NVS,Caenorhabditis elegans,6239,emb-5
sp|P34703|SPT6H_CAEEL,1403,NGT,Caenorhabditis elegans,6239,emb-5
sp|P34714|SPRC_CAEEL,96,NQT,Caenorhabditis elegans,6239,ost-1
sp|P34714|SPRC_CAEEL,243,NIS,Caenorhabditis elegans,6239,ost-1
sp|P34751|DDC_CAEEL,45,NES,Caenorhabditis elegans,6239,hdl-1
sp|P34751|DDC_CAEEL,72,NTT,Caenorhabditis elegans,6239,hdl-1
sp|P34751|DDC_CAEEL,197,NST,Caenorhabditis elegans,6239,hdl-1
sp|P34751|DDC_CAEEL,270,NIS,Caenorhabditis elegans,6239,hdl-1
sp|P34751|DDC_CAEEL,760,NET,Caenorhabditis elegans,6239,hdl-1
sp|P34751|DDC_CAEEL,764,NVS,Caenorhabditis elegans,6239,hdl-1
sp|P34751|DDC_CAEEL,873,NKS,Caenorhabditis elegans,6239,hdl-1
sp|P34891|KIN15_CAEEL,25,NST,Caenorhabditis elegans,6239,kin-15
sp|P34891|KIN15_CAEEL,84,NIT,Caenorhabditis elegans,6239,kin-15
sp|P34891|KIN15_CAEEL,96,NKS,Caenorhabditis elegans,6239,kin-15
sp|P34891|KIN15_CAEEL,330,NKT,Caenorhabditis elegans,6239,kin-15
sp|P34891|KIN15_CAEEL,401,NVS,Caenorhabditis elegans,6239,kin-15
sp|P34892|KIN16_CAEEL,142,NKS,Caenorhabditis elegans,6239,kin-16
sp|P34892|KIN16_CAEEL,332,NKT,Caenorhabditis elegans,6239,kin-16
sp|P34892|KIN16_CAEEL,348,NKS,Caenorhabditis elegans,6239,kin-16
sp|P34892|KIN16_CAEEL,446,NFS,Caenorhabditis elegans,6239,kin-16
sp|P35449|NHX9_CAEEL,225,NLS,Caenorhabditis elegans,6239,nhx-9
sp|P35449|NHX9_CAEEL,310,NVT,Caenorhabditis elegans,6239,nhx-9
sp|P35449|NHX9_CAEEL,629,NLS,Caenorhabditis elegans,6239,nhx-9
sp|P35449|NHX9_CAEEL,658,NAT,Caenorhabditis elegans,6239,nhx-9
sp|P35799|DPY2_CAEEL,55,NIS,Caenorhabditis elegans,6239,dpy-2
sp|P35799|DPY2_CAEEL,90,NVT,Caenorhabditis elegans,6239,dpy-2
sp|P35799|DPY2_CAEEL,154,NAS,Caenorhabditis elegans,6239,dpy-2
sp|P41885|RBF1_CAEEL,291,NQT,Caenorhabditis elegans,6239,rbf-1
sp|P41885|RBF1_CAEEL,344,NGT,Caenorhabditis elegans,6239,rbf-1
sp|P41885|RBF1_CAEEL,349,NAS,Caenorhabditis elegans,6239,rbf-1
sp|P41885|RBF1_CAEEL,407,NGT,Caenorhabditis elegans,6239,rbf-1
sp|P41885|RBF1_CAEEL,490,NKT,Caenorhabditis elegans,6239,rbf-1
sp|P41885|RBF1_CAEEL,665,NSS,Caenorhabditis elegans,6239,rbf-1
sp|P41885|RBF1_CAEEL,794,NHT,Caenorhabditis elegans,6239,rbf-1
sp|P41931|DCOR_CAEEL,38,NDS,Caenorhabditis elegans,6239,odc-1
sp|P41937|TBB4_CAEEL,184,NAT,Caenorhabditis elegans,6239,tbb-4
sp|P41937|TBB4_CAEEL,337,NSS,Caenorhabditis elegans,6239,tbb-4
sp|P41937|TBB4_CAEEL,370,NST,Caenorhabditis elegans,6239,tbb-4
sp|P41977|SODM2_CAEEL,97,NHS,Caenorhabditis elegans,6239,sod-3
sp|P41977|SODM2_CAEEL,208,NIS,Caenorhabditis elegans,6239,sod-3
sp|P41988|TCPA_CAEEL,25,NVT,Caenorhabditis elegans,6239,cct-1
sp|P41988|TCPA_CAEEL,139,NIS,Caenorhabditis elegans,6239,cct-1
sp|P41988|TCPA_CAEEL,220,NCT,Caenorhabditis elegans,6239,cct-1
sp|P41999|NHR10_CAEEL,9,NNS,Caenorhabditis elegans,6239,nhr-10
sp|P41999|NHR10_CAEEL,49,NQT,Caenorhabditis elegans,6239,nhr-10
sp|P41999|NHR10_CAEEL,191,NQS,Caenorhabditis elegans,6239,nhr-10
sp|P42001|POT1_CAEEL,219,NCT,Caenorhabditis elegans,6239,pot-1
sp|P42001|POT1_CAEEL,339,NIT,Caenorhabditis elegans,6239,pot-1
sp|P42001|POT1_CAEEL,395,NCS,Caenorhabditis elegans,6239,pot-1
sp|P42170|RIR2_CAEEL,51,NES,Caenorhabditis elegans,6239,rnr-2
sp|P42170|RIR2_CAEEL,344,NIS,Caenorhabditis elegans,6239,rnr-2
sp|P45962|KLP3_CAEEL,73,NRS,Caenorhabditis elegans,6239,klp-3
sp|P45962|KLP3_CAEEL,90,NLS,Caenorhabditis elegans,6239,klp-3
sp|P45962|KLP3_CAEEL,281,NTT,Caenorhabditis elegans,6239,klp-3
sp|P45962|KLP3_CAEEL,387,NTS,Caenorhabditis elegans,6239,klp-3
sp|P45962|KLP3_CAEEL,482,NAT,Caenorhabditis elegans,6239,klp-3
sp|P45962|KLP3_CAEEL,495,NKS,Caenorhabditis elegans,6239,klp-3
sp|P45962|KLP3_CAEEL,550,NES,Caenorhabditis elegans,6239,klp-3
sp|P45968|CEC3_CAEEL,95,NKS,Caenorhabditis elegans,6239,cec-3
sp|P45968|CEC3_CAEEL,135,NET,Caenorhabditis elegans,6239,cec-3
sp|P46559|CKB2_CAEEL,43,NVS,Caenorhabditis elegans,6239,ckb-2
sp|P46559|CKB2_CAEEL,177,NYS,Caenorhabditis elegans,6239,ckb-2
sp|P46559|CKB2_CAEEL,225,NST,Caenorhabditis elegans,6239,ckb-2
sp|P46559|CKB2_CAEEL,295,NRS,Caenorhabditis elegans,6239,ckb-2
sp|P46581|NDF1_CAEEL,189,NYS,Caenorhabditis elegans,6239,cnd-1
sp|P46975|STT3_CAEEL,559,NRT,Caenorhabditis elegans,6239,stt-3
sp|P46975|STT3_CAEEL,566,NNT,Caenorhabditis elegans,6239,stt-3
sp|P46975|STT3_CAEEL,570,NNS,Caenorhabditis elegans,6239,stt-3
sp|P46975|STT3_CAEEL,584,NES,Caenorhabditis elegans,6239,stt-3
sp|P49191|ELO3_CAEEL,14,NYS,Caenorhabditis elegans,6239,elo-3
sp|P50140|CH60_CAEEL,490,NTS,Caenorhabditis elegans,6239,hsp-60
sp|P52011|CYP3_CAEEL,78,NGT,Caenorhabditis elegans,6239,cyn-3
sp|P52011|CYP3_CAEEL,115,NGS,Caenorhabditis elegans,6239,cyn-3
sp|P52011|CYP3_CAEEL,152,NGS,Caenorhabditis elegans,6239,cyn-3
sp|P52016|CYP8_CAEEL,82,NGT,Caenorhabditis elegans,6239,cyn-8
sp|P52016|CYP8_CAEEL,119,NGS,Caenorhabditis elegans,6239,cyn-8
sp|P52016|CYP8_CAEEL,422,NRS,Caenorhabditis elegans,6239,cyn-8
sp|P52274|TBA8_CAEEL,383,NTT,Caenorhabditis elegans,6239,tba-8
sp|P52484|UBC21_CAEEL,32,NAS,Caenorhabditis elegans,6239,ubc-21
sp|P52484|UBC21_CAEEL,97,NIS,Caenorhabditis elegans,6239,ubc-21
sp|P53017|MSP19_CAEEL,36,NSS,Caenorhabditis elegans,6239,msp-19
sp|P53439|CDSA_CAEEL,326,NCT,Caenorhabditis elegans,6239,cdgs-1
sp|P53489|ARP2_CAEEL,13,NGT,Caenorhabditis elegans,6239,arx-2
sp|P53489|ARP2_CAEEL,205,NHS,Caenorhabditis elegans,6239,arx-2
sp|P53588|SUCB1_CAEEL,11,NTS,Caenorhabditis elegans,6239,suca-1
sp|P53589|SUCB2_CAEEL,7,NLS,Caenorhabditis elegans,6239,sucg-1
sp|P53589|SUCB2_CAEEL,80,NGT,Caenorhabditis elegans,6239,sucg-1
sp|P53596|SUCA_CAEEL,22,NST,Caenorhabditis elegans,6239,sucl-1
sp|P53596|SUCA_CAEEL,81,NVS,Caenorhabditis elegans,6239,sucl-1
sp|P53596|SUCA_CAEEL,87,NKT,Caenorhabditis elegans,6239,sucl-1
sp|P53596|SUCA_CAEEL,141,NKT,Caenorhabditis elegans,6239,sucl-1
sp|P53596|SUCA_CAEEL,210,NGT,Caenorhabditis elegans,6239,sucl-1
sp|P54002|ALG9_CAEEL,206,NWT,Caenorhabditis elegans,6239,algn-9
sp|P54002|ALG9_CAEEL,443,NRT,Caenorhabditis elegans,6239,algn-9
sp|P54217|SPE11_CAEEL,14,NKT,Caenorhabditis elegans,6239,spe-11
sp|P54217|SPE11_CAEEL,147,NVS,Caenorhabditis elegans,6239,spe-11
sp|P54816|TBP7_CAEEL,277,NAS,Caenorhabditis elegans,6239,lex-1
sp|P54816|TBP7_CAEEL,305,NGS,Caenorhabditis elegans,6239,lex-1
sp|P54816|TBP7_CAEEL,350,NMT,Caenorhabditis elegans,6239,lex-1
sp|P54816|TBP7_CAEEL,1272,NNT,Caenorhabditis elegans,6239,lex-1
sp|P54816|TBP7_CAEEL,1277,NGT,Caenorhabditis elegans,6239,lex-1
sp|P54816|TBP7_CAEEL,1281,NKS,Caenorhabditis elegans,6239,lex-1
sp|P54871|HMCS_CAEEL,38,NVS,Caenorhabditis elegans,6239,hmgs-1
sp|P54871|HMCS_CAEEL,272,NYT,Caenorhabditis elegans,6239,hmgs-1
sp|P54889|ALH13_CAEEL,242,NDS,Caenorhabditis elegans,6239,alh-13
sp|P54889|ALH13_CAEEL,400,NQT,Caenorhabditis elegans,6239,alh-13
sp|P54889|ALH13_CAEEL,718,NAS,Caenorhabditis elegans,6239,alh-13
sp|P55112|NAS4_CAEEL,71,NYS,Caenorhabditis elegans,6239,nas-4
sp|P55155|VIT1_CAEEL,171,NTS,Caenorhabditis elegans,6239,vit-1
sp|P55155|VIT1_CAEEL,282,NHS,Caenorhabditis elegans,6239,vit-1
sp|P55155|VIT1_CAEEL,1270,NIT,Caenorhabditis elegans,6239,vit-1
sp|P90747|AT131_CAEEL,174,NKT,Caenorhabditis elegans,6239,catp-8
sp|P90747|AT131_CAEEL,236,NMS,Caenorhabditis elegans,6239,catp-8
sp|P90747|AT131_CAEEL,245,NKT,Caenorhabditis elegans,6239,catp-8
sp|P90747|AT131_CAEEL,370,NTS,Caenorhabditis elegans,6239,catp-8
sp|P90747|AT131_CAEEL,452,NSS,Caenorhabditis elegans,6239,catp-8
sp|P90747|AT131_CAEEL,551,NLT,Caenorhabditis elegans,6239,catp-8
sp|P90747|AT131_CAEEL,1079,NTT,Caenorhabditis elegans,6239,catp-8
sp|P90761|STNB_CAEEL,72,NDT,Caenorhabditis elegans,6239,unc-41
sp|P90761|STNB_CAEEL,185,NDT,Caenorhabditis elegans,6239,unc-41
sp|P90761|STNB_CAEEL,210,NMS,Caenorhabditis elegans,6239,unc-41
sp|P90761|STNB_CAEEL,598,NST,Caenorhabditis elegans,6239,unc-41
sp|P90761|STNB_CAEEL,629,NAS,Caenorhabditis elegans,6239,unc-41
sp|P90761|STNB_CAEEL,827,NES,Caenorhabditis elegans,6239,unc-41
sp|P90761|STNB_CAEEL,1257,NAS,Caenorhabditis elegans,6239,unc-41
sp|P90859|HRDL1_CAEEL,53,NNT,Caenorhabditis elegans,6239,hrdl-1
sp|P90859|HRDL1_CAEEL,285,NLT,Caenorhabditis elegans,6239,hrdl-1
sp|P90859|HRDL1_CAEEL,391,NST,Caenorhabditis elegans,6239,hrdl-1
sp|P90859|HRDL1_CAEEL,477,NAS,Caenorhabditis elegans,6239,hrdl-1
sp|P90900|IFA4_CAEEL,17,NRT,Caenorhabditis elegans,6239,ifa-4
sp|P90900|IFA4_CAEEL,47,NLT,Caenorhabditis elegans,6239,ifa-4
sp|P90900|IFA4_CAEEL,293,NTT,Caenorhabditis elegans,6239,ifa-4
sp|P90900|IFA4_CAEEL,484,NIS,Caenorhabditis elegans,6239,ifa-4
sp|P90917|RBA1_CAEEL,204,NQT,Caenorhabditis elegans,6239,rba-1
sp|P90953|HLH34_CAEEL,4,NLS,Caenorhabditis elegans,6239,hlh-34
sp|P90953|HLH34_CAEEL,288,NQT,Caenorhabditis elegans,6239,hlh-34
sp|P90953|HLH34_CAEEL,312,NDS,Caenorhabditis elegans,6239,hlh-34
sp|P90990|TRUL_CAEEL,309,NRT,Caenorhabditis elegans,6239,trul-1
sp|P90990|TRUL_CAEEL,392,NLS,Caenorhabditis elegans,6239,trul-1
sp|P90990|TRUL_CAEEL,443,NLT,Caenorhabditis elegans,6239,trul-1
sp|P91137|NAS9_CAEEL,248,NLS,Caenorhabditis elegans,6239,nas-9
sp|P91137|NAS9_CAEEL,353,NAT,Caenorhabditis elegans,6239,nas-9
sp|P91200|FUTB1_CAEEL,92,NRT,Caenorhabditis elegans,6239,fut-2
sp|P91200|FUTB1_CAEEL,311,NQS,Caenorhabditis elegans,6239,fut-2
sp|P91200|FUTB1_CAEEL,349,NGS,Caenorhabditis elegans,6239,fut-2
sp|P91303|VATG_CAEEL,113,NLT,Caenorhabditis elegans,6239,vha-10
sp|P91309|VIP1_CAEEL,192,NRS,Caenorhabditis elegans,6239,F46F11.1
sp|P91309|VIP1_CAEEL,934,NLS,Caenorhabditis elegans,6239,F46F11.1
sp|P91309|VIP1_CAEEL,956,NDS,Caenorhabditis elegans,6239,F46F11.1
sp|P91309|VIP1_CAEEL,1010,NTT,Caenorhabditis elegans,6239,F46F11.1
sp|P91309|VIP1_CAEEL,1017,NDS,Caenorhabditis elegans,6239,F46F11.1
sp|P91309|VIP1_CAEEL,1038,NNT,Caenorhabditis elegans,6239,F46F11.1
sp|P91309|VIP1_CAEEL,1097,NES,Caenorhabditis elegans,6239,F46F11.1
sp|P91309|VIP1_CAEEL,1264,NLS,Caenorhabditis elegans,6239,F46F11.1
sp|P91309|VIP1_CAEEL,1301,NKT,Caenorhabditis elegans,6239,F46F11.1
sp|P91390|RPN2_CAEEL,122,NLS,Caenorhabditis elegans,6239,ostd-1
sp|P91406|GCP2_CAEEL,175,NGS,Caenorhabditis elegans,6239,gcp-2.1
sp|P91406|GCP2_CAEEL,337,NLT,Caenorhabditis elegans,6239,gcp-2.1
sp|P91406|GCP2_CAEEL,417,NET,Caenorhabditis elegans,6239,gcp-2.1
sp|P91406|GCP2_CAEEL,469,NIS,Caenorhabditis elegans,6239,gcp-2.1
sp|P91406|GCP2_CAEEL,546,NFT,Caenorhabditis elegans,6239,gcp-2.1
sp|P91406|GCP2_CAEEL,551,NYT,Caenorhabditis elegans,6239,gcp-2.1
sp|P91406|GCP2_CAEEL,579,NLS,Caenorhabditis elegans,6239,gcp-2.1
sp|P91406|GCP2_CAEEL,606,NTT,Caenorhabditis elegans,6239,gcp-2.1
sp|P91406|GCP2_CAEEL,630,NVS,Caenorhabditis elegans,6239,gcp-2.1
sp|P91430|UBA5_CAEEL,161,NIT,Caenorhabditis elegans,6239,uba-5
sp|P91430|UBA5_CAEEL,359,NES,Caenorhabditis elegans,6239,uba-5
sp|P91443|HUM6_CAEEL,148,NQS,Caenorhabditis elegans,6239,hum-6
sp|P91443|HUM6_CAEEL,206,NSS,Caenorhabditis elegans,6239,hum-6
sp|P91443|HUM6_CAEEL,219,NES,Caenorhabditis elegans,6239,hum-6
sp|P91443|HUM6_CAEEL,451,NET,Caenorhabditis elegans,6239,hum-6
sp|P91443|HUM6_CAEEL,872,NDS,Caenorhabditis elegans,6239,hum-6
sp|P91443|HUM6_CAEEL,973,NGS,Caenorhabditis elegans,6239,hum-6
sp|P91443|HUM6_CAEEL,1035,NGS,Caenorhabditis elegans,6239,hum-6
sp|P91443|HUM6_CAEEL,1152,NGT,Caenorhabditis elegans,6239,hum-6
sp|P91443|HUM6_CAEEL,1167,NKS,Caenorhabditis elegans,6239,hum-6
sp|P91443|HUM6_CAEEL,1408,NWT,Caenorhabditis elegans,6239,hum-6
sp|P91443|HUM6_CAEEL,2012,NQT,Caenorhabditis elegans,6239,hum-6
sp|P91443|HUM6_CAEEL,2037,NWT,Caenorhabditis elegans,6239,hum-6
sp|P91443|HUM6_CAEEL,2046,NMT,Caenorhabditis elegans,6239,hum-6
sp|P91550|GCY15_CAEEL,43,NAT,Caenorhabditis elegans,6239,gcy-15
sp|P91550|GCY15_CAEEL,237,NLT,Caenorhabditis elegans,6239,gcy-15
sp|P91550|GCY15_CAEEL,263,NST,Caenorhabditis elegans,6239,gcy-15
sp|P91550|GCY15_CAEEL,287,NTT,Caenorhabditis elegans,6239,gcy-15
sp|P91550|GCY15_CAEEL,407,NKS,Caenorhabditis elegans,6239,gcy-15
sp|P91550|GCY15_CAEEL,429,NNT,Caenorhabditis elegans,6239,gcy-15
sp|P91550|GCY15_CAEEL,518,NAS,Caenorhabditis elegans,6239,gcy-15
sp|P91550|GCY15_CAEEL,523,NAS,Caenorhabditis elegans,6239,gcy-15
sp|P91550|GCY15_CAEEL,884,NVS,Caenorhabditis elegans,6239,gcy-15
sp|P91550|GCY15_CAEEL,892,NCT,Caenorhabditis elegans,6239,gcy-15
sp|P91550|GCY15_CAEEL,1033,NCS,Caenorhabditis elegans,6239,gcy-15
sp|P91820|LST1_CAEEL,15,NKS,Caenorhabditis elegans,6239,lst-1
sp|P91820|LST1_CAEEL,188,NVS,Caenorhabditis elegans,6239,lst-1
sp|P91820|LST1_CAEEL,199,NGS,Caenorhabditis elegans,6239,lst-1
sp|P91820|LST1_CAEEL,240,NVT,Caenorhabditis elegans,6239,lst-1
sp|P91820|LST1_CAEEL,244,NSS,Caenorhabditis elegans,6239,lst-1
sp|P91828|NAS5_CAEEL,108,NNT,Caenorhabditis elegans,6239,nas-5
sp|P91853|UB2V3_CAEEL,99,NVS,Caenorhabditis elegans,6239,uev-3
sp|P91853|UB2V3_CAEEL,188,NRS,Caenorhabditis elegans,6239,uev-3
sp|P91853|UB2V3_CAEEL,241,NHS,Caenorhabditis elegans,6239,uev-3
sp|P91853|UB2V3_CAEEL,311,NIS,Caenorhabditis elegans,6239,uev-3
sp|P91868|SNPC4_CAEEL,47,NET,Caenorhabditis elegans,6239,snpc-4
sp|P91868|SNPC4_CAEEL,283,NRT,Caenorhabditis elegans,6239,snpc-4
sp|P91868|SNPC4_CAEEL,390,NDS,Caenorhabditis elegans,6239,snpc-4
sp|P91868|SNPC4_CAEEL,403,NRS,Caenorhabditis elegans,6239,snpc-4
sp|P91868|SNPC4_CAEEL,515,NET,Caenorhabditis elegans,6239,snpc-4
sp|P91868|SNPC4_CAEEL,685,NKS,Caenorhabditis elegans,6239,snpc-4
sp|P91868|SNPC4_CAEEL,936,NIS,Caenorhabditis elegans,6239,snpc-4
sp|P91907|GPA15_CAEEL,221,NAT,Caenorhabditis elegans,6239,gpa-15
sp|P91917|OLA1_CAEEL,59,NES,Caenorhabditis elegans,6239,ola-1
sp|P91917|OLA1_CAEEL,88,NVT,Caenorhabditis elegans,6239,ola-1
sp|P91917|OLA1_CAEEL,227,NLS,Caenorhabditis elegans,6239,ola-1
sp|P92006|GCY34_CAEEL,542,NKT,Caenorhabditis elegans,6239,gcy-34
sp|P92006|GCY34_CAEEL,678,NHS,Caenorhabditis elegans,6239,gcy-34
sp|P98061|NAS28_CAEEL,76,NQT,Caenorhabditis elegans,6239,nas-28
sp|P98061|NAS28_CAEEL,317,NCT,Caenorhabditis elegans,6239,nas-28
sp|P98061|NAS28_CAEEL,394,NST,Caenorhabditis elegans,6239,nas-28
sp|Q02332|PDHK2_CAEEL,377,NLT,Caenorhabditis elegans,6239,pdhk-2
sp|Q02335|TOM70_CAEEL,77,NSS,Caenorhabditis elegans,6239,tomm-70
sp|Q02335|TOM70_CAEEL,153,NKT,Caenorhabditis elegans,6239,tomm-70
sp|Q02335|TOM70_CAEEL,390,NGT,Caenorhabditis elegans,6239,tomm-70
sp|Q02335|TOM70_CAEEL,504,NFS,Caenorhabditis elegans,6239,tomm-70
sp|Q03560|CTR9_CAEEL,30,NCS,Caenorhabditis elegans,6239,ctr-9
sp|Q03560|CTR9_CAEEL,245,NVS,Caenorhabditis elegans,6239,ctr-9
sp|Q03560|CTR9_CAEEL,387,NNT,Caenorhabditis elegans,6239,ctr-9
sp|Q03560|CTR9_CAEEL,464,NES,Caenorhabditis elegans,6239,ctr-9
sp|Q03560|CTR9_CAEEL,746,NDS,Caenorhabditis elegans,6239,ctr-9
sp|Q03560|CTR9_CAEEL,954,NDS,Caenorhabditis elegans,6239,ctr-9
sp|Q03601|NHL1_CAEEL,100,NYT,Caenorhabditis elegans,6239,nhl-1
sp|Q03601|NHL1_CAEEL,188,NLS,Caenorhabditis elegans,6239,nhl-1
sp|Q03601|NHL1_CAEEL,239,NMS,Caenorhabditis elegans,6239,nhl-1
sp|Q03601|NHL1_CAEEL,253,NMS,Caenorhabditis elegans,6239,nhl-1
sp|Q03601|NHL1_CAEEL,410,NSS,Caenorhabditis elegans,6239,nhl-1
sp|Q03601|NHL1_CAEEL,598,NGT,Caenorhabditis elegans,6239,nhl-1
sp|Q03604|RIR1_CAEEL,5,NST,Caenorhabditis elegans,6239,rnr-1
sp|Q03604|RIR1_CAEEL,272,NGT,Caenorhabditis elegans,6239,rnr-1
sp|Q03604|RIR1_CAEEL,286,NNT,Caenorhabditis elegans,6239,rnr-1
sp|Q03604|RIR1_CAEEL,620,NES,Caenorhabditis elegans,6239,rnr-1
sp|Q03604|RIR1_CAEEL,669,NGS,Caenorhabditis elegans,6239,rnr-1
sp|Q09165|DIG1_CAEEL,70,NGT,Caenorhabditis elegans,6239,dig-1
sp|Q09165|DIG1_CAEEL,178,NAT,Caenorhabditis elegans,6239,dig-1
sp|Q09165|DIG1_CAEEL,324,NIS,Caenorhabditis elegans,6239,dig-1
sp|Q09165|DIG1_CAEEL,384,NRT,Caenorhabditis elegans,6239,dig-1
sp|Q09165|DIG1_CAEEL,518,NVT,Caenorhabditis elegans,6239,dig-1
sp|Q09165|DIG1_CAEEL,575,NVT,Caenorhabditis elegans,6239,dig-1
sp|Q09165|DIG1_CAEEL,841,NLT,Caenorhabditis elegans,6239,dig-1
sp|Q09165|DIG1_CAEEL,931,NAS,Caenorhabditis elegans,6239,dig-1
sp|Q09165|DIG1_CAEEL,1112,NIT,Caenorhabditis elegans,6239,dig-1
sp|Q09165|DIG1_CAEEL,1211,NST,Caenorhabditis elegans,6239,dig-1
sp|Q09165|DIG1_CAEEL,1399,NNS,Caenorhabditis elegans,6239,dig-1
sp|Q09165|DIG1_CAEEL,1612,NIS,Caenorhabditis elegans,6239,dig-1
sp|Q09165|DIG1_CAEEL,1840,NAT,Caenorhabditis elegans,6239,dig-1
sp|Q09165|DIG1_CAEEL,1879,NIT,Caenorhabditis elegans,6239,dig-1
sp|Q09165|DIG1_CAEEL,1898,NWT,Caenorhabditis elegans,6239,dig-1
sp|Q09165|DIG1_CAEEL,6564,NGS,Caenorhabditis elegans,6239,dig-1
sp|Q09165|DIG1_CAEEL,7349,NGT,Caenorhabditis elegans,6239,dig-1
sp|Q09165|DIG1_CAEEL,8810,NDS,Caenorhabditis elegans,6239,dig-1
sp|Q09165|DIG1_CAEEL,9886,NGT,Caenorhabditis elegans,6239,dig-1
sp|Q09165|DIG1_CAEEL,10555,NDS,Caenorhabditis elegans,6239,dig-1
sp|Q09165|DIG1_CAEEL,10570,NDS,Caenorhabditis elegans,6239,dig-1
sp|Q09165|DIG1_CAEEL,12294,NVT,Caenorhabditis elegans,6239,dig-1
sp|Q09165|DIG1_CAEEL,12389,NFT,Caenorhabditis elegans,6239,dig-1
sp|Q09165|DIG1_CAEEL,12478,NAT,Caenorhabditis elegans,6239,dig-1
sp|Q09165|DIG1_CAEEL,12560,NTS,Caenorhabditis elegans,6239,dig-1
sp|Q09165|DIG1_CAEEL,12840,NKS,Caenorhabditis elegans,6239,dig-1
sp|Q09165|DIG1_CAEEL,12843,NYT,Caenorhabditis elegans,6239,dig-1
sp|Q09165|DIG1_CAEEL,12895,NST,Caenorhabditis elegans,6239,dig-1
sp|Q09165|DIG1_CAEEL,12913,NTT,Caenorhabditis elegans,6239,dig-1
sp|Q09225|NRF6_CAEEL,134,NCS,Caenorhabditis elegans,6239,nrf-6
sp|Q09225|NRF6_CAEEL,236,NVT,Caenorhabditis elegans,6239,nrf-6
sp|Q09225|NRF6_CAEEL,341,NSS,Caenorhabditis elegans,6239,nrf-6
sp|Q09225|NRF6_CAEEL,361,NGS,Caenorhabditis elegans,6239,nrf-6
sp|Q09225|NRF6_CAEEL,747,NLS,Caenorhabditis elegans,6239,nrf-6
sp|Q09225|NRF6_CAEEL,808,NTT,Caenorhabditis elegans,6239,nrf-6
sp|Q09252|NSRP1_CAEEL,282,NYT,Caenorhabditis elegans,6239,ccdc-55
sp|Q09265|SUV42_CAEEL,9,NIS,Caenorhabditis elegans,6239,set-4
sp|Q09265|SUV42_CAEEL,46,NFT,Caenorhabditis elegans,6239,set-4
sp|Q09272|CHST_CAEEL,84,NIS,Caenorhabditis elegans,6239,chst-1
sp|Q09272|CHST_CAEEL,115,NRS,Caenorhabditis elegans,6239,chst-1
sp|Q09272|CHST_CAEEL,190,NVT,Caenorhabditis elegans,6239,chst-1
sp|Q09272|CHST_CAEEL,267,NST,Caenorhabditis elegans,6239,chst-1
sp|Q09291|HECW1_CAEEL,259,NLT,Caenorhabditis elegans,6239,hecw-1
sp|Q09291|HECW1_CAEEL,427,NDS,Caenorhabditis elegans,6239,hecw-1
sp|Q09291|HECW1_CAEEL,456,NAS,Caenorhabditis elegans,6239,hecw-1
sp|Q09291|HECW1_CAEEL,521,NGS,Caenorhabditis elegans,6239,hecw-1
sp|Q09291|HECW1_CAEEL,758,NRT,Caenorhabditis elegans,6239,hecw-1
sp|Q09377|LIN56_CAEEL,13,NKT,Caenorhabditis elegans,6239,lin-56
sp|Q09377|LIN56_CAEEL,30,NAT,Caenorhabditis elegans,6239,lin-56
sp|Q09377|LIN56_CAEEL,89,NAS,Caenorhabditis elegans,6239,lin-56
sp|Q09390|HMGBH_CAEEL,233,NIS,Caenorhabditis elegans,6239,hmg-1.2
sp|Q09410|EMB1_CAEEL,15,NWS,Caenorhabditis elegans,6239,emb-1
sp|Q09417|RIC1_CAEEL,109,NFT,Caenorhabditis elegans,6239,R06F6.8
sp|Q09417|RIC1_CAEEL,200,NIT,Caenorhabditis elegans,6239,R06F6.8
sp|Q09417|RIC1_CAEEL,285,NGS,Caenorhabditis elegans,6239,R06F6.8
sp|Q09417|RIC1_CAEEL,486,NET,Caenorhabditis elegans,6239,R06F6.8
sp|Q09417|RIC1_CAEEL,632,NIS,Caenorhabditis elegans,6239,R06F6.8
sp|Q09417|RIC1_CAEEL,687,NGS,Caenorhabditis elegans,6239,R06F6.8
sp|Q09417|RIC1_CAEEL,690,NVS,Caenorhabditis elegans,6239,R06F6.8
sp|Q09417|RIC1_CAEEL,709,NQS,Caenorhabditis elegans,6239,R06F6.8
sp|Q09417|RIC1_CAEEL,1175,NDS,Caenorhabditis elegans,6239,R06F6.8
sp|Q09417|RIC1_CAEEL,1326,NVS,Caenorhabditis elegans,6239,R06F6.8
sp|Q09417|RIC1_CAEEL,1417,NNS,Caenorhabditis elegans,6239,R06F6.8
sp|Q09440|HDA2_CAEEL,209,NNS,Caenorhabditis elegans,6239,hda-2
sp|Q09444|UBH4_CAEEL,273,NYT,Caenorhabditis elegans,6239,ubh-4
sp|Q09453|GLRB4_CAEEL,29,NVT,Caenorhabditis elegans,6239,ggr-1
sp|Q09453|GLRB4_CAEEL,105,NNT,Caenorhabditis elegans,6239,ggr-1
sp|Q09453|GLRB4_CAEEL,151,NGT,Caenorhabditis elegans,6239,ggr-1
sp|Q09453|GLRB4_CAEEL,385,NAT,Caenorhabditis elegans,6239,ggr-1
sp|Q09457|BLI1_CAEEL,191,NRT,Caenorhabditis elegans,6239,bli-1
sp|Q09457|BLI1_CAEEL,220,NYT,Caenorhabditis elegans,6239,bli-1
sp|Q09457|BLI1_CAEEL,470,NGS,Caenorhabditis elegans,6239,bli-1
sp|Q09485|RAPSN_CAEEL,77,NDS,Caenorhabditis elegans,6239,rpy-1
sp|Q09485|RAPSN_CAEEL,152,NET,Caenorhabditis elegans,6239,rpy-1
sp|Q09485|RAPSN_CAEEL,426,NIS,Caenorhabditis elegans,6239,rpy-1
sp|Q09501|IFP1_CAEEL,85,NRS,Caenorhabditis elegans,6239,ifp-1
sp|Q09501|IFP1_CAEEL,260,NTT,Caenorhabditis elegans,6239,ifp-1
sp|Q09501|IFP1_CAEEL,282,NLS,Caenorhabditis elegans,6239,ifp-1
sp|Q09501|IFP1_CAEEL,297,NNS,Caenorhabditis elegans,6239,ifp-1
sp|Q09501|IFP1_CAEEL,388,NYS,Caenorhabditis elegans,6239,ifp-1
sp|Q09501|IFP1_CAEEL,518,NTT,Caenorhabditis elegans,6239,ifp-1
sp|Q09501|IFP1_CAEEL,608,NSS,Caenorhabditis elegans,6239,ifp-1
sp|Q09501|IFP1_CAEEL,679,NRS,Caenorhabditis elegans,6239,ifp-1
sp|Q09501|IFP1_CAEEL,699,NKS,Caenorhabditis elegans,6239,ifp-1
sp|Q09501|IFP1_CAEEL,746,NTS,Caenorhabditis elegans,6239,ifp-1
sp|Q09502|NPR18_CAEEL,43,NFT,Caenorhabditis elegans,6239,npr-18
sp|Q09502|NPR18_CAEEL,57,NSS,Caenorhabditis elegans,6239,npr-18
sp|Q09502|NPR18_CAEEL,98,NTT,Caenorhabditis elegans,6239,npr-18
sp|Q09502|NPR18_CAEEL,427,NNT,Caenorhabditis elegans,6239,npr-18
sp|Q09502|NPR18_CAEEL,437,NIS,Caenorhabditis elegans,6239,npr-18
sp|Q09502|NPR18_CAEEL,440,NMT,Caenorhabditis elegans,6239,npr-18
sp|Q09508|SDHA_CAEEL,24,NHS,Caenorhabditis elegans,6239,sdha-1
sp|Q09508|SDHA_CAEEL,267,NNS,Caenorhabditis elegans,6239,sdha-1
sp|Q09508|SDHA_CAEEL,404,NYT,Caenorhabditis elegans,6239,sdha-1
sp|Q09508|SDHA_CAEEL,456,NTS,Caenorhabditis elegans,6239,sdha-1
sp|Q09508|SDHA_CAEEL,556,NAT,Caenorhabditis elegans,6239,sdha-1
sp|Q09509|FOLC_CAEEL,79,NIS,Caenorhabditis elegans,6239,F25B5.6
sp|Q09509|FOLC_CAEEL,293,NVS,Caenorhabditis elegans,6239,F25B5.6
sp|Q09509|FOLC_CAEEL,351,NVT,Caenorhabditis elegans,6239,F25B5.6
sp|Q09509|FOLC_CAEEL,434,NAS,Caenorhabditis elegans,6239,F25B5.6
sp|Q09512|TTL12_CAEEL,22,NAS,Caenorhabditis elegans,6239,ttll-12
sp|Q09512|TTL12_CAEEL,575,NLT,Caenorhabditis elegans,6239,ttll-12
sp|Q09523|ERAL1_CAEEL,7,NFS,Caenorhabditis elegans,6239,eral-1
sp|Q09523|ERAL1_CAEEL,71,NIS,Caenorhabditis elegans,6239,eral-1
sp|Q09530|MOG5_CAEEL,155,NRS,Caenorhabditis elegans,6239,mog-5
sp|Q09530|MOG5_CAEEL,490,NQS,Caenorhabditis elegans,6239,mog-5
sp|Q09530|MOG5_CAEEL,530,NLS,Caenorhabditis elegans,6239,mog-5
sp|Q09541|TPP2_CAEEL,66,NKT,Caenorhabditis elegans,6239,tpp-2
sp|Q09541|TPP2_CAEEL,303,NLT,Caenorhabditis elegans,6239,tpp-2
sp|Q09541|TPP2_CAEEL,376,NMS,Caenorhabditis elegans,6239,tpp-2
sp|Q09541|TPP2_CAEEL,496,NGT,Caenorhabditis elegans,6239,tpp-2
sp|Q09541|TPP2_CAEEL,580,NVS,Caenorhabditis elegans,6239,tpp-2
sp|Q09541|TPP2_CAEEL,668,NYT,Caenorhabditis elegans,6239,tpp-2
sp|Q09541|TPP2_CAEEL,919,NKS,Caenorhabditis elegans,6239,tpp-2
sp|Q09541|TPP2_CAEEL,1154,NET,Caenorhabditis elegans,6239,tpp-2
sp|Q09541|TPP2_CAEEL,1280,NWT,Caenorhabditis elegans,6239,tpp-2
sp|Q09541|TPP2_CAEEL,1367,NRT,Caenorhabditis elegans,6239,tpp-2
sp|Q09568|DI3L2_CAEEL,163,NNS,Caenorhabditis elegans,6239,disl-2
sp|Q09568|DI3L2_CAEEL,167,NKT,Caenorhabditis elegans,6239,disl-2
sp|Q09568|DI3L2_CAEEL,400,NST,Caenorhabditis elegans,6239,disl-2
sp|Q09568|DI3L2_CAEEL,706,NDT,Caenorhabditis elegans,6239,disl-2
sp|Q09568|DI3L2_CAEEL,771,NKS,Caenorhabditis elegans,6239,disl-2
sp|Q09573|KCC3_CAEEL,302,NQT,Caenorhabditis elegans,6239,kcc-3
sp|Q09573|KCC3_CAEEL,308,NET,Caenorhabditis elegans,6239,kcc-3
sp|Q09573|KCC3_CAEEL,419,NMS,Caenorhabditis elegans,6239,kcc-3
sp|Q09573|KCC3_CAEEL,758,NGT,Caenorhabditis elegans,6239,kcc-3
sp|Q09573|KCC3_CAEEL,1004,NTS,Caenorhabditis elegans,6239,kcc-3
sp|Q09573|KCC3_CAEEL,1038,NNS,Caenorhabditis elegans,6239,kcc-3
sp|Q09585|APTF1_CAEEL,91,NVT,Caenorhabditis elegans,6239,aptf-1
sp|Q09585|APTF1_CAEEL,124,NYS,Caenorhabditis elegans,6239,aptf-1
sp|Q09585|APTF1_CAEEL,188,NAS,Caenorhabditis elegans,6239,aptf-1
sp|Q09585|APTF1_CAEEL,228,NVT,Caenorhabditis elegans,6239,aptf-1
sp|Q09599|SLBP_CAEEL,44,NRS,Caenorhabditis elegans,6239,cdl-1
sp|Q09599|SLBP_CAEEL,148,NAS,Caenorhabditis elegans,6239,cdl-1
sp|Q09599|SLBP_CAEEL,254,NFS,Caenorhabditis elegans,6239,cdl-1
sp|Q09599|SLBP_CAEEL,284,NTS,Caenorhabditis elegans,6239,cdl-1
sp|Q09599|SLBP_CAEEL,307,NRS,Caenorhabditis elegans,6239,cdl-1
sp|Q09614|PTC1_CAEEL,21,NRS,Caenorhabditis elegans,6239,ptc-1
sp|Q09614|PTC1_CAEEL,188,NVT,Caenorhabditis elegans,6239,ptc-1
sp|Q09614|PTC1_CAEEL,241,NVS,Caenorhabditis elegans,6239,ptc-1
sp|Q09614|PTC1_CAEEL,599,NET,Caenorhabditis elegans,6239,ptc-1
sp|Q09614|PTC1_CAEEL,613,NFT,Caenorhabditis elegans,6239,ptc-1
sp|Q09614|PTC1_CAEEL,654,NYT,Caenorhabditis elegans,6239,ptc-1
sp|Q09614|PTC1_CAEEL,1026,NLT,Caenorhabditis elegans,6239,ptc-1
sp|Q09614|PTC1_CAEEL,1036,NVS,Caenorhabditis elegans,6239,ptc-1
sp|Q09614|PTC1_CAEEL,1112,NHT,Caenorhabditis elegans,6239,ptc-1
sp|Q09614|PTC1_CAEEL,1359,NSS,Caenorhabditis elegans,6239,ptc-1
sp|Q09614|PTC1_CAEEL,1400,NNT,Caenorhabditis elegans,6239,ptc-1
sp|Q09637|CYP9_CAEEL,117,NSS,Caenorhabditis elegans,6239,cyn-9
sp|Q09654|TRI23_CAEEL,44,NSS,Caenorhabditis elegans,6239,arc-1
sp|Q09654|TRI23_CAEEL,534,NGT,Caenorhabditis elegans,6239,arc-1
sp|Q09930|DIRA_CAEEL,182,NIT,Caenorhabditis elegans,6239,drn-1
sp|Q09994|ANI2_CAEEL,8,NFS,Caenorhabditis elegans,6239,ani-2
sp|Q09994|ANI2_CAEEL,28,NRS,Caenorhabditis elegans,6239,ani-2
sp|Q09994|ANI2_CAEEL,40,NNS,Caenorhabditis elegans,6239,ani-2
sp|Q09994|ANI2_CAEEL,211,NET,Caenorhabditis elegans,6239,ani-2
sp|Q09994|ANI2_CAEEL,360,NST,Caenorhabditis elegans,6239,ani-2
sp|Q09994|ANI2_CAEEL,377,NVS,Caenorhabditis elegans,6239,ani-2
sp|Q09994|ANI2_CAEEL,609,NQS,Caenorhabditis elegans,6239,ani-2
sp|Q09994|ANI2_CAEEL,624,NFS,Caenorhabditis elegans,6239,ani-2
sp|Q09994|ANI2_CAEEL,632,NDS,Caenorhabditis elegans,6239,ani-2
sp|Q09994|ANI2_CAEEL,825,NNS,Caenorhabditis elegans,6239,ani-2
sp|Q09994|ANI2_CAEEL,831,NRT,Caenorhabditis elegans,6239,ani-2
sp|Q09994|ANI2_CAEEL,951,NQS,Caenorhabditis elegans,6239,ani-2
sp|Q09994|ANI2_CAEEL,1001,NDT,Caenorhabditis elegans,6239,ani-2
sp|Q09996|SYLC_CAEEL,1066,NFT,Caenorhabditis elegans,6239,lars-1
sp|Q10002|APN1_CAEEL,55,NQS,Caenorhabditis elegans,6239,apn-1
sp|Q10002|APN1_CAEEL,70,NIS,Caenorhabditis elegans,6239,apn-1
sp|Q10002|APN1_CAEEL,334,NDS,Caenorhabditis elegans,6239,apn-1
sp|Q10007|HLH6_CAEEL,262,NSS,Caenorhabditis elegans,6239,hlh-6
sp|Q10021|RSP5_CAEEL,30,NIS,Caenorhabditis elegans,6239,rsp-5
sp|Q10021|RSP5_CAEEL,194,NRS,Caenorhabditis elegans,6239,rsp-5
sp|Q10028|GCY3_CAEEL,220,NVT,Caenorhabditis elegans,6239,gcy-3
sp|Q10028|GCY3_CAEEL,301,NVT,Caenorhabditis elegans,6239,gcy-3
sp|Q10028|GCY3_CAEEL,349,NCS,Caenorhabditis elegans,6239,gcy-3
sp|Q10028|GCY3_CAEEL,385,NST,Caenorhabditis elegans,6239,gcy-3
sp|Q10028|GCY3_CAEEL,418,NLS,Caenorhabditis elegans,6239,gcy-3
sp|Q10028|GCY3_CAEEL,441,NLS,Caenorhabditis elegans,6239,gcy-3
sp|Q10028|GCY3_CAEEL,459,NES,Caenorhabditis elegans,6239,gcy-3
sp|Q10028|GCY3_CAEEL,651,NFS,Caenorhabditis elegans,6239,gcy-3
sp|Q10028|GCY3_CAEEL,692,NDS,Caenorhabditis elegans,6239,gcy-3
sp|Q10028|GCY3_CAEEL,1087,NRS,Caenorhabditis elegans,6239,gcy-3
sp|Q10029|GCY2_CAEEL,222,NET,Caenorhabditis elegans,6239,gcy-2
sp|Q10029|GCY2_CAEEL,351,NCS,Caenorhabditis elegans,6239,gcy-2
sp|Q10029|GCY2_CAEEL,361,NTT,Caenorhabditis elegans,6239,gcy-2
sp|Q10029|GCY2_CAEEL,387,NST,Caenorhabditis elegans,6239,gcy-2
sp|Q10029|GCY2_CAEEL,420,NLT,Caenorhabditis elegans,6239,gcy-2
sp|Q10029|GCY2_CAEEL,452,NVT,Caenorhabditis elegans,6239,gcy-2
sp|Q10029|GCY2_CAEEL,551,NAT,Caenorhabditis elegans,6239,gcy-2
sp|Q10029|GCY2_CAEEL,580,NYT,Caenorhabditis elegans,6239,gcy-2
sp|Q10029|GCY2_CAEEL,653,NFS,Caenorhabditis elegans,6239,gcy-2
sp|Q10029|GCY2_CAEEL,694,NDS,Caenorhabditis elegans,6239,gcy-2
sp|Q10039|GARS_CAEEL,413,NET,Caenorhabditis elegans,6239,gars-1
sp|Q10039|GARS_CAEEL,551,NLS,Caenorhabditis elegans,6239,gars-1
sp|Q10039|GARS_CAEEL,634,NDT,Caenorhabditis elegans,6239,gars-1
sp|Q10120|LIN52_CAEEL,81,NIS,Caenorhabditis elegans,6239,lin-52
sp|Q10124|PQE1_CAEEL,399,NRT,Caenorhabditis elegans,6239,pqe-1
sp|Q10124|PQE1_CAEEL,850,NQS,Caenorhabditis elegans,6239,pqe-1
sp|Q10124|PQE1_CAEEL,960,NRS,Caenorhabditis elegans,6239,pqe-1
sp|Q10124|PQE1_CAEEL,1139,NHT,Caenorhabditis elegans,6239,pqe-1
sp|Q10124|PQE1_CAEEL,1288,NTS,Caenorhabditis elegans,6239,pqe-1
sp|Q10124|PQE1_CAEEL,1313,NCT,Caenorhabditis elegans,6239,pqe-1
sp|Q10124|PQE1_CAEEL,1387,NCS,Caenorhabditis elegans,6239,pqe-1
sp|Q10124|PQE1_CAEEL,1400,NGT,Caenorhabditis elegans,6239,pqe-1
sp|Q10457|PUR6_CAEEL,214,NDS,Caenorhabditis elegans,6239,paic-1
sp|Q10457|PUR6_CAEEL,251,NYT,Caenorhabditis elegans,6239,paic-1
sp|Q10457|PUR6_CAEEL,345,NSS,Caenorhabditis elegans,6239,paic-1
sp|Q10573|LIN25_CAEEL,22,NCS,Caenorhabditis elegans,6239,lin-25
sp|Q10573|LIN25_CAEEL,58,NGT,Caenorhabditis elegans,6239,lin-25
sp|Q10573|LIN25_CAEEL,373,NAS,Caenorhabditis elegans,6239,lin-25
sp|Q10573|LIN25_CAEEL,776,NMT,Caenorhabditis elegans,6239,lin-25
sp|Q10573|LIN25_CAEEL,815,NLS,Caenorhabditis elegans,6239,lin-25
sp|Q10660|DXO_CAEEL,11,NSS,Caenorhabditis elegans,6239,dom-3
sp|Q10660|DXO_CAEEL,94,NLS,Caenorhabditis elegans,6239,dom-3
sp|Q10660|DXO_CAEEL,189,NQT,Caenorhabditis elegans,6239,dom-3
sp|Q10663|GCP_CAEEL,122,NRS,Caenorhabditis elegans,6239,icl-1
sp|Q10663|GCP_CAEEL,209,NAS,Caenorhabditis elegans,6239,icl-1
sp|Q10663|GCP_CAEEL,316,NCS,Caenorhabditis elegans,6239,icl-1
sp|Q10663|GCP_CAEEL,491,NNS,Caenorhabditis elegans,6239,icl-1
sp|Q10663|GCP_CAEEL,577,NIS,Caenorhabditis elegans,6239,icl-1
sp|Q10663|GCP_CAEEL,745,NYS,Caenorhabditis elegans,6239,icl-1
sp|Q10663|GCP_CAEEL,828,NLT,Caenorhabditis elegans,6239,icl-1
sp|Q10663|GCP_CAEEL,833,NCT,Caenorhabditis elegans,6239,icl-1
sp|Q10663|GCP_CAEEL,855,NIS,Caenorhabditis elegans,6239,icl-1
sp|Q10901|EAA1_CAEEL,177,NDS,Caenorhabditis elegans,6239,glt-1
sp|Q10901|EAA1_CAEEL,187,NGS,Caenorhabditis elegans,6239,glt-1
sp|Q10914|GLR2_CAEEL,36,NDT,Caenorhabditis elegans,6239,glr-2
sp|Q10914|GLR2_CAEEL,227,NDS,Caenorhabditis elegans,6239,glr-2
sp|Q10914|GLR2_CAEEL,291,NIT,Caenorhabditis elegans,6239,glr-2
sp|Q10914|GLR2_CAEEL,427,NFS,Caenorhabditis elegans,6239,glr-2
sp|Q10914|GLR2_CAEEL,532,NIT,Caenorhabditis elegans,6239,glr-2
sp|Q10914|GLR2_CAEEL,566,NET,Caenorhabditis elegans,6239,glr-2
sp|Q10914|GLR2_CAEEL,783,NST,Caenorhabditis elegans,6239,glr-2
sp|Q10914|GLR2_CAEEL,895,NLS,Caenorhabditis elegans,6239,glr-2
sp|Q10924|FKH6_CAEEL,76,NLS,Caenorhabditis elegans,6239,fkh-6
sp|Q10924|FKH6_CAEEL,134,NTT,Caenorhabditis elegans,6239,fkh-6
sp|Q10924|FKH6_CAEEL,183,NTS,Caenorhabditis elegans,6239,fkh-6
sp|Q10924|FKH6_CAEEL,188,NNS,Caenorhabditis elegans,6239,fkh-6
sp|Q10924|FKH6_CAEEL,293,NWS,Caenorhabditis elegans,6239,fkh-6
sp|Q10949|PISD_CAEEL,36,NQS,Caenorhabditis elegans,6239,psd-1
sp|Q10949|PISD_CAEEL,279,NGS,Caenorhabditis elegans,6239,psd-1
sp|Q11068|MGAT1_CAEEL,28,NRT,Caenorhabditis elegans,6239,gly-13
sp|Q11068|MGAT1_CAEEL,159,NIT,Caenorhabditis elegans,6239,gly-13
sp|Q11174|CHIT_CAEEL,310,NAS,Caenorhabditis elegans,6239,cht-1
sp|Q11180|WHT1_CAEEL,55,NVT,Caenorhabditis elegans,6239,wht-1
sp|Q11180|WHT1_CAEEL,85,NVS,Caenorhabditis elegans,6239,wht-1
sp|Q11180|WHT1_CAEEL,117,NLT,Caenorhabditis elegans,6239,wht-1
sp|Q11180|WHT1_CAEEL,385,NAS,Caenorhabditis elegans,6239,wht-1
sp|Q11180|WHT1_CAEEL,612,NSS,Caenorhabditis elegans,6239,wht-1
sp|Q11180|WHT1_CAEEL,669,NNT,Caenorhabditis elegans,6239,wht-1
sp|Q11182|VPS16_CAEEL,297,NVS,Caenorhabditis elegans,6239,vps-16
sp|Q11182|VPS16_CAEEL,420,NTT,Caenorhabditis elegans,6239,vps-16
sp|Q11190|ETFD_CAEEL,438,NTS,Caenorhabditis elegans,6239,let-721
sp|Q11190|ETFD_CAEEL,507,NHT,Caenorhabditis elegans,6239,let-721
sp|Q17330|SEM1A_CAEEL,75,NLS,Caenorhabditis elegans,6239,smp-1
sp|Q17330|SEM1A_CAEEL,165,NSS,Caenorhabditis elegans,6239,smp-1
sp|Q17330|SEM1A_CAEEL,285,NCS,Caenorhabditis elegans,6239,smp-1
sp|Q17330|SEM1A_CAEEL,346,NGT,Caenorhabditis elegans,6239,smp-1
sp|Q17330|SEM1A_CAEEL,455,NAT,Caenorhabditis elegans,6239,smp-1
sp|Q17330|SEM1A_CAEEL,559,NES,Caenorhabditis elegans,6239,smp-1
sp|Q17330|SEM1A_CAEEL,667,NAT,Caenorhabditis elegans,6239,smp-1
sp|Q17374|SUP10_CAEEL,61,NKT,Caenorhabditis elegans,6239,sup-10
sp|Q17374|SUP10_CAEEL,107,NET,Caenorhabditis elegans,6239,sup-10
sp|Q17374|SUP10_CAEEL,166,NCS,Caenorhabditis elegans,6239,sup-10
sp|Q17374|SUP10_CAEEL,325,NGS,Caenorhabditis elegans,6239,sup-10
sp|Q17392|CUL4_CAEEL,44,NRS,Caenorhabditis elegans,6239,cul-4
sp|Q17392|CUL4_CAEEL,75,NSS,Caenorhabditis elegans,6239,cul-4
sp|Q17392|CUL4_CAEEL,156,NQS,Caenorhabditis elegans,6239,cul-4
sp|Q17392|CUL4_CAEEL,383,NIS,Caenorhabditis elegans,6239,cul-4
sp|Q17392|CUL4_CAEEL,493,NVS,Caenorhabditis elegans,6239,cul-4
sp|Q17392|CUL4_CAEEL,592,NFT,Caenorhabditis elegans,6239,cul-4
sp|Q17430|SART3_CAEEL,224,NST,Caenorhabditis elegans,6239,sart-3
sp|Q17430|SART3_CAEEL,570,NAS,Caenorhabditis elegans,6239,sart-3
sp|Q17430|SART3_CAEEL,800,NKT,Caenorhabditis elegans,6239,sart-3
sp|Q17431|LEO1_CAEEL,45,NES,Caenorhabditis elegans,6239,leo-1
sp|Q17438|DNJ1_CAEEL,6,NKS,Caenorhabditis elegans,6239,dnj-1
sp|Q17438|DNJ1_CAEEL,57,NNT,Caenorhabditis elegans,6239,dnj-1
sp|Q17528|BEST1_CAEEL,318,NIT,Caenorhabditis elegans,6239,best-1
sp|Q17577|ACS7_CAEEL,202,NFS,Caenorhabditis elegans,6239,acs-7
sp|Q17603|ASF1L_CAEEL,207,NES,Caenorhabditis elegans,6239,asfl-1
sp|Q17632|RRP44_CAEEL,22,NRS,Caenorhabditis elegans,6239,dis-3
sp|Q17632|RRP44_CAEEL,255,NFS,Caenorhabditis elegans,6239,dis-3
sp|Q17632|RRP44_CAEEL,683,NIS,Caenorhabditis elegans,6239,dis-3
sp|Q17758|PEPT2_CAEEL,64,NFS,Caenorhabditis elegans,6239,pept-2
sp|Q17758|PEPT2_CAEEL,467,NIT,Caenorhabditis elegans,6239,pept-2
sp|Q17758|PEPT2_CAEEL,534,NVT,Caenorhabditis elegans,6239,pept-2
sp|Q17758|PEPT2_CAEEL,541,NGT,Caenorhabditis elegans,6239,pept-2
sp|Q17758|PEPT2_CAEEL,651,NDS,Caenorhabditis elegans,6239,pept-2
sp|Q17758|PEPT2_CAEEL,767,NES,Caenorhabditis elegans,6239,pept-2
sp|Q17778|NUC1_CAEEL,131,NYT,Caenorhabditis elegans,6239,nuc-1
sp|Q17784|TFP11_CAEEL,391,NRS,Caenorhabditis elegans,6239,stip-1
sp|Q17784|TFP11_CAEEL,472,NKT,Caenorhabditis elegans,6239,stip-1
sp|Q17827|PFD1_CAEEL,18,NET,Caenorhabditis elegans,6239,pfd-1
sp|Q17833|OLD1_CAEEL,91,NRS,Caenorhabditis elegans,6239,old-1
sp|Q17833|OLD1_CAEEL,111,NSS,Caenorhabditis elegans,6239,old-1
sp|Q17886|NASP1_CAEEL,26,NGT,Caenorhabditis elegans,6239,nasp-1
sp|Q17895|MNM2_CAEEL,210,NLT,Caenorhabditis elegans,6239,mnm-2
sp|Q17902|EGAL1_CAEEL,266,NGS,Caenorhabditis elegans,6239,egal-1
sp|Q17902|EGAL1_CAEEL,413,NKS,Caenorhabditis elegans,6239,egal-1
sp|Q17949|DOHH_CAEEL,20,NDT,Caenorhabditis elegans,6239,dohh-1
sp|Q18012|BBLN_CAEEL,99,NQS,Caenorhabditis elegans,6239,bbln-1
sp|Q18053|HLH26_CAEEL,112,NLS,Caenorhabditis elegans,6239,hlh-26
sp|Q18054|HLH25_CAEEL,18,NQT,Caenorhabditis elegans,6239,hlh-25
sp|Q18054|HLH25_CAEEL,31,NIT,Caenorhabditis elegans,6239,hlh-25
sp|Q18054|HLH25_CAEEL,73,NFS,Caenorhabditis elegans,6239,hlh-25
sp|Q18086|GLOB6_CAEEL,3,NQS,Caenorhabditis elegans,6239,glb-6
sp|Q18086|GLOB6_CAEEL,24,NSS,Caenorhabditis elegans,6239,glb-6
sp|Q18086|GLOB6_CAEEL,85,NNS,Caenorhabditis elegans,6239,glb-6
sp|Q18090|TOM40_CAEEL,96,NTT,Caenorhabditis elegans,6239,tomm-40
sp|Q18090|TOM40_CAEEL,260,NWT,Caenorhabditis elegans,6239,tomm-40
sp|Q18115|PSMD1_CAEEL,68,NNT,Caenorhabditis elegans,6239,rpn-2
sp|Q18115|PSMD1_CAEEL,193,NQT,Caenorhabditis elegans,6239,rpn-2
sp|Q18115|PSMD1_CAEEL,323,NHT,Caenorhabditis elegans,6239,rpn-2
sp|Q18115|PSMD1_CAEEL,819,NAS,Caenorhabditis elegans,6239,rpn-2
sp|Q18158|SWM1_CAEEL,83,NET,Caenorhabditis elegans,6239,swm-1
sp|Q18164|DPYD_CAEEL,6,NTT,Caenorhabditis elegans,6239,dpyd-1
sp|Q18164|DPYD_CAEEL,196,NAS,Caenorhabditis elegans,6239,dpyd-1
sp|Q18164|DPYD_CAEEL,423,NKT,Caenorhabditis elegans,6239,dpyd-1
sp|Q18164|DPYD_CAEEL,599,NVS,Caenorhabditis elegans,6239,dpyd-1
sp|Q18164|DPYD_CAEEL,682,NLS,Caenorhabditis elegans,6239,dpyd-1
sp|Q18164|DPYD_CAEEL,727,NIT,Caenorhabditis elegans,6239,dpyd-1
sp|Q18164|DPYD_CAEEL,975,NDS,Caenorhabditis elegans,6239,dpyd-1
sp|Q18192|NHR31_CAEEL,216,NMS,Caenorhabditis elegans,6239,nhr-31
sp|Q18192|NHR31_CAEEL,306,NFS,Caenorhabditis elegans,6239,nhr-31
sp|Q18192|NHR31_CAEEL,338,NET,Caenorhabditis elegans,6239,nhr-31
sp|Q18192|NHR31_CAEEL,552,NDS,Caenorhabditis elegans,6239,nhr-31
sp|Q18206|NAS36_CAEEL,174,NVS,Caenorhabditis elegans,6239,nas-36
sp|Q18225|FLH2_CAEEL,60,NGT,Caenorhabditis elegans,6239,flh-2
sp|Q18225|FLH2_CAEEL,131,NAT,Caenorhabditis elegans,6239,flh-2
sp|Q18225|FLH2_CAEEL,234,NRS,Caenorhabditis elegans,6239,flh-2
sp|Q18225|FLH2_CAEEL,270,NQT,Caenorhabditis elegans,6239,flh-2
sp|Q18225|FLH2_CAEEL,438,NWT,Caenorhabditis elegans,6239,flh-2
sp|Q18240|SPR2_CAEEL,241,NIS,Caenorhabditis elegans,6239,spr-2
sp|Q18246|RAP1_CAEEL,152,NVS,Caenorhabditis elegans,6239,rap-1
sp|Q18250|EGRH1_CAEEL,187,NLT,Caenorhabditis elegans,6239,egrh-1
sp|Q18250|EGRH1_CAEEL,275,NTS,Caenorhabditis elegans,6239,egrh-1
sp|Q18250|EGRH1_CAEEL,336,NFS,Caenorhabditis elegans,6239,egrh-1
sp|Q18273|HM43_CAEEL,31,NVS,Caenorhabditis elegans,6239,ceh-43
sp|Q18273|HM43_CAEEL,110,NSS,Caenorhabditis elegans,6239,ceh-43
sp|Q18297|TRPA1_CAEEL,186,NFS,Caenorhabditis elegans,6239,trpa-1
sp|Q18297|TRPA1_CAEEL,232,NVT,Caenorhabditis elegans,6239,trpa-1
sp|Q18297|TRPA1_CAEEL,404,NLT,Caenorhabditis elegans,6239,trpa-1
sp|Q18297|TRPA1_CAEEL,618,NES,Caenorhabditis elegans,6239,trpa-1
sp|Q18297|TRPA1_CAEEL,856,NET,Caenorhabditis elegans,6239,trpa-1
sp|Q18297|TRPA1_CAEEL,863,NTT,Caenorhabditis elegans,6239,trpa-1
sp|Q18299|NHR43_CAEEL,323,NTT,Caenorhabditis elegans,6239,nhr-43
sp|Q18299|NHR43_CAEEL,328,NES,Caenorhabditis elegans,6239,nhr-43
sp|Q18331|GCY11_CAEEL,62,NGT,Caenorhabditis elegans,6239,gcy-11
sp|Q18331|GCY11_CAEEL,82,NFS,Caenorhabditis elegans,6239,gcy-11
sp|Q18331|GCY11_CAEEL,474,NYS,Caenorhabditis elegans,6239,gcy-11
sp|Q18331|GCY11_CAEEL,481,NLT,Caenorhabditis elegans,6239,gcy-11
sp|Q18331|GCY11_CAEEL,512,NLS,Caenorhabditis elegans,6239,gcy-11
sp|Q18331|GCY11_CAEEL,651,NKT,Caenorhabditis elegans,6239,gcy-11
sp|Q18331|GCY11_CAEEL,670,NET,Caenorhabditis elegans,6239,gcy-11
sp|Q18331|GCY11_CAEEL,684,NES,Caenorhabditis elegans,6239,gcy-11
sp|Q18331|GCY11_CAEEL,928,NES,Caenorhabditis elegans,6239,gcy-11
sp|Q18331|GCY11_CAEEL,1058,NHT,Caenorhabditis elegans,6239,gcy-11
sp|Q18412|SGO1_CAEEL,35,NDS,Caenorhabditis elegans,6239,sgo-1
sp|Q18412|SGO1_CAEEL,167,NNS,Caenorhabditis elegans,6239,sgo-1
sp|Q18412|SGO1_CAEEL,181,NGT,Caenorhabditis elegans,6239,sgo-1
sp|Q18510|ARL6_CAEEL,57,NFS,Caenorhabditis elegans,6239,arl-6
sp|Q18510|ARL6_CAEEL,62,NLS,Caenorhabditis elegans,6239,arl-6
sp|Q18515|C1GLT_CAEEL,84,NNS,Caenorhabditis elegans,6239,C38H2.2
sp|Q18515|C1GLT_CAEEL,152,NVS,Caenorhabditis elegans,6239,C38H2.2
sp|Q18515|C1GLT_CAEEL,360,NET,Caenorhabditis elegans,6239,C38H2.2
sp|Q18612|HND1_CAEEL,92,NES,Caenorhabditis elegans,6239,hnd-1
sp|Q18612|HND1_CAEEL,105,NIS,Caenorhabditis elegans,6239,hnd-1
sp|Q18673|NEPL1_CAEEL,38,NKT,Caenorhabditis elegans,6239,nep-1
sp|Q18673|NEPL1_CAEEL,81,NLS,Caenorhabditis elegans,6239,nep-1
sp|Q18673|NEPL1_CAEEL,132,NTS,Caenorhabditis elegans,6239,nep-1
sp|Q18673|NEPL1_CAEEL,217,NVS,Caenorhabditis elegans,6239,nep-1
sp|Q18673|NEPL1_CAEEL,273,NES,Caenorhabditis elegans,6239,nep-1
sp|Q18673|NEPL1_CAEEL,303,NYT,Caenorhabditis elegans,6239,nep-1
sp|Q18673|NEPL1_CAEEL,441,NTT,Caenorhabditis elegans,6239,nep-1
sp|Q18673|NEPL1_CAEEL,612,NTT,Caenorhabditis elegans,6239,nep-1
sp|Q18677|DHP2_CAEEL,7,NGT,Caenorhabditis elegans,6239,dhp-2
sp|Q18677|DHP2_CAEEL,188,NGS,Caenorhabditis elegans,6239,dhp-2
sp|Q18677|DHP2_CAEEL,320,NCT,Caenorhabditis elegans,6239,dhp-2
sp|Q18677|DHP2_CAEEL,402,NAT,Caenorhabditis elegans,6239,dhp-2
sp|Q18678|SYSC_CAEEL,335,NES,Caenorhabditis elegans,6239,sars-1
sp|Q18678|SYSC_CAEEL,427,NAT,Caenorhabditis elegans,6239,sars-1
sp|Q18678|SYSC_CAEEL,444,NQT,Caenorhabditis elegans,6239,sars-1
sp|Q18680|IPYR_CAEEL,50,NTS,Caenorhabditis elegans,6239,pyp-1
sp|Q18680|IPYR_CAEEL,66,NVT,Caenorhabditis elegans,6239,pyp-1
sp|Q18775|DOPR4_CAEEL,25,NDT,Caenorhabditis elegans,6239,dop-4
sp|Q18775|DOPR4_CAEEL,106,NHT,Caenorhabditis elegans,6239,dop-4
sp|Q18775|DOPR4_CAEEL,317,NNT,Caenorhabditis elegans,6239,dop-4
sp|Q18775|DOPR4_CAEEL,348,NVT,Caenorhabditis elegans,6239,dop-4
sp|Q18775|DOPR4_CAEEL,354,NCS,Caenorhabditis elegans,6239,dop-4
sp|Q18775|DOPR4_CAEEL,513,NTS,Caenorhabditis elegans,6239,dop-4
sp|Q18823|LAM2_CAEEL,116,NET,Caenorhabditis elegans,6239,lam-2
sp|Q18823|LAM2_CAEEL,136,NLT,Caenorhabditis elegans,6239,lam-2
sp|Q18823|LAM2_CAEEL,348,NCS,Caenorhabditis elegans,6239,lam-2
sp|Q18823|LAM2_CAEEL,522,NVS,Caenorhabditis elegans,6239,lam-2
sp|Q18823|LAM2_CAEEL,658,NIT,Caenorhabditis elegans,6239,lam-2
sp|Q18823|LAM2_CAEEL,740,NHS,Caenorhabditis elegans,6239,lam-2
sp|Q18823|LAM2_CAEEL,936,NIT,Caenorhabditis elegans,6239,lam-2
sp|Q18823|LAM2_CAEEL,1077,NDT,Caenorhabditis elegans,6239,lam-2
sp|Q18823|LAM2_CAEEL,1183,NAS,Caenorhabditis elegans,6239,lam-2
sp|Q18823|LAM2_CAEEL,1226,NAT,Caenorhabditis elegans,6239,lam-2
sp|Q18823|LAM2_CAEEL,1259,NES,Caenorhabditis elegans,6239,lam-2
sp|Q18823|LAM2_CAEEL,1336,NRS,Caenorhabditis elegans,6239,lam-2
sp|Q18823|LAM2_CAEEL,1452,NET,Caenorhabditis elegans,6239,lam-2
sp|Q18823|LAM2_CAEEL,1528,NAT,Caenorhabditis elegans,6239,lam-2
sp|Q18846|KS6A2_CAEEL,230,NSS,Caenorhabditis elegans,6239,rskn-2
sp|Q18846|KS6A2_CAEEL,621,NVS,Caenorhabditis elegans,6239,rskn-2
sp|Q18846|KS6A2_CAEEL,678,NET,Caenorhabditis elegans,6239,rskn-2
sp|Q18892|EPG5_CAEEL,333,NRS,Caenorhabditis elegans,6239,epg-5
sp|Q18892|EPG5_CAEEL,527,NES,Caenorhabditis elegans,6239,epg-5
sp|Q18892|EPG5_CAEEL,1066,NDT,Caenorhabditis elegans,6239,epg-5
sp|Q18892|EPG5_CAEEL,1091,NQS,Caenorhabditis elegans,6239,epg-5
sp|Q18892|EPG5_CAEEL,1445,NRT,Caenorhabditis elegans,6239,epg-5
sp|Q18892|EPG5_CAEEL,1668,NST,Caenorhabditis elegans,6239,epg-5
sp|Q18892|EPG5_CAEEL,1752,NKS,Caenorhabditis elegans,6239,epg-5
sp|Q18892|EPG5_CAEEL,1812,NSS,Caenorhabditis elegans,6239,epg-5
sp|Q18892|EPG5_CAEEL,2041,NHS,Caenorhabditis elegans,6239,epg-5
sp|Q18892|EPG5_CAEEL,2061,NIT,Caenorhabditis elegans,6239,epg-5
sp|Q18892|EPG5_CAEEL,2212,NRS,Caenorhabditis elegans,6239,epg-5
sp|Q18892|EPG5_CAEEL,2310,NMS,Caenorhabditis elegans,6239,epg-5
sp|Q18919|RCORB_CAEEL,216,NFS,Caenorhabditis elegans,6239,spr-1
sp|Q18919|RCORB_CAEEL,306,NQT,Caenorhabditis elegans,6239,spr-1
sp|Q18953|SPCS_CAEEL,84,NLT,Caenorhabditis elegans,6239,secs-1
sp|Q18953|SPCS_CAEEL,464,NSS,Caenorhabditis elegans,6239,secs-1
sp|Q18953|SPCS_CAEEL,473,NES,Caenorhabditis elegans,6239,secs-1
sp|Q18955|SRF_CAEEL,16,NAS,Caenorhabditis elegans,6239,unc-120
sp|Q18955|SRF_CAEEL,167,NNS,Caenorhabditis elegans,6239,unc-120
sp|Q18955|SRF_CAEEL,174,NFT,Caenorhabditis elegans,6239,unc-120
sp|Q18955|SRF_CAEEL,284,NAS,Caenorhabditis elegans,6239,unc-120
sp|Q18973|GSTK2_CAEEL,93,NTS,Caenorhabditis elegans,6239,gstk-2
sp|Q19124|A16L1_CAEEL,29,NYS,Caenorhabditis elegans,6239,atg-16.1
sp|Q19124|A16L1_CAEEL,49,NSS,Caenorhabditis elegans,6239,atg-16.1
sp|Q19124|A16L1_CAEEL,139,NTT,Caenorhabditis elegans,6239,atg-16.1
sp|Q19124|A16L1_CAEEL,477,NGS,Caenorhabditis elegans,6239,atg-16.1
sp|Q19124|A16L1_CAEEL,486,NST,Caenorhabditis elegans,6239,atg-16.1
sp|Q19157|PIN2_CAEEL,98,NNS,Caenorhabditis elegans,6239,pin-2
sp|Q19157|PIN2_CAEEL,318,NKT,Caenorhabditis elegans,6239,pin-2
sp|Q19189|PEX12_CAEEL,183,NRS,Caenorhabditis elegans,6239,prx-12
sp|Q19189|PEX12_CAEEL,316,NDT,Caenorhabditis elegans,6239,prx-12
sp|Q19291|DMD5_CAEEL,130,NNT,Caenorhabditis elegans,6239,dmd-5
sp|Q19291|DMD5_CAEEL,171,NTS,Caenorhabditis elegans,6239,dmd-5
sp|Q19418|ZTF2_CAEEL,156,NSS,Caenorhabditis elegans,6239,ztf-2
sp|Q19418|ZTF2_CAEEL,204,NTS,Caenorhabditis elegans,6239,ztf-2
sp|Q19503|HM40_CAEEL,117,NET,Caenorhabditis elegans,6239,ceh-40
sp|Q19503|HM40_CAEEL,193,NFS,Caenorhabditis elegans,6239,ceh-40
sp|Q19503|HM40_CAEEL,228,NIS,Caenorhabditis elegans,6239,ceh-40
sp|Q19503|HM40_CAEEL,306,NFS,Caenorhabditis elegans,6239,ceh-40
sp|Q19503|HM40_CAEEL,326,NQT,Caenorhabditis elegans,6239,ceh-40
sp|Q19537|RFA1_CAEEL,290,NLS,Caenorhabditis elegans,6239,rpa-1
sp|Q19537|RFA1_CAEEL,308,NNT,Caenorhabditis elegans,6239,rpa-1
sp|Q19640|BBS2_CAEEL,77,NIT,Caenorhabditis elegans,6239,bbs-2
sp|Q19640|BBS2_CAEEL,113,NLT,Caenorhabditis elegans,6239,bbs-2
sp|Q19640|BBS2_CAEEL,227,NGT,Caenorhabditis elegans,6239,bbs-2
sp|Q19640|BBS2_CAEEL,247,NVS,Caenorhabditis elegans,6239,bbs-2
sp|Q19640|BBS2_CAEEL,322,NGS,Caenorhabditis elegans,6239,bbs-2
sp|Q19640|BBS2_CAEEL,675,NCS,Caenorhabditis elegans,6239,bbs-2
sp|Q19642|ZW10_CAEEL,40,NAT,Caenorhabditis elegans,6239,czw-1
sp|Q19642|ZW10_CAEEL,63,NLS,Caenorhabditis elegans,6239,czw-1
sp|Q19642|ZW10_CAEEL,131,NDT,Caenorhabditis elegans,6239,czw-1
sp|Q19642|ZW10_CAEEL,192,NVS,Caenorhabditis elegans,6239,czw-1
sp|Q19642|ZW10_CAEEL,210,NET,Caenorhabditis elegans,6239,czw-1
sp|Q19642|ZW10_CAEEL,401,NET,Caenorhabditis elegans,6239,czw-1
sp|Q19766|TOM20_CAEEL,9,NKS,Caenorhabditis elegans,6239,tomm-20
sp|Q19768|GCY13_CAEEL,58,NVS,Caenorhabditis elegans,6239,gcy-13
sp|Q19768|GCY13_CAEEL,156,NYT,Caenorhabditis elegans,6239,gcy-13
sp|Q19768|GCY13_CAEEL,324,NKT,Caenorhabditis elegans,6239,gcy-13
sp|Q19768|GCY13_CAEEL,337,NGS,Caenorhabditis elegans,6239,gcy-13
sp|Q19768|GCY13_CAEEL,377,NAT,Caenorhabditis elegans,6239,gcy-13
sp|Q19768|GCY13_CAEEL,394,NWT,Caenorhabditis elegans,6239,gcy-13
sp|Q19768|GCY13_CAEEL,502,NST,Caenorhabditis elegans,6239,gcy-13
sp|Q19768|GCY13_CAEEL,858,NKS,Caenorhabditis elegans,6239,gcy-13
sp|Q19768|GCY13_CAEEL,883,NDS,Caenorhabditis elegans,6239,gcy-13
sp|Q19768|GCY13_CAEEL,905,NGT,Caenorhabditis elegans,6239,gcy-13
sp|Q19768|GCY13_CAEEL,915,NMS,Caenorhabditis elegans,6239,gcy-13
sp|Q19787|BED3_CAEEL,155,NSS,Caenorhabditis elegans,6239,bed-3
sp|Q19787|BED3_CAEEL,273,NLS,Caenorhabditis elegans,6239,bed-3
sp|Q19787|BED3_CAEEL,333,NLT,Caenorhabditis elegans,6239,bed-3
sp|Q19787|BED3_CAEEL,423,NSS,Caenorhabditis elegans,6239,bed-3
sp|Q19787|BED3_CAEEL,450,NES,Caenorhabditis elegans,6239,bed-3
sp|Q19787|BED3_CAEEL,561,NLS,Caenorhabditis elegans,6239,bed-3
sp|Q19842|PCCA_CAEEL,594,NLS,Caenorhabditis elegans,6239,pcca-1
sp|Q19892|SELT2_CAEEL,106,NFS,Caenorhabditis elegans,6239,selt-1.2
sp|Q1ZXS5|VPS39_CAEEL,27,NQT,Caenorhabditis elegans,6239,vps-39
sp|Q1ZXS5|VPS39_CAEEL,327,NVS,Caenorhabditis elegans,6239,vps-39
sp|Q1ZXS5|VPS39_CAEEL,664,NIT,Caenorhabditis elegans,6239,vps-39
sp|Q1ZXS5|VPS39_CAEEL,798,NST,Caenorhabditis elegans,6239,vps-39
sp|Q1ZXS5|VPS39_CAEEL,886,NFS,Caenorhabditis elegans,6239,vps-39
sp|Q1ZXS5|VPS39_CAEEL,918,NDS,Caenorhabditis elegans,6239,vps-39
sp|Q20053|AT5F1_CAEEL,272,NDS,Caenorhabditis elegans,6239,asb-1
sp|Q20106|HRG4_CAEEL,42,NWS,Caenorhabditis elegans,6239,hrg-4
sp|Q20123|EI24_CAEEL,212,NLS,Caenorhabditis elegans,6239,epg-4
sp|Q20144|TMTC1_CAEEL,166,NIT,Caenorhabditis elegans,6239,F38B6.6
sp|Q20144|TMTC1_CAEEL,276,NYT,Caenorhabditis elegans,6239,F38B6.6
sp|Q20144|TMTC1_CAEEL,559,NAT,Caenorhabditis elegans,6239,F38B6.6
sp|Q20144|TMTC1_CAEEL,600,NES,Caenorhabditis elegans,6239,F38B6.6
sp|Q20144|TMTC1_CAEEL,617,NFT,Caenorhabditis elegans,6239,F38B6.6
sp|Q20144|TMTC1_CAEEL,686,NST,Caenorhabditis elegans,6239,F38B6.6
sp|Q20168|COPB2_CAEEL,155,NNT,Caenorhabditis elegans,6239,copb-2
sp|Q20168|COPB2_CAEEL,178,NFT,Caenorhabditis elegans,6239,copb-2
sp|Q20168|COPB2_CAEEL,218,NKT,Caenorhabditis elegans,6239,copb-2
sp|Q20168|COPB2_CAEEL,231,NVS,Caenorhabditis elegans,6239,copb-2
sp|Q20168|COPB2_CAEEL,447,NNS,Caenorhabditis elegans,6239,copb-2
sp|Q20168|COPB2_CAEEL,500,NAT,Caenorhabditis elegans,6239,copb-2
sp|Q20168|COPB2_CAEEL,725,NIS,Caenorhabditis elegans,6239,copb-2
sp|Q20176|NAS39_CAEEL,69,NFS,Caenorhabditis elegans,6239,nas-39
sp|Q20176|NAS39_CAEEL,87,NFT,Caenorhabditis elegans,6239,nas-39
sp|Q20176|NAS39_CAEEL,283,NIT,Caenorhabditis elegans,6239,nas-39
sp|Q20176|NAS39_CAEEL,527,NGS,Caenorhabditis elegans,6239,nas-39
sp|Q20176|NAS39_CAEEL,560,NFT,Caenorhabditis elegans,6239,nas-39
sp|Q20176|NAS39_CAEEL,694,NCS,Caenorhabditis elegans,6239,nas-39
sp|Q20303|ELO6_CAEEL,170,NFS,Caenorhabditis elegans,6239,elo-6
sp|Q20303|ELO6_CAEEL,197,NIT,Caenorhabditis elegans,6239,elo-6
sp|Q20318|LIN49_CAEEL,31,NES,Caenorhabditis elegans,6239,lin-49
sp|Q20318|LIN49_CAEEL,47,NVS,Caenorhabditis elegans,6239,lin-49
sp|Q20318|LIN49_CAEEL,83,NIS,Caenorhabditis elegans,6239,lin-49
sp|Q20318|LIN49_CAEEL,219,NLS,Caenorhabditis elegans,6239,lin-49
sp|Q20318|LIN49_CAEEL,349,NET,Caenorhabditis elegans,6239,lin-49
sp|Q20318|LIN49_CAEEL,439,NFT,Caenorhabditis elegans,6239,lin-49
sp|Q20318|LIN49_CAEEL,739,NKS,Caenorhabditis elegans,6239,lin-49
sp|Q20318|LIN49_CAEEL,775,NES,Caenorhabditis elegans,6239,lin-49
sp|Q20318|LIN49_CAEEL,830,NVS,Caenorhabditis elegans,6239,lin-49
sp|Q20375|SPTC2_CAEEL,163,NWT,Caenorhabditis elegans,6239,sptl-2
sp|Q20375|SPTC2_CAEEL,469,NDS,Caenorhabditis elegans,6239,sptl-2
sp|Q20411|SRA11_CAEEL,54,NIS,Caenorhabditis elegans,6239,sra-11
sp|Q20411|SRA11_CAEEL,269,NLS,Caenorhabditis elegans,6239,sra-11
sp|Q20443|PRK2_CAEEL,415,NST,Caenorhabditis elegans,6239,prk-2
sp|Q20448|ZTF7_CAEEL,59,NGS,Caenorhabditis elegans,6239,ztf-7
sp|Q20448|ZTF7_CAEEL,71,NQS,Caenorhabditis elegans,6239,ztf-7
sp|Q20448|ZTF7_CAEEL,317,NRS,Caenorhabditis elegans,6239,ztf-7
sp|Q20448|ZTF7_CAEEL,477,NVS,Caenorhabditis elegans,6239,ztf-7
sp|Q20500|PLA2_CAEEL,200,NIT,Caenorhabditis elegans,6239,ipla-2
sp|Q20500|PLA2_CAEEL,394,NET,Caenorhabditis elegans,6239,ipla-2
sp|Q20500|PLA2_CAEEL,454,NSS,Caenorhabditis elegans,6239,ipla-2
sp|Q20500|PLA2_CAEEL,609,NAT,Caenorhabditis elegans,6239,ipla-2
sp|Q20500|PLA2_CAEEL,713,NES,Caenorhabditis elegans,6239,ipla-2
sp|Q20574|STX2_CAEEL,135,NET,Caenorhabditis elegans,6239,syx-2
sp|Q20618|SRA13_CAEEL,8,NRT,Caenorhabditis elegans,6239,sra-13
sp|Q20618|SRA13_CAEEL,278,NLS,Caenorhabditis elegans,6239,sra-13
sp|Q20687|TM237_CAEEL,30,NNS,Caenorhabditis elegans,6239,jbts-14
sp|Q20687|TM237_CAEEL,49,NIS,Caenorhabditis elegans,6239,jbts-14
sp|Q20701|GPA5_CAEEL,62,NET,Caenorhabditis elegans,6239,gpa-5
sp|Q20701|GPA5_CAEEL,230,NQT,Caenorhabditis elegans,6239,gpa-5
sp|Q20716|ISY1_CAEEL,39,NLS,Caenorhabditis elegans,6239,isy-1
sp|Q20733|SAEG1_CAEEL,77,NYS,Caenorhabditis elegans,6239,saeg-1
sp|Q20733|SAEG1_CAEEL,89,NVT,Caenorhabditis elegans,6239,saeg-1
sp|Q20733|SAEG1_CAEEL,117,NYS,Caenorhabditis elegans,6239,saeg-1
sp|Q20733|SAEG1_CAEEL,301,NIS,Caenorhabditis elegans,6239,saeg-1
sp|Q20733|SAEG1_CAEEL,323,NGS,Caenorhabditis elegans,6239,saeg-1
sp|Q20733|SAEG1_CAEEL,336,NSS,Caenorhabditis elegans,6239,saeg-1
sp|Q20733|SAEG1_CAEEL,390,NQT,Caenorhabditis elegans,6239,saeg-1
sp|Q20733|SAEG1_CAEEL,560,NDS,Caenorhabditis elegans,6239,saeg-1
sp|Q20733|SAEG1_CAEEL,634,NQS,Caenorhabditis elegans,6239,saeg-1
sp|Q20733|SAEG1_CAEEL,656,NES,Caenorhabditis elegans,6239,saeg-1
sp|Q20733|SAEG1_CAEEL,659,NAT,Caenorhabditis elegans,6239,saeg-1
sp|Q20733|SAEG1_CAEEL,818,NLT,Caenorhabditis elegans,6239,saeg-1
sp|Q20735|SMS2_CAEEL,3,NSS,Caenorhabditis elegans,6239,sms-2
sp|Q20735|SMS2_CAEEL,171,NRT,Caenorhabditis elegans,6239,sms-2
sp|Q20757|PUF5_CAEEL,30,NGS,Caenorhabditis elegans,6239,puf-5
sp|Q20757|PUF5_CAEEL,85,NLT,Caenorhabditis elegans,6239,puf-5
sp|Q20757|PUF5_CAEEL,100,NES,Caenorhabditis elegans,6239,puf-5
sp|Q20757|PUF5_CAEEL,109,NNT,Caenorhabditis elegans,6239,puf-5
sp|Q20757|PUF5_CAEEL,150,NGS,Caenorhabditis elegans,6239,puf-5
sp|Q20758|ARL1_CAEEL,149,NRT,Caenorhabditis elegans,6239,arl-1
sp|Q20787|S35B3_CAEEL,122,NAS,Caenorhabditis elegans,6239,pst-2
sp|Q20787|S35B3_CAEEL,333,NKT,Caenorhabditis elegans,6239,pst-2
sp|Q20845|PLK3_CAEEL,205,NET,Caenorhabditis elegans,6239,plk-3
sp|Q20845|PLK3_CAEEL,254,NAS,Caenorhabditis elegans,6239,plk-3
sp|Q20845|PLK3_CAEEL,374,NKS,Caenorhabditis elegans,6239,plk-3
sp|Q20845|PLK3_CAEEL,383,NHS,Caenorhabditis elegans,6239,plk-3
sp|Q20845|PLK3_CAEEL,412,NSS,Caenorhabditis elegans,6239,plk-3
sp|Q20845|PLK3_CAEEL,439,NNT,Caenorhabditis elegans,6239,plk-3
sp|Q20845|PLK3_CAEEL,517,NGT,Caenorhabditis elegans,6239,plk-3
sp|Q20898|IFET1_CAEEL,51,NLS,Caenorhabditis elegans,6239,ifet-1
sp|Q20898|IFET1_CAEEL,136,NGS,Caenorhabditis elegans,6239,ifet-1
sp|Q20898|IFET1_CAEEL,329,NKS,Caenorhabditis elegans,6239,ifet-1
sp|Q20898|IFET1_CAEEL,366,NAS,Caenorhabditis elegans,6239,ifet-1
sp|Q20898|IFET1_CAEEL,591,NQS,Caenorhabditis elegans,6239,ifet-1
sp|Q20907|GPA8_CAEEL,24,NKS,Caenorhabditis elegans,6239,gpa-8
sp|Q20907|GPA8_CAEEL,98,NKS,Caenorhabditis elegans,6239,gpa-8
sp|Q20907|GPA8_CAEEL,169,NFS,Caenorhabditis elegans,6239,gpa-8
sp|Q20907|GPA8_CAEEL,293,NIT,Caenorhabditis elegans,6239,gpa-8
sp|Q20942|NAS38_CAEEL,330,NCS,Caenorhabditis elegans,6239,nas-38
sp|Q20942|NAS38_CAEEL,653,NFS,Caenorhabditis elegans,6239,nas-38
sp|Q20942|NAS38_CAEEL,714,NDT,Caenorhabditis elegans,6239,nas-38
sp|Q20963|SRB13_CAEEL,5,NQT,Caenorhabditis elegans,6239,srb-13
sp|Q20963|SRB13_CAEEL,97,NKT,Caenorhabditis elegans,6239,srb-13
sp|Q20963|SRB13_CAEEL,180,NTT,Caenorhabditis elegans,6239,srb-13
sp|Q20963|SRB13_CAEEL,275,NHS,Caenorhabditis elegans,6239,srb-13
sp|Q20963|SRB13_CAEEL,331,NIT,Caenorhabditis elegans,6239,srb-13
sp|Q21006|NHR34_CAEEL,8,NIS,Caenorhabditis elegans,6239,nhr-34
sp|Q21006|NHR34_CAEEL,34,NGS,Caenorhabditis elegans,6239,nhr-34
sp|Q21006|NHR34_CAEEL,47,NSS,Caenorhabditis elegans,6239,nhr-34
sp|Q21006|NHR34_CAEEL,80,NES,Caenorhabditis elegans,6239,nhr-34
sp|Q21006|NHR34_CAEEL,437,NGS,Caenorhabditis elegans,6239,nhr-34
sp|Q21038|VER3_CAEEL,119,NDT,Caenorhabditis elegans,6239,ver-3
sp|Q21038|VER3_CAEEL,211,NQT,Caenorhabditis elegans,6239,ver-3
sp|Q21038|VER3_CAEEL,245,NFS,Caenorhabditis elegans,6239,ver-3
sp|Q21038|VER3_CAEEL,255,NGS,Caenorhabditis elegans,6239,ver-3
sp|Q21038|VER3_CAEEL,381,NSS,Caenorhabditis elegans,6239,ver-3
sp|Q21038|VER3_CAEEL,425,NMS,Caenorhabditis elegans,6239,ver-3
sp|Q21038|VER3_CAEEL,528,NVT,Caenorhabditis elegans,6239,ver-3
sp|Q21038|VER3_CAEEL,697,NMT,Caenorhabditis elegans,6239,ver-3
sp|Q21038|VER3_CAEEL,1057,NKT,Caenorhabditis elegans,6239,ver-3
sp|Q21038|VER3_CAEEL,1205,NVS,Caenorhabditis elegans,6239,ver-3
sp|Q21041|VER4_CAEEL,142,NGS,Caenorhabditis elegans,6239,ver-4
sp|Q21041|VER4_CAEEL,195,NST,Caenorhabditis elegans,6239,ver-4
sp|Q21041|VER4_CAEEL,206,NDS,Caenorhabditis elegans,6239,ver-4
sp|Q21041|VER4_CAEEL,245,NYS,Caenorhabditis elegans,6239,ver-4
sp|Q21041|VER4_CAEEL,283,NQS,Caenorhabditis elegans,6239,ver-4
sp|Q21041|VER4_CAEEL,333,NLT,Caenorhabditis elegans,6239,ver-4
sp|Q21041|VER4_CAEEL,348,NRS,Caenorhabditis elegans,6239,ver-4
sp|Q21041|VER4_CAEEL,384,NES,Caenorhabditis elegans,6239,ver-4
sp|Q21041|VER4_CAEEL,402,NYT,Caenorhabditis elegans,6239,ver-4
sp|Q21041|VER4_CAEEL,412,NST,Caenorhabditis elegans,6239,ver-4
sp|Q21041|VER4_CAEEL,496,NIS,Caenorhabditis elegans,6239,ver-4
sp|Q21041|VER4_CAEEL,508,NLS,Caenorhabditis elegans,6239,ver-4
sp|Q21041|VER4_CAEEL,588,NKT,Caenorhabditis elegans,6239,ver-4
sp|Q21041|VER4_CAEEL,599,NAT,Caenorhabditis elegans,6239,ver-4
sp|Q21041|VER4_CAEEL,664,NIT,Caenorhabditis elegans,6239,ver-4
sp|Q21041|VER4_CAEEL,703,NNS,Caenorhabditis elegans,6239,ver-4
sp|Q21041|VER4_CAEEL,1127,NFS,Caenorhabditis elegans,6239,ver-4
sp|Q21065|IFA3_CAEEL,18,NRT,Caenorhabditis elegans,6239,ifa-3
sp|Q21065|IFA3_CAEEL,468,NVS,Caenorhabditis elegans,6239,ifa-3
sp|Q21065|IFA3_CAEEL,561,NNS,Caenorhabditis elegans,6239,ifa-3
sp|Q21109|ENDOU_CAEEL,201,NRT,Caenorhabditis elegans,6239,endu-1
sp|Q21154|MOMA1_CAEEL,33,NTT,Caenorhabditis elegans,6239,moma-1
sp|Q21154|MOMA1_CAEEL,196,NLS,Caenorhabditis elegans,6239,moma-1
sp|Q21194|REI2_CAEEL,47,NIS,Caenorhabditis elegans,6239,rei-2
sp|Q21194|REI2_CAEEL,344,NST,Caenorhabditis elegans,6239,rei-2
sp|Q21194|REI2_CAEEL,350,NIT,Caenorhabditis elegans,6239,rei-2
sp|Q21217|GABT_CAEEL,191,NLS,Caenorhabditis elegans,6239,gta-1
sp|Q21217|GABT_CAEEL,329,NLS,Caenorhabditis elegans,6239,gta-1
sp|Q21263|PAX2H_CAEEL,216,NKS,Caenorhabditis elegans,6239,pax-2
sp|Q21263|PAX2H_CAEEL,312,NLS,Caenorhabditis elegans,6239,pax-2
sp|Q21279|TTL15_CAEEL,132,NAS,Caenorhabditis elegans,6239,ttll-15
sp|Q21279|TTL15_CAEEL,211,NNS,Caenorhabditis elegans,6239,ttll-15
sp|Q21279|TTL15_CAEEL,371,NMS,Caenorhabditis elegans,6239,ttll-15
sp|Q21279|TTL15_CAEEL,375,NLS,Caenorhabditis elegans,6239,ttll-15
sp|Q21305|SOX2_CAEEL,166,NAT,Caenorhabditis elegans,6239,sox-2
sp|Q21305|SOX2_CAEEL,204,NSS,Caenorhabditis elegans,6239,sox-2
sp|Q21339|NAD3_CAEEL,115,NTT,Caenorhabditis elegans,6239,nac-3
sp|Q21339|NAD3_CAEEL,123,NDT,Caenorhabditis elegans,6239,nac-3
sp|Q21339|NAD3_CAEEL,561,NST,Caenorhabditis elegans,6239,nac-3
sp|Q21351|GTBP1_CAEEL,18,NLT,Caenorhabditis elegans,6239,gtbp-1
sp|Q21351|GTBP1_CAEEL,373,NDT,Caenorhabditis elegans,6239,gtbp-1
sp|Q21376|SULF1_CAEEL,103,NCT,Caenorhabditis elegans,6239,sul-1
sp|Q21376|SULF1_CAEEL,162,NYT,Caenorhabditis elegans,6239,sul-1
sp|Q21376|SULF1_CAEEL,189,NRS,Caenorhabditis elegans,6239,sul-1
sp|Q21376|SULF1_CAEEL,344,NVT,Caenorhabditis elegans,6239,sul-1
sp|Q21376|SULF1_CAEEL,468,NWS,Caenorhabditis elegans,6239,sul-1
sp|Q21376|SULF1_CAEEL,500,NFS,Caenorhabditis elegans,6239,sul-1
sp|Q21376|SULF1_CAEEL,540,NVS,Caenorhabditis elegans,6239,sul-1
sp|Q21376|SULF1_CAEEL,566,NGS,Caenorhabditis elegans,6239,sul-1
sp|Q21376|SULF1_CAEEL,610,NNT,Caenorhabditis elegans,6239,sul-1
sp|Q21376|SULF1_CAEEL,620,NET,Caenorhabditis elegans,6239,sul-1
sp|Q21554|DDB1_CAEEL,22,NFT,Caenorhabditis elegans,6239,ddb-1
sp|Q21554|DDB1_CAEEL,157,NVS,Caenorhabditis elegans,6239,ddb-1
sp|Q21554|DDB1_CAEEL,253,NTT,Caenorhabditis elegans,6239,ddb-1
sp|Q21554|DDB1_CAEEL,284,NVT,Caenorhabditis elegans,6239,ddb-1
sp|Q21554|DDB1_CAEEL,459,NDS,Caenorhabditis elegans,6239,ddb-1
sp|Q21554|DDB1_CAEEL,740,NRT,Caenorhabditis elegans,6239,ddb-1
sp|Q21554|DDB1_CAEEL,778,NTT,Caenorhabditis elegans,6239,ddb-1
sp|Q21554|DDB1_CAEEL,815,NDS,Caenorhabditis elegans,6239,ddb-1
sp|Q21554|DDB1_CAEEL,880,NSS,Caenorhabditis elegans,6239,ddb-1
sp|Q21624|CORO_CAEEL,117,NLS,Caenorhabditis elegans,6239,cor-1
sp|Q21624|CORO_CAEEL,600,NMS,Caenorhabditis elegans,6239,cor-1
sp|Q21629|EGG2_CAEEL,119,NVS,Caenorhabditis elegans,6239,egg-2
sp|Q21629|EGG2_CAEEL,244,NES,Caenorhabditis elegans,6239,egg-2
sp|Q21629|EGG2_CAEEL,527,NAT,Caenorhabditis elegans,6239,egg-2
sp|Q21770|WAGO1_CAEEL,173,NGT,Caenorhabditis elegans,6239,wago-1
sp|Q21770|WAGO1_CAEEL,264,NAT,Caenorhabditis elegans,6239,wago-1
sp|Q21770|WAGO1_CAEEL,341,NMT,Caenorhabditis elegans,6239,wago-1
sp|Q21770|WAGO1_CAEEL,444,NQS,Caenorhabditis elegans,6239,wago-1
sp|Q21770|WAGO1_CAEEL,472,NIT,Caenorhabditis elegans,6239,wago-1
sp|Q21770|WAGO1_CAEEL,649,NKT,Caenorhabditis elegans,6239,wago-1
sp|Q21770|WAGO1_CAEEL,659,NYT,Caenorhabditis elegans,6239,wago-1
sp|Q21773|DHP1_CAEEL,9,NGT,Caenorhabditis elegans,6239,dhp-1
sp|Q21773|DHP1_CAEEL,36,NIT,Caenorhabditis elegans,6239,dhp-1
sp|Q21773|DHP1_CAEEL,192,NGS,Caenorhabditis elegans,6239,dhp-1
sp|Q21773|DHP1_CAEEL,324,NCT,Caenorhabditis elegans,6239,dhp-1
sp|Q21773|DHP1_CAEEL,338,NFT,Caenorhabditis elegans,6239,dhp-1
sp|Q21773|DHP1_CAEEL,406,NAT,Caenorhabditis elegans,6239,dhp-1
sp|Q21774|PUR8_CAEEL,227,NFS,Caenorhabditis elegans,6239,adsl-1
sp|Q21774|PUR8_CAEEL,442,NFT,Caenorhabditis elegans,6239,adsl-1
sp|Q21878|NHR1_CAEEL,2,NGT,Caenorhabditis elegans,6239,nhr-1
sp|Q21878|NHR1_CAEEL,34,NGS,Caenorhabditis elegans,6239,nhr-1
sp|Q21878|NHR1_CAEEL,44,NGS,Caenorhabditis elegans,6239,nhr-1
sp|Q21902|MCM5_CAEEL,309,NFT,Caenorhabditis elegans,6239,mcm-5
sp|Q21902|MCM5_CAEEL,541,NAS,Caenorhabditis elegans,6239,mcm-5
sp|Q21917|GPA7_CAEEL,237,NCT,Caenorhabditis elegans,6239,gpa-7
sp|Q21917|GPA7_CAEEL,294,NQT,Caenorhabditis elegans,6239,gpa-7
sp|Q21917|GPA7_CAEEL,310,NRS,Caenorhabditis elegans,6239,gpa-7
sp|Q21986|NAA25_CAEEL,41,NTS,Caenorhabditis elegans,6239,cra-1
sp|Q21986|NAA25_CAEEL,113,NLT,Caenorhabditis elegans,6239,cra-1
sp|Q21986|NAA25_CAEEL,456,NLT,Caenorhabditis elegans,6239,cra-1
sp|Q21986|NAA25_CAEEL,489,NKT,Caenorhabditis elegans,6239,cra-1
sp|Q21988|KDM1B_CAEEL,197,NIS,Caenorhabditis elegans,6239,amx-1
sp|Q21988|KDM1B_CAEEL,534,NLS,Caenorhabditis elegans,6239,amx-1
sp|Q21988|KDM1B_CAEEL,620,NHS,Caenorhabditis elegans,6239,amx-1
sp|Q22006|PRO1_CAEEL,140,NIT,Caenorhabditis elegans,6239,pro-1
sp|Q22006|PRO1_CAEEL,199,NGS,Caenorhabditis elegans,6239,pro-1
sp|Q22006|PRO1_CAEEL,492,NSS,Caenorhabditis elegans,6239,pro-1
sp|Q22037|ROA1_CAEEL,10,NGS,Caenorhabditis elegans,6239,hrp-1
sp|Q22037|ROA1_CAEEL,33,NTT,Caenorhabditis elegans,6239,hrp-1
sp|Q22037|ROA1_CAEEL,105,NRS,Caenorhabditis elegans,6239,hrp-1
sp|Q22037|ROA1_CAEEL,110,NVS,Caenorhabditis elegans,6239,hrp-1
sp|Q22070|PLCG_CAEEL,299,NRT,Caenorhabditis elegans,6239,plc-3
sp|Q22070|PLCG_CAEEL,455,NCS,Caenorhabditis elegans,6239,plc-3
sp|Q22070|PLCG_CAEEL,542,NNS,Caenorhabditis elegans,6239,plc-3
sp|Q22070|PLCG_CAEEL,1037,NGS,Caenorhabditis elegans,6239,plc-3
sp|Q22070|PLCG_CAEEL,1045,NYS,Caenorhabditis elegans,6239,plc-3
sp|Q22070|PLCG_CAEEL,1166,NQT,Caenorhabditis elegans,6239,plc-3
sp|Q22100|THILH_CAEEL,262,NAS,Caenorhabditis elegans,6239,kat-1
sp|Q22125|ZIG6_CAEEL,91,NSS,Caenorhabditis elegans,6239,zig-6
sp|Q22125|ZIG6_CAEEL,142,NIS,Caenorhabditis elegans,6239,zig-6
sp|Q22127|NHR40_CAEEL,146,NTS,Caenorhabditis elegans,6239,nhr-40
sp|Q22127|NHR40_CAEEL,436,NRT,Caenorhabditis elegans,6239,nhr-40
sp|Q22156|ATF4H_CAEEL,19,NQT,Caenorhabditis elegans,6239,atf-4
sp|Q22156|ATF4H_CAEEL,110,NSS,Caenorhabditis elegans,6239,atf-4
sp|Q22156|ATF4H_CAEEL,118,NWS,Caenorhabditis elegans,6239,atf-4
sp|Q22235|ENPL1_CAEEL,95,NAS,Caenorhabditis elegans,6239,enpl-1
sp|Q22235|ENPL1_CAEEL,423,NVS,Caenorhabditis elegans,6239,enpl-1
sp|Q22236|SPO11_CAEEL,143,NES,Caenorhabditis elegans,6239,spo-11
sp|Q22236|SPO11_CAEEL,422,NDS,Caenorhabditis elegans,6239,spo-11
sp|Q22289|TBX9_CAEEL,114,NYS,Caenorhabditis elegans,6239,tbx-9
sp|Q22289|TBX9_CAEEL,120,NAS,Caenorhabditis elegans,6239,tbx-9
sp|Q22289|TBX9_CAEEL,196,NLS,Caenorhabditis elegans,6239,tbx-9
sp|Q22292|TBX8_CAEEL,121,NAS,Caenorhabditis elegans,6239,tbx-8
sp|Q22328|LEV9_CAEEL,411,NST,Caenorhabditis elegans,6239,lev-9
sp|Q22347|ACADM_CAEEL,176,NGS,Caenorhabditis elegans,6239,acdh-10
sp|Q22347|ACADM_CAEEL,343,NAS,Caenorhabditis elegans,6239,acdh-10
sp|Q22347|ACADM_CAEEL,412,NGT,Caenorhabditis elegans,6239,acdh-10
sp|Q22531|AMP2_CAEEL,110,NFT,Caenorhabditis elegans,6239,T16G12.1
sp|Q22531|AMP2_CAEEL,534,NVT,Caenorhabditis elegans,6239,T16G12.1
sp|Q22531|AMP2_CAEEL,581,NYT,Caenorhabditis elegans,6239,T16G12.1
sp|Q22531|AMP2_CAEEL,785,NRT,Caenorhabditis elegans,6239,T16G12.1
sp|Q22531|AMP2_CAEEL,803,NGT,Caenorhabditis elegans,6239,T16G12.1
sp|Q22531|AMP2_CAEEL,914,NST,Caenorhabditis elegans,6239,T16G12.1
sp|Q22531|AMP2_CAEEL,1024,NMT,Caenorhabditis elegans,6239,T16G12.1
sp|Q22531|AMP2_CAEEL,1094,NNT,Caenorhabditis elegans,6239,T16G12.1
sp|Q22531|AMP2_CAEEL,1245,NVT,Caenorhabditis elegans,6239,T16G12.1
sp|Q22531|AMP2_CAEEL,1433,NAS,Caenorhabditis elegans,6239,T16G12.1
sp|Q22531|AMP2_CAEEL,1451,NIT,Caenorhabditis elegans,6239,T16G12.1
sp|Q22531|AMP2_CAEEL,1521,NFT,Caenorhabditis elegans,6239,T16G12.1
sp|Q22531|AMP2_CAEEL,1826,NWS,Caenorhabditis elegans,6239,T16G12.1
sp|Q22531|AMP2_CAEEL,1841,NSS,Caenorhabditis elegans,6239,T16G12.1
sp|Q22560|IMA1_CAEEL,94,NNT,Caenorhabditis elegans,6239,ima-1
sp|Q22560|IMA1_CAEEL,160,NIS,Caenorhabditis elegans,6239,ima-1
sp|Q22560|IMA1_CAEEL,208,NMS,Caenorhabditis elegans,6239,ima-1
sp|Q22560|IMA1_CAEEL,333,NVS,Caenorhabditis elegans,6239,ima-1
sp|Q22619|NDUS8_CAEEL,44,NET,Caenorhabditis elegans,6239,T20H4.5
sp|Q22639|VPS54_CAEEL,151,NLS,Caenorhabditis elegans,6239,vps-54
sp|Q22639|VPS54_CAEEL,635,NAS,Caenorhabditis elegans,6239,vps-54
sp|Q22639|VPS54_CAEEL,681,NAS,Caenorhabditis elegans,6239,vps-54
sp|Q22687|IL171_CAEEL,70,NSS,Caenorhabditis elegans,6239,ilc-17.1
sp|Q22708|SYM2_CAEEL,43,NNS,Caenorhabditis elegans,6239,sym-2
sp|Q22708|SYM2_CAEEL,64,NIT,Caenorhabditis elegans,6239,sym-2
sp|Q22708|SYM2_CAEEL,371,NSS,Caenorhabditis elegans,6239,sym-2
sp|Q22708|SYM2_CAEEL,547,NFT,Caenorhabditis elegans,6239,sym-2
sp|Q22747|TM201_CAEEL,101,NMS,Caenorhabditis elegans,6239,samp-1
sp|Q22747|TM201_CAEEL,305,NLS,Caenorhabditis elegans,6239,samp-1
sp|Q22747|TM201_CAEEL,366,NAS,Caenorhabditis elegans,6239,samp-1
sp|Q22747|TM201_CAEEL,392,NSS,Caenorhabditis elegans,6239,samp-1
sp|Q22747|TM201_CAEEL,505,NHT,Caenorhabditis elegans,6239,samp-1
sp|Q22829|PAT9_CAEEL,3,NRT,Caenorhabditis elegans,6239,pat-9
sp|Q22829|PAT9_CAEEL,166,NET,Caenorhabditis elegans,6239,pat-9
sp|Q22829|PAT9_CAEEL,309,NLS,Caenorhabditis elegans,6239,pat-9
sp|Q22829|PAT9_CAEEL,392,NGS,Caenorhabditis elegans,6239,pat-9
sp|Q22835|ZIP10_CAEEL,163,NHS,Caenorhabditis elegans,6239,zip-10
sp|Q22908|RASEF_CAEEL,346,NES,Caenorhabditis elegans,6239,rsef-1
sp|Q22909|HM30_CAEEL,53,NNS,Caenorhabditis elegans,6239,ceh-30
sp|Q22909|HM30_CAEEL,166,NLS,Caenorhabditis elegans,6239,ceh-30
sp|Q22918|IF5_CAEEL,38,NMS,Caenorhabditis elegans,6239,C37C3.2
sp|Q23122|SYAM_CAEEL,114,NWS,Caenorhabditis elegans,6239,aars-1
sp|Q23122|SYAM_CAEEL,263,NKT,Caenorhabditis elegans,6239,aars-1
sp|Q23122|SYAM_CAEEL,748,NYT,Caenorhabditis elegans,6239,aars-1
sp|Q23192|ATAT2_CAEEL,78,NGS,Caenorhabditis elegans,6239,atat-2
sp|Q23192|ATAT2_CAEEL,139,NVT,Caenorhabditis elegans,6239,atat-2
sp|Q23192|ATAT2_CAEEL,213,NTS,Caenorhabditis elegans,6239,atat-2
sp|Q23256|WDR53_CAEEL,70,NQS,Caenorhabditis elegans,6239,wdr-5.3
sp|Q23256|WDR53_CAEEL,433,NMS,Caenorhabditis elegans,6239,wdr-5.3
sp|Q23270|TRM1_CAEEL,6,NSS,Caenorhabditis elegans,6239,trm-1
sp|Q23270|TRM1_CAEEL,475,NFT,Caenorhabditis elegans,6239,trm-1
sp|Q23270|TRM1_CAEEL,513,NST,Caenorhabditis elegans,6239,trm-1
sp|Q23280|DAF41_CAEEL,171,NGT,Caenorhabditis elegans,6239,daf-41
sp|Q23295|MPPB_CAEEL,69,NGT,Caenorhabditis elegans,6239,mppb-1
sp|Q23295|MPPB_CAEEL,135,NSS,Caenorhabditis elegans,6239,mppb-1
sp|Q23424|FZO1_CAEEL,405,NES,Caenorhabditis elegans,6239,fzo-1
sp|Q23424|FZO1_CAEEL,417,NFT,Caenorhabditis elegans,6239,fzo-1
sp|Q23424|FZO1_CAEEL,626,NGS,Caenorhabditis elegans,6239,fzo-1
sp|Q23497|NPR9_CAEEL,5,NLT,Caenorhabditis elegans,6239,npr-9
sp|Q23497|NPR9_CAEEL,61,NST,Caenorhabditis elegans,6239,npr-9
sp|Q23497|NPR9_CAEEL,243,NLT,Caenorhabditis elegans,6239,npr-9
sp|Q23497|NPR9_CAEEL,373,NQT,Caenorhabditis elegans,6239,npr-9
sp|Q23497|NPR9_CAEEL,398,NSS,Caenorhabditis elegans,6239,npr-9
sp|Q23500|ACOHC_CAEEL,140,NQS,Caenorhabditis elegans,6239,aco-1
sp|Q23500|ACOHC_CAEEL,344,NFT,Caenorhabditis elegans,6239,aco-1
sp|Q23500|ACOHC_CAEEL,438,NTS,Caenorhabditis elegans,6239,aco-1
sp|Q23500|ACOHC_CAEEL,850,NVS,Caenorhabditis elegans,6239,aco-1
sp|Q23500|ACOHC_CAEEL,853,NGS,Caenorhabditis elegans,6239,aco-1
sp|Q23628|LON3_CAEEL,107,NVS,Caenorhabditis elegans,6239,lon-3
sp|Q23652|USIP1_CAEEL,24,NDT,Caenorhabditis elegans,6239,usip-1
sp|Q23652|USIP1_CAEEL,91,NNT,Caenorhabditis elegans,6239,usip-1
sp|Q23652|USIP1_CAEEL,274,NVS,Caenorhabditis elegans,6239,usip-1
sp|Q23652|USIP1_CAEEL,438,NIS,Caenorhabditis elegans,6239,usip-1
sp|Q27365|LI15A_CAEEL,152,NST,Caenorhabditis elegans,6239,lin-15A
sp|Q27365|LI15A_CAEEL,340,NGS,Caenorhabditis elegans,6239,lin-15A
sp|Q27365|LI15A_CAEEL,374,NLS,Caenorhabditis elegans,6239,lin-15A
sp|Q27365|LI15A_CAEEL,434,NQS,Caenorhabditis elegans,6239,lin-15A
sp|Q27365|LI15A_CAEEL,535,NGT,Caenorhabditis elegans,6239,lin-15A
sp|Q27365|LI15A_CAEEL,656,NKT,Caenorhabditis elegans,6239,lin-15A
sp|Q27395|LI15B_CAEEL,111,NVT,Caenorhabditis elegans,6239,lin-15B
sp|Q27395|LI15B_CAEEL,129,NYT,Caenorhabditis elegans,6239,lin-15B
sp|Q27395|LI15B_CAEEL,323,NET,Caenorhabditis elegans,6239,lin-15B
sp|Q27395|LI15B_CAEEL,350,NNS,Caenorhabditis elegans,6239,lin-15B
sp|Q27395|LI15B_CAEEL,567,NNT,Caenorhabditis elegans,6239,lin-15B
sp|Q27395|LI15B_CAEEL,588,NIS,Caenorhabditis elegans,6239,lin-15B
sp|Q27395|LI15B_CAEEL,757,NRT,Caenorhabditis elegans,6239,lin-15B
sp|Q27395|LI15B_CAEEL,850,NQT,Caenorhabditis elegans,6239,lin-15B
sp|Q27395|LI15B_CAEEL,954,NVT,Caenorhabditis elegans,6239,lin-15B
sp|Q27474|DNLI1_CAEEL,281,NQT,Caenorhabditis elegans,6239,lig-1
sp|Q27474|DNLI1_CAEEL,314,NNT,Caenorhabditis elegans,6239,lig-1
sp|Q27474|DNLI1_CAEEL,365,NAT,Caenorhabditis elegans,6239,lig-1
sp|Q27474|DNLI1_CAEEL,421,NDT,Caenorhabditis elegans,6239,lig-1
sp|Q27474|DNLI1_CAEEL,650,NMT,Caenorhabditis elegans,6239,lig-1
sp|Q27474|DNLI1_CAEEL,653,NVS,Caenorhabditis elegans,6239,lig-1
sp|Q27474|DNLI1_CAEEL,693,NKS,Caenorhabditis elegans,6239,lig-1
sp|Q27483|PFKA2_CAEEL,68,NVT,Caenorhabditis elegans,6239,pfk-1.2
sp|Q27483|PFKA2_CAEEL,430,NHS,Caenorhabditis elegans,6239,pfk-1.2
sp|Q27483|PFKA2_CAEEL,513,NRS,Caenorhabditis elegans,6239,pfk-1.2
sp|Q27483|PFKA2_CAEEL,557,NIS,Caenorhabditis elegans,6239,pfk-1.2
sp|Q27493|RPA2_CAEEL,93,NGS,Caenorhabditis elegans,6239,rpoa-2
sp|Q27493|RPA2_CAEEL,143,NGS,Caenorhabditis elegans,6239,rpoa-2
sp|Q27493|RPA2_CAEEL,188,NHT,Caenorhabditis elegans,6239,rpoa-2
sp|Q27493|RPA2_CAEEL,394,NHT,Caenorhabditis elegans,6239,rpoa-2
sp|Q27493|RPA2_CAEEL,659,NQS,Caenorhabditis elegans,6239,rpoa-2
sp|Q27493|RPA2_CAEEL,950,NET,Caenorhabditis elegans,6239,rpoa-2
sp|Q27493|RPA2_CAEEL,1034,NCS,Caenorhabditis elegans,6239,rpoa-2
sp|Q27533|YH2M_CAEEL,70,NVS,Caenorhabditis elegans,6239,W08D2.5
sp|Q27533|YH2M_CAEEL,82,NAT,Caenorhabditis elegans,6239,W08D2.5
sp|Q27533|YH2M_CAEEL,285,NGT,Caenorhabditis elegans,6239,W08D2.5
sp|Q27533|YH2M_CAEEL,291,NES,Caenorhabditis elegans,6239,W08D2.5
sp|Q27533|YH2M_CAEEL,312,NDS,Caenorhabditis elegans,6239,W08D2.5
sp|Q27533|YH2M_CAEEL,500,NRT,Caenorhabditis elegans,6239,W08D2.5
sp|Q3LFN0|S52AA_CAEEL,171,NKT,Caenorhabditis elegans,6239,rft-1
sp|Q3LFN0|S52AA_CAEEL,212,NSS,Caenorhabditis elegans,6239,rft-1
sp|Q4JFH9|CRH2_CAEEL,2,NSS,Caenorhabditis elegans,6239,crh-2
sp|Q4JFH9|CRH2_CAEEL,69,NQS,Caenorhabditis elegans,6239,crh-2
sp|Q4JFH9|CRH2_CAEEL,245,NIT,Caenorhabditis elegans,6239,crh-2
sp|Q4JFH9|CRH2_CAEEL,321,NKS,Caenorhabditis elegans,6239,crh-2
sp|Q5CZ37|FITM2_CAEEL,21,NST,Caenorhabditis elegans,6239,fitm-2
sp|Q5DX34|RPGRH_CAEEL,15,NSS,Caenorhabditis elegans,6239,glo-4
sp|Q5DX34|RPGRH_CAEEL,33,NNT,Caenorhabditis elegans,6239,glo-4
sp|Q5DX34|RPGRH_CAEEL,127,NVS,Caenorhabditis elegans,6239,glo-4
sp|Q5DX34|RPGRH_CAEEL,411,NLT,Caenorhabditis elegans,6239,glo-4
sp|Q5DX34|RPGRH_CAEEL,480,NLS,Caenorhabditis elegans,6239,glo-4
sp|Q5DX34|RPGRH_CAEEL,492,NES,Caenorhabditis elegans,6239,glo-4
sp|Q5DX34|RPGRH_CAEEL,608,NST,Caenorhabditis elegans,6239,glo-4
sp|Q5DX34|RPGRH_CAEEL,720,NFT,Caenorhabditis elegans,6239,glo-4
sp|Q5DX34|RPGRH_CAEEL,859,NNS,Caenorhabditis elegans,6239,glo-4
sp|Q5DX34|RPGRH_CAEEL,986,NGS,Caenorhabditis elegans,6239,glo-4
sp|Q5DX34|RPGRH_CAEEL,1072,NVS,Caenorhabditis elegans,6239,glo-4
sp|Q5DX34|RPGRH_CAEEL,1078,NHT,Caenorhabditis elegans,6239,glo-4
sp|Q5DX34|RPGRH_CAEEL,1192,NGS,Caenorhabditis elegans,6239,glo-4
sp|Q5WRS0|AAIM1_CAEEL,46,NIT,Caenorhabditis elegans,6239,aaim-1
sp|Q5WRS0|AAIM1_CAEEL,127,NDT,Caenorhabditis elegans,6239,aaim-1
sp|Q5WRS0|AAIM1_CAEEL,447,NFT,Caenorhabditis elegans,6239,aaim-1
sp|Q5WRU0|OIG4_CAEEL,55,NRS,Caenorhabditis elegans,6239,oig-4
sp|Q5WRU0|OIG4_CAEEL,114,NDT,Caenorhabditis elegans,6239,oig-4
sp|Q65CM0|NHR76_CAEEL,85,NSS,Caenorhabditis elegans,6239,nhr-76
sp|Q65CM0|NHR76_CAEEL,238,NGS,Caenorhabditis elegans,6239,nhr-76
sp|Q65CM0|NHR76_CAEEL,400,NLS,Caenorhabditis elegans,6239,nhr-76
sp|Q65ZG6|KLF3_CAEEL,266,NCS,Caenorhabditis elegans,6239,klf-3
sp|Q69Z08|RPI1_CAEEL,292,NVT,Caenorhabditis elegans,6239,rpi-1
sp|Q69Z08|RPI1_CAEEL,338,NRS,Caenorhabditis elegans,6239,rpi-1
sp|Q6BER5|NU301_CAEEL,18,NSS,Caenorhabditis elegans,6239,nurf-1
sp|Q6BER5|NU301_CAEEL,153,NLT,Caenorhabditis elegans,6239,nurf-1
sp|Q6BER5|NU301_CAEEL,234,NNS,Caenorhabditis elegans,6239,nurf-1
sp|Q6BER5|NU301_CAEEL,267,NNS,Caenorhabditis elegans,6239,nurf-1
sp|Q6BER5|NU301_CAEEL,1229,NNS,Caenorhabditis elegans,6239,nurf-1
sp|Q6BER5|NU301_CAEEL,1309,NKS,Caenorhabditis elegans,6239,nurf-1
sp|Q6BER5|NU301_CAEEL,1316,NST,Caenorhabditis elegans,6239,nurf-1
sp|Q6BER5|NU301_CAEEL,1663,NKT,Caenorhabditis elegans,6239,nurf-1
sp|Q6BER5|NU301_CAEEL,1699,NDS,Caenorhabditis elegans,6239,nurf-1
sp|Q6BER5|NU301_CAEEL,1739,NDS,Caenorhabditis elegans,6239,nurf-1
sp|Q6BER5|NU301_CAEEL,1839,NVS,Caenorhabditis elegans,6239,nurf-1
sp|Q6BER5|NU301_CAEEL,1849,NLS,Caenorhabditis elegans,6239,nurf-1
sp|Q6BER5|NU301_CAEEL,1896,NLS,Caenorhabditis elegans,6239,nurf-1
sp|Q6DNF3|GCY37_CAEEL,369,NQS,Caenorhabditis elegans,6239,gcy-37
sp|Q6DNF3|GCY37_CAEEL,449,NCS,Caenorhabditis elegans,6239,gcy-37
sp|Q6DNF3|GCY37_CAEEL,556,NVT,Caenorhabditis elegans,6239,gcy-37
sp|Q6DNF3|GCY37_CAEEL,627,NDS,Caenorhabditis elegans,6239,gcy-37
sp|Q6DNF3|GCY37_CAEEL,640,NGT,Caenorhabditis elegans,6239,gcy-37
sp|Q6DNF3|GCY37_CAEEL,689,NDS,Caenorhabditis elegans,6239,gcy-37
sp|Q6DNF7|GCY32_CAEEL,193,NLS,Caenorhabditis elegans,6239,gcy-32
sp|Q6QMT2|BRE2_CAEEL,73,NYT,Caenorhabditis elegans,6239,bre-2
sp|Q6QMT2|BRE2_CAEEL,163,NLS,Caenorhabditis elegans,6239,bre-2
sp|Q6QMT2|BRE2_CAEEL,209,NTS,Caenorhabditis elegans,6239,bre-2
sp|Q7JKP6|HSR9_CAEEL,107,NDS,Caenorhabditis elegans,6239,hsr-9
sp|Q7JKP6|HSR9_CAEEL,148,NDT,Caenorhabditis elegans,6239,hsr-9
sp|Q7JKP6|HSR9_CAEEL,340,NST,Caenorhabditis elegans,6239,hsr-9
sp|Q7JKP6|HSR9_CAEEL,714,NLS,Caenorhabditis elegans,6239,hsr-9
sp|Q7JKP6|HSR9_CAEEL,795,NES,Caenorhabditis elegans,6239,hsr-9
sp|Q7JKP6|HSR9_CAEEL,866,NIT,Caenorhabditis elegans,6239,hsr-9
sp|Q7JKP6|HSR9_CAEEL,939,NRS,Caenorhabditis elegans,6239,hsr-9
sp|Q7JKP6|HSR9_CAEEL,1007,NNT,Caenorhabditis elegans,6239,hsr-9
sp|Q7JKY3|DPF1_CAEEL,18,NES,Caenorhabditis elegans,6239,dpf-1
sp|Q7JKY3|DPF1_CAEEL,64,NVS,Caenorhabditis elegans,6239,dpf-1
sp|Q7JKY3|DPF1_CAEEL,138,NET,Caenorhabditis elegans,6239,dpf-1
sp|Q7JKY3|DPF1_CAEEL,267,NVS,Caenorhabditis elegans,6239,dpf-1
sp|Q7JKY3|DPF1_CAEEL,335,NGT,Caenorhabditis elegans,6239,dpf-1
sp|Q7JKY3|DPF1_CAEEL,481,NCT,Caenorhabditis elegans,6239,dpf-1
sp|Q7JKY3|DPF1_CAEEL,512,NLT,Caenorhabditis elegans,6239,dpf-1
sp|Q7JLI1|NAS31_CAEEL,53,NLS,Caenorhabditis elegans,6239,nas-31
sp|Q7JLI1|NAS31_CAEEL,67,NWS,Caenorhabditis elegans,6239,nas-31
sp|Q7JLI1|NAS31_CAEEL,200,NVT,Caenorhabditis elegans,6239,nas-31
sp|Q7JLI1|NAS31_CAEEL,424,NHT,Caenorhabditis elegans,6239,nas-31
sp|Q7JLI1|NAS31_CAEEL,568,NAS,Caenorhabditis elegans,6239,nas-31
sp|Q7YTU4|ERO1_CAEEL,377,NIS,Caenorhabditis elegans,6239,ero-1
sp|Q7YX32|FLP16_CAEEL,2,NFS,Caenorhabditis elegans,6239,flp-16
sp|Q7YZT6|TPS1_CAEEL,236,NHS,Caenorhabditis elegans,6239,tps-1
sp|Q7YZT6|TPS1_CAEEL,328,NVS,Caenorhabditis elegans,6239,tps-1
sp|Q7YZT6|TPS1_CAEEL,1150,NGT,Caenorhabditis elegans,6239,tps-1
sp|Q7YZT6|TPS1_CAEEL,1175,NGT,Caenorhabditis elegans,6239,tps-1
sp|Q7YZT6|TPS1_CAEEL,1217,NMS,Caenorhabditis elegans,6239,tps-1
sp|Q7YZT6|TPS1_CAEEL,1229,NES,Caenorhabditis elegans,6239,tps-1
sp|Q7YZW5|VEM1_CAEEL,71,NGT,Caenorhabditis elegans,6239,vem-1
sp|Q7YZW5|VEM1_CAEEL,148,NSS,Caenorhabditis elegans,6239,vem-1
sp|Q86DC6|IFD1_CAEEL,227,NAT,Caenorhabditis elegans,6239,ifd-1
sp|Q86DC6|IFD1_CAEEL,442,NKT,Caenorhabditis elegans,6239,ifd-1
sp|Q86ME2|DRL1_CAEEL,12,NNT,Caenorhabditis elegans,6239,drl-1
sp|Q86ME2|DRL1_CAEEL,233,NAS,Caenorhabditis elegans,6239,drl-1
sp|Q86ME2|DRL1_CAEEL,513,NNS,Caenorhabditis elegans,6239,drl-1
sp|Q86S40|ADPGK_CAEEL,89,NTT,Caenorhabditis elegans,6239,C50D2.7
sp|Q86S40|ADPGK_CAEEL,190,NST,Caenorhabditis elegans,6239,C50D2.7
sp|Q86S66|NACA_CAEEL,169,NTT,Caenorhabditis elegans,6239,icd-2
sp|Q8I4N3|NDC1_CAEEL,47,NRT,Caenorhabditis elegans,6239,npp-22
sp|Q8I4N3|NDC1_CAEEL,216,NFS,Caenorhabditis elegans,6239,npp-22
sp|Q8I4N3|NDC1_CAEEL,239,NIS,Caenorhabditis elegans,6239,npp-22
sp|Q8MQA7|ELT4_CAEEL,20,NGT,Caenorhabditis elegans,6239,elt-4
sp|Q8MQA7|ELT4_CAEEL,23,NTT,Caenorhabditis elegans,6239,elt-4
sp|Q8TA83|DNJ10_CAEEL,5,NRS,Caenorhabditis elegans,6239,dnj-10
sp|Q8TA83|DNJ10_CAEEL,76,NKT,Caenorhabditis elegans,6239,dnj-10
sp|Q8TA83|DNJ10_CAEEL,182,NVS,Caenorhabditis elegans,6239,dnj-10
sp|Q8TA83|DNJ10_CAEEL,212,NGT,Caenorhabditis elegans,6239,dnj-10
sp|Q8WQC0|RGS7_CAEEL,490,NNT,Caenorhabditis elegans,6239,rgs-7
sp|Q8WQC0|RGS7_CAEEL,542,NGS,Caenorhabditis elegans,6239,rgs-7
sp|Q8WQC0|RGS7_CAEEL,568,NNS,Caenorhabditis elegans,6239,rgs-7
sp|Q93170|OSGP2_CAEEL,20,NYS,Caenorhabditis elegans,6239,osgl-1
sp|Q93170|OSGP2_CAEEL,324,NVT,Caenorhabditis elegans,6239,osgl-1
sp|Q93170|OSGP2_CAEEL,352,NRS,Caenorhabditis elegans,6239,osgl-1
sp|Q93235|AT1B1_CAEEL,8,NAT,Caenorhabditis elegans,6239,nkb-1
sp|Q93235|AT1B1_CAEEL,38,NGT,Caenorhabditis elegans,6239,nkb-1
sp|Q93235|AT1B1_CAEEL,140,NAT,Caenorhabditis elegans,6239,nkb-1
sp|Q93348|IRX_CAEEL,121,NAT,Caenorhabditis elegans,6239,irx-1
sp|Q93442|MED13_CAEEL,101,NFS,Caenorhabditis elegans,6239,let-19
sp|Q93442|MED13_CAEEL,287,NVS,Caenorhabditis elegans,6239,let-19
sp|Q93442|MED13_CAEEL,1116,NQS,Caenorhabditis elegans,6239,let-19
sp|Q93442|MED13_CAEEL,1364,NQS,Caenorhabditis elegans,6239,let-19
sp|Q93442|MED13_CAEEL,1439,NMS,Caenorhabditis elegans,6239,let-19
sp|Q93442|MED13_CAEEL,1603,NCT,Caenorhabditis elegans,6239,let-19
sp|Q93442|MED13_CAEEL,1737,NTS,Caenorhabditis elegans,6239,let-19
sp|Q93442|MED13_CAEEL,1941,NQT,Caenorhabditis elegans,6239,let-19
sp|Q93442|MED13_CAEEL,2053,NMT,Caenorhabditis elegans,6239,let-19
sp|Q93442|MED13_CAEEL,2532,NKT,Caenorhabditis elegans,6239,let-19
sp|Q93442|MED13_CAEEL,2581,NKT,Caenorhabditis elegans,6239,let-19
sp|Q93459|NUBP1_CAEEL,129,NLT,Caenorhabditis elegans,6239,nubp-1
sp|Q93655|NAD1_CAEEL,183,NSS,Caenorhabditis elegans,6239,nac-1
sp|Q93655|NAD1_CAEEL,573,NIT,Caenorhabditis elegans,6239,nac-1
sp|Q93712|MFAP1_CAEEL,15,NRS,Caenorhabditis elegans,6239,mfap-1
sp|Q93727|SPTF1_CAEEL,167,NIT,Caenorhabditis elegans,6239,sptf-1
sp|Q93727|SPTF1_CAEEL,199,NSS,Caenorhabditis elegans,6239,sptf-1
sp|Q93727|SPTF1_CAEEL,272,NKS,Caenorhabditis elegans,6239,sptf-1
sp|Q93743|GPA6_CAEEL,20,NSS,Caenorhabditis elegans,6239,gpa-6
sp|Q93789|LIPL1_CAEEL,66,NVT,Caenorhabditis elegans,6239,lipl-1
sp|Q93789|LIPL1_CAEEL,273,NAT,Caenorhabditis elegans,6239,lipl-1
sp|Q93789|LIPL1_CAEEL,403,NGS,Caenorhabditis elegans,6239,lipl-1
sp|Q93847|WDR52_CAEEL,296,NNT,Caenorhabditis elegans,6239,wdr-5.2
sp|Q93847|WDR52_CAEEL,326,NFS,Caenorhabditis elegans,6239,wdr-5.2
sp|Q93873|NDUS2_CAEEL,86,NYS,Caenorhabditis elegans,6239,gas-1
sp|Q93899|VAB7_CAEEL,174,NGS,Caenorhabditis elegans,6239,vab-7
sp|Q93899|VAB7_CAEEL,201,NST,Caenorhabditis elegans,6239,vab-7
sp|Q93899|VAB7_CAEEL,219,NTS,Caenorhabditis elegans,6239,vab-7
sp|Q93899|VAB7_CAEEL,231,NFS,Caenorhabditis elegans,6239,vab-7
sp|Q93903|GFI3_CAEEL,27,NLT,Caenorhabditis elegans,6239,gfi-3
sp|Q93903|GFI3_CAEEL,145,NDT,Caenorhabditis elegans,6239,gfi-3
sp|Q93903|GFI3_CAEEL,165,NHS,Caenorhabditis elegans,6239,gfi-3
sp|Q93903|GFI3_CAEEL,531,NLS,Caenorhabditis elegans,6239,gfi-3
sp|Q93903|GFI3_CAEEL,669,NTT,Caenorhabditis elegans,6239,gfi-3
sp|Q94129|WRT4_CAEEL,125,NAS,Caenorhabditis elegans,6239,wrt-4
sp|Q94129|WRT4_CAEEL,378,NGS,Caenorhabditis elegans,6239,wrt-4
sp|Q94129|WRT4_CAEEL,503,NYS,Caenorhabditis elegans,6239,wrt-4
sp|Q94250|MBL_CAEEL,125,NQT,Caenorhabditis elegans,6239,mbl-1
sp|Q94250|MBL_CAEEL,222,NSS,Caenorhabditis elegans,6239,mbl-1
sp|Q94263|MIRO1_CAEEL,55,NVT,Caenorhabditis elegans,6239,miro-1
sp|Q94263|MIRO1_CAEEL,123,NKS,Caenorhabditis elegans,6239,miro-1
sp|Q94263|MIRO1_CAEEL,130,NNT,Caenorhabditis elegans,6239,miro-1
sp|Q94263|MIRO1_CAEEL,158,NVS,Caenorhabditis elegans,6239,miro-1
sp|Q94263|MIRO1_CAEEL,247,NDS,Caenorhabditis elegans,6239,miro-1
sp|Q94263|MIRO1_CAEEL,371,NMT,Caenorhabditis elegans,6239,miro-1
sp|Q94263|MIRO1_CAEEL,377,NLT,Caenorhabditis elegans,6239,miro-1
sp|Q94263|MIRO1_CAEEL,599,NDS,Caenorhabditis elegans,6239,miro-1
sp|Q94272|FAAA_CAEEL,392,NLS,Caenorhabditis elegans,6239,fah-1
sp|Q94316|ADA17_CAEEL,59,NHS,Caenorhabditis elegans,6239,adm-4
sp|Q94316|ADA17_CAEEL,206,NNT,Caenorhabditis elegans,6239,adm-4
sp|Q94316|ADA17_CAEEL,262,NAS,Caenorhabditis elegans,6239,adm-4
sp|Q94316|ADA17_CAEEL,501,NST,Caenorhabditis elegans,6239,adm-4
sp|Q94316|ADA17_CAEEL,581,NGT,Caenorhabditis elegans,6239,adm-4
sp|Q94316|ADA17_CAEEL,663,NFT,Caenorhabditis elegans,6239,adm-4
sp|Q95PZ0|CSN6_CAEEL,108,NLT,Caenorhabditis elegans,6239,csn-6
sp|Q95PZ0|CSN6_CAEEL,417,NES,Caenorhabditis elegans,6239,csn-6
sp|Q95PZ2|MICU1_CAEEL,14,NAS,Caenorhabditis elegans,6239,micu-1
sp|Q95PZ2|MICU1_CAEEL,258,NFS,Caenorhabditis elegans,6239,micu-1
sp|Q95PZ2|MICU1_CAEEL,320,NQS,Caenorhabditis elegans,6239,micu-1
sp|Q95Q00|SUCH1_CAEEL,24,NIT,Caenorhabditis elegans,6239,such-1
sp|Q95Q00|SUCH1_CAEEL,176,NGT,Caenorhabditis elegans,6239,such-1
sp|Q95Q00|SUCH1_CAEEL,273,NSS,Caenorhabditis elegans,6239,such-1
sp|Q95Q00|SUCH1_CAEEL,451,NST,Caenorhabditis elegans,6239,such-1
sp|Q95Q17|MED7_CAEEL,30,NGS,Caenorhabditis elegans,6239,let-49
sp|Q95Q17|MED7_CAEEL,83,NRS,Caenorhabditis elegans,6239,let-49
sp|Q95Q62|IP3KH_CAEEL,58,NIT,Caenorhabditis elegans,6239,lfe-2
sp|Q95Q62|IP3KH_CAEEL,231,NIS,Caenorhabditis elegans,6239,lfe-2
sp|Q95Q98|JHD1_CAEEL,268,NIT,Caenorhabditis elegans,6239,jhdm-1
sp|Q95Q98|JHD1_CAEEL,421,NRT,Caenorhabditis elegans,6239,jhdm-1
sp|Q95Q98|JHD1_CAEEL,958,NSS,Caenorhabditis elegans,6239,jhdm-1
sp|Q95Q98|JHD1_CAEEL,962,NSS,Caenorhabditis elegans,6239,jhdm-1
sp|Q95Q98|JHD1_CAEEL,984,NTS,Caenorhabditis elegans,6239,jhdm-1
sp|Q95Q98|JHD1_CAEEL,1003,NDS,Caenorhabditis elegans,6239,jhdm-1
sp|Q95Q98|JHD1_CAEEL,1074,NDS,Caenorhabditis elegans,6239,jhdm-1
sp|Q95QD1|TM135_CAEEL,199,NVS,Caenorhabditis elegans,6239,tmem-135
sp|Q95QD1|TM135_CAEEL,248,NMT,Caenorhabditis elegans,6239,tmem-135
sp|Q95QD1|TM135_CAEEL,299,NAT,Caenorhabditis elegans,6239,tmem-135
sp|Q95QG8|FCP1_CAEEL,110,NVS,Caenorhabditis elegans,6239,fcp-1
sp|Q95QG8|FCP1_CAEEL,530,NGS,Caenorhabditis elegans,6239,fcp-1
sp|Q95QG8|FCP1_CAEEL,535,NQS,Caenorhabditis elegans,6239,fcp-1
sp|Q95QG8|FCP1_CAEEL,543,NET,Caenorhabditis elegans,6239,fcp-1
sp|Q95QN6|BRAP2_CAEEL,277,NHS,Caenorhabditis elegans,6239,brap-2
sp|Q95QN6|BRAP2_CAEEL,387,NAS,Caenorhabditis elegans,6239,brap-2
sp|Q95QT8|IFT56_CAEEL,129,NVS,Caenorhabditis elegans,6239,dyf-13
sp|Q95QT8|IFT56_CAEEL,161,NYS,Caenorhabditis elegans,6239,dyf-13
sp|Q95QT8|IFT56_CAEEL,511,NWS,Caenorhabditis elegans,6239,dyf-13
sp|Q95R14|ZHP1_CAEEL,200,NRS,Caenorhabditis elegans,6239,zhp-1
sp|Q95R14|ZHP1_CAEEL,208,NCS,Caenorhabditis elegans,6239,zhp-1
sp|Q95X44|VATE_CAEEL,101,NLS,Caenorhabditis elegans,6239,vha-8
sp|Q95X44|VATE_CAEEL,221,NRS,Caenorhabditis elegans,6239,vha-8
sp|Q95X94|HYLS1_CAEEL,3,NFT,Caenorhabditis elegans,6239,hyls-1
sp|Q95X94|HYLS1_CAEEL,53,NES,Caenorhabditis elegans,6239,hyls-1
sp|Q95XD0|EXOS2_CAEEL,206,NGS,Caenorhabditis elegans,6239,exos-2
sp|Q95XG7|NGN1_CAEEL,33,NST,Caenorhabditis elegans,6239,ngn-1
sp|Q95XN2|MPPA_CAEEL,40,NNS,Caenorhabditis elegans,6239,mppa-1
sp|Q95XN2|MPPA_CAEEL,107,NSS,Caenorhabditis elegans,6239,mppa-1
sp|Q95XN2|MPPA_CAEEL,206,NNT,Caenorhabditis elegans,6239,mppa-1
sp|Q95XN2|MPPA_CAEEL,216,NNS,Caenorhabditis elegans,6239,mppa-1
sp|Q95XN2|MPPA_CAEEL,263,NKS,Caenorhabditis elegans,6239,mppa-1
sp|Q95XN2|MPPA_CAEEL,375,NHS,Caenorhabditis elegans,6239,mppa-1
sp|Q95Y12|SET23_CAEEL,48,NYT,Caenorhabditis elegans,6239,set-23
sp|Q95Y12|SET23_CAEEL,56,NKS,Caenorhabditis elegans,6239,set-23
sp|Q95Y12|SET23_CAEEL,142,NYT,Caenorhabditis elegans,6239,set-23
sp|Q95Y12|SET23_CAEEL,173,NHS,Caenorhabditis elegans,6239,set-23
sp|Q95Y41|RCORA_CAEEL,16,NIS,Caenorhabditis elegans,6239,rcor-1
sp|Q95Y41|RCORA_CAEEL,26,NAS,Caenorhabditis elegans,6239,rcor-1
sp|Q95Y41|RCORA_CAEEL,252,NET,Caenorhabditis elegans,6239,rcor-1
sp|Q95Y41|RCORA_CAEEL,491,NRS,Caenorhabditis elegans,6239,rcor-1
sp|Q95YD4|KIN32_CAEEL,209,NES,Caenorhabditis elegans,6239,kin-32
sp|Q95YD4|KIN32_CAEEL,281,NGS,Caenorhabditis elegans,6239,kin-32
sp|Q95YD4|KIN32_CAEEL,291,NLS,Caenorhabditis elegans,6239,kin-32
sp|Q95YD4|KIN32_CAEEL,755,NLT,Caenorhabditis elegans,6239,kin-32
sp|Q95YD4|KIN32_CAEEL,843,NCT,Caenorhabditis elegans,6239,kin-32
sp|Q95YE2|REGE1_CAEEL,467,NMS,Caenorhabditis elegans,6239,rege-1
sp|Q95YE2|REGE1_CAEEL,525,NMS,Caenorhabditis elegans,6239,rege-1
sp|Q95YE9|CLK2_CAEEL,9,NAT,Caenorhabditis elegans,6239,clk-2
sp|Q95YE9|CLK2_CAEEL,85,NTT,Caenorhabditis elegans,6239,clk-2
sp|Q95YE9|CLK2_CAEEL,451,NSS,Caenorhabditis elegans,6239,clk-2
sp|Q95YE9|CLK2_CAEEL,516,NES,Caenorhabditis elegans,6239,clk-2
sp|Q95YE9|CLK2_CAEEL,563,NIT,Caenorhabditis elegans,6239,clk-2
sp|Q95YE9|CLK2_CAEEL,747,NAS,Caenorhabditis elegans,6239,clk-2
sp|Q95YE9|CLK2_CAEEL,810,NVT,Caenorhabditis elegans,6239,clk-2
sp|Q95YE9|CLK2_CAEEL,842,NAS,Caenorhabditis elegans,6239,clk-2
sp|Q960A1|GAD3_CAEEL,173,NKT,Caenorhabditis elegans,6239,gad-3
sp|Q960A1|GAD3_CAEEL,372,NNS,Caenorhabditis elegans,6239,gad-3
sp|Q960A1|GAD3_CAEEL,513,NES,Caenorhabditis elegans,6239,gad-3
sp|Q960A1|GAD3_CAEEL,585,NNT,Caenorhabditis elegans,6239,gad-3
sp|Q960A1|GAD3_CAEEL,676,NSS,Caenorhabditis elegans,6239,gad-3
sp|Q960A1|GAD3_CAEEL,713,NCS,Caenorhabditis elegans,6239,gad-3
sp|Q960A1|GAD3_CAEEL,754,NAS,Caenorhabditis elegans,6239,gad-3
sp|Q960A1|GAD3_CAEEL,940,NST,Caenorhabditis elegans,6239,gad-3
sp|Q960A1|GAD3_CAEEL,1098,NTT,Caenorhabditis elegans,6239,gad-3
sp|Q960A1|GAD3_CAEEL,1159,NKT,Caenorhabditis elegans,6239,gad-3
sp|Q965W2|NHR86_CAEEL,6,NTS,Caenorhabditis elegans,6239,nhr-86
sp|Q965W2|NHR86_CAEEL,241,NDT,Caenorhabditis elegans,6239,nhr-86
sp|Q965X6|SIAH1_CAEEL,32,NNS,Caenorhabditis elegans,6239,siah-1
sp|Q965X6|SIAH1_CAEEL,59,NHS,Caenorhabditis elegans,6239,siah-1
sp|Q965X6|SIAH1_CAEEL,120,NTT,Caenorhabditis elegans,6239,siah-1
sp|Q965X6|SIAH1_CAEEL,394,NVT,Caenorhabditis elegans,6239,siah-1
sp|Q965X7|NAPE1_CAEEL,72,NIT,Caenorhabditis elegans,6239,nape-1
sp|Q9BIG2|GPA14_CAEEL,199,NLT,Caenorhabditis elegans,6239,gpa-14
sp|Q9BIG4|GPA10_CAEEL,62,NYT,Caenorhabditis elegans,6239,gpa-10
sp|Q9BL47|T132_CAEEL,40,NFT,Caenorhabditis elegans,6239,Y71H2AM.10
sp|Q9BL47|T132_CAEEL,160,NRT,Caenorhabditis elegans,6239,Y71H2AM.10
sp|Q9BL47|T132_CAEEL,203,NAT,Caenorhabditis elegans,6239,Y71H2AM.10
sp|Q9BL47|T132_CAEEL,236,NET,Caenorhabditis elegans,6239,Y71H2AM.10
sp|Q9BL47|T132_CAEEL,262,NWT,Caenorhabditis elegans,6239,Y71H2AM.10
sp|Q9BL47|T132_CAEEL,417,NGS,Caenorhabditis elegans,6239,Y71H2AM.10
sp|Q9BL47|T132_CAEEL,536,NRT,Caenorhabditis elegans,6239,Y71H2AM.10
sp|Q9BL47|T132_CAEEL,576,NIS,Caenorhabditis elegans,6239,Y71H2AM.10
sp|Q9BL47|T132_CAEEL,721,NNS,Caenorhabditis elegans,6239,Y71H2AM.10
sp|Q9BL47|T132_CAEEL,825,NKS,Caenorhabditis elegans,6239,Y71H2AM.10
sp|Q9BL47|T132_CAEEL,865,NQS,Caenorhabditis elegans,6239,Y71H2AM.10
sp|Q9GS00|CSN1_CAEEL,80,NES,Caenorhabditis elegans,6239,csn-1
sp|Q9GS00|CSN1_CAEEL,382,NGT,Caenorhabditis elegans,6239,csn-1
sp|Q9GS00|CSN1_CAEEL,509,NVT,Caenorhabditis elegans,6239,csn-1
sp|Q9GYL2|CNNM2_CAEEL,88,NVS,Caenorhabditis elegans,6239,cnnm-2
sp|Q9GYL2|CNNM2_CAEEL,302,NRS,Caenorhabditis elegans,6239,cnnm-2
sp|Q9GYL2|CNNM2_CAEEL,403,NIT,Caenorhabditis elegans,6239,cnnm-2
sp|Q9GYL2|CNNM2_CAEEL,528,NTS,Caenorhabditis elegans,6239,cnnm-2
sp|Q9GYL2|CNNM2_CAEEL,592,NST,Caenorhabditis elegans,6239,cnnm-2
sp|Q9GYL2|CNNM2_CAEEL,667,NLT,Caenorhabditis elegans,6239,cnnm-2
sp|Q9N2V9|PDE6_CAEEL,258,NVT,Caenorhabditis elegans,6239,pde-6
sp|Q9N2V9|PDE6_CAEEL,304,NNS,Caenorhabditis elegans,6239,pde-6
sp|Q9N2V9|PDE6_CAEEL,315,NTT,Caenorhabditis elegans,6239,pde-6
sp|Q9N2V9|PDE6_CAEEL,503,NAT,Caenorhabditis elegans,6239,pde-6
sp|Q9N2V9|PDE6_CAEEL,528,NES,Caenorhabditis elegans,6239,pde-6
sp|Q9N337|MED6_CAEEL,64,NRT,Caenorhabditis elegans,6239,mdt-6
sp|Q9N337|MED6_CAEEL,98,NVT,Caenorhabditis elegans,6239,mdt-6
sp|Q9N337|MED6_CAEEL,101,NVS,Caenorhabditis elegans,6239,mdt-6
sp|Q9N337|MED6_CAEEL,112,NGS,Caenorhabditis elegans,6239,mdt-6
sp|Q9N337|MED6_CAEEL,145,NYS,Caenorhabditis elegans,6239,mdt-6
sp|Q9N359|CSN4_CAEEL,181,NRT,Caenorhabditis elegans,6239,csn-4
sp|Q9N359|CSN4_CAEEL,320,NIT,Caenorhabditis elegans,6239,csn-4
sp|Q9N359|CSN4_CAEEL,330,NIS,Caenorhabditis elegans,6239,csn-4
sp|Q9N3E2|MAB31_CAEEL,287,NKT,Caenorhabditis elegans,6239,mab-31
sp|Q9N3P1|PID2_CAEEL,275,NFS,Caenorhabditis elegans,6239,pid-2
sp|Q9N3P1|PID2_CAEEL,375,NST,Caenorhabditis elegans,6239,pid-2
sp|Q9N3Q4|ATM_CAEEL,151,NAS,Caenorhabditis elegans,6239,atm-1
sp|Q9N3Q4|ATM_CAEEL,335,NFS,Caenorhabditis elegans,6239,atm-1
sp|Q9N3Q4|ATM_CAEEL,370,NES,Caenorhabditis elegans,6239,atm-1
sp|Q9N3Q4|ATM_CAEEL,707,NLT,Caenorhabditis elegans,6239,atm-1
sp|Q9N3Q4|ATM_CAEEL,843,NVS,Caenorhabditis elegans,6239,atm-1
sp|Q9N3Q4|ATM_CAEEL,1148,NLT,Caenorhabditis elegans,6239,atm-1
sp|Q9N3Q4|ATM_CAEEL,1226,NIS,Caenorhabditis elegans,6239,atm-1
sp|Q9N3Q4|ATM_CAEEL,1474,NKS,Caenorhabditis elegans,6239,atm-1
sp|Q9N3Q4|ATM_CAEEL,1573,NAT,Caenorhabditis elegans,6239,atm-1
sp|Q9N3Q4|ATM_CAEEL,1939,NAS,Caenorhabditis elegans,6239,atm-1
sp|Q9N3Q4|ATM_CAEEL,2189,NFS,Caenorhabditis elegans,6239,atm-1
sp|Q9N3Q4|ATM_CAEEL,2366,NLS,Caenorhabditis elegans,6239,atm-1
sp|Q9N3S4|PUF60_CAEEL,132,NMS,Caenorhabditis elegans,6239,rnp-6
sp|Q9N3S4|PUF60_CAEEL,257,NLT,Caenorhabditis elegans,6239,rnp-6
sp|Q9N3S4|PUF60_CAEEL,655,NRS,Caenorhabditis elegans,6239,rnp-6
sp|Q9N425|CSN3_CAEEL,103,NET,Caenorhabditis elegans,6239,csn-3
sp|Q9N425|CSN3_CAEEL,171,NGS,Caenorhabditis elegans,6239,csn-3
sp|Q9N425|CSN3_CAEEL,468,NTT,Caenorhabditis elegans,6239,csn-3
sp|Q9N4I0|ARP3_CAEEL,13,NGT,Caenorhabditis elegans,6239,arx-1
sp|Q9N4I0|ARP3_CAEEL,78,NYT,Caenorhabditis elegans,6239,arx-1
sp|Q9N4J2|VIT3_CAEEL,602,NES,Caenorhabditis elegans,6239,vit-3
sp|Q9N4J2|VIT3_CAEEL,812,NDS,Caenorhabditis elegans,6239,vit-3
sp|Q9N4J2|VIT3_CAEEL,1052,NES,Caenorhabditis elegans,6239,vit-3
sp|Q9N4J2|VIT3_CAEEL,1266,NMT,Caenorhabditis elegans,6239,vit-3
sp|Q9N4Q7|NHR13_CAEEL,16,NSS,Caenorhabditis elegans,6239,nhr-13
sp|Q9N4Q7|NHR13_CAEEL,130,NES,Caenorhabditis elegans,6239,nhr-13
sp|Q9N4Q7|NHR13_CAEEL,143,NVS,Caenorhabditis elegans,6239,nhr-13
sp|Q9N4Q7|NHR13_CAEEL,415,NKS,Caenorhabditis elegans,6239,nhr-13
sp|Q9N4U2|COL71_CAEEL,102,NRT,Caenorhabditis elegans,6239,col-71
sp|Q9N4U2|COL71_CAEEL,323,NGT,Caenorhabditis elegans,6239,col-71
sp|Q9N5Z2|OIG1_CAEEL,38,NGS,Caenorhabditis elegans,6239,oig-1
sp|Q9N5Z2|OIG1_CAEEL,87,NRT,Caenorhabditis elegans,6239,oig-1
sp|Q9NA25|NDX8_CAEEL,200,NLT,Caenorhabditis elegans,6239,ndx-8
sp|Q9NA75|T38B1_CAEEL,283,NGS,Caenorhabditis elegans,6239,tric-1B.1
sp|Q9NAA5|MTR1_CAEEL,22,NRT,Caenorhabditis elegans,6239,Y53F4B.13
sp|Q9NAN1|SAE2_CAEEL,404,NSS,Caenorhabditis elegans,6239,uba-2
sp|Q9NEW6|RSP3_CAEEL,198,NSS,Caenorhabditis elegans,6239,rsp-3
sp|Q9NL29|EAT20_CAEEL,90,NFS,Caenorhabditis elegans,6239,eat-20
sp|Q9NL29|EAT20_CAEEL,171,NCS,Caenorhabditis elegans,6239,eat-20
sp|Q9NL29|EAT20_CAEEL,232,NGT,Caenorhabditis elegans,6239,eat-20
sp|Q9NL29|EAT20_CAEEL,371,NGT,Caenorhabditis elegans,6239,eat-20
sp|Q9NL29|EAT20_CAEEL,410,NVT,Caenorhabditis elegans,6239,eat-20
sp|Q9NL29|EAT20_CAEEL,791,NLS,Caenorhabditis elegans,6239,eat-20
sp|Q9TVW5|MSP77_CAEEL,36,NSS,Caenorhabditis elegans,6239,msp-77
sp|Q9TXJ8|RECQ1_CAEEL,182,NTS,Caenorhabditis elegans,6239,K02F3.12
sp|Q9TXJ8|RECQ1_CAEEL,300,NRS,Caenorhabditis elegans,6239,K02F3.12
sp|Q9TY03|FRDA_CAEEL,65,NVS,Caenorhabditis elegans,6239,frh-1
sp|Q9TYN3|TAF2_CAEEL,84,NIS,Caenorhabditis elegans,6239,taf-2
sp|Q9TYN3|TAF2_CAEEL,319,NHT,Caenorhabditis elegans,6239,taf-2
sp|Q9TYN3|TAF2_CAEEL,825,NST,Caenorhabditis elegans,6239,taf-2
sp|Q9TYN3|TAF2_CAEEL,862,NLS,Caenorhabditis elegans,6239,taf-2
sp|Q9TYN3|TAF2_CAEEL,1005,NSS,Caenorhabditis elegans,6239,taf-2
sp|Q9TYP1|STRM1_CAEEL,301,NRT,Caenorhabditis elegans,6239,strm-1
sp|Q9TYT0|HMBX1_CAEEL,40,NNT,Caenorhabditis elegans,6239,hmbx-1
sp|Q9TYT0|HMBX1_CAEEL,84,NCS,Caenorhabditis elegans,6239,hmbx-1
sp|Q9TYT0|HMBX1_CAEEL,331,NTT,Caenorhabditis elegans,6239,hmbx-1
sp|Q9TYY7|SPD3_CAEEL,88,NKT,Caenorhabditis elegans,6239,spd-3
sp|Q9TYY7|SPD3_CAEEL,139,NGT,Caenorhabditis elegans,6239,spd-3
sp|Q9TYY7|SPD3_CAEEL,261,NKS,Caenorhabditis elegans,6239,spd-3
sp|Q9TZI4|GBAS1_CAEEL,67,NKT,Caenorhabditis elegans,6239,gbas-1
sp|Q9TZI4|GBAS1_CAEEL,322,NES,Caenorhabditis elegans,6239,gbas-1
sp|Q9TZI4|GBAS1_CAEEL,499,NYS,Caenorhabditis elegans,6239,gbas-1
sp|Q9TZI4|GBAS1_CAEEL,510,NET,Caenorhabditis elegans,6239,gbas-1
sp|Q9TZL8|PFKA1_CAEEL,428,NLS,Caenorhabditis elegans,6239,pfk-1.1
sp|Q9TZL8|PFKA1_CAEEL,479,NGS,Caenorhabditis elegans,6239,pfk-1.1
sp|Q9TZL8|PFKA1_CAEEL,669,NLT,Caenorhabditis elegans,6239,pfk-1.1
sp|Q9TZL8|PFKA1_CAEEL,686,NFT,Caenorhabditis elegans,6239,pfk-1.1
sp|Q9TZL8|PFKA1_CAEEL,729,NLT,Caenorhabditis elegans,6239,pfk-1.1
sp|Q9U1N6|ATG42_CAEEL,76,NLS,Caenorhabditis elegans,6239,atg-4.2
sp|Q9U1N6|ATG42_CAEEL,465,NLS,Caenorhabditis elegans,6239,atg-4.2
sp|Q9U1Q0|EIPR1_CAEEL,350,NVS,Caenorhabditis elegans,6239,eipr-1
sp|Q9U1R1|CEH51_CAEEL,23,NST,Caenorhabditis elegans,6239,ceh-51
sp|Q9U1R1|CEH51_CAEEL,30,NAT,Caenorhabditis elegans,6239,ceh-51
sp|Q9U217|FAAH4_CAEEL,77,NET,Caenorhabditis elegans,6239,faah-4
sp|Q9U226|TAF12_CAEEL,171,NSS,Caenorhabditis elegans,6239,taf-12
sp|Q9U263|SET26_CAEEL,830,NTS,Caenorhabditis elegans,6239,set-26
sp|Q9U263|SET26_CAEEL,1018,NDT,Caenorhabditis elegans,6239,set-26
sp|Q9U263|SET26_CAEEL,1040,NAT,Caenorhabditis elegans,6239,set-26
sp|Q9U263|SET26_CAEEL,1311,NDS,Caenorhabditis elegans,6239,set-26
sp|Q9U2C4|GALT9_CAEEL,67,NYT,Caenorhabditis elegans,6239,gly-9
sp|Q9U2C4|GALT9_CAEEL,159,NRS,Caenorhabditis elegans,6239,gly-9
sp|Q9U2C4|GALT9_CAEEL,370,NMT,Caenorhabditis elegans,6239,gly-9
sp|Q9U2G5|MRP7_CAEEL,18,NVS,Caenorhabditis elegans,6239,mrp-7
sp|Q9U2G5|MRP7_CAEEL,626,NLT,Caenorhabditis elegans,6239,mrp-7
sp|Q9U2G5|MRP7_CAEEL,700,NMT,Caenorhabditis elegans,6239,mrp-7
sp|Q9U2G5|MRP7_CAEEL,706,NIT,Caenorhabditis elegans,6239,mrp-7
sp|Q9U2G5|MRP7_CAEEL,748,NLS,Caenorhabditis elegans,6239,mrp-7
sp|Q9U2G5|MRP7_CAEEL,856,NSS,Caenorhabditis elegans,6239,mrp-7
sp|Q9U2G5|MRP7_CAEEL,1228,NIT,Caenorhabditis elegans,6239,mrp-7
sp|Q9U2G5|MRP7_CAEEL,1358,NIT,Caenorhabditis elegans,6239,mrp-7
sp|Q9U2G5|MRP7_CAEEL,1418,NLS,Caenorhabditis elegans,6239,mrp-7
sp|Q9U320|DAF38_CAEEL,6,NLT,Caenorhabditis elegans,6239,daf-38
sp|Q9U320|DAF38_CAEEL,77,NYS,Caenorhabditis elegans,6239,daf-38
sp|Q9U320|DAF38_CAEEL,183,NWS,Caenorhabditis elegans,6239,daf-38
sp|Q9U320|DAF38_CAEEL,338,NRS,Caenorhabditis elegans,6239,daf-38
sp|Q9U3D4|SMS1_CAEEL,298,NAT,Caenorhabditis elegans,6239,sms-1
sp|Q9U3L0|ZHP2_CAEEL,14,NQT,Caenorhabditis elegans,6239,zhp-2
sp|Q9U3L0|ZHP2_CAEEL,30,NCT,Caenorhabditis elegans,6239,zhp-2
sp|Q9U3L0|ZHP2_CAEEL,159,NLS,Caenorhabditis elegans,6239,zhp-2
sp|Q9U539|OCT1_CAEEL,87,NDT,Caenorhabditis elegans,6239,oct-1
sp|Q9U539|OCT1_CAEEL,98,NET,Caenorhabditis elegans,6239,oct-1
sp|Q9U539|OCT1_CAEEL,133,NST,Caenorhabditis elegans,6239,oct-1
sp|Q9U539|OCT1_CAEEL,346,NVT,Caenorhabditis elegans,6239,oct-1
sp|Q9U539|OCT1_CAEEL,380,NVS,Caenorhabditis elegans,6239,oct-1
sp|Q9UAV5|MDHC_CAEEL,152,NFS,Caenorhabditis elegans,6239,mdh-1
sp|Q9UAV5|MDHC_CAEEL,187,NHS,Caenorhabditis elegans,6239,mdh-1
sp|Q9UAV5|MDHC_CAEEL,204,NGT,Caenorhabditis elegans,6239,mdh-1
sp|Q9UAY4|ASM3_CAEEL,109,NMT,Caenorhabditis elegans,6239,asm-3
sp|Q9UAY4|ASM3_CAEEL,237,NLS,Caenorhabditis elegans,6239,asm-3
sp|Q9UAY4|ASM3_CAEEL,334,NQT,Caenorhabditis elegans,6239,asm-3
sp|Q9UAY4|ASM3_CAEEL,463,NLT,Caenorhabditis elegans,6239,asm-3
sp|Q9XTB2|GPA13_CAEEL,4,NFS,Caenorhabditis elegans,6239,gpa-13
sp|Q9XTB2|GPA13_CAEEL,150,NDS,Caenorhabditis elegans,6239,gpa-13
sp|Q9XTB2|GPA13_CAEEL,194,NQS,Caenorhabditis elegans,6239,gpa-13
sp|Q9XTT9|PRS8_CAEEL,408,NMS,Caenorhabditis elegans,6239,rpt-6
sp|Q9XUE7|CFP1_CAEEL,452,NKS,Caenorhabditis elegans,6239,cfp-1
sp|Q9XUK2|ZIP3_CAEEL,66,NRT,Caenorhabditis elegans,6239,zip-3
sp|Q9XUK7|NHR85_CAEEL,103,NAS,Caenorhabditis elegans,6239,nhr-85
sp|Q9XUK7|NHR85_CAEEL,219,NLT,Caenorhabditis elegans,6239,nhr-85
sp|Q9XUK7|NHR85_CAEEL,480,NLS,Caenorhabditis elegans,6239,nhr-85
sp|Q9XVE5|FACE1_CAEEL,232,NGS,Caenorhabditis elegans,6239,fce-1
sp|Q9XVE5|FACE1_CAEEL,407,NLS,Caenorhabditis elegans,6239,fce-1
sp|Q9XVE5|FACE1_CAEEL,413,NDS,Caenorhabditis elegans,6239,fce-1
sp|Q9XVI9|MLC5_CAEEL,124,NDS,Caenorhabditis elegans,6239,mlc-5
sp|Q9XVI9|MLC5_CAEEL,131,NIS,Caenorhabditis elegans,6239,mlc-5
sp|Q9XVP0|RS15_CAEEL,109,NQT,Caenorhabditis elegans,6239,rps-15
sp|Q9XVR6|OTUBL_CAEEL,59,NET,Caenorhabditis elegans,6239,otub-1
sp|Q9XVS7|NXF1_CAEEL,225,NLT,Caenorhabditis elegans,6239,nxf-1
sp|Q9XVS7|NXF1_CAEEL,514,NDS,Caenorhabditis elegans,6239,nxf-1
sp|Q9XVW1|RHY1_CAEEL,33,NLS,Caenorhabditis elegans,6239,rhy-1
sp|Q9XVW1|RHY1_CAEEL,109,NHT,Caenorhabditis elegans,6239,rhy-1
sp|Q9XVW1|RHY1_CAEEL,297,NQS,Caenorhabditis elegans,6239,rhy-1
sp|Q9XW13|MXT_CAEEL,238,NKT,Caenorhabditis elegans,6239,mxt-1
sp|Q9XW13|MXT_CAEEL,314,NMS,Caenorhabditis elegans,6239,mxt-1
sp|Q9XW13|MXT_CAEEL,337,NQS,Caenorhabditis elegans,6239,mxt-1
sp|Q9XWG3|TYDP2_CAEEL,40,NSS,Caenorhabditis elegans,6239,Y63D3A.4
sp|Q9XWG3|TYDP2_CAEEL,297,NKT,Caenorhabditis elegans,6239,Y63D3A.4
sp|Q9XWG3|TYDP2_CAEEL,357,NAT,Caenorhabditis elegans,6239,Y63D3A.4
sp|Q9XWI6|EIF3B_CAEEL,120,NHT,Caenorhabditis elegans,6239,eif-3.B
sp|Q9XWI6|EIF3B_CAEEL,204,NWT,Caenorhabditis elegans,6239,eif-3.B
sp|Q9XWL9|PTR18_CAEEL,10,NVS,Caenorhabditis elegans,6239,ptr-18
sp|Q9XWL9|PTR18_CAEEL,130,NQS,Caenorhabditis elegans,6239,ptr-18
sp|Q9XWL9|PTR18_CAEEL,194,NRS,Caenorhabditis elegans,6239,ptr-18
sp|Q9XWL9|PTR18_CAEEL,215,NET,Caenorhabditis elegans,6239,ptr-18
sp|Q9XWL9|PTR18_CAEEL,539,NMS,Caenorhabditis elegans,6239,ptr-18
sp|Q9XWL9|PTR18_CAEEL,560,NNS,Caenorhabditis elegans,6239,ptr-18
sp|Q9XWL9|PTR18_CAEEL,662,NLT,Caenorhabditis elegans,6239,ptr-18
sp|Q9XWR1|FLH1_CAEEL,10,NIS,Caenorhabditis elegans,6239,flh-1
sp|Q9XWR1|FLH1_CAEEL,116,NGS,Caenorhabditis elegans,6239,flh-1
sp|Q9XWR1|FLH1_CAEEL,191,NHS,Caenorhabditis elegans,6239,flh-1
sp|Q9XWR1|FLH1_CAEEL,274,NGS,Caenorhabditis elegans,6239,flh-1
sp|Q9XWU8|VMP1_CAEEL,426,NQS,Caenorhabditis elegans,6239,epg-3
sp|Q9XX85|ST217_CAEEL,170,NMT,Caenorhabditis elegans,6239,str-217
sp|Q9XXQ9|HMT12_CAEEL,372,NDS,Caenorhabditis elegans,6239,hmit-1.2
sp|Q9XXQ9|HMT12_CAEEL,451,NSS,Caenorhabditis elegans,6239,hmit-1.2
sp|Q9XXQ9|HMT12_CAEEL,456,NAT,Caenorhabditis elegans,6239,hmit-1.2
sp|Q9XXQ9|HMT12_CAEEL,601,NSS,Caenorhabditis elegans,6239,hmit-1.2
sp|Q9XXS1|LYS3_CAEEL,23,NVS,Caenorhabditis elegans,6239,lys-3
sp|Q9XXS1|LYS3_CAEEL,130,NST,Caenorhabditis elegans,6239,lys-3
sp|Q9XXS1|LYS3_CAEEL,286,NSS,Caenorhabditis elegans,6239,lys-3
sp|Q9XYB7|NHR8_CAEEL,53,NAS,Caenorhabditis elegans,6239,nhr-8
sp|Q9XYB7|NHR8_CAEEL,233,NTS,Caenorhabditis elegans,6239,nhr-8
sp|Q9XYB7|NHR8_CAEEL,244,NYT,Caenorhabditis elegans,6239,nhr-8
sp|Q9XYB7|NHR8_CAEEL,424,NHS,Caenorhabditis elegans,6239,nhr-8
sp|Q9XYB7|NHR8_CAEEL,534,NRT,Caenorhabditis elegans,6239,nhr-8
sp|Q9Y041|HGD_CAEEL,89,NFS,Caenorhabditis elegans,6239,hgo-1
sp|Q9Y041|HGD_CAEEL,142,NAS,Caenorhabditis elegans,6239,hgo-1
sp|U4PCM1|WDR33_CAEEL,13,NVT,Caenorhabditis elegans,6239,pfs-2
sp|U4PCM1|WDR33_CAEEL,161,NGT,Caenorhabditis elegans,6239,pfs-2
sp|U4PCM1|WDR33_CAEEL,411,NNT,Caenorhabditis elegans,6239,pfs-2
sp|U4PCM1|WDR33_CAEEL,532,NNS,Caenorhabditis elegans,6239,pfs-2
sp|U4PCM1|WDR33_CAEEL,688,NGS,Caenorhabditis elegans,6239,pfs-2
sp|X5LX76|FGDH_CAEEL,97,NTT,Caenorhabditis elegans,6239,tag-77
sp|X5LX76|FGDH_CAEEL,165,NET,Caenorhabditis elegans,6239,tag-77
sp|X5LX76|FGDH_CAEEL,168,NGS,Caenorhabditis elegans,6239,tag-77
sp|X5LX76|FGDH_CAEEL,461,NMS,Caenorhabditis elegans,6239,tag-77
sp|X5LX76|FGDH_CAEEL,564,NVT,Caenorhabditis elegans,6239,tag-77
sp|X5LX76|FGDH_CAEEL,641,NRS,Caenorhabditis elegans,6239,tag-77
sp|X5LX76|FGDH_CAEEL,781,NGS,Caenorhabditis elegans,6239,tag-77
sp|X5LX76|FGDH_CAEEL,800,NIS,Caenorhabditis elegans,6239,tag-77
sp|X5M8U1|GCY17_CAEEL,33,NVS,Caenorhabditis elegans,6239,gcy-17
sp|X5M8U1|GCY17_CAEEL,235,NGS,Caenorhabditis elegans,6239,gcy-17
sp|X5M8U1|GCY17_CAEEL,251,NNS,Caenorhabditis elegans,6239,gcy-17
sp|X5M8U1|GCY17_CAEEL,321,NFS,Caenorhabditis elegans,6239,gcy-17
sp|X5M8U1|GCY17_CAEEL,381,NGT,Caenorhabditis elegans,6239,gcy-17
sp|X5M8U1|GCY17_CAEEL,419,NSS,Caenorhabditis elegans,6239,gcy-17
sp|X5M8U1|GCY17_CAEEL,434,NQS,Caenorhabditis elegans,6239,gcy-17
sp|X5M8U1|GCY17_CAEEL,1062,NDS,Caenorhabditis elegans,6239,gcy-17
sp|A0SQM0|MBTR1_CAEEL,493,NET,Caenorhabditis elegans,6239,mbtr-1
sp|A3FPJ2|CEH63_CAEEL,6,NMT,Caenorhabditis elegans,6239,ceh-63
sp|A3FPJ2|CEH63_CAEEL,21,NDT,Caenorhabditis elegans,6239,ceh-63
sp|A3FPJ2|CEH63_CAEEL,24,NSS,Caenorhabditis elegans,6239,ceh-63
sp|A3QMC8|GMPPB_CAEEL,304,NYS,Caenorhabditis elegans,6239,tag-335
sp|A6ZJ71|MIG38_CAEEL,97,NDS,Caenorhabditis elegans,6239,mig-38
sp|A6ZJ71|MIG38_CAEEL,182,NSS,Caenorhabditis elegans,6239,mig-38
sp|A6ZJ71|MIG38_CAEEL,281,NNT,Caenorhabditis elegans,6239,mig-38
sp|A6ZJ71|MIG38_CAEEL,321,NLT,Caenorhabditis elegans,6239,mig-38
sp|A6ZJ71|MIG38_CAEEL,542,NAT,Caenorhabditis elegans,6239,mig-38
sp|A6ZJ71|MIG38_CAEEL,909,NES,Caenorhabditis elegans,6239,mig-38
sp|A6ZJ71|MIG38_CAEEL,1298,NYT,Caenorhabditis elegans,6239,mig-38
sp|A6ZJ71|MIG38_CAEEL,1466,NAS,Caenorhabditis elegans,6239,mig-38
sp|A6ZJ71|MIG38_CAEEL,1591,NSS,Caenorhabditis elegans,6239,mig-38
sp|A6ZJ71|MIG38_CAEEL,1595,NGS,Caenorhabditis elegans,6239,mig-38
sp|A7IQW5|MT21_CAEEL,133,NST,Caenorhabditis elegans,6239,vkmt-1
sp|A8WHT1|TRM5_CAEEL,10,NMS,Caenorhabditis elegans,6239,C53A5.17
sp|B3CKG1|URM1_CAEEL,71,NDT,Caenorhabditis elegans,6239,urm-1
sp|C0HKD6|SYWM_CAEEL,107,NRT,Caenorhabditis elegans,6239,wars-2
sp|C0HKD6|SYWM_CAEEL,198,NKT,Caenorhabditis elegans,6239,wars-2
sp|C0HKD6|SYWM_CAEEL,297,NWT,Caenorhabditis elegans,6239,wars-2
sp|G5EBL8|SAS7_CAEEL,43,NKS,Caenorhabditis elegans,6239,sas-7
sp|G5EBL8|SAS7_CAEEL,72,NDS,Caenorhabditis elegans,6239,sas-7
sp|G5EBL8|SAS7_CAEEL,105,NES,Caenorhabditis elegans,6239,sas-7
sp|G5EBL8|SAS7_CAEEL,112,NES,Caenorhabditis elegans,6239,sas-7
sp|G5EBL8|SAS7_CAEEL,119,NCS,Caenorhabditis elegans,6239,sas-7
sp|G5EBL8|SAS7_CAEEL,418,NKT,Caenorhabditis elegans,6239,sas-7
sp|G5EBL8|SAS7_CAEEL,862,NST,Caenorhabditis elegans,6239,sas-7
sp|G5EBX3|CYL1_CAEEL,395,NGT,Caenorhabditis elegans,6239,cyl-1
sp|G5EBX4|JKAMP_CAEEL,27,NYS,Caenorhabditis elegans,6239,jamp-1
sp|G5EBY0|RTF1_CAEEL,414,NWS,Caenorhabditis elegans,6239,rtfo-1
sp|G5EBY0|RTF1_CAEEL,466,NRS,Caenorhabditis elegans,6239,rtfo-1
sp|G5EBY0|RTF1_CAEEL,519,NLS,Caenorhabditis elegans,6239,rtfo-1
sp|G5EC63|DEGS2_CAEEL,356,NNS,Caenorhabditis elegans,6239,ttm-5
sp|G5ECI1|MTD1_CAEEL,40,NKS,Caenorhabditis elegans,6239,mtd-1
sp|G5ECI1|MTD1_CAEEL,73,NSS,Caenorhabditis elegans,6239,mtd-1
sp|G5ECI1|MTD1_CAEEL,163,NNT,Caenorhabditis elegans,6239,mtd-1
sp|G5ECI1|MTD1_CAEEL,190,NGT,Caenorhabditis elegans,6239,mtd-1
sp|G5ECR8|GLCM3_CAEEL,42,NAT,Caenorhabditis elegans,6239,gba-3
sp|G5ECR8|GLCM3_CAEEL,86,NES,Caenorhabditis elegans,6239,gba-3
sp|G5ECR8|GLCM3_CAEEL,90,NVT,Caenorhabditis elegans,6239,gba-3
sp|G5ECR8|GLCM3_CAEEL,274,NYT,Caenorhabditis elegans,6239,gba-3
sp|G5ECR8|GLCM3_CAEEL,428,NRT,Caenorhabditis elegans,6239,gba-3
sp|G5ED00|ZIG8_CAEEL,82,NRT,Caenorhabditis elegans,6239,zig-8
sp|G5ED00|ZIG8_CAEEL,155,NMS,Caenorhabditis elegans,6239,zig-8
sp|G5ED00|ZIG8_CAEEL,164,NCT,Caenorhabditis elegans,6239,zig-8
sp|G5ED00|ZIG8_CAEEL,191,NDT,Caenorhabditis elegans,6239,zig-8
sp|G5EDE9|NFKI1_CAEEL,326,NQT,Caenorhabditis elegans,6239,nfki-1
sp|G5EDE9|NFKI1_CAEEL,412,NVS,Caenorhabditis elegans,6239,nfki-1
sp|G5EDE9|NFKI1_CAEEL,481,NET,Caenorhabditis elegans,6239,nfki-1
sp|G5EDE9|NFKI1_CAEEL,511,NKS,Caenorhabditis elegans,6239,nfki-1
sp|G5EDE9|NFKI1_CAEEL,566,NLS,Caenorhabditis elegans,6239,nfki-1
sp|G5EDE9|NFKI1_CAEEL,607,NKS,Caenorhabditis elegans,6239,nfki-1
sp|G5EDG2|SMRCD_CAEEL,159,NGS,Caenorhabditis elegans,6239,M03C11.8
sp|G5EDG2|SMRCD_CAEEL,516,NFS,Caenorhabditis elegans,6239,M03C11.8
sp|G5EDG2|SMRCD_CAEEL,816,NLS,Caenorhabditis elegans,6239,M03C11.8
sp|G5EDG2|SMRCD_CAEEL,836,NLT,Caenorhabditis elegans,6239,M03C11.8
sp|G5EDQ9|ZIG2_CAEEL,40,NDS,Caenorhabditis elegans,6239,zig-2
sp|G5EDQ9|ZIG2_CAEEL,43,NVT,Caenorhabditis elegans,6239,zig-2
sp|G5EDQ9|ZIG2_CAEEL,137,NKT,Caenorhabditis elegans,6239,zig-2
sp|G5EDQ9|ZIG2_CAEEL,206,NIS,Caenorhabditis elegans,6239,zig-2
sp|G5EDQ9|ZIG2_CAEEL,216,NCT,Caenorhabditis elegans,6239,zig-2
sp|G5EDW1|ADBP1_CAEEL,46,NTT,Caenorhabditis elegans,6239,adbp-1
sp|G5EDW1|ADBP1_CAEEL,172,NDS,Caenorhabditis elegans,6239,adbp-1
sp|G5EDZ9|CPI1_CAEEL,29,NAS,Caenorhabditis elegans,6239,cpi-1
sp|G5EEI8|CHRD1_CAEEL,100,NKS,Caenorhabditis elegans,6239,chp-1
sp|G5EEI8|CHRD1_CAEEL,265,NAS,Caenorhabditis elegans,6239,chp-1
sp|G5EEQ9|ERG28_CAEEL,64,NFS,Caenorhabditis elegans,6239,erg-28
sp|G5EEW9|CNKR_CAEEL,553,NIS,Caenorhabditis elegans,6239,cnk-1
sp|G5EEW9|CNKR_CAEEL,726,NWT,Caenorhabditis elegans,6239,cnk-1
sp|G5EF51|KY_CAEEL,80,NGS,Caenorhabditis elegans,6239,ltd-1
sp|G5EF51|KY_CAEEL,334,NDT,Caenorhabditis elegans,6239,ltd-1
sp|G5EF51|KY_CAEEL,483,NLS,Caenorhabditis elegans,6239,ltd-1
sp|G5EF51|KY_CAEEL,659,NRT,Caenorhabditis elegans,6239,ltd-1
sp|G5EGA6|DHRS4_CAEEL,146,NAS,Caenorhabditis elegans,6239,dhrs-4
sp|G5EGH7|LON8_CAEEL,93,NVT,Caenorhabditis elegans,6239,lon-8
sp|G5EGQ5|MBR1_CAEEL,110,NKT,Caenorhabditis elegans,6239,mbr-1
sp|G5EGQ5|MBR1_CAEEL,145,NKS,Caenorhabditis elegans,6239,mbr-1
sp|G5EGQ5|MBR1_CAEEL,153,NYT,Caenorhabditis elegans,6239,mbr-1
sp|G5EGQ5|MBR1_CAEEL,236,NQS,Caenorhabditis elegans,6239,mbr-1
sp|G5EGQ5|MBR1_CAEEL,258,NSS,Caenorhabditis elegans,6239,mbr-1
sp|G5EGQ5|MBR1_CAEEL,305,NIS,Caenorhabditis elegans,6239,mbr-1
sp|H2FLJ1|STML1_CAEEL,10,NSS,Caenorhabditis elegans,6239,stl-1
sp|H2FLJ1|STML1_CAEEL,301,NLS,Caenorhabditis elegans,6239,stl-1
sp|H2KY91|DAC1_CAEEL,31,NNS,Caenorhabditis elegans,6239,dac-1
sp|H2KY91|DAC1_CAEEL,36,NTS,Caenorhabditis elegans,6239,dac-1
sp|H2KY91|DAC1_CAEEL,77,NGS,Caenorhabditis elegans,6239,dac-1
sp|H2KY91|DAC1_CAEEL,264,NLS,Caenorhabditis elegans,6239,dac-1
sp|H2KY91|DAC1_CAEEL,274,NDS,Caenorhabditis elegans,6239,dac-1
sp|H2KY91|DAC1_CAEEL,290,NTS,Caenorhabditis elegans,6239,dac-1
sp|H2KYZ5|TBCEL_CAEEL,127,NGT,Caenorhabditis elegans,6239,coel-1
sp|H2KYZ5|TBCEL_CAEEL,280,NGS,Caenorhabditis elegans,6239,coel-1
sp|H2KZ49|HRDE4_CAEEL,47,NFS,Caenorhabditis elegans,6239,hrde-4
sp|H2KZ49|HRDE4_CAEEL,115,NKS,Caenorhabditis elegans,6239,hrde-4
sp|H2KZ49|HRDE4_CAEEL,201,NQS,Caenorhabditis elegans,6239,hrde-4
sp|H2KZ49|HRDE4_CAEEL,242,NTS,Caenorhabditis elegans,6239,hrde-4
sp|H2KZ49|HRDE4_CAEEL,285,NKS,Caenorhabditis elegans,6239,hrde-4
sp|H2KZ49|HRDE4_CAEEL,517,NAS,Caenorhabditis elegans,6239,hrde-4
sp|H2KZ72|CUT19_CAEEL,43,NET,Caenorhabditis elegans,6239,cutl-19
sp|H2KZ72|CUT19_CAEEL,77,NDT,Caenorhabditis elegans,6239,cutl-19
sp|H2KZ72|CUT19_CAEEL,110,NMS,Caenorhabditis elegans,6239,cutl-19
sp|H2KZ72|CUT19_CAEEL,193,NSS,Caenorhabditis elegans,6239,cutl-19
sp|O01519|ETS7_CAEEL,77,NNT,Caenorhabditis elegans,6239,ets-7
sp|O01519|ETS7_CAEEL,133,NFS,Caenorhabditis elegans,6239,ets-7
sp|O01519|ETS7_CAEEL,145,NSS,Caenorhabditis elegans,6239,ets-7
sp|O01530|ASP6_CAEEL,74,NIT,Caenorhabditis elegans,6239,asp-6
sp|O01541|SYAC_CAEEL,103,NWS,Caenorhabditis elegans,6239,aars-2
sp|O01541|SYAC_CAEEL,563,NVS,Caenorhabditis elegans,6239,aars-2
sp|O01541|SYAC_CAEEL,605,NHT,Caenorhabditis elegans,6239,aars-2
sp|O01541|SYAC_CAEEL,718,NTT,Caenorhabditis elegans,6239,aars-2
sp|O01541|SYAC_CAEEL,731,NVS,Caenorhabditis elegans,6239,aars-2
sp|O01635|ASIC1_CAEEL,228,NGT,Caenorhabditis elegans,6239,asic-1
sp|O01635|ASIC1_CAEEL,326,NCT,Caenorhabditis elegans,6239,asic-1
sp|O01635|ASIC1_CAEEL,347,NKT,Caenorhabditis elegans,6239,asic-1
sp|O01635|ASIC1_CAEEL,415,NDT,Caenorhabditis elegans,6239,asic-1
sp|O01635|ASIC1_CAEEL,486,NKS,Caenorhabditis elegans,6239,asic-1
sp|O01635|ASIC1_CAEEL,527,NNT,Caenorhabditis elegans,6239,asic-1
sp|O01635|ASIC1_CAEEL,546,NVT,Caenorhabditis elegans,6239,asic-1
sp|O01635|ASIC1_CAEEL,791,NRT,Caenorhabditis elegans,6239,asic-1
sp|O01757|NAT10_CAEEL,107,NET,Caenorhabditis elegans,6239,nath-10
sp|O01757|NAT10_CAEEL,275,NVT,Caenorhabditis elegans,6239,nath-10
sp|O01824|PDXK_CAEEL,97,NYT,Caenorhabditis elegans,6239,pdxk-1
sp|O01824|PDXK_CAEEL,108,NVT,Caenorhabditis elegans,6239,pdxk-1
sp|O01824|PDXK_CAEEL,128,NTT,Caenorhabditis elegans,6239,pdxk-1
sp|O01824|PDXK_CAEEL,212,NES,Caenorhabditis elegans,6239,pdxk-1
sp|O01833|H15_CAEEL,78,NKT,Caenorhabditis elegans,6239,hil-5
sp|O01833|H15_CAEEL,186,NET,Caenorhabditis elegans,6239,hil-5
sp|O01835|CPB3_CAEEL,129,NSS,Caenorhabditis elegans,6239,cpb-3
sp|O01835|CPB3_CAEEL,178,NNS,Caenorhabditis elegans,6239,cpb-3
sp|O01835|CPB3_CAEEL,343,NGS,Caenorhabditis elegans,6239,cpb-3
sp|O01835|CPB3_CAEEL,587,NGS,Caenorhabditis elegans,6239,cpb-3
sp|O01835|CPB3_CAEEL,590,NNS,Caenorhabditis elegans,6239,cpb-3
sp|O01835|CPB3_CAEEL,595,NNS,Caenorhabditis elegans,6239,cpb-3
sp|O01835|CPB3_CAEEL,666,NST,Caenorhabditis elegans,6239,cpb-3
sp|O01835|CPB3_CAEEL,710,NIS,Caenorhabditis elegans,6239,cpb-3
sp|O01884|COQ6_CAEEL,13,NAS,Caenorhabditis elegans,6239,coq-6
sp|O01884|COQ6_CAEEL,39,NKS,Caenorhabditis elegans,6239,coq-6
sp|O01884|COQ6_CAEEL,223,NET,Caenorhabditis elegans,6239,coq-6
sp|O01884|COQ6_CAEEL,287,NQT,Caenorhabditis elegans,6239,coq-6
sp|O01914|TAF1B_CAEEL,223,NIT,Caenorhabditis elegans,6239,F23H11.2
sp|O01914|TAF1B_CAEEL,264,NDT,Caenorhabditis elegans,6239,F23H11.2
sp|O01914|TAF1B_CAEEL,529,NMS,Caenorhabditis elegans,6239,F23H11.2
sp|O01914|TAF1B_CAEEL,584,NST,Caenorhabditis elegans,6239,F23H11.2
sp|O01914|TAF1B_CAEEL,680,NCT,Caenorhabditis elegans,6239,F23H11.2
sp|O01914|TAF1B_CAEEL,701,NQS,Caenorhabditis elegans,6239,F23H11.2
sp|O01914|TAF1B_CAEEL,776,NST,Caenorhabditis elegans,6239,F23H11.2
sp|O01916|CRLS1_CAEEL,28,NFS,Caenorhabditis elegans,6239,crls-1
sp|O01916|CRLS1_CAEEL,79,NFT,Caenorhabditis elegans,6239,crls-1
sp|O01929|NH153_CAEEL,252,NLT,Caenorhabditis elegans,6239,nhr-153
sp|O01931|NH154_CAEEL,428,NQS,Caenorhabditis elegans,6239,nhr-154
sp|O02056|RL4_CAEEL,269,NSS,Caenorhabditis elegans,6239,rpl-4
sp|O02235|NHR89_CAEEL,46,NNS,Caenorhabditis elegans,6239,nhr-89
sp|O02235|NHR89_CAEEL,118,NES,Caenorhabditis elegans,6239,nhr-89
sp|O02300|NTR1_CAEEL,32,NIT,Caenorhabditis elegans,6239,ntr-1
sp|O02300|NTR1_CAEEL,199,NYT,Caenorhabditis elegans,6239,ntr-1
sp|O02300|NTR1_CAEEL,319,NST,Caenorhabditis elegans,6239,ntr-1
sp|O02305|NH217_CAEEL,22,NST,Caenorhabditis elegans,6239,nhr-217
sp|O02305|NH217_CAEEL,177,NSS,Caenorhabditis elegans,6239,nhr-217
sp|O02316|NHR77_CAEEL,85,NST,Caenorhabditis elegans,6239,nhr-77
sp|O02316|NHR77_CAEEL,241,NNS,Caenorhabditis elegans,6239,nhr-77
sp|O02328|EIF3C_CAEEL,28,NKS,Caenorhabditis elegans,6239,eif-3.C
sp|O02328|EIF3C_CAEEL,220,NWS,Caenorhabditis elegans,6239,eif-3.C
sp|O02328|EIF3C_CAEEL,228,NSS,Caenorhabditis elegans,6239,eif-3.C
sp|O02328|EIF3C_CAEEL,469,NDS,Caenorhabditis elegans,6239,eif-3.C
sp|O02328|EIF3C_CAEEL,568,NRT,Caenorhabditis elegans,6239,eif-3.C
sp|O02328|EIF3C_CAEEL,815,NLS,Caenorhabditis elegans,6239,eif-3.C
sp|O02621|GPX1_CAEEL,42,NYT,Caenorhabditis elegans,6239,gpx-1
sp|O02621|GPX1_CAEEL,126,NFT,Caenorhabditis elegans,6239,gpx-1
sp|O16277|H16_CAEEL,22,NAT,Caenorhabditis elegans,6239,hil-6
sp|O16294|GMPR_CAEEL,303,NGT,Caenorhabditis elegans,6239,F32D1.5
sp|O16354|NH133_CAEEL,77,NSS,Caenorhabditis elegans,6239,nhr-133
sp|O16354|NH133_CAEEL,96,NYT,Caenorhabditis elegans,6239,nhr-133
sp|O16354|NH133_CAEEL,276,NYS,Caenorhabditis elegans,6239,nhr-133
sp|O16354|NH133_CAEEL,358,NYS,Caenorhabditis elegans,6239,nhr-133
sp|O16359|NH103_CAEEL,176,NES,Caenorhabditis elegans,6239,nhr-103
sp|O16359|NH103_CAEEL,195,NFS,Caenorhabditis elegans,6239,nhr-103
sp|O16359|NH103_CAEEL,233,NAT,Caenorhabditis elegans,6239,nhr-103
sp|O16359|NH103_CAEEL,245,NDS,Caenorhabditis elegans,6239,nhr-103
sp|O16359|NH103_CAEEL,263,NYS,Caenorhabditis elegans,6239,nhr-103
sp|O16359|NH103_CAEEL,346,NYS,Caenorhabditis elegans,6239,nhr-103
sp|O16360|NHR18_CAEEL,50,NGT,Caenorhabditis elegans,6239,nhr-18
sp|O16360|NHR18_CAEEL,195,NFS,Caenorhabditis elegans,6239,nhr-18
sp|O16360|NHR18_CAEEL,263,NYS,Caenorhabditis elegans,6239,nhr-18
sp|O16360|NHR18_CAEEL,346,NYS,Caenorhabditis elegans,6239,nhr-18
sp|O16391|NH124_CAEEL,86,NSS,Caenorhabditis elegans,6239,nhr-124
sp|O16391|NH124_CAEEL,130,NET,Caenorhabditis elegans,6239,nhr-124
sp|O16425|NHR57_CAEEL,289,NES,Caenorhabditis elegans,6239,nhr-57
sp|O16519|GAD1_CAEEL,218,NIT,Caenorhabditis elegans,6239,gad-1
sp|O16519|GAD1_CAEEL,325,NGS,Caenorhabditis elegans,6239,gad-1
sp|O16580|GLCM1_CAEEL,168,NLT,Caenorhabditis elegans,6239,gba-1
sp|O16662|NH115_CAEEL,110,NVT,Caenorhabditis elegans,6239,nhr-115
sp|O16966|NH106_CAEEL,47,NCT,Caenorhabditis elegans,6239,nhr-106
sp|O16966|NH106_CAEEL,50,NFT,Caenorhabditis elegans,6239,nhr-106
sp|O16977|NAS32_CAEEL,25,NNS,Caenorhabditis elegans,6239,nas-32
sp|O16977|NAS32_CAEEL,72,NST,Caenorhabditis elegans,6239,nas-32
sp|O16977|NAS32_CAEEL,251,NST,Caenorhabditis elegans,6239,nas-32
sp|O16977|NAS32_CAEEL,411,NCS,Caenorhabditis elegans,6239,nas-32
sp|O16977|NAS32_CAEEL,453,NAS,Caenorhabditis elegans,6239,nas-32
sp|O16977|NAS32_CAEEL,557,NVT,Caenorhabditis elegans,6239,nas-32
sp|O17025|NHR90_CAEEL,155,NCS,Caenorhabditis elegans,6239,nhr-90
sp|O17082|NH125_CAEEL,152,NLT,Caenorhabditis elegans,6239,nhr-125
sp|O17082|NH125_CAEEL,166,NIS,Caenorhabditis elegans,6239,nhr-125
sp|O17082|NH125_CAEEL,341,NNS,Caenorhabditis elegans,6239,nhr-125
sp|O17214|FUMH_CAEEL,30,NFS,Caenorhabditis elegans,6239,fum-1
sp|O17214|FUMH_CAEEL,173,NMS,Caenorhabditis elegans,6239,fum-1
sp|O17214|FUMH_CAEEL,179,NDT,Caenorhabditis elegans,6239,fum-1
sp|O17214|FUMH_CAEEL,469,NGT,Caenorhabditis elegans,6239,fum-1
sp|O17239|NMUR2_CAEEL,9,NVS,Caenorhabditis elegans,6239,nmur-2
sp|O17239|NMUR2_CAEEL,59,NKS,Caenorhabditis elegans,6239,nmur-2
sp|O17239|NMUR2_CAEEL,208,NQS,Caenorhabditis elegans,6239,nmur-2
sp|O17239|NMUR2_CAEEL,263,NKS,Caenorhabditis elegans,6239,nmur-2
sp|O17239|NMUR2_CAEEL,266,NRT,Caenorhabditis elegans,6239,nmur-2
sp|O17264|NAS27_CAEEL,181,NLT,Caenorhabditis elegans,6239,nas-27
sp|O17264|NAS27_CAEEL,377,NFT,Caenorhabditis elegans,6239,nas-27
sp|O17403|CPSF2_CAEEL,132,NQT,Caenorhabditis elegans,6239,cpsf-2
sp|O17403|CPSF2_CAEEL,431,NES,Caenorhabditis elegans,6239,cpsf-2
sp|O17403|CPSF2_CAEEL,721,NGS,Caenorhabditis elegans,6239,cpsf-2
sp|O17403|CPSF2_CAEEL,742,NDS,Caenorhabditis elegans,6239,cpsf-2
sp|O17403|CPSF2_CAEEL,808,NCS,Caenorhabditis elegans,6239,cpsf-2
sp|O17403|CPSF2_CAEEL,814,NDT,Caenorhabditis elegans,6239,cpsf-2
sp|O17405|PLDL_CAEEL,45,NSS,Caenorhabditis elegans,6239,F09G2.8
sp|O17405|PLDL_CAEEL,181,NHT,Caenorhabditis elegans,6239,F09G2.8
sp|O17405|PLDL_CAEEL,208,NTS,Caenorhabditis elegans,6239,F09G2.8
sp|O17405|PLDL_CAEEL,244,NLS,Caenorhabditis elegans,6239,F09G2.8
sp|O17405|PLDL_CAEEL,266,NVT,Caenorhabditis elegans,6239,F09G2.8
sp|O17405|PLDL_CAEEL,333,NDS,Caenorhabditis elegans,6239,F09G2.8
sp|O17405|PLDL_CAEEL,350,NFS,Caenorhabditis elegans,6239,F09G2.8
sp|O17405|PLDL_CAEEL,468,NRT,Caenorhabditis elegans,6239,F09G2.8
sp|O17405|PLDL_CAEEL,513,NWS,Caenorhabditis elegans,6239,F09G2.8
sp|O17554|ALKMO_CAEEL,2,NET,Caenorhabditis elegans,6239,agmo-1
sp|O17554|ALKMO_CAEEL,13,NTS,Caenorhabditis elegans,6239,agmo-1
sp|O17554|ALKMO_CAEEL,83,NDS,Caenorhabditis elegans,6239,agmo-1
sp|O17554|ALKMO_CAEEL,168,NFS,Caenorhabditis elegans,6239,agmo-1
sp|O17554|ALKMO_CAEEL,481,NQS,Caenorhabditis elegans,6239,agmo-1
sp|O17573|NH150_CAEEL,264,NLS,Caenorhabditis elegans,6239,nhr-150
sp|O17611|NH100_CAEEL,398,NGS,Caenorhabditis elegans,6239,nhr-100
sp|O17617|FKH4_CAEEL,72,NNS,Caenorhabditis elegans,6239,fkh-4
sp|O17617|FKH4_CAEEL,257,NSS,Caenorhabditis elegans,6239,fkh-4
sp|O17617|FKH4_CAEEL,300,NFT,Caenorhabditis elegans,6239,fkh-4
sp|O17617|FKH4_CAEEL,339,NIS,Caenorhabditis elegans,6239,fkh-4
sp|O17624|C13B1_CAEEL,199,NNS,Caenorhabditis elegans,6239,cyp-13B1
sp|O17624|C13B1_CAEEL,358,NVS,Caenorhabditis elegans,6239,cyp-13B1
sp|O17657|NH164_CAEEL,14,NGS,Caenorhabditis elegans,6239,nhr-164
sp|O17657|NH164_CAEEL,152,NET,Caenorhabditis elegans,6239,nhr-164
sp|O17657|NH164_CAEEL,252,NSS,Caenorhabditis elegans,6239,nhr-164
sp|O17683|NH167_CAEEL,19,NYS,Caenorhabditis elegans,6239,nhr-167
sp|O17683|NH167_CAEEL,260,NLS,Caenorhabditis elegans,6239,nhr-167
sp|O17683|NH167_CAEEL,323,NQS,Caenorhabditis elegans,6239,nhr-167
sp|O17706|NH169_CAEEL,23,NFS,Caenorhabditis elegans,6239,nhr-169
sp|O17706|NH169_CAEEL,106,NET,Caenorhabditis elegans,6239,nhr-169
sp|O17706|NH169_CAEEL,240,NDT,Caenorhabditis elegans,6239,nhr-169
sp|O17730|THT2_CAEEL,142,NIS,Caenorhabditis elegans,6239,mpst-1
sp|O17730|THT2_CAEEL,231,NGT,Caenorhabditis elegans,6239,mpst-1
sp|O17730|THT2_CAEEL,305,NGS,Caenorhabditis elegans,6239,mpst-1
sp|O17748|NH174_CAEEL,84,NST,Caenorhabditis elegans,6239,nhr-174
sp|O17828|PRDE1_CAEEL,71,NVT,Caenorhabditis elegans,6239,prde-1
sp|O17828|PRDE1_CAEEL,414,NHT,Caenorhabditis elegans,6239,prde-1
sp|O17862|LIR3_CAEEL,255,NIT,Caenorhabditis elegans,6239,lir-3
sp|O17901|COPZ_CAEEL,57,NTS,Caenorhabditis elegans,6239,copz-1
sp|O17907|CTG1_CAEEL,153,NIT,Caenorhabditis elegans,6239,ctg-1
sp|O17917|RN113_CAEEL,59,NSS,Caenorhabditis elegans,6239,rnf-113
sp|O17917|RN113_CAEEL,342,NDS,Caenorhabditis elegans,6239,rnf-113
sp|O17917|RN113_CAEEL,372,NDS,Caenorhabditis elegans,6239,rnf-113
sp|O17919|DKC1_CAEEL,30,NET,Caenorhabditis elegans,6239,dkc-1
sp|O17919|DKC1_CAEEL,237,NRS,Caenorhabditis elegans,6239,dkc-1
sp|O17919|DKC1_CAEEL,339,NTS,Caenorhabditis elegans,6239,dkc-1
sp|O17919|DKC1_CAEEL,393,NDT,Caenorhabditis elegans,6239,dkc-1
sp|O17927|NHR51_CAEEL,94,NLS,Caenorhabditis elegans,6239,nhr-51
sp|O17927|NHR51_CAEEL,163,NIS,Caenorhabditis elegans,6239,nhr-51
sp|O17927|NHR51_CAEEL,222,NRT,Caenorhabditis elegans,6239,nhr-51
sp|O17927|NHR51_CAEEL,258,NLS,Caenorhabditis elegans,6239,nhr-51
sp|O17928|NHR52_CAEEL,81,NNS,Caenorhabditis elegans,6239,nhr-52
sp|O17930|NH268_CAEEL,44,NCT,Caenorhabditis elegans,6239,nhr-268
sp|O17930|NH268_CAEEL,102,NYS,Caenorhabditis elegans,6239,nhr-268
sp|O17930|NH268_CAEEL,176,NVS,Caenorhabditis elegans,6239,nhr-268
sp|O17930|NH268_CAEEL,252,NAS,Caenorhabditis elegans,6239,nhr-268
sp|O17930|NH268_CAEEL,258,NFS,Caenorhabditis elegans,6239,nhr-268
sp|O17930|NH268_CAEEL,305,NKS,Caenorhabditis elegans,6239,nhr-268
sp|O17930|NH268_CAEEL,310,NMS,Caenorhabditis elegans,6239,nhr-268
sp|O17931|NH197_CAEEL,44,NCT,Caenorhabditis elegans,6239,nhr-197
sp|O17931|NH197_CAEEL,82,NQS,Caenorhabditis elegans,6239,nhr-197
sp|O17931|NH197_CAEEL,102,NYS,Caenorhabditis elegans,6239,nhr-197
sp|O17931|NH197_CAEEL,176,NIS,Caenorhabditis elegans,6239,nhr-197
sp|O17931|NH197_CAEEL,285,NYS,Caenorhabditis elegans,6239,nhr-197
sp|O17931|NH197_CAEEL,305,NKS,Caenorhabditis elegans,6239,nhr-197
sp|O17931|NH197_CAEEL,313,NLS,Caenorhabditis elegans,6239,nhr-197
sp|O17934|NH199_CAEEL,121,NIS,Caenorhabditis elegans,6239,nhr-199
sp|O17934|NH199_CAEEL,171,NES,Caenorhabditis elegans,6239,nhr-199
sp|O17953|DLDH_CAEEL,23,NYS,Caenorhabditis elegans,6239,dld-1
sp|O17953|DLDH_CAEEL,61,NAT,Caenorhabditis elegans,6239,dld-1
sp|O17953|DLDH_CAEEL,81,NNS,Caenorhabditis elegans,6239,dld-1
sp|O17953|DLDH_CAEEL,270,NGS,Caenorhabditis elegans,6239,dld-1
sp|O18016|IGDB1_CAEEL,36,NHT,Caenorhabditis elegans,6239,igdb-1
sp|O18016|IGDB1_CAEEL,93,NVT,Caenorhabditis elegans,6239,igdb-1
sp|O18016|IGDB1_CAEEL,120,NYT,Caenorhabditis elegans,6239,igdb-1
sp|O18016|IGDB1_CAEEL,165,NGT,Caenorhabditis elegans,6239,igdb-1
sp|O18016|IGDB1_CAEEL,257,NMT,Caenorhabditis elegans,6239,igdb-1
sp|O18016|IGDB1_CAEEL,374,NSS,Caenorhabditis elegans,6239,igdb-1
sp|O18016|IGDB1_CAEEL,409,NAT,Caenorhabditis elegans,6239,igdb-1
sp|O18016|IGDB1_CAEEL,442,NVT,Caenorhabditis elegans,6239,igdb-1
sp|O18016|IGDB1_CAEEL,482,NQT,Caenorhabditis elegans,6239,igdb-1
sp|O18016|IGDB1_CAEEL,507,NRT,Caenorhabditis elegans,6239,igdb-1
sp|O18016|IGDB1_CAEEL,552,NCS,Caenorhabditis elegans,6239,igdb-1
sp|O18016|IGDB1_CAEEL,753,NCT,Caenorhabditis elegans,6239,igdb-1
sp|O18016|IGDB1_CAEEL,1009,NST,Caenorhabditis elegans,6239,igdb-1
sp|O18023|IGDB2_CAEEL,87,NTT,Caenorhabditis elegans,6239,igdb-2
sp|O18023|IGDB2_CAEEL,143,NLT,Caenorhabditis elegans,6239,igdb-2
sp|O18023|IGDB2_CAEEL,158,NKS,Caenorhabditis elegans,6239,igdb-2
sp|O18023|IGDB2_CAEEL,181,NIS,Caenorhabditis elegans,6239,igdb-2
sp|O18023|IGDB2_CAEEL,414,NST,Caenorhabditis elegans,6239,igdb-2
sp|O18023|IGDB2_CAEEL,427,NTT,Caenorhabditis elegans,6239,igdb-2
sp|O18023|IGDB2_CAEEL,475,NAS,Caenorhabditis elegans,6239,igdb-2
sp|O18023|IGDB2_CAEEL,489,NVT,Caenorhabditis elegans,6239,igdb-2
sp|O18023|IGDB2_CAEEL,533,NHT,Caenorhabditis elegans,6239,igdb-2
sp|O18023|IGDB2_CAEEL,590,NVT,Caenorhabditis elegans,6239,igdb-2
sp|O18023|IGDB2_CAEEL,617,NYT,Caenorhabditis elegans,6239,igdb-2
sp|O18023|IGDB2_CAEEL,662,NGT,Caenorhabditis elegans,6239,igdb-2
sp|O18023|IGDB2_CAEEL,754,NMT,Caenorhabditis elegans,6239,igdb-2
sp|O18023|IGDB2_CAEEL,871,NSS,Caenorhabditis elegans,6239,igdb-2
sp|O18023|IGDB2_CAEEL,906,NAT,Caenorhabditis elegans,6239,igdb-2
sp|O18023|IGDB2_CAEEL,939,NVT,Caenorhabditis elegans,6239,igdb-2
sp|O18023|IGDB2_CAEEL,979,NQT,Caenorhabditis elegans,6239,igdb-2
sp|O18023|IGDB2_CAEEL,1004,NRT,Caenorhabditis elegans,6239,igdb-2
sp|O18023|IGDB2_CAEEL,1049,NCS,Caenorhabditis elegans,6239,igdb-2
sp|O18023|IGDB2_CAEEL,1250,NCT,Caenorhabditis elegans,6239,igdb-2
sp|O18023|IGDB2_CAEEL,1506,NST,Caenorhabditis elegans,6239,igdb-2
sp|O18086|NH218_CAEEL,148,NYS,Caenorhabditis elegans,6239,nhr-218
sp|O18086|NH218_CAEEL,183,NLT,Caenorhabditis elegans,6239,nhr-218
sp|O18087|NH127_CAEEL,18,NQS,Caenorhabditis elegans,6239,nhr-127
sp|O18087|NH127_CAEEL,129,NAS,Caenorhabditis elegans,6239,nhr-127
sp|O18141|NHR79_CAEEL,13,NAT,Caenorhabditis elegans,6239,nhr-79
sp|O18141|NHR79_CAEEL,95,NSS,Caenorhabditis elegans,6239,nhr-79
sp|O18211|MO25M_CAEEL,33,NTS,Caenorhabditis elegans,6239,mop-25.2
sp|O18211|MO25M_CAEEL,245,NFS,Caenorhabditis elegans,6239,mop-25.2
sp|O18229|6PGL_CAEEL,18,NVS,Caenorhabditis elegans,6239,Y57G11C.3
sp|O18229|6PGL_CAEEL,45,NGT,Caenorhabditis elegans,6239,Y57G11C.3
sp|O18229|6PGL_CAEEL,142,NNT,Caenorhabditis elegans,6239,Y57G11C.3
sp|O18280|GUR3_CAEEL,59,NHT,Caenorhabditis elegans,6239,gur-3
sp|O18280|GUR3_CAEEL,290,NFS,Caenorhabditis elegans,6239,gur-3
sp|O18280|GUR3_CAEEL,436,NQS,Caenorhabditis elegans,6239,gur-3
sp|O44156|PSA1_CAEEL,209,NTS,Caenorhabditis elegans,6239,pas-6
sp|O44451|ODPB_CAEEL,106,NFS,Caenorhabditis elegans,6239,pdhb-1
sp|O44502|COG8_CAEEL,73,NLS,Caenorhabditis elegans,6239,cogc-8
sp|O44502|COG8_CAEEL,445,NFS,Caenorhabditis elegans,6239,cogc-8
sp|O44616|FGTH1_CAEEL,42,NWT,Caenorhabditis elegans,6239,R09B5.11
sp|O44616|FGTH1_CAEEL,198,NIS,Caenorhabditis elegans,6239,R09B5.11
sp|O44730|ZIG7_CAEEL,43,NKT,Caenorhabditis elegans,6239,zig-7
sp|O44739|BAG1_CAEEL,4,NVS,Caenorhabditis elegans,6239,bag-1
sp|O44739|BAG1_CAEEL,101,NLS,Caenorhabditis elegans,6239,bag-1
sp|O44749|PID4_CAEEL,94,NGS,Caenorhabditis elegans,6239,pid-4
sp|O44770|KATIP_CAEEL,81,NVT,Caenorhabditis elegans,6239,K04F10.2
sp|O44770|KATIP_CAEEL,136,NAS,Caenorhabditis elegans,6239,K04F10.2
sp|O44770|KATIP_CAEEL,210,NSS,Caenorhabditis elegans,6239,K04F10.2
sp|O44770|KATIP_CAEEL,315,NLT,Caenorhabditis elegans,6239,K04F10.2
sp|O44770|KATIP_CAEEL,332,NFT,Caenorhabditis elegans,6239,K04F10.2
sp|O44770|KATIP_CAEEL,355,NAS,Caenorhabditis elegans,6239,K04F10.2
sp|O44770|KATIP_CAEEL,402,NNT,Caenorhabditis elegans,6239,K04F10.2
sp|O44770|KATIP_CAEEL,486,NDT,Caenorhabditis elegans,6239,K04F10.2
sp|O44960|NHR64_CAEEL,112,NGS,Caenorhabditis elegans,6239,nhr-64
sp|O44960|NHR64_CAEEL,184,NIT,Caenorhabditis elegans,6239,nhr-64
sp|O44960|NHR64_CAEEL,218,NET,Caenorhabditis elegans,6239,nhr-64
sp|O44960|NHR64_CAEEL,356,NTT,Caenorhabditis elegans,6239,nhr-64
sp|O45145|ACASE_CAEEL,256,NGS,Caenorhabditis elegans,6239,W02F12.2
sp|O45168|IFC1_CAEEL,88,NCT,Caenorhabditis elegans,6239,ifc-1
sp|O45168|IFC1_CAEEL,212,NSS,Caenorhabditis elegans,6239,ifc-1
sp|O45168|IFC1_CAEEL,380,NVT,Caenorhabditis elegans,6239,ifc-1
sp|O45168|IFC1_CAEEL,387,NST,Caenorhabditis elegans,6239,ifc-1
sp|O45181|NUCL1_CAEEL,341,NLS,Caenorhabditis elegans,6239,nucl-1
sp|O45181|NUCL1_CAEEL,650,NNT,Caenorhabditis elegans,6239,nucl-1
sp|O45348|MIG18_CAEEL,135,NKS,Caenorhabditis elegans,6239,mig-18
sp|O45348|MIG18_CAEEL,159,NGT,Caenorhabditis elegans,6239,mig-18
sp|O45365|NH176_CAEEL,112,NET,Caenorhabditis elegans,6239,nhr-176
sp|O45365|NH176_CAEEL,132,NNT,Caenorhabditis elegans,6239,nhr-176
sp|O45365|NH176_CAEEL,264,NQS,Caenorhabditis elegans,6239,nhr-176
sp|O45406|KBP3_CAEEL,128,NLS,Caenorhabditis elegans,6239,kbp-3
sp|O45436|NHR4_CAEEL,243,NAT,Caenorhabditis elegans,6239,nhr-4
sp|O45449|NH108_CAEEL,93,NQT,Caenorhabditis elegans,6239,nhr-108
sp|O45449|NH108_CAEEL,261,NQS,Caenorhabditis elegans,6239,nhr-108
sp|O45487|EMAL_CAEEL,127,NNS,Caenorhabditis elegans,6239,elp-1
sp|O45487|EMAL_CAEEL,151,NVS,Caenorhabditis elegans,6239,elp-1
sp|O45487|EMAL_CAEEL,235,NRT,Caenorhabditis elegans,6239,elp-1
sp|O45487|EMAL_CAEEL,242,NGS,Caenorhabditis elegans,6239,elp-1
sp|O45487|EMAL_CAEEL,317,NIT,Caenorhabditis elegans,6239,elp-1
sp|O45487|EMAL_CAEEL,521,NGT,Caenorhabditis elegans,6239,elp-1
sp|O45487|EMAL_CAEEL,596,NGS,Caenorhabditis elegans,6239,elp-1
sp|O45487|EMAL_CAEEL,616,NST,Caenorhabditis elegans,6239,elp-1
sp|O45487|EMAL_CAEEL,619,NLT,Caenorhabditis elegans,6239,elp-1
sp|O45487|EMAL_CAEEL,630,NLT,Caenorhabditis elegans,6239,elp-1
sp|O45487|EMAL_CAEEL,696,NIT,Caenorhabditis elegans,6239,elp-1
sp|O45487|EMAL_CAEEL,837,NGT,Caenorhabditis elegans,6239,elp-1
sp|O45499|RS26_CAEEL,86,NRS,Caenorhabditis elegans,6239,rps-26
sp|O45521|NH111_CAEEL,34,NIT,Caenorhabditis elegans,6239,nhr-111
sp|O45595|POT2_CAEEL,180,NFT,Caenorhabditis elegans,6239,pot-2
sp|O45595|POT2_CAEEL,241,NNS,Caenorhabditis elegans,6239,pot-2
sp|O45766|CWC15_CAEEL,113,NSS,Caenorhabditis elegans,6239,cwc-15
sp|O45766|CWC15_CAEEL,170,NDT,Caenorhabditis elegans,6239,cwc-15
sp|O45870|NSMA_CAEEL,314,NYS,Caenorhabditis elegans,6239,T27F6.6
sp|O45903|MECR1_CAEEL,93,NVS,Caenorhabditis elegans,6239,W09H1.5
sp|O45907|NHR65_CAEEL,268,NFS,Caenorhabditis elegans,6239,nhr-65
sp|O45924|ODBA_CAEEL,7,NAS,Caenorhabditis elegans,6239,bckd-1A
sp|O45924|ODBA_CAEEL,292,NAT,Caenorhabditis elegans,6239,bckd-1A
sp|O61708|PQN59_CAEEL,189,NQT,Caenorhabditis elegans,6239,pqn-59
sp|O61708|PQN59_CAEEL,294,NES,Caenorhabditis elegans,6239,pqn-59
sp|O61708|PQN59_CAEEL,306,NVS,Caenorhabditis elegans,6239,pqn-59
sp|O61708|PQN59_CAEEL,401,NAS,Caenorhabditis elegans,6239,pqn-59
sp|O61708|PQN59_CAEEL,408,NSS,Caenorhabditis elegans,6239,pqn-59
sp|O61708|PQN59_CAEEL,468,NNS,Caenorhabditis elegans,6239,pqn-59
sp|O61708|PQN59_CAEEL,629,NLS,Caenorhabditis elegans,6239,pqn-59
sp|O61708|PQN59_CAEEL,709,NWS,Caenorhabditis elegans,6239,pqn-59
sp|O61788|INX17_CAEEL,81,NNS,Caenorhabditis elegans,6239,inx-17
sp|O61788|INX17_CAEEL,130,NIS,Caenorhabditis elegans,6239,inx-17
sp|O61788|INX17_CAEEL,250,NWS,Caenorhabditis elegans,6239,inx-17
sp|O61788|INX17_CAEEL,332,NLT,Caenorhabditis elegans,6239,inx-17
sp|O61788|INX17_CAEEL,340,NAT,Caenorhabditis elegans,6239,inx-17
sp|O61820|EIF3E_CAEEL,122,NFT,Caenorhabditis elegans,6239,eif-3.E
sp|O61820|EIF3E_CAEEL,143,NYT,Caenorhabditis elegans,6239,eif-3.E
sp|O61820|EIF3E_CAEEL,359,NMS,Caenorhabditis elegans,6239,eif-3.E
sp|O61856|HACL2_CAEEL,380,NSS,Caenorhabditis elegans,6239,T26C12.1
sp|O61856|HACL2_CAEEL,416,NHT,Caenorhabditis elegans,6239,T26C12.1
sp|O62106|IF6_CAEEL,74,NAT,Caenorhabditis elegans,6239,eif-6
sp|O62136|INX14_CAEEL,87,NGT,Caenorhabditis elegans,6239,inx-14
sp|O62146|PLBL2_CAEEL,91,NTT,Caenorhabditis elegans,6239,F09B12.3
sp|O62146|PLBL2_CAEEL,141,NFT,Caenorhabditis elegans,6239,F09B12.3
sp|O62146|PLBL2_CAEEL,178,NRT,Caenorhabditis elegans,6239,F09B12.3
sp|O62146|PLBL2_CAEEL,224,NKT,Caenorhabditis elegans,6239,F09B12.3
sp|O62146|PLBL2_CAEEL,318,NTS,Caenorhabditis elegans,6239,F09B12.3
sp|O62146|PLBL2_CAEEL,502,NGT,Caenorhabditis elegans,6239,F09B12.3
sp|O62169|NTR2_CAEEL,3,NNT,Caenorhabditis elegans,6239,ntr-2
sp|O62169|NTR2_CAEEL,7,NIT,Caenorhabditis elegans,6239,ntr-2
sp|O62169|NTR2_CAEEL,327,NRS,Caenorhabditis elegans,6239,ntr-2
sp|O62169|NTR2_CAEEL,377,NRS,Caenorhabditis elegans,6239,ntr-2
sp|O62301|SMG8_CAEEL,243,NET,Caenorhabditis elegans,6239,smg-8
sp|O62301|SMG8_CAEEL,288,NNS,Caenorhabditis elegans,6239,smg-8
sp|O62389|NHR61_CAEEL,61,NRT,Caenorhabditis elegans,6239,nhr-61
sp|O62389|NHR61_CAEEL,265,NGS,Caenorhabditis elegans,6239,nhr-61
sp|O62389|NHR61_CAEEL,329,NVS,Caenorhabditis elegans,6239,nhr-61
sp|O62431|SYQ_CAEEL,456,NIT,Caenorhabditis elegans,6239,qars-1
sp|O62431|SYQ_CAEEL,496,NYT,Caenorhabditis elegans,6239,qars-1
sp|O62431|SYQ_CAEEL,587,NFS,Caenorhabditis elegans,6239,qars-1
sp|O62431|SYQ_CAEEL,772,NRT,Caenorhabditis elegans,6239,qars-1
sp|O62446|LMLN_CAEEL,82,NLT,Caenorhabditis elegans,6239,Y43F4A.1
sp|O62446|LMLN_CAEEL,92,NTT,Caenorhabditis elegans,6239,Y43F4A.1
sp|O62446|LMLN_CAEEL,165,NNT,Caenorhabditis elegans,6239,Y43F4A.1
sp|O62446|LMLN_CAEEL,572,NGT,Caenorhabditis elegans,6239,Y43F4A.1
sp|O62446|LMLN_CAEEL,581,NAT,Caenorhabditis elegans,6239,Y43F4A.1
sp|O62515|PAHX_CAEEL,61,NMT,Caenorhabditis elegans,6239,ZK550.6
sp|O62515|PAHX_CAEEL,236,NRT,Caenorhabditis elegans,6239,ZK550.6
sp|O76437|STR33_CAEEL,37,NIT,Caenorhabditis elegans,6239,str-33
sp|O76437|STR33_CAEEL,71,NAS,Caenorhabditis elegans,6239,str-33
sp|O76437|STR33_CAEEL,239,NFS,Caenorhabditis elegans,6239,str-33
sp|O76437|STR33_CAEEL,341,NFS,Caenorhabditis elegans,6239,str-33
sp|O76577|PSDE_CAEEL,235,NYS,Caenorhabditis elegans,6239,rpn-11
sp|O76577|PSDE_CAEEL,266,NMT,Caenorhabditis elegans,6239,rpn-11
sp|O76828|NHR42_CAEEL,132,NIS,Caenorhabditis elegans,6239,nhr-42
sp|P04970|G3P1_CAEEL,155,NAS,Caenorhabditis elegans,6239,gpd-1
sp|P05634|MSP10_CAEEL,36,NSS,Caenorhabditis elegans,6239,msp-10
sp|P06125|VIT5_CAEEL,602,NES,Caenorhabditis elegans,6239,vit-5
sp|P06125|VIT5_CAEEL,812,NDS,Caenorhabditis elegans,6239,vit-5
sp|P06125|VIT5_CAEEL,1052,NES,Caenorhabditis elegans,6239,vit-5
sp|P06125|VIT5_CAEEL,1266,NMT,Caenorhabditis elegans,6239,vit-5
sp|P10986|ACT4_CAEEL,13,NGS,Caenorhabditis elegans,6239,act-4
sp|P17329|G3P2_CAEEL,155,NAS,Caenorhabditis elegans,6239,gpd-2
sp|P17329|G3P2_CAEEL,297,NSS,Caenorhabditis elegans,6239,gpd-2
sp|P17330|G3P3_CAEEL,155,NAS,Caenorhabditis elegans,6239,gpd-3
sp|P17330|G3P3_CAEEL,297,NSS,Caenorhabditis elegans,6239,gpd-3
sp|P17331|G3P4_CAEEL,155,NAS,Caenorhabditis elegans,6239,gpd-4
sp|P17488|HM13_CAEEL,75,NSS,Caenorhabditis elegans,6239,ceh-13
sp|P17488|HM13_CAEEL,114,NGT,Caenorhabditis elegans,6239,ceh-13
sp|P17488|HM13_CAEEL,117,NRT,Caenorhabditis elegans,6239,ceh-13
sp|P17488|HM13_CAEEL,120,NFT,Caenorhabditis elegans,6239,ceh-13
sp|P17488|HM13_CAEEL,140,NRT,Caenorhabditis elegans,6239,ceh-13
sp|P17512|MT2_CAEEL,11,NCS,Caenorhabditis elegans,6239,mtl-2
sp|P17656|COL2_CAEEL,73,NNT,Caenorhabditis elegans,6239,col-2
sp|P19626|MLR2_CAEEL,77,NFT,Caenorhabditis elegans,6239,mlc-2
sp|P24885|NU6M_CAEEL,129,NFS,Caenorhabditis elegans,6239,nduo-6
sp|P24885|NU6M_CAEEL,136,NFS,Caenorhabditis elegans,6239,nduo-6
sp|P24887|NU1M_CAEEL,67,NSS,Caenorhabditis elegans,6239,nduo-1
sp|P24887|NU1M_CAEEL,169,NLS,Caenorhabditis elegans,6239,nduo-1
sp|P24888|ATP6_CAEEL,144,NIT,Caenorhabditis elegans,6239,atp-6
sp|P24889|NU2M_CAEEL,40,NKS,Caenorhabditis elegans,6239,nduo-2
sp|P24889|NU2M_CAEEL,91,NVT,Caenorhabditis elegans,6239,nduo-2
sp|P24889|NU2M_CAEEL,253,NLS,Caenorhabditis elegans,6239,nduo-2
sp|P24891|COX3_CAEEL,150,NKS,Caenorhabditis elegans,6239,ctc-3
sp|P24896|NU5M_CAEEL,2,NIS,Caenorhabditis elegans,6239,nduo-5
sp|P24896|NU5M_CAEEL,93,NFS,Caenorhabditis elegans,6239,nduo-5
sp|P24896|NU5M_CAEEL,311,NYS,Caenorhabditis elegans,6239,nduo-5
sp|P26797|HM19_CAEEL,26,NDS,Caenorhabditis elegans,6239,ceh-19
sp|P26797|HM19_CAEEL,132,NLT,Caenorhabditis elegans,6239,ceh-19
sp|P28191|PTP1_CAEEL,79,NSS,Caenorhabditis elegans,6239,ptp-1
sp|P28191|PTP1_CAEEL,384,NTT,Caenorhabditis elegans,6239,ptp-1
sp|P28191|PTP1_CAEEL,535,NAS,Caenorhabditis elegans,6239,ptp-1
sp|P28191|PTP1_CAEEL,543,NGT,Caenorhabditis elegans,6239,ptp-1
sp|P28191|PTP1_CAEEL,571,NTS,Caenorhabditis elegans,6239,ptp-1
sp|P28191|PTP1_CAEEL,604,NKS,Caenorhabditis elegans,6239,ptp-1
sp|P28191|PTP1_CAEEL,903,NSS,Caenorhabditis elegans,6239,ptp-1
sp|P28192|PTP4_CAEEL,28,NAT,Caenorhabditis elegans,6239,ptp-4
sp|P28192|PTP4_CAEEL,153,NRS,Caenorhabditis elegans,6239,ptp-4
sp|P28192|PTP4_CAEEL,194,NAT,Caenorhabditis elegans,6239,ptp-4
sp|P28192|PTP4_CAEEL,202,NLS,Caenorhabditis elegans,6239,ptp-4
sp|P28192|PTP4_CAEEL,248,NIT,Caenorhabditis elegans,6239,ptp-4
sp|P28192|PTP4_CAEEL,279,NET,Caenorhabditis elegans,6239,ptp-4
sp|P28192|PTP4_CAEEL,335,NWS,Caenorhabditis elegans,6239,ptp-4
sp|P28192|PTP4_CAEEL,362,NAT,Caenorhabditis elegans,6239,ptp-4
sp|P28192|PTP4_CAEEL,388,NVS,Caenorhabditis elegans,6239,ptp-4
sp|P28192|PTP4_CAEEL,480,NQT,Caenorhabditis elegans,6239,ptp-4
sp|P28192|PTP4_CAEEL,488,NTT,Caenorhabditis elegans,6239,ptp-4
sp|P28192|PTP4_CAEEL,519,NST,Caenorhabditis elegans,6239,ptp-4
sp|P28192|PTP4_CAEEL,638,NDS,Caenorhabditis elegans,6239,ptp-4
sp|P28192|PTP4_CAEEL,666,NSS,Caenorhabditis elegans,6239,ptp-4
sp|P28192|PTP4_CAEEL,1038,NVS,Caenorhabditis elegans,6239,ptp-4
sp|P30634|MPIP3_CAEEL,48,NSS,Caenorhabditis elegans,6239,cdc-25.3
sp|P30634|MPIP3_CAEEL,70,NTS,Caenorhabditis elegans,6239,cdc-25.3
sp|P30634|MPIP3_CAEEL,275,NVS,Caenorhabditis elegans,6239,cdc-25.3
sp|P30641|RPAP2_CAEEL,388,NIT,Caenorhabditis elegans,6239,rpap-2
sp|P30641|RPAP2_CAEEL,424,NAS,Caenorhabditis elegans,6239,rpap-2
sp|P30642|EIF3D_CAEEL,127,NQS,Caenorhabditis elegans,6239,eif-3.D
sp|P30642|EIF3D_CAEEL,192,NLS,Caenorhabditis elegans,6239,eif-3.D
sp|P30642|EIF3D_CAEEL,245,NVT,Caenorhabditis elegans,6239,eif-3.D
sp|P30642|EIF3D_CAEEL,413,NET,Caenorhabditis elegans,6239,eif-3.D
sp|P30642|EIF3D_CAEEL,454,NNS,Caenorhabditis elegans,6239,eif-3.D
sp|P30642|EIF3D_CAEEL,489,NHS,Caenorhabditis elegans,6239,eif-3.D
sp|P30650|SEB2_CAEEL,95,NSS,Caenorhabditis elegans,6239,seb-2
sp|P30650|SEB2_CAEEL,313,NFT,Caenorhabditis elegans,6239,seb-2
sp|P30650|SEB2_CAEEL,374,NST,Caenorhabditis elegans,6239,seb-2
sp|P32740|NNRD_CAEEL,172,NNS,Caenorhabditis elegans,6239,R107.2
sp|P32740|NNRD_CAEEL,188,NVT,Caenorhabditis elegans,6239,R107.2
sp|P34254|NNMT1_CAEEL,139,NKT,Caenorhabditis elegans,6239,anmt-1
sp|P34257|TC3A_CAEEL,22,NVS,Caenorhabditis elegans,6239,tc3a
sp|P34257|TC3A_CAEEL,136,NWS,Caenorhabditis elegans,6239,tc3a
sp|P34257|TC3A_CAEEL,202,NST,Caenorhabditis elegans,6239,tc3a
sp|P34257|TC3A_CAEEL,232,NAT,Caenorhabditis elegans,6239,tc3a
sp|P34257|TC3A_CAEEL,239,NST,Caenorhabditis elegans,6239,tc3a
sp|P34257|TC3A_CAEEL,280,NKT,Caenorhabditis elegans,6239,tc3a
sp|P34261|YKAA_CAEEL,275,NST,Caenorhabditis elegans,6239,B0303.11
sp|P34266|PGL2_CAEEL,103,NHS,Caenorhabditis elegans,6239,pgl-2
sp|P34266|PGL2_CAEEL,319,NES,Caenorhabditis elegans,6239,pgl-2
sp|P34268|FLII_CAEEL,40,NDS,Caenorhabditis elegans,6239,fli-1
sp|P34268|FLII_CAEEL,132,NLS,Caenorhabditis elegans,6239,fli-1
sp|P34268|FLII_CAEEL,208,NRT,Caenorhabditis elegans,6239,fli-1
sp|P34268|FLII_CAEEL,251,NLS,Caenorhabditis elegans,6239,fli-1
sp|P34268|FLII_CAEEL,261,NMT,Caenorhabditis elegans,6239,fli-1
sp|P34268|FLII_CAEEL,274,NMS,Caenorhabditis elegans,6239,fli-1
sp|P34268|FLII_CAEEL,582,NAT,Caenorhabditis elegans,6239,fli-1
sp|P34268|FLII_CAEEL,637,NGT,Caenorhabditis elegans,6239,fli-1
sp|P34268|FLII_CAEEL,979,NFT,Caenorhabditis elegans,6239,fli-1
sp|P34268|FLII_CAEEL,1044,NGS,Caenorhabditis elegans,6239,fli-1
sp|P34268|FLII_CAEEL,1050,NRT,Caenorhabditis elegans,6239,fli-1
sp|P34275|IVD_CAEEL,173,NGS,Caenorhabditis elegans,6239,acdh-6
sp|P34275|IVD_CAEEL,193,NTS,Caenorhabditis elegans,6239,acdh-6
sp|P34275|IVD_CAEEL,203,NKS,Caenorhabditis elegans,6239,acdh-6
sp|P34275|IVD_CAEEL,282,NET,Caenorhabditis elegans,6239,acdh-6
sp|P34295|RGS1_CAEEL,119,NMS,Caenorhabditis elegans,6239,rgs-1
sp|P34305|RHA2_CAEEL,10,NAS,Caenorhabditis elegans,6239,rha-2
sp|P34305|RHA2_CAEEL,877,NAS,Caenorhabditis elegans,6239,rha-2
sp|P34305|RHA2_CAEEL,1030,NRS,Caenorhabditis elegans,6239,rha-2
sp|P34343|NU133_CAEEL,102,NKT,Caenorhabditis elegans,6239,npp-15
sp|P34343|NU133_CAEEL,348,NLT,Caenorhabditis elegans,6239,npp-15
sp|P34343|NU133_CAEEL,532,NKT,Caenorhabditis elegans,6239,npp-15
sp|P34343|NU133_CAEEL,603,NET,Caenorhabditis elegans,6239,npp-15
sp|P34343|NU133_CAEEL,723,NGS,Caenorhabditis elegans,6239,npp-15
sp|P34343|NU133_CAEEL,1056,NTT,Caenorhabditis elegans,6239,npp-15
sp|P34356|RHOM2_CAEEL,258,NAT,Caenorhabditis elegans,6239,rom-2
sp|P34369|PRP8_CAEEL,849,NQS,Caenorhabditis elegans,6239,prp-8
sp|P34369|PRP8_CAEEL,1015,NHT,Caenorhabditis elegans,6239,prp-8
sp|P34369|PRP8_CAEEL,1616,NSS,Caenorhabditis elegans,6239,prp-8
sp|P34369|PRP8_CAEEL,1631,NVS,Caenorhabditis elegans,6239,prp-8
sp|P34369|PRP8_CAEEL,1647,NTT,Caenorhabditis elegans,6239,prp-8
sp|P34369|PRP8_CAEEL,1684,NMS,Caenorhabditis elegans,6239,prp-8
sp|P34369|PRP8_CAEEL,1790,NLT,Caenorhabditis elegans,6239,prp-8
sp|P34369|PRP8_CAEEL,2196,NIS,Caenorhabditis elegans,6239,prp-8
sp|P34371|BAT42_CAEEL,14,NRT,Caenorhabditis elegans,6239,bath-42
sp|P34371|BAT42_CAEEL,64,NGS,Caenorhabditis elegans,6239,bath-42
sp|P34371|BAT42_CAEEL,99,NVS,Caenorhabditis elegans,6239,bath-42
sp|P34371|BAT42_CAEEL,209,NRS,Caenorhabditis elegans,6239,bath-42
sp|P34371|BAT42_CAEEL,323,NVT,Caenorhabditis elegans,6239,bath-42
sp|P34384|RM44_CAEEL,13,NTS,Caenorhabditis elegans,6239,mrpl-44
sp|P34384|RM44_CAEEL,84,NES,Caenorhabditis elegans,6239,mrpl-44
sp|P34384|RM44_CAEEL,121,NLS,Caenorhabditis elegans,6239,mrpl-44
sp|P34384|RM44_CAEEL,317,NFS,Caenorhabditis elegans,6239,mrpl-44
sp|P34385|MCCB_CAEEL,13,NTS,Caenorhabditis elegans,6239,F02A9.10
sp|P34385|MCCB_CAEEL,54,NCS,Caenorhabditis elegans,6239,F02A9.10
sp|P34385|MCCB_CAEEL,82,NSS,Caenorhabditis elegans,6239,F02A9.10
sp|P34385|MCCB_CAEEL,448,NIT,Caenorhabditis elegans,6239,F02A9.10
sp|P34387|TG198_CAEEL,253,NGS,Caenorhabditis elegans,6239,crn-7
sp|P34410|TWK7_CAEEL,220,NET,Caenorhabditis elegans,6239,twk-7
sp|P34410|TWK7_CAEEL,237,NMS,Caenorhabditis elegans,6239,twk-7
sp|P34410|TWK7_CAEEL,491,NMS,Caenorhabditis elegans,6239,twk-7
sp|P34420|ESS2_CAEEL,180,NAS,Caenorhabditis elegans,6239,ess-2
sp|P34420|ESS2_CAEEL,389,NDS,Caenorhabditis elegans,6239,ess-2
sp|P34420|ESS2_CAEEL,462,NWS,Caenorhabditis elegans,6239,ess-2
sp|P34422|DPF6_CAEEL,108,NIS,Caenorhabditis elegans,6239,dpf-6
sp|P34422|DPF6_CAEEL,308,NET,Caenorhabditis elegans,6239,dpf-6
sp|P34422|DPF6_CAEEL,506,NRS,Caenorhabditis elegans,6239,dpf-6
sp|P34422|DPF6_CAEEL,672,NSS,Caenorhabditis elegans,6239,dpf-6
sp|P34424|CCNT2_CAEEL,12,NGS,Caenorhabditis elegans,6239,cit-1.2
sp|P34424|CCNT2_CAEEL,325,NSS,Caenorhabditis elegans,6239,cit-1.2
sp|P34424|CCNT2_CAEEL,388,NNS,Caenorhabditis elegans,6239,cit-1.2
sp|P34424|CCNT2_CAEEL,394,NRS,Caenorhabditis elegans,6239,cit-1.2
sp|P34424|CCNT2_CAEEL,426,NSS,Caenorhabditis elegans,6239,cit-1.2
sp|P34424|CCNT2_CAEEL,463,NIS,Caenorhabditis elegans,6239,cit-1.2
sp|P34425|CCNT1_CAEEL,421,NHT,Caenorhabditis elegans,6239,cit-1.1
sp|P34425|CCNT1_CAEEL,424,NSS,Caenorhabditis elegans,6239,cit-1.1
sp|P34453|PEX19_CAEEL,119,NAS,Caenorhabditis elegans,6239,prx-19
sp|P34460|EF1B1_CAEEL,15,NTT,Caenorhabditis elegans,6239,eef-1B.1
sp|P34460|EF1B1_CAEEL,45,NAS,Caenorhabditis elegans,6239,eef-1B.1
sp|P34471|PRI1_CAEEL,317,NVS,Caenorhabditis elegans,6239,pri-1
sp|P34474|HLH11_CAEEL,90,NRS,Caenorhabditis elegans,6239,hlh-11
sp|P34474|HLH11_CAEEL,241,NGS,Caenorhabditis elegans,6239,hlh-11
sp|P34474|HLH11_CAEEL,285,NGS,Caenorhabditis elegans,6239,hlh-11
sp|P34474|HLH11_CAEEL,371,NST,Caenorhabditis elegans,6239,hlh-11
sp|P34476|RPAC2_CAEEL,60,NLT,Caenorhabditis elegans,6239,rpac-19
sp|P34478|GEI13_CAEEL,66,NAS,Caenorhabditis elegans,6239,gei-13
sp|P34478|GEI13_CAEEL,89,NLS,Caenorhabditis elegans,6239,gei-13
sp|P34478|GEI13_CAEEL,259,NTS,Caenorhabditis elegans,6239,gei-13
sp|P34478|GEI13_CAEEL,506,NVT,Caenorhabditis elegans,6239,gei-13
sp|P34478|GEI13_CAEEL,514,NSS,Caenorhabditis elegans,6239,gei-13
sp|P34478|GEI13_CAEEL,601,NSS,Caenorhabditis elegans,6239,gei-13
sp|P34478|GEI13_CAEEL,621,NGS,Caenorhabditis elegans,6239,gei-13
sp|P34478|GEI13_CAEEL,655,NET,Caenorhabditis elegans,6239,gei-13
sp|P34479|SKAT1_CAEEL,124,NNS,Caenorhabditis elegans,6239,skat-1
sp|P34479|SKAT1_CAEEL,134,NVT,Caenorhabditis elegans,6239,skat-1
sp|P34479|SKAT1_CAEEL,232,NFT,Caenorhabditis elegans,6239,skat-1
sp|P34482|ZIF1_CAEEL,161,NKT,Caenorhabditis elegans,6239,zif-1
sp|P34482|ZIF1_CAEEL,385,NSS,Caenorhabditis elegans,6239,zif-1
sp|P34496|MTSS1_CAEEL,143,NRT,Caenorhabditis elegans,6239,mtss-1
sp|P34501|YMS5_CAEEL,156,NYT,Caenorhabditis elegans,6239,K03H1.5
sp|P34501|YMS5_CAEEL,313,NIT,Caenorhabditis elegans,6239,K03H1.5
sp|P34501|YMS5_CAEEL,386,NWT,Caenorhabditis elegans,6239,K03H1.5
sp|P34501|YMS5_CAEEL,413,NGT,Caenorhabditis elegans,6239,K03H1.5
sp|P34501|YMS5_CAEEL,458,NAS,Caenorhabditis elegans,6239,K03H1.5
sp|P34501|YMS5_CAEEL,480,NVS,Caenorhabditis elegans,6239,K03H1.5
sp|P34501|YMS5_CAEEL,562,NKT,Caenorhabditis elegans,6239,K03H1.5
sp|P34501|YMS5_CAEEL,583,NLT,Caenorhabditis elegans,6239,K03H1.5
sp|P34501|YMS5_CAEEL,909,NAT,Caenorhabditis elegans,6239,K03H1.5
sp|P34501|YMS5_CAEEL,921,NDS,Caenorhabditis elegans,6239,K03H1.5
sp|P34501|YMS5_CAEEL,975,NQS,Caenorhabditis elegans,6239,K03H1.5
sp|P34501|YMS5_CAEEL,1009,NTT,Caenorhabditis elegans,6239,K03H1.5
sp|P34501|YMS5_CAEEL,1124,NAS,Caenorhabditis elegans,6239,K03H1.5
sp|P34501|YMS5_CAEEL,1225,NGT,Caenorhabditis elegans,6239,K03H1.5
sp|P34508|CRN6_CAEEL,25,NGS,Caenorhabditis elegans,6239,crn-6
sp|P34508|CRN6_CAEEL,51,NGT,Caenorhabditis elegans,6239,crn-6
sp|P34508|CRN6_CAEEL,92,NTT,Caenorhabditis elegans,6239,crn-6
sp|P34508|CRN6_CAEEL,111,NSS,Caenorhabditis elegans,6239,crn-6
sp|P34508|CRN6_CAEEL,205,NKS,Caenorhabditis elegans,6239,crn-6
sp|P34516|YMX8_CAEEL,114,NVS,Caenorhabditis elegans,6239,K06H7.8
sp|P34517|GPDH2_CAEEL,11,NSS,Caenorhabditis elegans,6239,gpdh-2
sp|P34525|SPCS3_CAEEL,141,NVT,Caenorhabditis elegans,6239,spcs-3
sp|P34559|ECHM_CAEEL,117,NWT,Caenorhabditis elegans,6239,ech-6
sp|P34575|CISY_CAEEL,179,NES,Caenorhabditis elegans,6239,cts-1
sp|P34575|CISY_CAEEL,241,NFS,Caenorhabditis elegans,6239,cts-1
sp|P34575|CISY_CAEEL,271,NVS,Caenorhabditis elegans,6239,cts-1
sp|P34575|CISY_CAEEL,324,NYT,Caenorhabditis elegans,6239,cts-1
sp|P34578|RPGF1_CAEEL,961,NKS,Caenorhabditis elegans,6239,epac-1
sp|P34580|DDX47_CAEEL,22,NLT,Caenorhabditis elegans,6239,T26G10.1
sp|P34586|TRPL_CAEEL,137,NIT,Caenorhabditis elegans,6239,trp-1
sp|P34586|TRPL_CAEEL,209,NDS,Caenorhabditis elegans,6239,trp-1
sp|P34586|TRPL_CAEEL,890,NST,Caenorhabditis elegans,6239,trp-1
sp|P34586|TRPL_CAEEL,959,NGT,Caenorhabditis elegans,6239,trp-1
sp|P34595|IGLR2_CAEEL,23,NRS,Caenorhabditis elegans,6239,iglr-2
sp|P34595|IGLR2_CAEEL,114,NGT,Caenorhabditis elegans,6239,iglr-2
sp|P34595|IGLR2_CAEEL,193,NVS,Caenorhabditis elegans,6239,iglr-2
sp|P34595|IGLR2_CAEEL,204,NIS,Caenorhabditis elegans,6239,iglr-2
sp|P34595|IGLR2_CAEEL,361,NLT,Caenorhabditis elegans,6239,iglr-2
sp|P34595|IGLR2_CAEEL,379,NDT,Caenorhabditis elegans,6239,iglr-2
sp|P34595|IGLR2_CAEEL,431,NVS,Caenorhabditis elegans,6239,iglr-2
sp|P34595|IGLR2_CAEEL,454,NRS,Caenorhabditis elegans,6239,iglr-2
sp|P34595|IGLR2_CAEEL,513,NIT,Caenorhabditis elegans,6239,iglr-2
sp|P34599|MTX2_CAEEL,82,NKT,Caenorhabditis elegans,6239,mtx-2
sp|P34599|MTX2_CAEEL,118,NIS,Caenorhabditis elegans,6239,mtx-2
sp|P34617|GUF1_CAEEL,33,NLS,Caenorhabditis elegans,6239,ZK1236.1
sp|P34617|GUF1_CAEEL,412,NET,Caenorhabditis elegans,6239,ZK1236.1
sp|P34618|CEC1_CAEEL,270,NGS,Caenorhabditis elegans,6239,cec-1
sp|P34633|YOO1_CAEEL,273,NQS,Caenorhabditis elegans,6239,ZK507.1
sp|P34633|YOO1_CAEEL,321,NNS,Caenorhabditis elegans,6239,ZK507.1
sp|P34635|YOO3_CAEEL,304,NES,Caenorhabditis elegans,6239,ZK507.3
sp|P34638|CCNA1_CAEEL,80,NSS,Caenorhabditis elegans,6239,cya-1
sp|P34638|CCNA1_CAEEL,357,NFT,Caenorhabditis elegans,6239,cya-1
sp|P34638|CCNA1_CAEEL,432,NAS,Caenorhabditis elegans,6239,cya-1
sp|P34638|CCNA1_CAEEL,444,NYS,Caenorhabditis elegans,6239,cya-1
sp|P34638|CCNA1_CAEEL,479,NDS,Caenorhabditis elegans,6239,cya-1
sp|P34640|DDX55_CAEEL,45,NLS,Caenorhabditis elegans,6239,ZK512.2
sp|P34640|DDX55_CAEEL,108,NLT,Caenorhabditis elegans,6239,ZK512.2
sp|P34640|DDX55_CAEEL,390,NNS,Caenorhabditis elegans,6239,ZK512.2
sp|P34650|MPI_CAEEL,19,NSS,Caenorhabditis elegans,6239,ZK632.4
sp|P34650|MPI_CAEEL,82,NLS,Caenorhabditis elegans,6239,ZK632.4
sp|P34650|MPI_CAEEL,213,NKT,Caenorhabditis elegans,6239,ZK632.4
sp|P34650|MPI_CAEEL,387,NIS,Caenorhabditis elegans,6239,ZK632.4
sp|P34659|RUXF_CAEEL,81,NET,Caenorhabditis elegans,6239,snr-5
sp|P34664|YOY6_CAEEL,100,NIT,Caenorhabditis elegans,6239,ZK652.6
sp|P34664|YOY6_CAEEL,146,NLS,Caenorhabditis elegans,6239,ZK652.6
sp|P34664|YOY6_CAEEL,561,NDS,Caenorhabditis elegans,6239,ZK652.6
sp|P34666|COQ5_CAEEL,178,NCT,Caenorhabditis elegans,6239,coq-5
sp|P34666|COQ5_CAEEL,269,NLT,Caenorhabditis elegans,6239,coq-5
sp|P34668|YO12_CAEEL,99,NAT,Caenorhabditis elegans,6239,ZK686.2
sp|P34668|YO12_CAEEL,397,NRT,Caenorhabditis elegans,6239,ZK686.2
sp|P34669|OST3_CAEEL,57,NYS,Caenorhabditis elegans,6239,ZK686.3
sp|P34669|OST3_CAEEL,174,NYT,Caenorhabditis elegans,6239,ZK686.3
sp|P34669|OST3_CAEEL,204,NRT,Caenorhabditis elegans,6239,ZK686.3
sp|P34676|PCP5_CAEEL,125,NES,Caenorhabditis elegans,6239,pcp-5
sp|P34676|PCP5_CAEEL,332,NYT,Caenorhabditis elegans,6239,pcp-5
sp|P34676|PCP5_CAEEL,407,NKT,Caenorhabditis elegans,6239,pcp-5
sp|P34681|TAG76_CAEEL,5,NAT,Caenorhabditis elegans,6239,tag-76
sp|P34681|TAG76_CAEEL,12,NNT,Caenorhabditis elegans,6239,tag-76
sp|P34681|TAG76_CAEEL,45,NGS,Caenorhabditis elegans,6239,tag-76
sp|P34681|TAG76_CAEEL,562,NRS,Caenorhabditis elegans,6239,tag-76
sp|P34681|TAG76_CAEEL,580,NQT,Caenorhabditis elegans,6239,tag-76
sp|P34681|TAG76_CAEEL,695,NVS,Caenorhabditis elegans,6239,tag-76
sp|P34683|LIN31_CAEEL,64,NLS,Caenorhabditis elegans,6239,lin-31
sp|P34683|LIN31_CAEEL,92,NAS,Caenorhabditis elegans,6239,lin-31
sp|P34683|LIN31_CAEEL,99,NGS,Caenorhabditis elegans,6239,lin-31
sp|P34683|LIN31_CAEEL,192,NSS,Caenorhabditis elegans,6239,lin-31
sp|P34683|LIN31_CAEEL,226,NSS,Caenorhabditis elegans,6239,lin-31
sp|P34685|CAPZA_CAEEL,214,NVS,Caenorhabditis elegans,6239,cap-1
sp|P34685|CAPZA_CAEEL,247,NMS,Caenorhabditis elegans,6239,cap-1
sp|P34687|COL34_CAEEL,74,NRT,Caenorhabditis elegans,6239,col-34
sp|P34692|PHAF1_CAEEL,101,NLS,Caenorhabditis elegans,6239,T01G9.2
sp|P34692|PHAF1_CAEEL,110,NDT,Caenorhabditis elegans,6239,T01G9.2
sp|P34692|PHAF1_CAEEL,216,NRT,Caenorhabditis elegans,6239,T01G9.2
sp|P34692|PHAF1_CAEEL,344,NFS,Caenorhabditis elegans,6239,T01G9.2
sp|P34692|PHAF1_CAEEL,371,NDS,Caenorhabditis elegans,6239,T01G9.2
sp|P34696|HSP11_CAEEL,55,NVS,Caenorhabditis elegans,6239,hsp-16.1
sp|P34696|HSP11_CAEEL,110,NLS,Caenorhabditis elegans,6239,hsp-16.1
sp|P34704|HER1_CAEEL,98,NDS,Caenorhabditis elegans,6239,her-1
sp|P34704|HER1_CAEEL,163,NAT,Caenorhabditis elegans,6239,her-1
sp|P34807|DPY20_CAEEL,6,NTS,Caenorhabditis elegans,6239,dpy-20
sp|P34807|DPY20_CAEEL,59,NNT,Caenorhabditis elegans,6239,dpy-20
sp|P34807|DPY20_CAEEL,106,NSS,Caenorhabditis elegans,6239,dpy-20
sp|P34807|DPY20_CAEEL,170,NMT,Caenorhabditis elegans,6239,dpy-20
sp|P34807|DPY20_CAEEL,408,NIT,Caenorhabditis elegans,6239,dpy-20
sp|P34807|DPY20_CAEEL,427,NET,Caenorhabditis elegans,6239,dpy-20
sp|P41842|TTC27_CAEEL,53,NTS,Caenorhabditis elegans,6239,trd-1
sp|P41842|TTC27_CAEEL,421,NDS,Caenorhabditis elegans,6239,trd-1
sp|P41842|TTC27_CAEEL,524,NLS,Caenorhabditis elegans,6239,trd-1
sp|P41847|DRE2_CAEEL,177,NCS,Caenorhabditis elegans,6239,T20B12.7
sp|P41847|DRE2_CAEEL,204,NCS,Caenorhabditis elegans,6239,T20B12.7
sp|P41849|LGC50_CAEEL,55,NVT,Caenorhabditis elegans,6239,lgc-50
sp|P41849|LGC50_CAEEL,101,NIT,Caenorhabditis elegans,6239,lgc-50
sp|P41849|LGC50_CAEEL,418,NFT,Caenorhabditis elegans,6239,lgc-50
sp|P41886|BAT41_CAEEL,138,NRS,Caenorhabditis elegans,6239,bath-41
sp|P41886|BAT41_CAEEL,264,NHS,Caenorhabditis elegans,6239,bath-41
sp|P41941|GOSR2_CAEEL,113,NDT,Caenorhabditis elegans,6239,memb-1
sp|P41941|GOSR2_CAEEL,176,NST,Caenorhabditis elegans,6239,memb-1
sp|P41995|ODD1_CAEEL,49,NGT,Caenorhabditis elegans,6239,odd-1
sp|P41995|ODD1_CAEEL,74,NAS,Caenorhabditis elegans,6239,odd-1
sp|P41995|ODD1_CAEEL,114,NKT,Caenorhabditis elegans,6239,odd-1
sp|P42169|YKL2_CAEEL,2,NKS,Caenorhabditis elegans,6239,C03C10.2
sp|P42173|UNC79_CAEEL,34,NST,Caenorhabditis elegans,6239,unc-79
sp|P42173|UNC79_CAEEL,123,NVT,Caenorhabditis elegans,6239,unc-79
sp|P42173|UNC79_CAEEL,126,NYS,Caenorhabditis elegans,6239,unc-79
sp|P42173|UNC79_CAEEL,691,NHS,Caenorhabditis elegans,6239,unc-79
sp|P43507|CPR3_CAEEL,138,NGT,Caenorhabditis elegans,6239,cpr-3
sp|P43510|CPR6_CAEEL,196,NYT,Caenorhabditis elegans,6239,cpr-6
sp|P45963|ACR7_CAEEL,41,NYS,Caenorhabditis elegans,6239,acr-7
sp|P45963|ACR7_CAEEL,101,NIT,Caenorhabditis elegans,6239,acr-7
sp|P45963|ACR7_CAEEL,460,NGS,Caenorhabditis elegans,6239,acr-7
sp|P45972|ZTF17_CAEEL,123,NSS,Caenorhabditis elegans,6239,ztf-17
sp|P45972|ZTF17_CAEEL,522,NGT,Caenorhabditis elegans,6239,ztf-17
sp|P45972|ZTF17_CAEEL,528,NNS,Caenorhabditis elegans,6239,ztf-17
sp|P45972|ZTF17_CAEEL,589,NSS,Caenorhabditis elegans,6239,ztf-17
sp|P45972|ZTF17_CAEEL,703,NIS,Caenorhabditis elegans,6239,ztf-17
sp|P46563|ALF2_CAEEL,56,NET,Caenorhabditis elegans,6239,aldo-2
sp|P46582|SUMV1_CAEEL,86,NDS,Caenorhabditis elegans,6239,sumv-1
sp|P46582|SUMV1_CAEEL,133,NNS,Caenorhabditis elegans,6239,sumv-1
sp|P46582|SUMV1_CAEEL,340,NSS,Caenorhabditis elegans,6239,sumv-1
sp|P46582|SUMV1_CAEEL,351,NLS,Caenorhabditis elegans,6239,sumv-1
sp|P46582|SUMV1_CAEEL,367,NQS,Caenorhabditis elegans,6239,sumv-1
sp|P46582|SUMV1_CAEEL,409,NRT,Caenorhabditis elegans,6239,sumv-1
sp|P46582|SUMV1_CAEEL,494,NSS,Caenorhabditis elegans,6239,sumv-1
sp|P46582|SUMV1_CAEEL,507,NQS,Caenorhabditis elegans,6239,sumv-1
sp|P46582|SUMV1_CAEEL,680,NQS,Caenorhabditis elegans,6239,sumv-1
sp|P47207|TCPB_CAEEL,204,NES,Caenorhabditis elegans,6239,cct-2
sp|P47208|TCPD_CAEEL,198,NDS,Caenorhabditis elegans,6239,cct-4
sp|P47208|TCPD_CAEEL,488,NSS,Caenorhabditis elegans,6239,cct-4
sp|P47209|TCPE_CAEEL,178,NRS,Caenorhabditis elegans,6239,cct-5
sp|P47991|RL6_CAEEL,53,NGT,Caenorhabditis elegans,6239,rpl-6
sp|P47991|RL6_CAEEL,130,NVS,Caenorhabditis elegans,6239,rpl-6
sp|P48156|RS8_CAEEL,64,NFS,Caenorhabditis elegans,6239,rps-8
sp|P48156|RS8_CAEEL,84,NAT,Caenorhabditis elegans,6239,rps-8
sp|P48460|YY06_CAEEL,333,NIS,Caenorhabditis elegans,6239,C27B7.6
sp|P48460|YY06_CAEEL,368,NET,Caenorhabditis elegans,6239,C27B7.6
sp|P48583|ERD21_CAEEL,90,NDS,Caenorhabditis elegans,6239,erd-2.1
sp|P49041|RS5_CAEEL,35,NVS,Caenorhabditis elegans,6239,rps-5
sp|P49048|GPI8_CAEEL,257,NSS,Caenorhabditis elegans,6239,pigk-1
sp|P49180|RL35A_CAEEL,68,NKT,Caenorhabditis elegans,6239,rpl-33
sp|P49595|PPM1G_CAEEL,382,NLS,Caenorhabditis elegans,6239,ppm-1.G
sp|P49595|PPM1G_CAEEL,478,NMT,Caenorhabditis elegans,6239,ppm-1.G
sp|P49596|PP2C2_CAEEL,278,NMT,Caenorhabditis elegans,6239,ppm-2
sp|P49713|FUCO_CAEEL,182,NTT,Caenorhabditis elegans,6239,W03G11.3
sp|P49713|FUCO_CAEEL,231,NSS,Caenorhabditis elegans,6239,W03G11.3
sp|P49713|FUCO_CAEEL,343,NIT,Caenorhabditis elegans,6239,W03G11.3
sp|P49713|FUCO_CAEEL,359,NDT,Caenorhabditis elegans,6239,W03G11.3
sp|P49713|FUCO_CAEEL,419,NTT,Caenorhabditis elegans,6239,W03G11.3
sp|P49958|DPH1_CAEEL,31,NYT,Caenorhabditis elegans,6239,dph-1
sp|P49958|DPH1_CAEEL,133,NLS,Caenorhabditis elegans,6239,dph-1
sp|P49958|DPH1_CAEEL,350,NIS,Caenorhabditis elegans,6239,dph-1
sp|P49958|DPH1_CAEEL,365,NDS,Caenorhabditis elegans,6239,dph-1
sp|P52009|CYP1_CAEEL,96,NGT,Caenorhabditis elegans,6239,cyn-1
sp|P52009|CYP1_CAEEL,133,NGS,Caenorhabditis elegans,6239,cyn-1
sp|P52010|CYP2_CAEEL,78,NGT,Caenorhabditis elegans,6239,cyn-2
sp|P52010|CYP2_CAEEL,115,NGS,Caenorhabditis elegans,6239,cyn-2
sp|P52014|CYP6_CAEEL,130,NGS,Caenorhabditis elegans,6239,cyn-6
sp|P52015|CYP7_CAEEL,78,NGT,Caenorhabditis elegans,6239,cyn-7
sp|P52015|CYP7_CAEEL,115,NGS,Caenorhabditis elegans,6239,cyn-7
sp|P52015|CYP7_CAEEL,152,NGS,Caenorhabditis elegans,6239,cyn-7
sp|P52017|CYP10_CAEEL,97,NRS,Caenorhabditis elegans,6239,cyn-10
sp|P52017|CYP10_CAEEL,150,NVT,Caenorhabditis elegans,6239,cyn-10
sp|P52018|CYP11_CAEEL,68,NCT,Caenorhabditis elegans,6239,cyn-11
sp|P52652|TFS2_CAEEL,191,NKS,Caenorhabditis elegans,6239,T24H10.1
sp|P52652|TFS2_CAEEL,277,NCT,Caenorhabditis elegans,6239,T24H10.1
sp|P52709|SYTC_CAEEL,190,NRT,Caenorhabditis elegans,6239,tars-1
sp|P52709|SYTC_CAEEL,279,NSS,Caenorhabditis elegans,6239,tars-1
sp|P52709|SYTC_CAEEL,497,NLS,Caenorhabditis elegans,6239,tars-1
sp|P52709|SYTC_CAEEL,524,NAS,Caenorhabditis elegans,6239,tars-1
sp|P52709|SYTC_CAEEL,682,NGT,Caenorhabditis elegans,6239,tars-1
sp|P52713|MMSA_CAEEL,63,NAT,Caenorhabditis elegans,6239,alh-8
sp|P52713|MMSA_CAEEL,85,NTS,Caenorhabditis elegans,6239,alh-8
sp|P52713|MMSA_CAEEL,152,NVS,Caenorhabditis elegans,6239,alh-8
sp|P52713|MMSA_CAEEL,377,NIT,Caenorhabditis elegans,6239,alh-8
sp|P52713|MMSA_CAEEL,400,NMT,Caenorhabditis elegans,6239,alh-8
sp|P52713|MMSA_CAEEL,435,NGT,Caenorhabditis elegans,6239,alh-8
sp|P52713|MMSA_CAEEL,507,NES,Caenorhabditis elegans,6239,alh-8
sp|P52872|DAD1_CAEEL,81,NRS,Caenorhabditis elegans,6239,dad-1
sp|P52887|ALG8_CAEEL,321,NVS,Caenorhabditis elegans,6239,algn-8
sp|P52887|ALG8_CAEEL,653,NLT,Caenorhabditis elegans,6239,algn-8
sp|P52887|ALG8_CAEEL,667,NKS,Caenorhabditis elegans,6239,algn-8
sp|P52887|ALG8_CAEEL,685,NKT,Caenorhabditis elegans,6239,algn-8
sp|P52887|ALG8_CAEEL,737,NNT,Caenorhabditis elegans,6239,algn-8
sp|P52899|ODPA_CAEEL,45,NTS,Caenorhabditis elegans,6239,pdha-1
sp|P53013|EF1A_CAEEL,222,NAS,Caenorhabditis elegans,6239,eft-3
sp|P53013|EF1A_CAEEL,284,NVT,Caenorhabditis elegans,6239,eft-3
sp|P53013|EF1A_CAEEL,314,NVS,Caenorhabditis elegans,6239,eft-3
sp|P53016|RFC4_CAEEL,86,NAS,Caenorhabditis elegans,6239,rfc-4
sp|P53019|MSP33_CAEEL,36,NSS,Caenorhabditis elegans,6239,msp-33
sp|P53020|MSP38_CAEEL,36,NSS,Caenorhabditis elegans,6239,msp-38
sp|P53585|ACLY_CAEEL,358,NFT,Caenorhabditis elegans,6239,acly-1
sp|P53585|ACLY_CAEEL,470,NAT,Caenorhabditis elegans,6239,acly-1
sp|P53585|ACLY_CAEEL,604,NQT,Caenorhabditis elegans,6239,acly-1
sp|P53703|CCHL_CAEEL,179,NLS,Caenorhabditis elegans,6239,cchl-1
sp|P53993|ALG11_CAEEL,196,NNS,Caenorhabditis elegans,6239,algn-11
sp|P53993|ALG11_CAEEL,235,NGS,Caenorhabditis elegans,6239,algn-11
sp|P53993|ALG11_CAEEL,396,NDS,Caenorhabditis elegans,6239,algn-11
sp|P53993|ALG11_CAEEL,440,NDT,Caenorhabditis elegans,6239,algn-11
sp|P54141|SRB6_CAEEL,9,NIS,Caenorhabditis elegans,6239,srb-6
sp|P54245|LGC4_CAEEL,46,NDT,Caenorhabditis elegans,6239,lgc-4
sp|P54245|LGC4_CAEEL,139,NVT,Caenorhabditis elegans,6239,lgc-4
sp|P54245|LGC4_CAEEL,177,NES,Caenorhabditis elegans,6239,lgc-4
sp|P54245|LGC4_CAEEL,225,NVT,Caenorhabditis elegans,6239,lgc-4
sp|P54245|LGC4_CAEEL,282,NNS,Caenorhabditis elegans,6239,lgc-4
sp|P54245|LGC4_CAEEL,473,NMS,Caenorhabditis elegans,6239,lgc-4
sp|P54245|LGC4_CAEEL,516,NGS,Caenorhabditis elegans,6239,lgc-4
sp|P54245|LGC4_CAEEL,625,NDS,Caenorhabditis elegans,6239,lgc-4
sp|P54246|ACR5_CAEEL,54,NNT,Caenorhabditis elegans,6239,acr-5
sp|P54246|ACR5_CAEEL,71,NTT,Caenorhabditis elegans,6239,acr-5
sp|P54246|ACR5_CAEEL,77,NAT,Caenorhabditis elegans,6239,acr-5
sp|P54246|ACR5_CAEEL,134,NLS,Caenorhabditis elegans,6239,acr-5
sp|P54246|ACR5_CAEEL,178,NRT,Caenorhabditis elegans,6239,acr-5
sp|P54246|ACR5_CAEEL,252,NCT,Caenorhabditis elegans,6239,acr-5
sp|P54406|GBG_CAEEL,36,NKT,Caenorhabditis elegans,6239,gpc-1
sp|P54412|EF1G_CAEEL,25,NKT,Caenorhabditis elegans,6239,eef-1G
sp|P54412|EF1G_CAEEL,164,NVT,Caenorhabditis elegans,6239,eef-1G
sp|P54412|EF1G_CAEEL,281,NWS,Caenorhabditis elegans,6239,eef-1G
sp|P54412|EF1G_CAEEL,330,NNS,Caenorhabditis elegans,6239,eef-1G
sp|P54813|YME1_CAEEL,366,NQT,Caenorhabditis elegans,6239,ymel-1
sp|P54813|YME1_CAEEL,618,NES,Caenorhabditis elegans,6239,ymel-1
sp|P54813|YME1_CAEEL,701,NET,Caenorhabditis elegans,6239,ymel-1
sp|P54815|MSP1_CAEEL,35,NYS,Caenorhabditis elegans,6239,mspn-1
sp|P54815|MSP1_CAEEL,152,NLT,Caenorhabditis elegans,6239,mspn-1
sp|P54815|MSP1_CAEEL,269,NNT,Caenorhabditis elegans,6239,mspn-1
sp|P55114|NAS33_CAEEL,198,NGT,Caenorhabditis elegans,6239,nas-33
sp|P55114|NAS33_CAEEL,440,NIS,Caenorhabditis elegans,6239,nas-33
sp|P55115|NAS15_CAEEL,92,NAS,Caenorhabditis elegans,6239,nas-15
sp|P55955|TTR16_CAEEL,23,NVT,Caenorhabditis elegans,6239,ttr-16
sp|P80361|EI2BG_CAEEL,132,NST,Caenorhabditis elegans,6239,eif-2Bgamma
sp|P80361|EI2BG_CAEEL,217,NLS,Caenorhabditis elegans,6239,eif-2Bgamma
sp|P84199|NEKL4_CAEEL,111,NLT,Caenorhabditis elegans,6239,nekl-4
sp|P84199|NEKL4_CAEEL,142,NVT,Caenorhabditis elegans,6239,nekl-4
sp|P84199|NEKL4_CAEEL,150,NVT,Caenorhabditis elegans,6239,nekl-4
sp|P84199|NEKL4_CAEEL,357,NVT,Caenorhabditis elegans,6239,nekl-4
sp|P84199|NEKL4_CAEEL,757,NSS,Caenorhabditis elegans,6239,nekl-4
sp|P84199|NEKL4_CAEEL,788,NHS,Caenorhabditis elegans,6239,nekl-4
sp|P90745|NPR3_CAEEL,345,NFS,Caenorhabditis elegans,6239,npr-3
sp|P90754|ENPP1_CAEEL,30,NGT,Caenorhabditis elegans,6239,C27A7.1
sp|P90754|ENPP1_CAEEL,147,NTT,Caenorhabditis elegans,6239,C27A7.1
sp|P90754|ENPP1_CAEEL,296,NNS,Caenorhabditis elegans,6239,C27A7.1
sp|P90754|ENPP1_CAEEL,424,NDT,Caenorhabditis elegans,6239,C27A7.1
sp|P90754|ENPP1_CAEEL,514,NTT,Caenorhabditis elegans,6239,C27A7.1
sp|P90754|ENPP1_CAEEL,542,NGT,Caenorhabditis elegans,6239,C27A7.1
sp|P90754|ENPP1_CAEEL,582,NVS,Caenorhabditis elegans,6239,C27A7.1
sp|P90754|ENPP1_CAEEL,649,NFT,Caenorhabditis elegans,6239,C27A7.1
sp|P90754|ENPP1_CAEEL,733,NGS,Caenorhabditis elegans,6239,C27A7.1
sp|P90754|ENPP1_CAEEL,748,NST,Caenorhabditis elegans,6239,C27A7.1
sp|P90755|ENPP2_CAEEL,195,NIT,Caenorhabditis elegans,6239,C27A7.3
sp|P90755|ENPP2_CAEEL,293,NNS,Caenorhabditis elegans,6239,C27A7.3
sp|P90755|ENPP2_CAEEL,320,NET,Caenorhabditis elegans,6239,C27A7.3
sp|P90755|ENPP2_CAEEL,406,NVT,Caenorhabditis elegans,6239,C27A7.3
sp|P90755|ENPP2_CAEEL,434,NGT,Caenorhabditis elegans,6239,C27A7.3
sp|P90755|ENPP2_CAEEL,536,NQS,Caenorhabditis elegans,6239,C27A7.3
sp|P90755|ENPP2_CAEEL,737,NIT,Caenorhabditis elegans,6239,C27A7.3
sp|P90771|C36A1_CAEEL,188,NET,Caenorhabditis elegans,6239,cyp-36A1
sp|P90783|PAF1_CAEEL,172,NKT,Caenorhabditis elegans,6239,pafo-1
sp|P90795|GPDM_CAEEL,68,NLS,Caenorhabditis elegans,6239,gpdh-3
sp|P90795|GPDM_CAEEL,201,NKS,Caenorhabditis elegans,6239,gpdh-3
sp|P90795|GPDM_CAEEL,214,NES,Caenorhabditis elegans,6239,gpdh-3
sp|P90795|GPDM_CAEEL,288,NAT,Caenorhabditis elegans,6239,gpdh-3
sp|P90795|GPDM_CAEEL,620,NLT,Caenorhabditis elegans,6239,gpdh-3
sp|P90829|DPOD1_CAEEL,416,NKS,Caenorhabditis elegans,6239,F10C2.4
sp|P90829|DPOD1_CAEEL,1042,NCS,Caenorhabditis elegans,6239,F10C2.4
sp|P90850|YCF2E_CAEEL,145,NYS,Caenorhabditis elegans,6239,F26E4.3
sp|P90850|YCF2E_CAEEL,232,NST,Caenorhabditis elegans,6239,F26E4.3
sp|P90893|YM9I_CAEEL,58,NFT,Caenorhabditis elegans,6239,F56F10.1
sp|P90893|YM9I_CAEEL,87,NNS,Caenorhabditis elegans,6239,F56F10.1
sp|P90893|YM9I_CAEEL,270,NTT,Caenorhabditis elegans,6239,F56F10.1
sp|P90893|YM9I_CAEEL,300,NST,Caenorhabditis elegans,6239,F56F10.1
sp|P90893|YM9I_CAEEL,317,NAT,Caenorhabditis elegans,6239,F56F10.1
sp|P90893|YM9I_CAEEL,343,NLT,Caenorhabditis elegans,6239,F56F10.1
sp|P90893|YM9I_CAEEL,441,NAT,Caenorhabditis elegans,6239,F56F10.1
sp|P90893|YM9I_CAEEL,449,NGS,Caenorhabditis elegans,6239,F56F10.1
sp|P90893|YM9I_CAEEL,475,NGT,Caenorhabditis elegans,6239,F56F10.1
sp|P90920|EGG6_CAEEL,67,NGT,Caenorhabditis elegans,6239,egg-6
sp|P90920|EGG6_CAEEL,88,NST,Caenorhabditis elegans,6239,egg-6
sp|P90920|EGG6_CAEEL,124,NLS,Caenorhabditis elegans,6239,egg-6
sp|P90920|EGG6_CAEEL,210,NIS,Caenorhabditis elegans,6239,egg-6
sp|P90920|EGG6_CAEEL,232,NNT,Caenorhabditis elegans,6239,egg-6
sp|P90920|EGG6_CAEEL,350,NNS,Caenorhabditis elegans,6239,egg-6
sp|P90920|EGG6_CAEEL,374,NNT,Caenorhabditis elegans,6239,egg-6
sp|P90920|EGG6_CAEEL,497,NET,Caenorhabditis elegans,6239,egg-6
sp|P90920|EGG6_CAEEL,706,NQT,Caenorhabditis elegans,6239,egg-6
sp|P90920|EGG6_CAEEL,735,NTT,Caenorhabditis elegans,6239,egg-6
sp|P90920|EGG6_CAEEL,758,NLS,Caenorhabditis elegans,6239,egg-6
sp|P90920|EGG6_CAEEL,807,NIS,Caenorhabditis elegans,6239,egg-6
sp|P90920|EGG6_CAEEL,877,NYT,Caenorhabditis elegans,6239,egg-6
sp|P90920|EGG6_CAEEL,907,NES,Caenorhabditis elegans,6239,egg-6
sp|P90920|EGG6_CAEEL,932,NRT,Caenorhabditis elegans,6239,egg-6
sp|P90970|GOGA5_CAEEL,128,NDS,Caenorhabditis elegans,6239,T24B1.1
sp|P90970|GOGA5_CAEEL,458,NSS,Caenorhabditis elegans,6239,T24B1.1
sp|P91079|SPTC1_CAEEL,27,NRS,Caenorhabditis elegans,6239,sptl-1
sp|P91128|RL13_CAEEL,104,NKT,Caenorhabditis elegans,6239,rpl-13
sp|P91134|PURA_CAEEL,28,NKT,Caenorhabditis elegans,6239,adss-1
sp|P91134|PURA_CAEEL,58,NVT,Caenorhabditis elegans,6239,adss-1
sp|P91134|PURA_CAEEL,273,NST,Caenorhabditis elegans,6239,adss-1
sp|P91240|SRP72_CAEEL,135,NHS,Caenorhabditis elegans,6239,srpa-72
sp|P91240|SRP72_CAEEL,422,NQT,Caenorhabditis elegans,6239,srpa-72
sp|P91240|SRP72_CAEEL,444,NET,Caenorhabditis elegans,6239,srpa-72
sp|P91240|SRP72_CAEEL,631,NAS,Caenorhabditis elegans,6239,srpa-72
sp|P91268|PGAL_CAEEL,103,NKT,Caenorhabditis elegans,6239,pgal-1
sp|P91424|TFB1M_CAEEL,37,NIT,Caenorhabditis elegans,6239,tfbm-1
sp|P91424|TFB1M_CAEEL,118,NET,Caenorhabditis elegans,6239,tfbm-1
sp|P91424|TFB1M_CAEEL,239,NTS,Caenorhabditis elegans,6239,tfbm-1
sp|P91424|TFB1M_CAEEL,365,NCS,Caenorhabditis elegans,6239,tfbm-1
sp|P91428|COQ4_CAEEL,77,NGT,Caenorhabditis elegans,6239,coq-4
sp|P91428|COQ4_CAEEL,105,NTS,Caenorhabditis elegans,6239,coq-4
sp|P91428|COQ4_CAEEL,223,NIT,Caenorhabditis elegans,6239,coq-4
sp|P91573|WRT6_CAEEL,95,NGT,Caenorhabditis elegans,6239,wrt-6
sp|P91851|NMNA2_CAEEL,135,NSS,Caenorhabditis elegans,6239,nmat-2
sp|P91856|SERC_CAEEL,54,NET,Caenorhabditis elegans,6239,F26H9.5
sp|P91856|SERC_CAEEL,152,NET,Caenorhabditis elegans,6239,F26H9.5
sp|P91856|SERC_CAEEL,235,NNS,Caenorhabditis elegans,6239,F26H9.5
sp|P91869|MED31_CAEEL,167,NST,Caenorhabditis elegans,6239,mdt-31
sp|Q02331|PLPL7_CAEEL,89,NGS,Caenorhabditis elegans,6239,ZK370.4
sp|Q02331|PLPL7_CAEEL,121,NLS,Caenorhabditis elegans,6239,ZK370.4
sp|Q02331|PLPL7_CAEEL,178,NSS,Caenorhabditis elegans,6239,ZK370.4
sp|Q02331|PLPL7_CAEEL,403,NGS,Caenorhabditis elegans,6239,ZK370.4
sp|Q02331|PLPL7_CAEEL,805,NWT,Caenorhabditis elegans,6239,ZK370.4
sp|Q02331|PLPL7_CAEEL,1028,NFS,Caenorhabditis elegans,6239,ZK370.4
sp|Q02331|PLPL7_CAEEL,1300,NDT,Caenorhabditis elegans,6239,ZK370.4
sp|Q02331|PLPL7_CAEEL,1316,NES,Caenorhabditis elegans,6239,ZK370.4
sp|Q02331|PLPL7_CAEEL,1338,NVS,Caenorhabditis elegans,6239,ZK370.4
sp|Q02334|UGTP1_CAEEL,194,NVS,Caenorhabditis elegans,6239,ugtp-1
sp|Q03570|MED14_CAEEL,345,NVS,Caenorhabditis elegans,6239,rgr-1
sp|Q03570|MED14_CAEEL,385,NIT,Caenorhabditis elegans,6239,rgr-1
sp|Q03570|MED14_CAEEL,813,NQS,Caenorhabditis elegans,6239,rgr-1
sp|Q03570|MED14_CAEEL,907,NST,Caenorhabditis elegans,6239,rgr-1
sp|Q03570|MED14_CAEEL,958,NFS,Caenorhabditis elegans,6239,rgr-1
sp|Q03570|MED14_CAEEL,1145,NSS,Caenorhabditis elegans,6239,rgr-1
sp|Q03570|MED14_CAEEL,1149,NLS,Caenorhabditis elegans,6239,rgr-1
sp|Q03570|MED14_CAEEL,1178,NAT,Caenorhabditis elegans,6239,rgr-1
sp|Q03570|MED14_CAEEL,1278,NNT,Caenorhabditis elegans,6239,rgr-1
sp|Q03574|ELO4_CAEEL,19,NHT,Caenorhabditis elegans,6239,elo-4
sp|Q03577|SYDC_CAEEL,76,NVS,Caenorhabditis elegans,6239,dars-1
sp|Q03577|SYDC_CAEEL,79,NAT,Caenorhabditis elegans,6239,dars-1
sp|Q03609|CLAP3_CAEEL,50,NSS,Caenorhabditis elegans,6239,cls-3
sp|Q03609|CLAP3_CAEEL,289,NIS,Caenorhabditis elegans,6239,cls-3
sp|Q03609|CLAP3_CAEEL,399,NGS,Caenorhabditis elegans,6239,cls-3
sp|Q03609|CLAP3_CAEEL,683,NTS,Caenorhabditis elegans,6239,cls-3
sp|Q03609|CLAP3_CAEEL,713,NIS,Caenorhabditis elegans,6239,cls-3
sp|Q03609|CLAP3_CAEEL,738,NST,Caenorhabditis elegans,6239,cls-3
sp|Q03615|SAEG2_CAEEL,269,NVS,Caenorhabditis elegans,6239,saeg-2
sp|Q04908|PSMD3_CAEEL,210,NFS,Caenorhabditis elegans,6239,rpn-3
sp|Q04908|PSMD3_CAEEL,247,NAS,Caenorhabditis elegans,6239,rpn-3
sp|Q04908|PSMD3_CAEEL,398,NET,Caenorhabditis elegans,6239,rpn-3
sp|Q05036|HS110_CAEEL,174,NET,Caenorhabditis elegans,6239,hsp-110
sp|Q05036|HS110_CAEEL,226,NTS,Caenorhabditis elegans,6239,hsp-110
sp|Q05036|HS110_CAEEL,282,NQT,Caenorhabditis elegans,6239,hsp-110
sp|Q05036|HS110_CAEEL,410,NST,Caenorhabditis elegans,6239,hsp-110
sp|Q07085|EST2_CAEEL,108,NAS,Caenorhabditis elegans,6239,F13H6.3
sp|Q09216|ERP1A_CAEEL,16,NNS,Caenorhabditis elegans,6239,B0495.7
sp|Q09216|ERP1A_CAEEL,508,NLS,Caenorhabditis elegans,6239,B0495.7
sp|Q09216|ERP1A_CAEEL,659,NRT,Caenorhabditis elegans,6239,B0495.7
sp|Q09216|ERP1A_CAEEL,702,NCT,Caenorhabditis elegans,6239,B0495.7
sp|Q09216|ERP1A_CAEEL,758,NLT,Caenorhabditis elegans,6239,B0495.7
sp|Q09221|CPNA2_CAEEL,23,NNS,Caenorhabditis elegans,6239,cpna-2
sp|Q09221|CPNA2_CAEEL,32,NGT,Caenorhabditis elegans,6239,cpna-2
sp|Q09221|CPNA2_CAEEL,357,NNS,Caenorhabditis elegans,6239,cpna-2
sp|Q09221|CPNA2_CAEEL,459,NES,Caenorhabditis elegans,6239,cpna-2
sp|Q09221|CPNA2_CAEEL,860,NYT,Caenorhabditis elegans,6239,cpna-2
sp|Q09221|CPNA2_CAEEL,1052,NHS,Caenorhabditis elegans,6239,cpna-2
sp|Q09221|CPNA2_CAEEL,1069,NTT,Caenorhabditis elegans,6239,cpna-2
sp|Q09221|CPNA2_CAEEL,1149,NTT,Caenorhabditis elegans,6239,cpna-2
sp|Q09221|CPNA2_CAEEL,1173,NST,Caenorhabditis elegans,6239,cpna-2
sp|Q09221|CPNA2_CAEEL,1188,NAS,Caenorhabditis elegans,6239,cpna-2
sp|Q09221|CPNA2_CAEEL,1204,NLS,Caenorhabditis elegans,6239,cpna-2
sp|Q09221|CPNA2_CAEEL,1301,NRS,Caenorhabditis elegans,6239,cpna-2
sp|Q09221|CPNA2_CAEEL,1510,NTS,Caenorhabditis elegans,6239,cpna-2
sp|Q09221|CPNA2_CAEEL,1595,NIT,Caenorhabditis elegans,6239,cpna-2
sp|Q09221|CPNA2_CAEEL,1599,NVS,Caenorhabditis elegans,6239,cpna-2
sp|Q09221|CPNA2_CAEEL,1782,NVS,Caenorhabditis elegans,6239,cpna-2
sp|Q09221|CPNA2_CAEEL,1904,NFS,Caenorhabditis elegans,6239,cpna-2
sp|Q09221|CPNA2_CAEEL,1908,NIS,Caenorhabditis elegans,6239,cpna-2
sp|Q09221|CPNA2_CAEEL,1928,NLS,Caenorhabditis elegans,6239,cpna-2
sp|Q09221|CPNA2_CAEEL,1983,NTT,Caenorhabditis elegans,6239,cpna-2
sp|Q09221|CPNA2_CAEEL,2125,NVS,Caenorhabditis elegans,6239,cpna-2
sp|Q09221|CPNA2_CAEEL,2172,NQT,Caenorhabditis elegans,6239,cpna-2
sp|Q09221|CPNA2_CAEEL,2196,NLS,Caenorhabditis elegans,6239,cpna-2
sp|Q09221|CPNA2_CAEEL,2312,NIS,Caenorhabditis elegans,6239,cpna-2
sp|Q09221|CPNA2_CAEEL,2365,NST,Caenorhabditis elegans,6239,cpna-2
sp|Q09221|CPNA2_CAEEL,2396,NLT,Caenorhabditis elegans,6239,cpna-2
sp|Q09221|CPNA2_CAEEL,2651,NIS,Caenorhabditis elegans,6239,cpna-2
sp|Q09221|CPNA2_CAEEL,2747,NES,Caenorhabditis elegans,6239,cpna-2
sp|Q09221|CPNA2_CAEEL,2774,NIS,Caenorhabditis elegans,6239,cpna-2
sp|Q09221|CPNA2_CAEEL,2832,NDS,Caenorhabditis elegans,6239,cpna-2
sp|Q09221|CPNA2_CAEEL,2912,NSS,Caenorhabditis elegans,6239,cpna-2
sp|Q09221|CPNA2_CAEEL,2948,NIT,Caenorhabditis elegans,6239,cpna-2
sp|Q09221|CPNA2_CAEEL,3063,NDS,Caenorhabditis elegans,6239,cpna-2
sp|Q09221|CPNA2_CAEEL,3332,NMS,Caenorhabditis elegans,6239,cpna-2
sp|Q09221|CPNA2_CAEEL,3593,NET,Caenorhabditis elegans,6239,cpna-2
sp|Q09221|CPNA2_CAEEL,3733,NVS,Caenorhabditis elegans,6239,cpna-2
sp|Q09221|CPNA2_CAEEL,3776,NFS,Caenorhabditis elegans,6239,cpna-2
sp|Q09221|CPNA2_CAEEL,3854,NQS,Caenorhabditis elegans,6239,cpna-2
sp|Q09221|CPNA2_CAEEL,3901,NMT,Caenorhabditis elegans,6239,cpna-2
sp|Q09221|CPNA2_CAEEL,3977,NLT,Caenorhabditis elegans,6239,cpna-2
sp|Q09221|CPNA2_CAEEL,4328,NYS,Caenorhabditis elegans,6239,cpna-2
sp|Q09221|CPNA2_CAEEL,4335,NST,Caenorhabditis elegans,6239,cpna-2
sp|Q09221|CPNA2_CAEEL,4360,NVS,Caenorhabditis elegans,6239,cpna-2
sp|Q09221|CPNA2_CAEEL,4443,NVS,Caenorhabditis elegans,6239,cpna-2
sp|Q09221|CPNA2_CAEEL,4688,NAS,Caenorhabditis elegans,6239,cpna-2
sp|Q09221|CPNA2_CAEEL,4740,NAS,Caenorhabditis elegans,6239,cpna-2
sp|Q09221|CPNA2_CAEEL,4867,NLS,Caenorhabditis elegans,6239,cpna-2
sp|Q09221|CPNA2_CAEEL,5062,NET,Caenorhabditis elegans,6239,cpna-2
sp|Q09221|CPNA2_CAEEL,5265,NIS,Caenorhabditis elegans,6239,cpna-2
sp|Q09221|CPNA2_CAEEL,5475,NAT,Caenorhabditis elegans,6239,cpna-2
sp|Q09221|CPNA2_CAEEL,6442,NAS,Caenorhabditis elegans,6239,cpna-2
sp|Q09221|CPNA2_CAEEL,6615,NLS,Caenorhabditis elegans,6239,cpna-2
sp|Q09221|CPNA2_CAEEL,6683,NAS,Caenorhabditis elegans,6239,cpna-2
sp|Q09221|CPNA2_CAEEL,6713,NNT,Caenorhabditis elegans,6239,cpna-2
sp|Q09221|CPNA2_CAEEL,6960,NLS,Caenorhabditis elegans,6239,cpna-2
sp|Q09221|CPNA2_CAEEL,6980,NKS,Caenorhabditis elegans,6239,cpna-2
sp|Q09221|CPNA2_CAEEL,7083,NST,Caenorhabditis elegans,6239,cpna-2
sp|Q09221|CPNA2_CAEEL,7094,NTT,Caenorhabditis elegans,6239,cpna-2
sp|Q09221|CPNA2_CAEEL,7112,NTS,Caenorhabditis elegans,6239,cpna-2
sp|Q09221|CPNA2_CAEEL,7119,NET,Caenorhabditis elegans,6239,cpna-2
sp|Q09226|ALG6_CAEEL,101,NGT,Caenorhabditis elegans,6239,algn-6
sp|Q09226|ALG6_CAEEL,222,NFT,Caenorhabditis elegans,6239,algn-6
sp|Q09226|ALG6_CAEEL,258,NKT,Caenorhabditis elegans,6239,algn-6
sp|Q09226|ALG6_CAEEL,406,NIT,Caenorhabditis elegans,6239,algn-6
sp|Q09226|ALG6_CAEEL,409,NIS,Caenorhabditis elegans,6239,algn-6
sp|Q09236|COPD_CAEEL,324,NGS,Caenorhabditis elegans,6239,copd-1
sp|Q09236|COPD_CAEEL,453,NSS,Caenorhabditis elegans,6239,copd-1
sp|Q09242|BCL7_CAEEL,5,NRS,Caenorhabditis elegans,6239,bcl-7
sp|Q09242|BCL7_CAEEL,14,NRS,Caenorhabditis elegans,6239,bcl-7
sp|Q09242|BCL7_CAEEL,103,NFS,Caenorhabditis elegans,6239,bcl-7
sp|Q09242|BCL7_CAEEL,115,NQT,Caenorhabditis elegans,6239,bcl-7
sp|Q09253|GLOD4_CAEEL,151,NET,Caenorhabditis elegans,6239,glod-4
sp|Q09253|GLOD4_CAEEL,215,NGT,Caenorhabditis elegans,6239,glod-4
sp|Q09254|HAR1_CAEEL,132,NQS,Caenorhabditis elegans,6239,har-1
sp|Q09289|ADRM1_CAEEL,254,NET,Caenorhabditis elegans,6239,rpn-13
sp|Q09289|ADRM1_CAEEL,335,NLT,Caenorhabditis elegans,6239,rpn-13
sp|Q09315|5NT3_CAEEL,172,NLT,Caenorhabditis elegans,6239,F25B5.3
sp|Q09315|5NT3_CAEEL,287,NSS,Caenorhabditis elegans,6239,F25B5.3
sp|Q09315|5NT3_CAEEL,336,NGS,Caenorhabditis elegans,6239,F25B5.3
sp|Q09315|5NT3_CAEEL,373,NSS,Caenorhabditis elegans,6239,F25B5.3
sp|Q09322|CUP15_CAEEL,62,NWS,Caenorhabditis elegans,6239,cup-15
sp|Q09322|CUP15_CAEEL,98,NRT,Caenorhabditis elegans,6239,cup-15
sp|Q09322|CUP15_CAEEL,144,NKS,Caenorhabditis elegans,6239,cup-15
sp|Q09322|CUP15_CAEEL,170,NYT,Caenorhabditis elegans,6239,cup-15
sp|Q09322|CUP15_CAEEL,180,NLT,Caenorhabditis elegans,6239,cup-15
sp|Q09322|CUP15_CAEEL,183,NGS,Caenorhabditis elegans,6239,cup-15
sp|Q09322|CUP15_CAEEL,222,NDT,Caenorhabditis elegans,6239,cup-15
sp|Q09413|ELOA1_CAEEL,33,NVS,Caenorhabditis elegans,6239,tceb-3
sp|Q09422|PGAM5_CAEEL,138,NMT,Caenorhabditis elegans,6239,pgam-5
sp|Q09422|PGAM5_CAEEL,251,NCS,Caenorhabditis elegans,6239,pgam-5
sp|Q09438|MTAP_CAEEL,187,NMT,Caenorhabditis elegans,6239,B0228.7
sp|Q09454|DPH2_CAEEL,259,NKT,Caenorhabditis elegans,6239,dph-2
sp|Q09454|DPH2_CAEEL,334,NFS,Caenorhabditis elegans,6239,dph-2
sp|Q09466|WHT3_CAEEL,98,NGT,Caenorhabditis elegans,6239,wht-3
sp|Q09466|WHT3_CAEEL,104,NGT,Caenorhabditis elegans,6239,wht-3
sp|Q09466|WHT3_CAEEL,295,NET,Caenorhabditis elegans,6239,wht-3
sp|Q09466|WHT3_CAEEL,467,NST,Caenorhabditis elegans,6239,wht-3
sp|Q09475|YP93_CAEEL,54,NAS,Caenorhabditis elegans,6239,C28H8.3
sp|Q09475|YP93_CAEEL,81,NFS,Caenorhabditis elegans,6239,C28H8.3
sp|Q09475|YP93_CAEEL,227,NVT,Caenorhabditis elegans,6239,C28H8.3
sp|Q09475|YP93_CAEEL,297,NGT,Caenorhabditis elegans,6239,C28H8.3
sp|Q09475|YP93_CAEEL,420,NET,Caenorhabditis elegans,6239,C28H8.3
sp|Q09475|YP93_CAEEL,538,NRS,Caenorhabditis elegans,6239,C28H8.3
sp|Q09475|YP93_CAEEL,855,NKS,Caenorhabditis elegans,6239,C28H8.3
sp|Q09475|YP93_CAEEL,956,NSS,Caenorhabditis elegans,6239,C28H8.3
sp|Q09475|YP93_CAEEL,1483,NGT,Caenorhabditis elegans,6239,C28H8.3
sp|Q09475|YP93_CAEEL,1559,NST,Caenorhabditis elegans,6239,C28H8.3
sp|Q09511|RSP4_CAEEL,25,NLS,Caenorhabditis elegans,6239,rsp-4
sp|Q09522|DIM1_CAEEL,63,NLT,Caenorhabditis elegans,6239,E02H1.1
sp|Q09522|DIM1_CAEEL,229,NKT,Caenorhabditis elegans,6239,E02H1.1
sp|Q09524|TG124_CAEEL,11,NNS,Caenorhabditis elegans,6239,tag-124
sp|Q09528|NHR19_CAEEL,192,NLT,Caenorhabditis elegans,6239,nhr-19
sp|Q09528|NHR19_CAEEL,323,NGT,Caenorhabditis elegans,6239,nhr-19
sp|Q09537|GRK1_CAEEL,581,NGT,Caenorhabditis elegans,6239,grk-1
sp|Q09550|YQU3_CAEEL,22,NTT,Caenorhabditis elegans,6239,F26C11.3
sp|Q09550|YQU3_CAEEL,83,NKT,Caenorhabditis elegans,6239,F26C11.3
sp|Q09550|YQU3_CAEEL,135,NTS,Caenorhabditis elegans,6239,F26C11.3
sp|Q09550|YQU3_CAEEL,156,NVT,Caenorhabditis elegans,6239,F26C11.3
sp|Q09550|YQU3_CAEEL,224,NFS,Caenorhabditis elegans,6239,F26C11.3
sp|Q09550|YQU3_CAEEL,252,NSS,Caenorhabditis elegans,6239,F26C11.3
sp|Q09550|YQU3_CAEEL,293,NCS,Caenorhabditis elegans,6239,F26C11.3
sp|Q09550|YQU3_CAEEL,296,NLS,Caenorhabditis elegans,6239,F26C11.3
sp|Q09550|YQU3_CAEEL,479,NGS,Caenorhabditis elegans,6239,F26C11.3
sp|Q09550|YQU3_CAEEL,485,NFT,Caenorhabditis elegans,6239,F26C11.3
sp|Q09550|YQU3_CAEEL,545,NCT,Caenorhabditis elegans,6239,F26C11.3
sp|Q09550|YQU3_CAEEL,630,NCT,Caenorhabditis elegans,6239,F26C11.3
sp|Q09550|YQU3_CAEEL,713,NCT,Caenorhabditis elegans,6239,F26C11.3
sp|Q09550|YQU3_CAEEL,728,NKT,Caenorhabditis elegans,6239,F26C11.3
sp|Q09550|YQU3_CAEEL,796,NCT,Caenorhabditis elegans,6239,F26C11.3
sp|Q09550|YQU3_CAEEL,811,NKT,Caenorhabditis elegans,6239,F26C11.3
sp|Q09550|YQU3_CAEEL,883,NCT,Caenorhabditis elegans,6239,F26C11.3
sp|Q09550|YQU3_CAEEL,898,NKT,Caenorhabditis elegans,6239,F26C11.3
sp|Q09550|YQU3_CAEEL,963,NCT,Caenorhabditis elegans,6239,F26C11.3
sp|Q09550|YQU3_CAEEL,978,NKT,Caenorhabditis elegans,6239,F26C11.3
sp|Q09550|YQU3_CAEEL,1032,NCT,Caenorhabditis elegans,6239,F26C11.3
sp|Q09550|YQU3_CAEEL,1047,NKT,Caenorhabditis elegans,6239,F26C11.3
sp|Q09550|YQU3_CAEEL,1099,NCT,Caenorhabditis elegans,6239,F26C11.3
sp|Q09550|YQU3_CAEEL,1114,NTT,Caenorhabditis elegans,6239,F26C11.3
sp|Q09550|YQU3_CAEEL,1195,NCT,Caenorhabditis elegans,6239,F26C11.3
sp|Q09550|YQU3_CAEEL,1210,NTT,Caenorhabditis elegans,6239,F26C11.3
sp|Q09550|YQU3_CAEEL,1249,NST,Caenorhabditis elegans,6239,F26C11.3
sp|Q09551|ASAH2_CAEEL,101,NMT,Caenorhabditis elegans,6239,asah-2
sp|Q09551|ASAH2_CAEEL,303,NTT,Caenorhabditis elegans,6239,asah-2
sp|Q09551|ASAH2_CAEEL,371,NKT,Caenorhabditis elegans,6239,asah-2
sp|Q09553|GAS1_CAEEL,143,NQT,Caenorhabditis elegans,6239,phg-1
sp|Q09553|GAS1_CAEEL,156,NCT,Caenorhabditis elegans,6239,phg-1
sp|Q09564|PHLPP_CAEEL,316,NLS,Caenorhabditis elegans,6239,phlp-2
sp|Q09564|PHLPP_CAEEL,339,NLS,Caenorhabditis elegans,6239,phlp-2
sp|Q09564|PHLPP_CAEEL,421,NIT,Caenorhabditis elegans,6239,phlp-2
sp|Q09564|PHLPP_CAEEL,508,NLT,Caenorhabditis elegans,6239,phlp-2
sp|Q09564|PHLPP_CAEEL,516,NNS,Caenorhabditis elegans,6239,phlp-2
sp|Q09564|PHLPP_CAEEL,582,NIS,Caenorhabditis elegans,6239,phlp-2
sp|Q09564|PHLPP_CAEEL,654,NLS,Caenorhabditis elegans,6239,phlp-2
sp|Q09564|PHLPP_CAEEL,704,NIS,Caenorhabditis elegans,6239,phlp-2
sp|Q09564|PHLPP_CAEEL,749,NIS,Caenorhabditis elegans,6239,phlp-2
sp|Q09564|PHLPP_CAEEL,811,NVS,Caenorhabditis elegans,6239,phlp-2
sp|Q09564|PHLPP_CAEEL,951,NST,Caenorhabditis elegans,6239,phlp-2
sp|Q09564|PHLPP_CAEEL,957,NRS,Caenorhabditis elegans,6239,phlp-2
sp|Q09564|PHLPP_CAEEL,1104,NET,Caenorhabditis elegans,6239,phlp-2
sp|Q09565|NHR20_CAEEL,147,NDS,Caenorhabditis elegans,6239,nhr-20
sp|Q09565|NHR20_CAEEL,317,NLS,Caenorhabditis elegans,6239,nhr-20
sp|Q09580|GUAA_CAEEL,38,NAS,Caenorhabditis elegans,6239,gmps-1
sp|Q09580|GUAA_CAEEL,91,NTT,Caenorhabditis elegans,6239,gmps-1
sp|Q09580|GUAA_CAEEL,234,NGT,Caenorhabditis elegans,6239,gmps-1
sp|Q09580|GUAA_CAEEL,252,NFT,Caenorhabditis elegans,6239,gmps-1
sp|Q09580|GUAA_CAEEL,419,NDT,Caenorhabditis elegans,6239,gmps-1
sp|Q09582|METH_CAEEL,138,NRT,Caenorhabditis elegans,6239,metr-1
sp|Q09582|METH_CAEEL,154,NVT,Caenorhabditis elegans,6239,metr-1
sp|Q09582|METH_CAEEL,262,NMS,Caenorhabditis elegans,6239,metr-1
sp|Q09582|METH_CAEEL,568,NIS,Caenorhabditis elegans,6239,metr-1
sp|Q09582|METH_CAEEL,923,NKT,Caenorhabditis elegans,6239,metr-1
sp|Q09582|METH_CAEEL,979,NRS,Caenorhabditis elegans,6239,metr-1
sp|Q09589|HIRA_CAEEL,327,NHT,Caenorhabditis elegans,6239,hira-1
sp|Q09589|HIRA_CAEEL,398,NLS,Caenorhabditis elegans,6239,hira-1
sp|Q09589|HIRA_CAEEL,408,NAS,Caenorhabditis elegans,6239,hira-1
sp|Q09589|HIRA_CAEEL,447,NES,Caenorhabditis elegans,6239,hira-1
sp|Q09589|HIRA_CAEEL,766,NGS,Caenorhabditis elegans,6239,hira-1
sp|Q09589|HIRA_CAEEL,773,NVS,Caenorhabditis elegans,6239,hira-1
sp|Q09589|HIRA_CAEEL,804,NGT,Caenorhabditis elegans,6239,hira-1
sp|Q09629|KADY_CAEEL,91,NMS,Caenorhabditis elegans,6239,ZK673.2
sp|Q09630|GRM1_CAEEL,156,NQS,Caenorhabditis elegans,6239,mgl-1
sp|Q09630|GRM1_CAEEL,518,NFT,Caenorhabditis elegans,6239,mgl-1
sp|Q09630|GRM1_CAEEL,591,NLT,Caenorhabditis elegans,6239,mgl-1
sp|Q09630|GRM1_CAEEL,644,NET,Caenorhabditis elegans,6239,mgl-1
sp|Q09630|GRM1_CAEEL,707,NET,Caenorhabditis elegans,6239,mgl-1
sp|Q09630|GRM1_CAEEL,867,NET,Caenorhabditis elegans,6239,mgl-1
sp|Q09630|GRM1_CAEEL,945,NKS,Caenorhabditis elegans,6239,mgl-1
sp|Q09630|GRM1_CAEEL,953,NCS,Caenorhabditis elegans,6239,mgl-1
sp|Q09638|NPR15_CAEEL,228,NKS,Caenorhabditis elegans,6239,npr-15
sp|Q09638|NPR15_CAEEL,273,NVT,Caenorhabditis elegans,6239,npr-15
sp|Q09638|NPR15_CAEEL,324,NET,Caenorhabditis elegans,6239,npr-15
sp|Q09638|NPR15_CAEEL,333,NNT,Caenorhabditis elegans,6239,npr-15
sp|Q09653|C13AA_CAEEL,138,NNS,Caenorhabditis elegans,6239,cyp-13A10
sp|Q09653|C13AA_CAEEL,145,NVT,Caenorhabditis elegans,6239,cyp-13A10
sp|Q09653|C13AA_CAEEL,248,NKT,Caenorhabditis elegans,6239,cyp-13A10
sp|Q09660|CC44_CAEEL,211,NRS,Caenorhabditis elegans,6239,cyp-44A1
sp|Q09660|CC44_CAEEL,276,NDS,Caenorhabditis elegans,6239,cyp-44A1
sp|Q09931|UBPY_CAEEL,5,NET,Caenorhabditis elegans,6239,K02C4.3
sp|Q09931|UBPY_CAEEL,119,NIS,Caenorhabditis elegans,6239,K02C4.3
sp|Q09931|UBPY_CAEEL,146,NIS,Caenorhabditis elegans,6239,K02C4.3
sp|Q09931|UBPY_CAEEL,165,NFS,Caenorhabditis elegans,6239,K02C4.3
sp|Q09931|UBPY_CAEEL,298,NVS,Caenorhabditis elegans,6239,K02C4.3
sp|Q09931|UBPY_CAEEL,330,NLS,Caenorhabditis elegans,6239,K02C4.3
sp|Q09931|UBPY_CAEEL,373,NES,Caenorhabditis elegans,6239,K02C4.3
sp|Q09931|UBPY_CAEEL,621,NCS,Caenorhabditis elegans,6239,K02C4.3
sp|Q09936|CLIK2_CAEEL,53,NIT,Caenorhabditis elegans,6239,clik-2
sp|Q09936|CLIK2_CAEEL,165,NGT,Caenorhabditis elegans,6239,clik-2
sp|Q09956|DAMT1_CAEEL,105,NVS,Caenorhabditis elegans,6239,damt-1
sp|Q09956|DAMT1_CAEEL,362,NIS,Caenorhabditis elegans,6239,damt-1
sp|Q09991|CTS41_CAEEL,132,NLT,Caenorhabditis elegans,6239,ctsa-4.1
sp|Q09991|CTS41_CAEEL,316,NNT,Caenorhabditis elegans,6239,ctsa-4.1
sp|Q09991|CTS41_CAEEL,396,NLT,Caenorhabditis elegans,6239,ctsa-4.1
sp|Q10013|SMD1_CAEEL,21,NGT,Caenorhabditis elegans,6239,snr-3
sp|Q10022|PLP12_CAEEL,162,NDT,Caenorhabditis elegans,6239,plpp-1.2
sp|Q10022|PLP12_CAEEL,279,NNS,Caenorhabditis elegans,6239,plpp-1.2
sp|Q10024|DGK5_CAEEL,107,NDS,Caenorhabditis elegans,6239,dgk-5
sp|Q10024|DGK5_CAEEL,115,NVS,Caenorhabditis elegans,6239,dgk-5
sp|Q10024|DGK5_CAEEL,552,NTS,Caenorhabditis elegans,6239,dgk-5
sp|Q10024|DGK5_CAEEL,655,NIT,Caenorhabditis elegans,6239,dgk-5
sp|Q10025|DEL10_CAEEL,35,NRS,Caenorhabditis elegans,6239,del-10
sp|Q10025|DEL10_CAEEL,216,NGT,Caenorhabditis elegans,6239,del-10
sp|Q10025|DEL10_CAEEL,290,NQT,Caenorhabditis elegans,6239,del-10
sp|Q10025|DEL10_CAEEL,374,NST,Caenorhabditis elegans,6239,del-10
sp|Q10025|DEL10_CAEEL,454,NVS,Caenorhabditis elegans,6239,del-10
sp|Q10025|DEL10_CAEEL,539,NLT,Caenorhabditis elegans,6239,del-10
sp|Q10025|DEL10_CAEEL,545,NFS,Caenorhabditis elegans,6239,del-10
sp|Q10025|DEL10_CAEEL,584,NAT,Caenorhabditis elegans,6239,del-10
sp|Q10025|DEL10_CAEEL,943,NST,Caenorhabditis elegans,6239,del-10
sp|Q10045|UNC50_CAEEL,276,NIS,Caenorhabditis elegans,6239,unc-50
sp|Q10046|VGLU3_CAEEL,3,NGS,Caenorhabditis elegans,6239,vglu-3
sp|Q10046|VGLU3_CAEEL,78,NFT,Caenorhabditis elegans,6239,vglu-3
sp|Q10046|VGLU3_CAEEL,270,NMS,Caenorhabditis elegans,6239,vglu-3
sp|Q10454|KARG1_CAEEL,161,NST,Caenorhabditis elegans,6239,F46H5.3
sp|Q10454|KARG1_CAEEL,198,NIT,Caenorhabditis elegans,6239,F46H5.3
sp|Q10462|CAH5_CAEEL,195,NKT,Caenorhabditis elegans,6239,cah-5
sp|Q10578|RPB2_CAEEL,124,NLT,Caenorhabditis elegans,6239,rpb-2
sp|Q10578|RPB2_CAEEL,171,NMT,Caenorhabditis elegans,6239,rpb-2
sp|Q10578|RPB2_CAEEL,194,NGS,Caenorhabditis elegans,6239,rpb-2
sp|Q10578|RPB2_CAEEL,233,NSS,Caenorhabditis elegans,6239,rpb-2
sp|Q10578|RPB2_CAEEL,723,NQS,Caenorhabditis elegans,6239,rpb-2
sp|Q10578|RPB2_CAEEL,803,NNS,Caenorhabditis elegans,6239,rpb-2
sp|Q10578|RPB2_CAEEL,1009,NDT,Caenorhabditis elegans,6239,rpb-2
sp|Q10578|RPB2_CAEEL,1148,NKT,Caenorhabditis elegans,6239,rpb-2
sp|Q10579|SPE26_CAEEL,333,NSS,Caenorhabditis elegans,6239,spe-26
sp|Q10579|SPE26_CAEEL,511,NAS,Caenorhabditis elegans,6239,spe-26
sp|Q10580|SWAP_CAEEL,73,NGS,Caenorhabditis elegans,6239,swp-1
sp|Q10580|SWAP_CAEEL,177,NGT,Caenorhabditis elegans,6239,swp-1
sp|Q10580|SWAP_CAEEL,449,NLS,Caenorhabditis elegans,6239,swp-1
sp|Q10580|SWAP_CAEEL,476,NLS,Caenorhabditis elegans,6239,swp-1
sp|Q10580|SWAP_CAEEL,566,NFS,Caenorhabditis elegans,6239,swp-1
sp|Q10580|SWAP_CAEEL,740,NRS,Caenorhabditis elegans,6239,swp-1
sp|Q10902|NHR2_CAEEL,60,NST,Caenorhabditis elegans,6239,nhr-2
sp|Q10902|NHR2_CAEEL,75,NAT,Caenorhabditis elegans,6239,nhr-2
sp|Q10902|NHR2_CAEEL,90,NDT,Caenorhabditis elegans,6239,nhr-2
sp|Q10902|NHR2_CAEEL,156,NSS,Caenorhabditis elegans,6239,nhr-2
sp|Q10902|NHR2_CAEEL,203,NLT,Caenorhabditis elegans,6239,nhr-2
sp|Q10902|NHR2_CAEEL,224,NST,Caenorhabditis elegans,6239,nhr-2
sp|Q10902|NHR2_CAEEL,259,NCT,Caenorhabditis elegans,6239,nhr-2
sp|Q10904|YWO1_CAEEL,168,NET,Caenorhabditis elegans,6239,AH9.1
sp|Q10904|YWO1_CAEEL,210,NKT,Caenorhabditis elegans,6239,AH9.1
sp|Q10941|UGT46_CAEEL,304,NTT,Caenorhabditis elegans,6239,ugt-46
sp|Q10944|PHO5_CAEEL,104,NRT,Caenorhabditis elegans,6239,pho-5
sp|Q10944|PHO5_CAEEL,210,NIT,Caenorhabditis elegans,6239,pho-5
sp|Q10944|PHO5_CAEEL,218,NSS,Caenorhabditis elegans,6239,pho-5
sp|Q10944|PHO5_CAEEL,312,NET,Caenorhabditis elegans,6239,pho-5
sp|Q10944|PHO5_CAEEL,323,NET,Caenorhabditis elegans,6239,pho-5
sp|Q11069|TMC2_CAEEL,195,NIT,Caenorhabditis elegans,6239,tmc-2
sp|Q11069|TMC2_CAEEL,225,NKT,Caenorhabditis elegans,6239,tmc-2
sp|Q11069|TMC2_CAEEL,405,NAT,Caenorhabditis elegans,6239,tmc-2
sp|Q11069|TMC2_CAEEL,471,NAS,Caenorhabditis elegans,6239,tmc-2
sp|Q11069|TMC2_CAEEL,568,NET,Caenorhabditis elegans,6239,tmc-2
sp|Q11069|TMC2_CAEEL,748,NQS,Caenorhabditis elegans,6239,tmc-2
sp|Q11069|TMC2_CAEEL,865,NRS,Caenorhabditis elegans,6239,tmc-2
sp|Q11069|TMC2_CAEEL,1063,NSS,Caenorhabditis elegans,6239,tmc-2
sp|Q11069|TMC2_CAEEL,1177,NDS,Caenorhabditis elegans,6239,tmc-2
sp|Q11090|YWY3_CAEEL,42,NAT,Caenorhabditis elegans,6239,C01C4.3
sp|Q11090|YWY3_CAEEL,68,NST,Caenorhabditis elegans,6239,C01C4.3
sp|Q11090|YWY3_CAEEL,77,NRT,Caenorhabditis elegans,6239,C01C4.3
sp|Q11090|YWY3_CAEEL,172,NYS,Caenorhabditis elegans,6239,C01C4.3
sp|Q11090|YWY3_CAEEL,309,NKS,Caenorhabditis elegans,6239,C01C4.3
sp|Q11117|LMP1_CAEEL,27,NNT,Caenorhabditis elegans,6239,lmp-1
sp|Q11117|LMP1_CAEEL,50,NTT,Caenorhabditis elegans,6239,lmp-1
sp|Q11117|LMP1_CAEEL,60,NET,Caenorhabditis elegans,6239,lmp-1
sp|Q11117|LMP1_CAEEL,75,NQS,Caenorhabditis elegans,6239,lmp-1
sp|Q11117|LMP1_CAEEL,180,NGT,Caenorhabditis elegans,6239,lmp-1
sp|Q11122|KCNL3_CAEEL,37,NVT,Caenorhabditis elegans,6239,kcnl-3
sp|Q11122|KCNL3_CAEEL,69,NRS,Caenorhabditis elegans,6239,kcnl-3
sp|Q11122|KCNL3_CAEEL,132,NGS,Caenorhabditis elegans,6239,kcnl-3
sp|Q11122|KCNL3_CAEEL,221,NGS,Caenorhabditis elegans,6239,kcnl-3
sp|Q11122|KCNL3_CAEEL,228,NTS,Caenorhabditis elegans,6239,kcnl-3
sp|Q11122|KCNL3_CAEEL,236,NNS,Caenorhabditis elegans,6239,kcnl-3
sp|Q11122|KCNL3_CAEEL,442,NFS,Caenorhabditis elegans,6239,kcnl-3
sp|Q11122|KCNL3_CAEEL,621,NNS,Caenorhabditis elegans,6239,kcnl-3
sp|Q11188|POPL1_CAEEL,372,NSS,Caenorhabditis elegans,6239,popl-1
sp|Q11188|POPL1_CAEEL,502,NLS,Caenorhabditis elegans,6239,popl-1
sp|Q11188|POPL1_CAEEL,732,NST,Caenorhabditis elegans,6239,popl-1
sp|Q11188|POPL1_CAEEL,748,NAT,Caenorhabditis elegans,6239,popl-1
sp|Q17334|ADH1_CAEEL,81,NVT,Caenorhabditis elegans,6239,sodh-1
sp|Q17361|UBP14_CAEEL,63,NMT,Caenorhabditis elegans,6239,usp-14
sp|Q17361|UBP14_CAEEL,202,NVT,Caenorhabditis elegans,6239,usp-14
sp|Q17361|UBP14_CAEEL,387,NNS,Caenorhabditis elegans,6239,usp-14
sp|Q17370|NHR47_CAEEL,155,NFT,Caenorhabditis elegans,6239,nhr-47
sp|Q17370|NHR47_CAEEL,322,NSS,Caenorhabditis elegans,6239,nhr-47
sp|Q17370|NHR47_CAEEL,426,NNS,Caenorhabditis elegans,6239,nhr-47
sp|Q17370|NHR47_CAEEL,452,NFS,Caenorhabditis elegans,6239,nhr-47
sp|Q17370|NHR47_CAEEL,528,NES,Caenorhabditis elegans,6239,nhr-47
sp|Q17405|YQ02_CAEEL,22,NGS,Caenorhabditis elegans,6239,AC3.5
sp|Q17405|YQ02_CAEEL,115,NES,Caenorhabditis elegans,6239,AC3.5
sp|Q17405|YQ02_CAEEL,123,NFT,Caenorhabditis elegans,6239,AC3.5
sp|Q17405|YQ02_CAEEL,143,NAS,Caenorhabditis elegans,6239,AC3.5
sp|Q17405|YQ02_CAEEL,176,NGT,Caenorhabditis elegans,6239,AC3.5
sp|Q17405|YQ02_CAEEL,230,NST,Caenorhabditis elegans,6239,AC3.5
sp|Q17405|YQ02_CAEEL,402,NTT,Caenorhabditis elegans,6239,AC3.5
sp|Q17405|YQ02_CAEEL,710,NVS,Caenorhabditis elegans,6239,AC3.5
sp|Q17405|YQ02_CAEEL,723,NTS,Caenorhabditis elegans,6239,AC3.5
sp|Q17405|YQ02_CAEEL,789,NVT,Caenorhabditis elegans,6239,AC3.5
sp|Q17405|YQ02_CAEEL,894,NFS,Caenorhabditis elegans,6239,AC3.5
sp|Q17405|YQ02_CAEEL,919,NDT,Caenorhabditis elegans,6239,AC3.5
sp|Q17405|YQ02_CAEEL,964,NST,Caenorhabditis elegans,6239,AC3.5
sp|Q17405|YQ02_CAEEL,993,NWS,Caenorhabditis elegans,6239,AC3.5
sp|Q17413|UCK_CAEEL,109,NGT,Caenorhabditis elegans,6239,B0001.4
sp|Q17428|SR5A3_CAEEL,278,NQT,Caenorhabditis elegans,6239,B0024.13
sp|Q17436|EDG1_CAEEL,4,NKS,Caenorhabditis elegans,6239,edg-1
sp|Q17436|EDG1_CAEEL,62,NLS,Caenorhabditis elegans,6239,edg-1
sp|Q17436|EDG1_CAEEL,275,NRT,Caenorhabditis elegans,6239,edg-1
sp|Q17436|EDG1_CAEEL,331,NVS,Caenorhabditis elegans,6239,edg-1
sp|Q17436|EDG1_CAEEL,500,NIS,Caenorhabditis elegans,6239,edg-1
sp|Q17436|EDG1_CAEEL,699,NSS,Caenorhabditis elegans,6239,edg-1
sp|Q17436|EDG1_CAEEL,718,NSS,Caenorhabditis elegans,6239,edg-1
sp|Q17436|EDG1_CAEEL,721,NFS,Caenorhabditis elegans,6239,edg-1
sp|Q17440|MTU1_CAEEL,100,NQS,Caenorhabditis elegans,6239,mttu-1
sp|Q17440|MTU1_CAEEL,232,NGS,Caenorhabditis elegans,6239,mttu-1
sp|Q17533|EXOS4_CAEEL,83,NRT,Caenorhabditis elegans,6239,exos-4.1
sp|Q17533|EXOS4_CAEEL,135,NAT,Caenorhabditis elegans,6239,exos-4.1
sp|Q17574|MTRR_CAEEL,100,NYS,Caenorhabditis elegans,6239,mtrr-1
sp|Q17586|CNNM4_CAEEL,61,NLS,Caenorhabditis elegans,6239,cnnm-4
sp|Q17586|CNNM4_CAEEL,184,NIS,Caenorhabditis elegans,6239,cnnm-4
sp|Q17586|CNNM4_CAEEL,364,NIT,Caenorhabditis elegans,6239,cnnm-4
sp|Q17678|TIKI1_CAEEL,247,NES,Caenorhabditis elegans,6239,C05G5.5
sp|Q17688|ER442_CAEEL,264,NKT,Caenorhabditis elegans,6239,erp-44.2
sp|Q17693|MTHR_CAEEL,325,NGT,Caenorhabditis elegans,6239,mthf-1
sp|Q17693|MTHR_CAEEL,364,NRS,Caenorhabditis elegans,6239,mthf-1
sp|Q17693|MTHR_CAEEL,405,NSS,Caenorhabditis elegans,6239,mthf-1
sp|Q17693|MTHR_CAEEL,421,NLT,Caenorhabditis elegans,6239,mthf-1
sp|Q17750|UFL1_CAEEL,135,NQT,Caenorhabditis elegans,6239,ufl-1
sp|Q17750|UFL1_CAEEL,146,NLS,Caenorhabditis elegans,6239,ufl-1
sp|Q17750|UFL1_CAEEL,444,NLS,Caenorhabditis elegans,6239,ufl-1
sp|Q17750|UFL1_CAEEL,448,NIS,Caenorhabditis elegans,6239,ufl-1
sp|Q17750|UFL1_CAEEL,614,NCS,Caenorhabditis elegans,6239,ufl-1
sp|Q17761|6PGD_CAEEL,33,NRT,Caenorhabditis elegans,6239,T25B9.9
sp|Q17761|6PGD_CAEEL,469,NWT,Caenorhabditis elegans,6239,T25B9.9
sp|Q17766|FOLT1_CAEEL,36,NIT,Caenorhabditis elegans,6239,folt-1
sp|Q17766|FOLT1_CAEEL,260,NYT,Caenorhabditis elegans,6239,folt-1
sp|Q17768|SPR3_CAEEL,186,NRS,Caenorhabditis elegans,6239,spr-3
sp|Q17768|SPR3_CAEEL,232,NDS,Caenorhabditis elegans,6239,spr-3
sp|Q17768|SPR3_CAEEL,272,NVS,Caenorhabditis elegans,6239,spr-3
sp|Q17768|SPR3_CAEEL,352,NGS,Caenorhabditis elegans,6239,spr-3
sp|Q17768|SPR3_CAEEL,355,NHS,Caenorhabditis elegans,6239,spr-3
sp|Q17768|SPR3_CAEEL,420,NNS,Caenorhabditis elegans,6239,spr-3
sp|Q17768|SPR3_CAEEL,484,NNS,Caenorhabditis elegans,6239,spr-3
sp|Q17768|SPR3_CAEEL,624,NYS,Caenorhabditis elegans,6239,spr-3
sp|Q17771|NHR35_CAEEL,455,NDT,Caenorhabditis elegans,6239,nhr-35
sp|Q17771|NHR35_CAEEL,484,NSS,Caenorhabditis elegans,6239,nhr-35
sp|Q17820|SAE1_CAEEL,113,NDS,Caenorhabditis elegans,6239,aos-1
sp|Q17820|SAE1_CAEEL,275,NHT,Caenorhabditis elegans,6239,aos-1
sp|Q17848|I5P1_CAEEL,106,NVS,Caenorhabditis elegans,6239,ipp-5
sp|Q17856|MSP55_CAEEL,36,NSS,Caenorhabditis elegans,6239,msp-55
sp|Q17865|YTE4_CAEEL,62,NGT,Caenorhabditis elegans,6239,C09G1.4
sp|Q17865|YTE4_CAEEL,187,NSS,Caenorhabditis elegans,6239,C09G1.4
sp|Q17865|YTE4_CAEEL,279,NDT,Caenorhabditis elegans,6239,C09G1.4
sp|Q17865|YTE4_CAEEL,297,NKS,Caenorhabditis elegans,6239,C09G1.4
sp|Q17905|NHR28_CAEEL,216,NRT,Caenorhabditis elegans,6239,nhr-28
sp|Q17944|DYF4_CAEEL,64,NYS,Caenorhabditis elegans,6239,dyf-4
sp|Q17944|DYF4_CAEEL,163,NDT,Caenorhabditis elegans,6239,dyf-4
sp|Q18008|ACTL1_CAEEL,256,NKS,Caenorhabditis elegans,6239,actl-1
sp|Q18008|ACTL1_CAEEL,355,NYS,Caenorhabditis elegans,6239,actl-1
sp|Q18034|NFX1_CAEEL,16,NSS,Caenorhabditis elegans,6239,nfx-1
sp|Q18034|NFX1_CAEEL,85,NFT,Caenorhabditis elegans,6239,nfx-1
sp|Q18034|NFX1_CAEEL,158,NQS,Caenorhabditis elegans,6239,nfx-1
sp|Q18034|NFX1_CAEEL,178,NKS,Caenorhabditis elegans,6239,nfx-1
sp|Q18034|NFX1_CAEEL,290,NET,Caenorhabditis elegans,6239,nfx-1
sp|Q18034|NFX1_CAEEL,524,NTS,Caenorhabditis elegans,6239,nfx-1
sp|Q18066|DIM_CAEEL,111,NGS,Caenorhabditis elegans,6239,dim-1
sp|Q18066|DIM_CAEEL,114,NKS,Caenorhabditis elegans,6239,dim-1
sp|Q18066|DIM_CAEEL,239,NTT,Caenorhabditis elegans,6239,dim-1
sp|Q18066|DIM_CAEEL,242,NAT,Caenorhabditis elegans,6239,dim-1
sp|Q18066|DIM_CAEEL,509,NES,Caenorhabditis elegans,6239,dim-1
sp|Q18066|DIM_CAEEL,590,NFT,Caenorhabditis elegans,6239,dim-1
sp|Q18071|OSTA2_CAEEL,20,NCT,Caenorhabditis elegans,6239,osta-2
sp|Q18081|UGT48_CAEEL,58,NLT,Caenorhabditis elegans,6239,ugt-48
sp|Q18081|UGT48_CAEEL,305,NTT,Caenorhabditis elegans,6239,ugt-48
sp|Q18081|UGT48_CAEEL,513,NIS,Caenorhabditis elegans,6239,ugt-48
sp|Q18143|CHITL_CAEEL,47,NIT,Caenorhabditis elegans,6239,cht-3
sp|Q18143|CHITL_CAEEL,216,NGS,Caenorhabditis elegans,6239,cht-3
sp|Q18143|CHITL_CAEEL,475,NST,Caenorhabditis elegans,6239,cht-3
sp|Q18143|CHITL_CAEEL,538,NKT,Caenorhabditis elegans,6239,cht-3
sp|Q18143|CHITL_CAEEL,710,NRT,Caenorhabditis elegans,6239,cht-3
sp|Q18143|CHITL_CAEEL,797,NLT,Caenorhabditis elegans,6239,cht-3
sp|Q18143|CHITL_CAEEL,830,NMT,Caenorhabditis elegans,6239,cht-3
sp|Q18143|CHITL_CAEEL,887,NRT,Caenorhabditis elegans,6239,cht-3
sp|Q18143|CHITL_CAEEL,933,NHT,Caenorhabditis elegans,6239,cht-3
sp|Q18143|CHITL_CAEEL,1010,NGT,Caenorhabditis elegans,6239,cht-3
sp|Q18179|NPR11_CAEEL,5,NES,Caenorhabditis elegans,6239,npr-11
sp|Q18179|NPR11_CAEEL,29,NGT,Caenorhabditis elegans,6239,npr-11
sp|Q18179|NPR11_CAEEL,152,NLS,Caenorhabditis elegans,6239,npr-11
sp|Q18179|NPR11_CAEEL,248,NVT,Caenorhabditis elegans,6239,npr-11
sp|Q18179|NPR11_CAEEL,254,NTS,Caenorhabditis elegans,6239,npr-11
sp|Q18179|NPR11_CAEEL,388,NES,Caenorhabditis elegans,6239,npr-11
sp|Q18195|ELP4_CAEEL,39,NSS,Caenorhabditis elegans,6239,elpc-4
sp|Q18211|RCC1_CAEEL,25,NKT,Caenorhabditis elegans,6239,ran-3
sp|Q18211|RCC1_CAEEL,111,NTT,Caenorhabditis elegans,6239,ran-3
sp|Q18211|RCC1_CAEEL,115,NST,Caenorhabditis elegans,6239,ran-3
sp|Q18211|RCC1_CAEEL,119,NST,Caenorhabditis elegans,6239,ran-3
sp|Q18211|RCC1_CAEEL,470,NWT,Caenorhabditis elegans,6239,ran-3
sp|Q18217|ULA1_CAEEL,194,NET,Caenorhabditis elegans,6239,ula-1
sp|Q18253|DPF2_CAEEL,61,NQT,Caenorhabditis elegans,6239,dpf-2
sp|Q18253|DPF2_CAEEL,66,NTS,Caenorhabditis elegans,6239,dpf-2
sp|Q18253|DPF2_CAEEL,183,NKT,Caenorhabditis elegans,6239,dpf-2
sp|Q18253|DPF2_CAEEL,209,NAS,Caenorhabditis elegans,6239,dpf-2
sp|Q18253|DPF2_CAEEL,314,NNT,Caenorhabditis elegans,6239,dpf-2
sp|Q18253|DPF2_CAEEL,359,NGS,Caenorhabditis elegans,6239,dpf-2
sp|Q18253|DPF2_CAEEL,754,NVT,Caenorhabditis elegans,6239,dpf-2
sp|Q18312|RGS3_CAEEL,61,NSS,Caenorhabditis elegans,6239,rgs-3
sp|Q18312|RGS3_CAEEL,173,NLS,Caenorhabditis elegans,6239,rgs-3
sp|Q18317|CPB2_CAEEL,82,NSS,Caenorhabditis elegans,6239,cpb-2
sp|Q18317|CPB2_CAEEL,191,NAT,Caenorhabditis elegans,6239,cpb-2
sp|Q18317|CPB2_CAEEL,518,NQS,Caenorhabditis elegans,6239,cpb-2
sp|Q18439|NAS8_CAEEL,386,NYS,Caenorhabditis elegans,6239,nas-8
sp|Q18452|MAP9_CAEEL,11,NLS,Caenorhabditis elegans,6239,maph-9
sp|Q18452|MAP9_CAEEL,15,NQT,Caenorhabditis elegans,6239,maph-9
sp|Q18452|MAP9_CAEEL,76,NGS,Caenorhabditis elegans,6239,maph-9
sp|Q18452|MAP9_CAEEL,235,NLS,Caenorhabditis elegans,6239,maph-9
sp|Q18461|MSP49_CAEEL,36,NSS,Caenorhabditis elegans,6239,msp-49
sp|Q18486|COQ8_CAEEL,66,NKT,Caenorhabditis elegans,6239,coq-8
sp|Q18486|COQ8_CAEEL,302,NES,Caenorhabditis elegans,6239,coq-8
sp|Q18486|COQ8_CAEEL,589,NWS,Caenorhabditis elegans,6239,coq-8
sp|Q18579|ETS5_CAEEL,14,NST,Caenorhabditis elegans,6239,ets-5
sp|Q18600|ERP1B_CAEEL,156,NVS,Caenorhabditis elegans,6239,C44B7.11
sp|Q18600|ERP1B_CAEEL,679,NDT,Caenorhabditis elegans,6239,C44B7.11
sp|Q18600|ERP1B_CAEEL,796,NTS,Caenorhabditis elegans,6239,C44B7.11
sp|Q18616|SMCL1_CAEEL,130,NIS,Caenorhabditis elegans,6239,smcl-1
sp|Q18616|SMCL1_CAEEL,135,NKT,Caenorhabditis elegans,6239,smcl-1
sp|Q18726|CIA30_CAEEL,178,NIS,Caenorhabditis elegans,6239,nuaf-1
sp|Q18726|CIA30_CAEEL,216,NFS,Caenorhabditis elegans,6239,nuaf-1
sp|Q18726|CIA30_CAEEL,317,NDT,Caenorhabditis elegans,6239,nuaf-1
sp|Q18787|PRS7_CAEEL,233,NRT,Caenorhabditis elegans,6239,rpt-1
sp|Q18787|PRS7_CAEEL,381,NST,Caenorhabditis elegans,6239,rpt-1
sp|Q18803|ATPL2_CAEEL,14,NLT,Caenorhabditis elegans,6239,asg-2
sp|Q18803|ATPL2_CAEEL,71,NLS,Caenorhabditis elegans,6239,asg-2
sp|Q18904|NPR8_CAEEL,17,NAS,Caenorhabditis elegans,6239,npr-8
sp|Q18904|NPR8_CAEEL,297,NHT,Caenorhabditis elegans,6239,npr-8
sp|Q18904|NPR8_CAEEL,318,NKT,Caenorhabditis elegans,6239,npr-8
sp|Q18904|NPR8_CAEEL,325,NRT,Caenorhabditis elegans,6239,npr-8
sp|Q18932|CAH2_CAEEL,87,NIT,Caenorhabditis elegans,6239,cah-2
sp|Q18932|CAH2_CAEEL,142,NFS,Caenorhabditis elegans,6239,cah-2
sp|Q18932|CAH2_CAEEL,188,NLT,Caenorhabditis elegans,6239,cah-2
sp|Q18932|CAH2_CAEEL,307,NDS,Caenorhabditis elegans,6239,cah-2
sp|Q18936|TPRA1_CAEEL,21,NTS,Caenorhabditis elegans,6239,tpra-1
sp|Q18936|TPRA1_CAEEL,45,NVS,Caenorhabditis elegans,6239,tpra-1
sp|Q18936|TPRA1_CAEEL,323,NNT,Caenorhabditis elegans,6239,tpra-1
sp|Q18938|MAAI_CAEEL,190,NET,Caenorhabditis elegans,6239,gst-42
sp|Q18964|WDFY2_CAEEL,333,NWT,Caenorhabditis elegans,6239,wdfy-2
sp|Q18964|WDFY2_CAEEL,364,NLT,Caenorhabditis elegans,6239,wdfy-2
sp|Q18967|EIF3F_CAEEL,4,NLT,Caenorhabditis elegans,6239,eif-3.F
sp|Q18967|EIF3F_CAEEL,61,NES,Caenorhabditis elegans,6239,eif-3.F
sp|Q19000|BODG_CAEEL,12,NAS,Caenorhabditis elegans,6239,gbh-1
sp|Q19013|GLS2_CAEEL,302,NAT,Caenorhabditis elegans,6239,glna-2
sp|Q19013|GLS2_CAEEL,372,NET,Caenorhabditis elegans,6239,glna-2
sp|Q19013|GLS2_CAEEL,508,NTS,Caenorhabditis elegans,6239,glna-2
sp|Q19038|DEL1_CAEEL,241,NTT,Caenorhabditis elegans,6239,del-1
sp|Q19038|DEL1_CAEEL,300,NMT,Caenorhabditis elegans,6239,del-1
sp|Q19038|DEL1_CAEEL,394,NSS,Caenorhabditis elegans,6239,del-1
sp|Q19038|DEL1_CAEEL,508,NTT,Caenorhabditis elegans,6239,del-1
sp|Q19038|DEL1_CAEEL,562,NHS,Caenorhabditis elegans,6239,del-1
sp|Q19052|EIF2A_CAEEL,32,NKT,Caenorhabditis elegans,6239,eif-2A
sp|Q19052|EIF2A_CAEEL,160,NMS,Caenorhabditis elegans,6239,eif-2A
sp|Q19052|EIF2A_CAEEL,217,NRT,Caenorhabditis elegans,6239,eif-2A
sp|Q19052|EIF2A_CAEEL,249,NQS,Caenorhabditis elegans,6239,eif-2A
sp|Q19052|EIF2A_CAEEL,363,NTT,Caenorhabditis elegans,6239,eif-2A
sp|Q19053|CUT4_CAEEL,374,NDT,Caenorhabditis elegans,6239,cut-4
sp|Q19053|CUT4_CAEEL,408,NAS,Caenorhabditis elegans,6239,cut-4
sp|Q19084|OAR2_CAEEL,108,NLS,Caenorhabditis elegans,6239,tyra-2
sp|Q19084|OAR2_CAEEL,171,NNT,Caenorhabditis elegans,6239,tyra-2
sp|Q19162|RL112_CAEEL,105,NFS,Caenorhabditis elegans,6239,rpl-11.2
sp|Q19238|YS3J_CAEEL,121,NIS,Caenorhabditis elegans,6239,F09A5.2
sp|Q19238|YS3J_CAEEL,164,NKT,Caenorhabditis elegans,6239,F09A5.2
sp|Q19238|YS3J_CAEEL,191,NHS,Caenorhabditis elegans,6239,F09A5.2
sp|Q19238|YS3J_CAEEL,209,NYS,Caenorhabditis elegans,6239,F09A5.2
sp|Q19238|YS3J_CAEEL,395,NDT,Caenorhabditis elegans,6239,F09A5.2
sp|Q19238|YS3J_CAEEL,423,NGS,Caenorhabditis elegans,6239,F09A5.2
sp|Q19238|YS3J_CAEEL,496,NNS,Caenorhabditis elegans,6239,F09A5.2
sp|Q19238|YS3J_CAEEL,500,NMT,Caenorhabditis elegans,6239,F09A5.2
sp|Q19238|YS3J_CAEEL,585,NKT,Caenorhabditis elegans,6239,F09A5.2
sp|Q19238|YS3J_CAEEL,859,NST,Caenorhabditis elegans,6239,F09A5.2
sp|Q19262|EXOC3_CAEEL,240,NSS,Caenorhabditis elegans,6239,sec-6
sp|Q19262|EXOC3_CAEEL,460,NLT,Caenorhabditis elegans,6239,sec-6
sp|Q19264|DEOC_CAEEL,123,NIT,Caenorhabditis elegans,6239,F09E5.3
sp|Q19264|DEOC_CAEEL,229,NAT,Caenorhabditis elegans,6239,F09E5.3
sp|Q19269|NAS14_CAEEL,192,NQT,Caenorhabditis elegans,6239,nas-14
sp|Q19269|NAS14_CAEEL,437,NKS,Caenorhabditis elegans,6239,nas-14
sp|Q19293|NEMP_CAEEL,67,NLT,Caenorhabditis elegans,6239,nemp-1
sp|Q19293|NEMP_CAEEL,81,NCT,Caenorhabditis elegans,6239,nemp-1
sp|Q19293|NEMP_CAEEL,114,NDT,Caenorhabditis elegans,6239,nemp-1
sp|Q19293|NEMP_CAEEL,408,NES,Caenorhabditis elegans,6239,nemp-1
sp|Q19293|NEMP_CAEEL,465,NRS,Caenorhabditis elegans,6239,nemp-1
sp|Q19311|PUR4_CAEEL,263,NSS,Caenorhabditis elegans,6239,pfas-1
sp|Q19311|PUR4_CAEEL,633,NLT,Caenorhabditis elegans,6239,pfas-1
sp|Q19311|PUR4_CAEEL,808,NVT,Caenorhabditis elegans,6239,pfas-1
sp|Q19311|PUR4_CAEEL,860,NFS,Caenorhabditis elegans,6239,pfas-1
sp|Q19311|PUR4_CAEEL,912,NVS,Caenorhabditis elegans,6239,pfas-1
sp|Q19311|PUR4_CAEEL,1124,NES,Caenorhabditis elegans,6239,pfas-1
sp|Q19311|PUR4_CAEEL,1190,NVS,Caenorhabditis elegans,6239,pfas-1
sp|Q19311|PUR4_CAEEL,1258,NGS,Caenorhabditis elegans,6239,pfas-1
sp|Q19326|ASF1_CAEEL,208,NES,Caenorhabditis elegans,6239,unc-85
sp|Q19329|TSR1_CAEEL,238,NET,Caenorhabditis elegans,6239,tag-151
sp|Q19329|TSR1_CAEEL,314,NKT,Caenorhabditis elegans,6239,tag-151
sp|Q19329|TSR1_CAEEL,753,NYS,Caenorhabditis elegans,6239,tag-151
sp|Q19329|TSR1_CAEEL,758,NRS,Caenorhabditis elegans,6239,tag-151
sp|Q19341|3HAO_CAEEL,126,NIT,Caenorhabditis elegans,6239,haao-1
sp|Q19425|S38A9_CAEEL,44,NDT,Caenorhabditis elegans,6239,F13H10.3
sp|Q19425|S38A9_CAEEL,286,NST,Caenorhabditis elegans,6239,F13H10.3
sp|Q19425|S38A9_CAEEL,295,NKT,Caenorhabditis elegans,6239,F13H10.3
sp|Q19459|GSLG1_CAEEL,133,NVT,Caenorhabditis elegans,6239,F14E5.2
sp|Q19459|GSLG1_CAEEL,411,NET,Caenorhabditis elegans,6239,F14E5.2
sp|Q19493|TBCD_CAEEL,202,NSS,Caenorhabditis elegans,6239,tbcd-1
sp|Q19493|TBCD_CAEEL,345,NQS,Caenorhabditis elegans,6239,tbcd-1
sp|Q19493|TBCD_CAEEL,539,NVS,Caenorhabditis elegans,6239,tbcd-1
sp|Q19493|TBCD_CAEEL,613,NVS,Caenorhabditis elegans,6239,tbcd-1
sp|Q19493|TBCD_CAEEL,828,NSS,Caenorhabditis elegans,6239,tbcd-1
sp|Q19532|SNX17_CAEEL,32,NAS,Caenorhabditis elegans,6239,snx-17
sp|Q19532|SNX17_CAEEL,341,NDS,Caenorhabditis elegans,6239,snx-17
sp|Q19532|SNX17_CAEEL,460,NMT,Caenorhabditis elegans,6239,snx-17
sp|Q19707|CUT3_CAEEL,284,NQT,Caenorhabditis elegans,6239,cut-3
sp|Q19713|SYFB_CAEEL,188,NQT,Caenorhabditis elegans,6239,fars-3
sp|Q19713|SYFB_CAEEL,541,NST,Caenorhabditis elegans,6239,fars-3
sp|Q19720|HM38_CAEEL,12,NGT,Caenorhabditis elegans,6239,ceh-38
sp|Q19720|HM38_CAEEL,35,NNT,Caenorhabditis elegans,6239,ceh-38
sp|Q19720|HM38_CAEEL,142,NTS,Caenorhabditis elegans,6239,ceh-38
sp|Q19720|HM38_CAEEL,332,NHS,Caenorhabditis elegans,6239,ceh-38
sp|Q19720|HM38_CAEEL,499,NIS,Caenorhabditis elegans,6239,ceh-38
sp|Q19720|HM38_CAEEL,539,NHS,Caenorhabditis elegans,6239,ceh-38
sp|Q19720|HM38_CAEEL,581,NDS,Caenorhabditis elegans,6239,ceh-38
sp|Q19722|SYNC_CAEEL,217,NES,Caenorhabditis elegans,6239,nars-1
sp|Q19722|SYNC_CAEEL,237,NAS,Caenorhabditis elegans,6239,nars-1
sp|Q19782|IFD2_CAEEL,439,NDS,Caenorhabditis elegans,6239,ifd-2
sp|Q19802|FKH5_CAEEL,39,NMT,Caenorhabditis elegans,6239,fkh-5
sp|Q19802|FKH5_CAEEL,78,NYS,Caenorhabditis elegans,6239,fkh-5
sp|Q19802|FKH5_CAEEL,361,NIS,Caenorhabditis elegans,6239,fkh-5
sp|Q19802|FKH5_CAEEL,405,NYS,Caenorhabditis elegans,6239,fkh-5
sp|Q19802|FKH5_CAEEL,433,NGT,Caenorhabditis elegans,6239,fkh-5
sp|Q19821|RHOM1_CAEEL,149,NHT,Caenorhabditis elegans,6239,rom-1
sp|Q19821|RHOM1_CAEEL,354,NCS,Caenorhabditis elegans,6239,rom-1
sp|Q19829|TTM2_CAEEL,60,NGS,Caenorhabditis elegans,6239,ttm-2
sp|Q19829|TTM2_CAEEL,346,NNT,Caenorhabditis elegans,6239,ttm-2
sp|Q19832|MSP3_CAEEL,36,NSS,Caenorhabditis elegans,6239,msp-3
sp|Q19863|APTF4_CAEEL,60,NFT,Caenorhabditis elegans,6239,aptf-4
sp|Q19863|APTF4_CAEEL,156,NFT,Caenorhabditis elegans,6239,aptf-4
sp|Q19863|APTF4_CAEEL,162,NTT,Caenorhabditis elegans,6239,aptf-4
sp|Q19863|APTF4_CAEEL,202,NES,Caenorhabditis elegans,6239,aptf-4
sp|Q19863|APTF4_CAEEL,266,NQS,Caenorhabditis elegans,6239,aptf-4
sp|Q19863|APTF4_CAEEL,294,NIT,Caenorhabditis elegans,6239,aptf-4
sp|Q19863|APTF4_CAEEL,363,NKT,Caenorhabditis elegans,6239,aptf-4
sp|Q19863|APTF4_CAEEL,398,NFS,Caenorhabditis elegans,6239,aptf-4
sp|Q19863|APTF4_CAEEL,453,NMS,Caenorhabditis elegans,6239,aptf-4
sp|Q19873|WDR46_CAEEL,230,NYT,Caenorhabditis elegans,6239,wdr-46
sp|Q19873|WDR46_CAEEL,311,NGT,Caenorhabditis elegans,6239,wdr-46
sp|Q19873|WDR46_CAEEL,403,NGT,Caenorhabditis elegans,6239,wdr-46
sp|Q19907|TWK12_CAEEL,53,NTT,Caenorhabditis elegans,6239,twk-12
sp|Q19907|TWK12_CAEEL,77,NDS,Caenorhabditis elegans,6239,twk-12
sp|Q19907|TWK12_CAEEL,98,NLS,Caenorhabditis elegans,6239,twk-12
sp|Q19907|TWK12_CAEEL,185,NDS,Caenorhabditis elegans,6239,twk-12
sp|Q19907|TWK12_CAEEL,454,NLS,Caenorhabditis elegans,6239,twk-12
sp|Q19907|TWK12_CAEEL,590,NHS,Caenorhabditis elegans,6239,twk-12
sp|Q19948|YPP4_CAEEL,55,NLT,Caenorhabditis elegans,6239,F32A5.4
sp|Q19951|PEX13_CAEEL,109,NST,Caenorhabditis elegans,6239,prx-13
sp|Q19958|STO2_CAEEL,50,NES,Caenorhabditis elegans,6239,sto-2
sp|Q19958|STO2_CAEEL,222,NAT,Caenorhabditis elegans,6239,sto-2
sp|Q19958|STO2_CAEEL,358,NST,Caenorhabditis elegans,6239,sto-2
sp|Q19970|CL180_CAEEL,133,NKT,Caenorhabditis elegans,6239,clec-180
sp|Q19970|CL180_CAEEL,221,NAT,Caenorhabditis elegans,6239,clec-180
sp|Q19970|CL180_CAEEL,235,NET,Caenorhabditis elegans,6239,clec-180
sp|Q19981|TAG53_CAEEL,4,NIT,Caenorhabditis elegans,6239,tag-53
sp|Q19981|TAG53_CAEEL,103,NAS,Caenorhabditis elegans,6239,tag-53
sp|Q19981|TAG53_CAEEL,197,NVS,Caenorhabditis elegans,6239,tag-53
sp|Q19981|TAG53_CAEEL,208,NCS,Caenorhabditis elegans,6239,tag-53
sp|Q19981|TAG53_CAEEL,324,NVT,Caenorhabditis elegans,6239,tag-53
sp|Q19981|TAG53_CAEEL,395,NET,Caenorhabditis elegans,6239,tag-53
sp|Q19981|TAG53_CAEEL,447,NTS,Caenorhabditis elegans,6239,tag-53
sp|Q19981|TAG53_CAEEL,481,NNT,Caenorhabditis elegans,6239,tag-53
sp|Q19981|TAG53_CAEEL,529,NVT,Caenorhabditis elegans,6239,tag-53
sp|Q19981|TAG53_CAEEL,555,NMS,Caenorhabditis elegans,6239,tag-53
sp|Q19981|TAG53_CAEEL,820,NAT,Caenorhabditis elegans,6239,tag-53
sp|Q19981|TAG53_CAEEL,833,NCS,Caenorhabditis elegans,6239,tag-53
sp|Q19981|TAG53_CAEEL,934,NST,Caenorhabditis elegans,6239,tag-53
sp|Q19981|TAG53_CAEEL,973,NHT,Caenorhabditis elegans,6239,tag-53
sp|Q19981|TAG53_CAEEL,1041,NGT,Caenorhabditis elegans,6239,tag-53
sp|Q19981|TAG53_CAEEL,1066,NHT,Caenorhabditis elegans,6239,tag-53
sp|Q19981|TAG53_CAEEL,1102,NMT,Caenorhabditis elegans,6239,tag-53
sp|Q19981|TAG53_CAEEL,1147,NTT,Caenorhabditis elegans,6239,tag-53
sp|Q1ZXU0|BNCH_CAEEL,46,NQS,Caenorhabditis elegans,6239,bnc-1
sp|Q1ZXU0|BNCH_CAEEL,56,NIS,Caenorhabditis elegans,6239,bnc-1
sp|Q1ZXU0|BNCH_CAEEL,95,NDT,Caenorhabditis elegans,6239,bnc-1
sp|Q20027|C25HL_CAEEL,9,NLT,Caenorhabditis elegans,6239,F35C8.5
sp|Q20054|MAB21_CAEEL,202,NQT,Caenorhabditis elegans,6239,mab-21
sp|Q20082|ZNF2_CAEEL,211,NKT,Caenorhabditis elegans,6239,zfp-2
sp|Q20191|NAS13_CAEEL,68,NDS,Caenorhabditis elegans,6239,nas-13
sp|Q20191|NAS13_CAEEL,225,NWS,Caenorhabditis elegans,6239,nas-13
sp|Q20191|NAS13_CAEEL,431,NQT,Caenorhabditis elegans,6239,nas-13
sp|Q20201|SOX3_CAEEL,148,NYS,Caenorhabditis elegans,6239,sox-3
sp|Q20224|FABP2_CAEEL,77,NLT,Caenorhabditis elegans,6239,lbp-2
sp|Q20296|HDA6_CAEEL,9,NRS,Caenorhabditis elegans,6239,hda-6
sp|Q20296|HDA6_CAEEL,20,NQT,Caenorhabditis elegans,6239,hda-6
sp|Q20296|HDA6_CAEEL,239,NET,Caenorhabditis elegans,6239,hda-6
sp|Q20296|HDA6_CAEEL,603,NGT,Caenorhabditis elegans,6239,hda-6
sp|Q20296|HDA6_CAEEL,732,NLT,Caenorhabditis elegans,6239,hda-6
sp|Q20296|HDA6_CAEEL,749,NRS,Caenorhabditis elegans,6239,hda-6
sp|Q20332|TTYH1_CAEEL,70,NET,Caenorhabditis elegans,6239,ttyh-1
sp|Q20332|TTYH1_CAEEL,142,NTT,Caenorhabditis elegans,6239,ttyh-1
sp|Q20332|TTYH1_CAEEL,163,NAT,Caenorhabditis elegans,6239,ttyh-1
sp|Q20332|TTYH1_CAEEL,176,NIT,Caenorhabditis elegans,6239,ttyh-1
sp|Q20332|TTYH1_CAEEL,328,NKS,Caenorhabditis elegans,6239,ttyh-1
sp|Q20332|TTYH1_CAEEL,341,NSS,Caenorhabditis elegans,6239,ttyh-1
sp|Q20332|TTYH1_CAEEL,348,NSS,Caenorhabditis elegans,6239,ttyh-1
sp|Q20332|TTYH1_CAEEL,389,NQS,Caenorhabditis elegans,6239,ttyh-1
sp|Q20332|TTYH1_CAEEL,445,NDS,Caenorhabditis elegans,6239,ttyh-1
sp|Q20332|TTYH1_CAEEL,472,NTT,Caenorhabditis elegans,6239,ttyh-1
sp|Q20332|TTYH1_CAEEL,489,NVT,Caenorhabditis elegans,6239,ttyh-1
sp|Q20334|TNNI1_CAEEL,15,NET,Caenorhabditis elegans,6239,tni-1
sp|Q20351|TPSTB_CAEEL,36,NNS,Caenorhabditis elegans,6239,tpst-2
sp|Q20351|TPSTB_CAEEL,115,NTS,Caenorhabditis elegans,6239,tpst-2
sp|Q20363|SIP1_CAEEL,130,NTT,Caenorhabditis elegans,6239,sip-1
sp|Q20365|RAB33_CAEEL,295,NET,Caenorhabditis elegans,6239,rab-33
sp|Q20374|PATR1_CAEEL,129,NGT,Caenorhabditis elegans,6239,patr-1
sp|Q20374|PATR1_CAEEL,587,NQT,Caenorhabditis elegans,6239,patr-1
sp|Q20405|SRA10_CAEEL,7,NSS,Caenorhabditis elegans,6239,sra-10
sp|Q20459|NAS25_CAEEL,52,NNT,Caenorhabditis elegans,6239,nas-25
sp|Q20459|NAS25_CAEEL,61,NVT,Caenorhabditis elegans,6239,nas-25
sp|Q20459|NAS25_CAEEL,371,NLT,Caenorhabditis elegans,6239,nas-25
sp|Q20498|RRC1_CAEEL,58,NAT,Caenorhabditis elegans,6239,rrc-1
sp|Q20498|RRC1_CAEEL,613,NGS,Caenorhabditis elegans,6239,rrc-1
sp|Q20498|RRC1_CAEEL,623,NES,Caenorhabditis elegans,6239,rrc-1
sp|Q20498|RRC1_CAEEL,661,NDS,Caenorhabditis elegans,6239,rrc-1
sp|Q20498|RRC1_CAEEL,721,NVS,Caenorhabditis elegans,6239,rrc-1
sp|Q20498|RRC1_CAEEL,738,NLS,Caenorhabditis elegans,6239,rrc-1
sp|Q20502|HUTH1_CAEEL,191,NVT,Caenorhabditis elegans,6239,haly-1
sp|Q20502|HUTH1_CAEEL,323,NGT,Caenorhabditis elegans,6239,haly-1
sp|Q20502|HUTH1_CAEEL,378,NLS,Caenorhabditis elegans,6239,haly-1
sp|Q20502|HUTH1_CAEEL,403,NCT,Caenorhabditis elegans,6239,haly-1
sp|Q20619|EFL3_CAEEL,41,NRT,Caenorhabditis elegans,6239,efl-3
sp|Q20619|EFL3_CAEEL,80,NTS,Caenorhabditis elegans,6239,efl-3
sp|Q20619|EFL3_CAEEL,156,NKS,Caenorhabditis elegans,6239,efl-3
sp|Q20619|EFL3_CAEEL,397,NLT,Caenorhabditis elegans,6239,efl-3
sp|Q20678|EXOC1_CAEEL,25,NVS,Caenorhabditis elegans,6239,sec-3
sp|Q20678|EXOC1_CAEEL,36,NQT,Caenorhabditis elegans,6239,sec-3
sp|Q20678|EXOC1_CAEEL,134,NFS,Caenorhabditis elegans,6239,sec-3
sp|Q20678|EXOC1_CAEEL,181,NLT,Caenorhabditis elegans,6239,sec-3
sp|Q20678|EXOC1_CAEEL,297,NFS,Caenorhabditis elegans,6239,sec-3
sp|Q20678|EXOC1_CAEEL,436,NSS,Caenorhabditis elegans,6239,sec-3
sp|Q20678|EXOC1_CAEEL,445,NES,Caenorhabditis elegans,6239,sec-3
sp|Q20678|EXOC1_CAEEL,449,NIS,Caenorhabditis elegans,6239,sec-3
sp|Q20678|EXOC1_CAEEL,456,NQS,Caenorhabditis elegans,6239,sec-3
sp|Q20678|EXOC1_CAEEL,793,NSS,Caenorhabditis elegans,6239,sec-3
sp|Q20696|SMSR1_CAEEL,295,NTT,Caenorhabditis elegans,6239,F53B1.2
sp|Q20696|SMSR1_CAEEL,477,NHT,Caenorhabditis elegans,6239,F53B1.2
sp|Q20762|YAO6_CAEEL,94,NYS,Caenorhabditis elegans,6239,F54D1.6
sp|Q20762|YAO6_CAEEL,306,NHT,Caenorhabditis elegans,6239,F54D1.6
sp|Q20762|YAO6_CAEEL,355,NKT,Caenorhabditis elegans,6239,F54D1.6
sp|Q20762|YAO6_CAEEL,483,NFT,Caenorhabditis elegans,6239,F54D1.6
sp|Q20762|YAO6_CAEEL,666,NSS,Caenorhabditis elegans,6239,F54D1.6
sp|Q20762|YAO6_CAEEL,903,NAT,Caenorhabditis elegans,6239,F54D1.6
sp|Q20765|NHR7_CAEEL,147,NFS,Caenorhabditis elegans,6239,nhr-7
sp|Q20765|NHR7_CAEEL,302,NES,Caenorhabditis elegans,6239,nhr-7
sp|Q20765|NHR7_CAEEL,311,NLS,Caenorhabditis elegans,6239,nhr-7
sp|Q20765|NHR7_CAEEL,325,NKT,Caenorhabditis elegans,6239,nhr-7
sp|Q20765|NHR7_CAEEL,456,NSS,Caenorhabditis elegans,6239,nhr-7
sp|Q20772|GCDH_CAEEL,179,NGS,Caenorhabditis elegans,6239,F54D5.7
sp|Q20779|COX6A_CAEEL,46,NAS,Caenorhabditis elegans,6239,cox-6A
sp|Q20779|COX6A_CAEEL,104,NHS,Caenorhabditis elegans,6239,cox-6A
sp|Q20781|CAH1_CAEEL,172,NIT,Caenorhabditis elegans,6239,cah-1
sp|Q20781|CAH1_CAEEL,198,NGS,Caenorhabditis elegans,6239,cah-1
sp|Q20781|CAH1_CAEEL,225,NFT,Caenorhabditis elegans,6239,cah-1
sp|Q20797|STX5_CAEEL,32,NHT,Caenorhabditis elegans,6239,syx-5
sp|Q20797|STX5_CAEEL,52,NAS,Caenorhabditis elegans,6239,syx-5
sp|Q20797|STX5_CAEEL,386,NIS,Caenorhabditis elegans,6239,syx-5
sp|Q20799|CMC2_CAEEL,279,NSS,Caenorhabditis elegans,6239,F55A11.4
sp|Q20799|CMC2_CAEEL,436,NSS,Caenorhabditis elegans,6239,F55A11.4
sp|Q20822|SRP68_CAEEL,196,NNT,Caenorhabditis elegans,6239,srpa-68
sp|Q20822|SRP68_CAEEL,354,NGT,Caenorhabditis elegans,6239,srpa-68
sp|Q20822|SRP68_CAEEL,465,NET,Caenorhabditis elegans,6239,srpa-68
sp|Q20870|DAZ1_CAEEL,20,NQS,Caenorhabditis elegans,6239,daz-1
sp|Q20870|DAZ1_CAEEL,310,NYS,Caenorhabditis elegans,6239,daz-1
sp|Q20870|DAZ1_CAEEL,409,NFS,Caenorhabditis elegans,6239,daz-1
sp|Q20875|DHX15_CAEEL,526,NCS,Caenorhabditis elegans,6239,ddx-15
sp|Q20893|CDO1_CAEEL,114,NKT,Caenorhabditis elegans,6239,cdo-1
sp|Q20893|CDO1_CAEEL,136,NLS,Caenorhabditis elegans,6239,cdo-1
sp|Q20910|GPA9_CAEEL,26,NIT,Caenorhabditis elegans,6239,gpa-9
sp|Q20911|CUBN_CAEEL,56,NIT,Caenorhabditis elegans,6239,cubn-1
sp|Q20911|CUBN_CAEEL,92,NTS,Caenorhabditis elegans,6239,cubn-1
sp|Q20911|CUBN_CAEEL,127,NMT,Caenorhabditis elegans,6239,cubn-1
sp|Q20911|CUBN_CAEEL,215,NGT,Caenorhabditis elegans,6239,cubn-1
sp|Q20911|CUBN_CAEEL,224,NGT,Caenorhabditis elegans,6239,cubn-1
sp|Q20911|CUBN_CAEEL,528,NYT,Caenorhabditis elegans,6239,cubn-1
sp|Q20911|CUBN_CAEEL,537,NKT,Caenorhabditis elegans,6239,cubn-1
sp|Q20911|CUBN_CAEEL,583,NLT,Caenorhabditis elegans,6239,cubn-1
sp|Q20911|CUBN_CAEEL,775,NDS,Caenorhabditis elegans,6239,cubn-1
sp|Q20911|CUBN_CAEEL,806,NGT,Caenorhabditis elegans,6239,cubn-1
sp|Q20911|CUBN_CAEEL,811,NGS,Caenorhabditis elegans,6239,cubn-1
sp|Q20911|CUBN_CAEEL,942,NGT,Caenorhabditis elegans,6239,cubn-1
sp|Q20911|CUBN_CAEEL,1133,NET,Caenorhabditis elegans,6239,cubn-1
sp|Q20911|CUBN_CAEEL,1229,NMS,Caenorhabditis elegans,6239,cubn-1
sp|Q20911|CUBN_CAEEL,1294,NLT,Caenorhabditis elegans,6239,cubn-1
sp|Q20911|CUBN_CAEEL,1353,NSS,Caenorhabditis elegans,6239,cubn-1
sp|Q20911|CUBN_CAEEL,1513,NIT,Caenorhabditis elegans,6239,cubn-1
sp|Q20911|CUBN_CAEEL,1613,NCT,Caenorhabditis elegans,6239,cubn-1
sp|Q20911|CUBN_CAEEL,1631,NKS,Caenorhabditis elegans,6239,cubn-1
sp|Q20911|CUBN_CAEEL,1648,NIS,Caenorhabditis elegans,6239,cubn-1
sp|Q20911|CUBN_CAEEL,1674,NAT,Caenorhabditis elegans,6239,cubn-1
sp|Q20911|CUBN_CAEEL,1762,NYT,Caenorhabditis elegans,6239,cubn-1
sp|Q20911|CUBN_CAEEL,1782,NSS,Caenorhabditis elegans,6239,cubn-1
sp|Q20911|CUBN_CAEEL,1866,NVT,Caenorhabditis elegans,6239,cubn-1
sp|Q20911|CUBN_CAEEL,1890,NSS,Caenorhabditis elegans,6239,cubn-1
sp|Q20911|CUBN_CAEEL,2005,NCT,Caenorhabditis elegans,6239,cubn-1
sp|Q20911|CUBN_CAEEL,2016,NNS,Caenorhabditis elegans,6239,cubn-1
sp|Q20911|CUBN_CAEEL,2193,NLT,Caenorhabditis elegans,6239,cubn-1
sp|Q20911|CUBN_CAEEL,2301,NNT,Caenorhabditis elegans,6239,cubn-1
sp|Q20911|CUBN_CAEEL,2305,NFS,Caenorhabditis elegans,6239,cubn-1
sp|Q20911|CUBN_CAEEL,2434,NFT,Caenorhabditis elegans,6239,cubn-1
sp|Q20911|CUBN_CAEEL,2599,NVT,Caenorhabditis elegans,6239,cubn-1
sp|Q20911|CUBN_CAEEL,2645,NCT,Caenorhabditis elegans,6239,cubn-1
sp|Q20911|CUBN_CAEEL,2657,NST,Caenorhabditis elegans,6239,cubn-1
sp|Q20911|CUBN_CAEEL,2692,NST,Caenorhabditis elegans,6239,cubn-1
sp|Q20911|CUBN_CAEEL,2811,NET,Caenorhabditis elegans,6239,cubn-1
sp|Q20911|CUBN_CAEEL,2845,NST,Caenorhabditis elegans,6239,cubn-1
sp|Q20911|CUBN_CAEEL,2875,NLT,Caenorhabditis elegans,6239,cubn-1
sp|Q20911|CUBN_CAEEL,2988,NLT,Caenorhabditis elegans,6239,cubn-1
sp|Q20911|CUBN_CAEEL,3235,NFT,Caenorhabditis elegans,6239,cubn-1
sp|Q20911|CUBN_CAEEL,3421,NIT,Caenorhabditis elegans,6239,cubn-1
sp|Q20911|CUBN_CAEEL,3461,NKT,Caenorhabditis elegans,6239,cubn-1
sp|Q20911|CUBN_CAEEL,3635,NIS,Caenorhabditis elegans,6239,cubn-1
sp|Q20911|CUBN_CAEEL,3770,NQS,Caenorhabditis elegans,6239,cubn-1
sp|Q20911|CUBN_CAEEL,3787,NRT,Caenorhabditis elegans,6239,cubn-1
sp|Q20911|CUBN_CAEEL,3812,NST,Caenorhabditis elegans,6239,cubn-1
sp|Q20911|CUBN_CAEEL,3858,NGT,Caenorhabditis elegans,6239,cubn-1
sp|Q20911|CUBN_CAEEL,3930,NKS,Caenorhabditis elegans,6239,cubn-1
sp|Q20939|PDXH_CAEEL,89,NYT,Caenorhabditis elegans,6239,F57B9.1
sp|Q20958|NAS29_CAEEL,5,NTS,Caenorhabditis elegans,6239,nas-29
sp|Q20958|NAS29_CAEEL,27,NES,Caenorhabditis elegans,6239,nas-29
sp|Q20958|NAS29_CAEEL,70,NYS,Caenorhabditis elegans,6239,nas-29
sp|Q20958|NAS29_CAEEL,106,NGS,Caenorhabditis elegans,6239,nas-29
sp|Q20958|NAS29_CAEEL,503,NDS,Caenorhabditis elegans,6239,nas-29
sp|Q20961|SRB16_CAEEL,49,NST,Caenorhabditis elegans,6239,srb-16
sp|Q20961|SRB16_CAEEL,139,NTS,Caenorhabditis elegans,6239,srb-16
sp|Q20970|SYMC_CAEEL,309,NWT,Caenorhabditis elegans,6239,mars-1
sp|Q20970|SYMC_CAEEL,348,NYT,Caenorhabditis elegans,6239,mars-1
sp|Q20970|SYMC_CAEEL,447,NLT,Caenorhabditis elegans,6239,mars-1
sp|Q20970|SYMC_CAEEL,484,NVS,Caenorhabditis elegans,6239,mars-1
sp|Q21106|DCAF1_CAEEL,162,NET,Caenorhabditis elegans,6239,dcaf-1
sp|Q21106|DCAF1_CAEEL,182,NAS,Caenorhabditis elegans,6239,dcaf-1
sp|Q21106|DCAF1_CAEEL,231,NGT,Caenorhabditis elegans,6239,dcaf-1
sp|Q21106|DCAF1_CAEEL,613,NIS,Caenorhabditis elegans,6239,dcaf-1
sp|Q21106|DCAF1_CAEEL,650,NHS,Caenorhabditis elegans,6239,dcaf-1
sp|Q21106|DCAF1_CAEEL,905,NFS,Caenorhabditis elegans,6239,dcaf-1
sp|Q21106|DCAF1_CAEEL,910,NDT,Caenorhabditis elegans,6239,dcaf-1
sp|Q21106|DCAF1_CAEEL,1047,NIS,Caenorhabditis elegans,6239,dcaf-1
sp|Q21106|DCAF1_CAEEL,1181,NTT,Caenorhabditis elegans,6239,dcaf-1
sp|Q21106|DCAF1_CAEEL,1299,NST,Caenorhabditis elegans,6239,dcaf-1
sp|Q21106|DCAF1_CAEEL,1426,NSS,Caenorhabditis elegans,6239,dcaf-1
sp|Q21106|DCAF1_CAEEL,1453,NDT,Caenorhabditis elegans,6239,dcaf-1
sp|Q21106|DCAF1_CAEEL,1481,NSS,Caenorhabditis elegans,6239,dcaf-1
sp|Q21122|F2612_CAEEL,83,NAS,Caenorhabditis elegans,6239,pfkb-1.2
sp|Q21122|F2612_CAEEL,127,NTT,Caenorhabditis elegans,6239,pfkb-1.2
sp|Q21122|F2612_CAEEL,163,NVT,Caenorhabditis elegans,6239,pfkb-1.2
sp|Q21123|INX7_CAEEL,14,NRT,Caenorhabditis elegans,6239,inx-7
sp|Q21123|INX7_CAEEL,267,NET,Caenorhabditis elegans,6239,inx-7
sp|Q21123|INX7_CAEEL,338,NET,Caenorhabditis elegans,6239,inx-7
sp|Q21127|MEGG2_CAEEL,62,NGS,Caenorhabditis elegans,6239,meg-2
sp|Q21127|MEGG2_CAEEL,77,NTS,Caenorhabditis elegans,6239,meg-2
sp|Q21127|MEGG2_CAEEL,99,NQS,Caenorhabditis elegans,6239,meg-2
sp|Q21127|MEGG2_CAEEL,112,NAS,Caenorhabditis elegans,6239,meg-2
sp|Q21127|MEGG2_CAEEL,160,NVS,Caenorhabditis elegans,6239,meg-2
sp|Q21127|MEGG2_CAEEL,213,NNT,Caenorhabditis elegans,6239,meg-2
sp|Q21127|MEGG2_CAEEL,229,NRS,Caenorhabditis elegans,6239,meg-2
sp|Q21127|MEGG2_CAEEL,261,NRS,Caenorhabditis elegans,6239,meg-2
sp|Q21127|MEGG2_CAEEL,395,NRS,Caenorhabditis elegans,6239,meg-2
sp|Q21127|MEGG2_CAEEL,421,NSS,Caenorhabditis elegans,6239,meg-2
sp|Q21127|MEGG2_CAEEL,483,NHS,Caenorhabditis elegans,6239,meg-2
sp|Q21127|MEGG2_CAEEL,519,NSS,Caenorhabditis elegans,6239,meg-2
sp|Q21127|MEGG2_CAEEL,570,NSS,Caenorhabditis elegans,6239,meg-2
sp|Q21127|MEGG2_CAEEL,621,NSS,Caenorhabditis elegans,6239,meg-2
sp|Q21127|MEGG2_CAEEL,737,NSS,Caenorhabditis elegans,6239,meg-2
sp|Q21127|MEGG2_CAEEL,751,NQT,Caenorhabditis elegans,6239,meg-2
sp|Q21127|MEGG2_CAEEL,810,NQS,Caenorhabditis elegans,6239,meg-2
sp|Q21153|CMC1_CAEEL,142,NAS,Caenorhabditis elegans,6239,K02F3.2
sp|Q21153|CMC1_CAEEL,215,NGT,Caenorhabditis elegans,6239,K02F3.2
sp|Q21166|SUR5_CAEEL,21,NGT,Caenorhabditis elegans,6239,sur-5
sp|Q21166|SUR5_CAEEL,25,NGT,Caenorhabditis elegans,6239,sur-5
sp|Q21166|SUR5_CAEEL,29,NGS,Caenorhabditis elegans,6239,sur-5
sp|Q21166|SUR5_CAEEL,129,NYT,Caenorhabditis elegans,6239,sur-5
sp|Q21166|SUR5_CAEEL,147,NAS,Caenorhabditis elegans,6239,sur-5
sp|Q21166|SUR5_CAEEL,281,NQS,Caenorhabditis elegans,6239,sur-5
sp|Q21166|SUR5_CAEEL,531,NDT,Caenorhabditis elegans,6239,sur-5
sp|Q21166|SUR5_CAEEL,559,NHS,Caenorhabditis elegans,6239,sur-5
sp|Q21178|NAS17_CAEEL,54,NGT,Caenorhabditis elegans,6239,nas-17
sp|Q21179|NAS18_CAEEL,37,NVT,Caenorhabditis elegans,6239,nas-18
sp|Q21179|NAS18_CAEEL,126,NCS,Caenorhabditis elegans,6239,nas-18
sp|Q21179|NAS18_CAEEL,157,NDT,Caenorhabditis elegans,6239,nas-18
sp|Q21179|NAS18_CAEEL,192,NLT,Caenorhabditis elegans,6239,nas-18
sp|Q21179|NAS18_CAEEL,195,NVS,Caenorhabditis elegans,6239,nas-18
sp|Q21179|NAS18_CAEEL,208,NQS,Caenorhabditis elegans,6239,nas-18
sp|Q21179|NAS18_CAEEL,227,NIS,Caenorhabditis elegans,6239,nas-18
sp|Q21179|NAS18_CAEEL,397,NKT,Caenorhabditis elegans,6239,nas-18
sp|Q21180|NAS16_CAEEL,133,NCT,Caenorhabditis elegans,6239,nas-16
sp|Q21180|NAS16_CAEEL,363,NFS,Caenorhabditis elegans,6239,nas-16
sp|Q21180|NAS16_CAEEL,438,NKT,Caenorhabditis elegans,6239,nas-16
sp|Q21181|NAS19_CAEEL,79,NHT,Caenorhabditis elegans,6239,nas-19
sp|Q21181|NAS19_CAEEL,310,NST,Caenorhabditis elegans,6239,nas-19
sp|Q21190|UNC1_CAEEL,265,NST,Caenorhabditis elegans,6239,unc-1
sp|Q21193|PROF3_CAEEL,16,NVS,Caenorhabditis elegans,6239,pfn-3
sp|Q21193|PROF3_CAEEL,37,NIS,Caenorhabditis elegans,6239,pfn-3
sp|Q21244|MSP63_CAEEL,36,NSS,Caenorhabditis elegans,6239,msp-63
sp|Q21265|TIMPL_CAEEL,3,NLS,Caenorhabditis elegans,6239,tag-225
sp|Q21265|TIMPL_CAEEL,79,NMT,Caenorhabditis elegans,6239,tag-225
sp|Q21270|COG6_CAEEL,93,NST,Caenorhabditis elegans,6239,cogc-6
sp|Q21270|COG6_CAEEL,98,NLS,Caenorhabditis elegans,6239,cogc-6
sp|Q21270|COG6_CAEEL,140,NYS,Caenorhabditis elegans,6239,cogc-6
sp|Q21270|COG6_CAEEL,218,NLT,Caenorhabditis elegans,6239,cogc-6
sp|Q21270|COG6_CAEEL,636,NES,Caenorhabditis elegans,6239,cogc-6
sp|Q21272|PAX1H_CAEEL,120,NGT,Caenorhabditis elegans,6239,pax-1
sp|Q21272|PAX1H_CAEEL,191,NSS,Caenorhabditis elegans,6239,pax-1
sp|Q21338|SPT5H_CAEEL,61,NVT,Caenorhabditis elegans,6239,spt-5
sp|Q21338|SPT5H_CAEEL,138,NMT,Caenorhabditis elegans,6239,spt-5
sp|Q21338|SPT5H_CAEEL,157,NDS,Caenorhabditis elegans,6239,spt-5
sp|Q21338|SPT5H_CAEEL,593,NNS,Caenorhabditis elegans,6239,spt-5
sp|Q21338|SPT5H_CAEEL,872,NDS,Caenorhabditis elegans,6239,spt-5
sp|Q21338|SPT5H_CAEEL,995,NSS,Caenorhabditis elegans,6239,spt-5
sp|Q21341|LET99_CAEEL,26,NLS,Caenorhabditis elegans,6239,let-99
sp|Q21341|LET99_CAEEL,170,NSS,Caenorhabditis elegans,6239,let-99
sp|Q21341|LET99_CAEEL,199,NRS,Caenorhabditis elegans,6239,let-99
sp|Q21341|LET99_CAEEL,235,NHT,Caenorhabditis elegans,6239,let-99
sp|Q21341|LET99_CAEEL,583,NGS,Caenorhabditis elegans,6239,let-99
sp|Q21346|CUL6_CAEEL,49,NNS,Caenorhabditis elegans,6239,cul-6
sp|Q21346|CUL6_CAEEL,168,NST,Caenorhabditis elegans,6239,cul-6
sp|Q21346|CUL6_CAEEL,432,NNS,Caenorhabditis elegans,6239,cul-6
sp|Q21346|CUL6_CAEEL,447,NLT,Caenorhabditis elegans,6239,cul-6
sp|Q21346|CUL6_CAEEL,524,NAS,Caenorhabditis elegans,6239,cul-6
sp|Q21353|EAA3_CAEEL,33,NDT,Caenorhabditis elegans,6239,glt-3
sp|Q21353|EAA3_CAEEL,164,NAT,Caenorhabditis elegans,6239,glt-3
sp|Q21353|EAA3_CAEEL,169,NMT,Caenorhabditis elegans,6239,glt-3
sp|Q21353|EAA3_CAEEL,251,NLT,Caenorhabditis elegans,6239,glt-3
sp|Q21353|EAA3_CAEEL,525,NKS,Caenorhabditis elegans,6239,glt-3
sp|Q21355|GST4_CAEEL,164,NLT,Caenorhabditis elegans,6239,gst-4
sp|Q21389|LGE1_CAEEL,4,NYS,Caenorhabditis elegans,6239,lge-1
sp|Q21389|LGE1_CAEEL,95,NIS,Caenorhabditis elegans,6239,lge-1
sp|Q21389|LGE1_CAEEL,105,NLT,Caenorhabditis elegans,6239,lge-1
sp|Q21389|LGE1_CAEEL,167,NNS,Caenorhabditis elegans,6239,lge-1
sp|Q21389|LGE1_CAEEL,177,NLS,Caenorhabditis elegans,6239,lge-1
sp|Q21389|LGE1_CAEEL,287,NKT,Caenorhabditis elegans,6239,lge-1
sp|Q21389|LGE1_CAEEL,400,NRT,Caenorhabditis elegans,6239,lge-1
sp|Q21389|LGE1_CAEEL,485,NLS,Caenorhabditis elegans,6239,lge-1
sp|Q21389|LGE1_CAEEL,502,NKT,Caenorhabditis elegans,6239,lge-1
sp|Q21389|LGE1_CAEEL,521,NIS,Caenorhabditis elegans,6239,lge-1
sp|Q21389|LGE1_CAEEL,529,NRT,Caenorhabditis elegans,6239,lge-1
sp|Q21389|LGE1_CAEEL,593,NAS,Caenorhabditis elegans,6239,lge-1
sp|Q21407|GPCP1_CAEEL,80,NNT,Caenorhabditis elegans,6239,gpcp-1
sp|Q21407|GPCP1_CAEEL,115,NIT,Caenorhabditis elegans,6239,gpcp-1
sp|Q21407|GPCP1_CAEEL,240,NGS,Caenorhabditis elegans,6239,gpcp-1
sp|Q21407|GPCP1_CAEEL,421,NKS,Caenorhabditis elegans,6239,gpcp-1
sp|Q21407|GPCP1_CAEEL,449,NGS,Caenorhabditis elegans,6239,gpcp-1
sp|Q21407|GPCP1_CAEEL,664,NRS,Caenorhabditis elegans,6239,gpcp-1
sp|Q21444|COG2_CAEEL,27,NKT,Caenorhabditis elegans,6239,cogc-2
sp|Q21444|COG2_CAEEL,579,NLS,Caenorhabditis elegans,6239,cogc-2
sp|Q21452|LIAS_CAEEL,74,NVS,Caenorhabditis elegans,6239,lias-1
sp|Q21452|LIAS_CAEEL,147,NTS,Caenorhabditis elegans,6239,lias-1
sp|Q21455|HMT13_CAEEL,58,NAS,Caenorhabditis elegans,6239,hmit-1.3
sp|Q21455|HMT13_CAEEL,317,NHT,Caenorhabditis elegans,6239,hmit-1.3
sp|Q21455|HMT13_CAEEL,374,NDS,Caenorhabditis elegans,6239,hmit-1.3
sp|Q21455|HMT13_CAEEL,384,NYT,Caenorhabditis elegans,6239,hmit-1.3
sp|Q21455|HMT13_CAEEL,448,NLT,Caenorhabditis elegans,6239,hmit-1.3
sp|Q21455|HMT13_CAEEL,452,NGT,Caenorhabditis elegans,6239,hmit-1.3
sp|Q21534|PLPL6_CAEEL,52,NSS,Caenorhabditis elegans,6239,M110.7
sp|Q21534|PLPL6_CAEEL,178,NVS,Caenorhabditis elegans,6239,M110.7
sp|Q21534|PLPL6_CAEEL,644,NWT,Caenorhabditis elegans,6239,M110.7
sp|Q21540|CUT6_CAEEL,78,NIS,Caenorhabditis elegans,6239,cut-6
sp|Q21551|CHCH3_CAEEL,41,NAT,Caenorhabditis elegans,6239,chch-3
sp|Q21625|DPOA2_CAEEL,293,NET,Caenorhabditis elegans,6239,div-1
sp|Q21625|DPOA2_CAEEL,376,NIT,Caenorhabditis elegans,6239,div-1
sp|Q21625|DPOA2_CAEEL,406,NAS,Caenorhabditis elegans,6239,div-1
sp|Q21625|DPOA2_CAEEL,534,NGS,Caenorhabditis elegans,6239,div-1
sp|Q21625|DPOA2_CAEEL,540,NSS,Caenorhabditis elegans,6239,div-1
sp|Q21653|OSG1_CAEEL,857,NET,Caenorhabditis elegans,6239,osg-1
sp|Q21653|OSG1_CAEEL,864,NSS,Caenorhabditis elegans,6239,osg-1
sp|Q21653|OSG1_CAEEL,899,NST,Caenorhabditis elegans,6239,osg-1
sp|Q21653|OSG1_CAEEL,1036,NLS,Caenorhabditis elegans,6239,osg-1
sp|Q21657|MOCOS_CAEEL,58,NTT,Caenorhabditis elegans,6239,mocs-1
sp|Q21657|MOCOS_CAEEL,70,NNT,Caenorhabditis elegans,6239,mocs-1
sp|Q21657|MOCOS_CAEEL,289,NLT,Caenorhabditis elegans,6239,mocs-1
sp|Q21657|MOCOS_CAEEL,386,NMS,Caenorhabditis elegans,6239,mocs-1
sp|Q21657|MOCOS_CAEEL,401,NGT,Caenorhabditis elegans,6239,mocs-1
sp|Q21657|MOCOS_CAEEL,586,NDS,Caenorhabditis elegans,6239,mocs-1
sp|Q21657|MOCOS_CAEEL,705,NFS,Caenorhabditis elegans,6239,mocs-1
sp|Q21697|ASPG_CAEEL,15,NGT,Caenorhabditis elegans,6239,R04B3.2
sp|Q21697|ASPG_CAEEL,118,NFT,Caenorhabditis elegans,6239,R04B3.2
sp|Q21697|ASPG_CAEEL,168,NVS,Caenorhabditis elegans,6239,R04B3.2
sp|Q21697|ASPG_CAEEL,196,NQS,Caenorhabditis elegans,6239,R04B3.2
sp|Q21697|ASPG_CAEEL,336,NGT,Caenorhabditis elegans,6239,R04B3.2
sp|Q21701|NHR12_CAEEL,123,NDT,Caenorhabditis elegans,6239,nhr-12
sp|Q21701|NHR12_CAEEL,174,NFS,Caenorhabditis elegans,6239,nhr-12
sp|Q21706|UGT47_CAEEL,52,NVT,Caenorhabditis elegans,6239,ugt-47
sp|Q21706|UGT47_CAEEL,308,NTS,Caenorhabditis elegans,6239,ugt-47
sp|Q21752|VDAC_CAEEL,186,NST,Caenorhabditis elegans,6239,vdac-1
sp|Q21752|VDAC_CAEEL,238,NSS,Caenorhabditis elegans,6239,vdac-1
sp|Q21795|KMO_CAEEL,156,NKS,Caenorhabditis elegans,6239,kmo-1
sp|Q21795|KMO_CAEEL,383,NKS,Caenorhabditis elegans,6239,kmo-1
sp|Q21806|NH209_CAEEL,12,NET,Caenorhabditis elegans,6239,nhr-209
sp|Q21806|NH209_CAEEL,202,NLT,Caenorhabditis elegans,6239,nhr-209
sp|Q21808|CUT5_CAEEL,90,NSS,Caenorhabditis elegans,6239,cut-5
sp|Q21808|CUT5_CAEEL,307,NIT,Caenorhabditis elegans,6239,cut-5
sp|Q21920|ANKHM_CAEEL,1135,NLT,Caenorhabditis elegans,6239,mask-1
sp|Q21920|ANKHM_CAEEL,1332,NVS,Caenorhabditis elegans,6239,mask-1
sp|Q21920|ANKHM_CAEEL,1464,NAS,Caenorhabditis elegans,6239,mask-1
sp|Q21920|ANKHM_CAEEL,1806,NES,Caenorhabditis elegans,6239,mask-1
sp|Q21920|ANKHM_CAEEL,1895,NLS,Caenorhabditis elegans,6239,mask-1
sp|Q21920|ANKHM_CAEEL,2144,NMT,Caenorhabditis elegans,6239,mask-1
sp|Q21920|ANKHM_CAEEL,2234,NSS,Caenorhabditis elegans,6239,mask-1
sp|Q21920|ANKHM_CAEEL,2238,NNS,Caenorhabditis elegans,6239,mask-1
sp|Q21920|ANKHM_CAEEL,2244,NDS,Caenorhabditis elegans,6239,mask-1
sp|Q21920|ANKHM_CAEEL,2262,NSS,Caenorhabditis elegans,6239,mask-1
sp|Q21920|ANKHM_CAEEL,2267,NAT,Caenorhabditis elegans,6239,mask-1
sp|Q21920|ANKHM_CAEEL,2316,NRS,Caenorhabditis elegans,6239,mask-1
sp|Q21920|ANKHM_CAEEL,2333,NST,Caenorhabditis elegans,6239,mask-1
sp|Q21920|ANKHM_CAEEL,2480,NDS,Caenorhabditis elegans,6239,mask-1
sp|Q21920|ANKHM_CAEEL,2521,NAS,Caenorhabditis elegans,6239,mask-1
sp|Q21920|ANKHM_CAEEL,2525,NQS,Caenorhabditis elegans,6239,mask-1
sp|Q21920|ANKHM_CAEEL,2555,NAS,Caenorhabditis elegans,6239,mask-1
sp|Q21926|SYIC_CAEEL,310,NDT,Caenorhabditis elegans,6239,iars-1
sp|Q21930|RL28_CAEEL,12,NNS,Caenorhabditis elegans,6239,rpl-28
sp|Q21944|GLPK_CAEEL,188,NAS,Caenorhabditis elegans,6239,R11F4.1
sp|Q21973|BST15_CAEEL,333,NRT,Caenorhabditis elegans,6239,best-15
sp|Q21973|BST15_CAEEL,468,NLS,Caenorhabditis elegans,6239,best-15
sp|Q22017|FAD1_CAEEL,160,NGS,Caenorhabditis elegans,6239,flad-1
sp|Q22017|FAD1_CAEEL,449,NWT,Caenorhabditis elegans,6239,flad-1
sp|Q22017|FAD1_CAEEL,515,NRS,Caenorhabditis elegans,6239,flad-1
sp|Q22031|TRM7_CAEEL,142,NIT,Caenorhabditis elegans,6239,R74.7
sp|Q22031|TRM7_CAEEL,163,NSS,Caenorhabditis elegans,6239,R74.7
sp|Q22058|HRDE2_CAEEL,24,NSS,Caenorhabditis elegans,6239,hrde-2
sp|Q22058|HRDE2_CAEEL,208,NGS,Caenorhabditis elegans,6239,hrde-2
sp|Q22058|HRDE2_CAEEL,217,NTT,Caenorhabditis elegans,6239,hrde-2
sp|Q22169|SSRB_CAEEL,93,NVT,Caenorhabditis elegans,6239,trap-2
sp|Q22169|SSRB_CAEEL,109,NYT,Caenorhabditis elegans,6239,trap-2
sp|Q22252|FNDC1_CAEEL,85,NES,Caenorhabditis elegans,6239,fndc-1
sp|Q22252|FNDC1_CAEEL,111,NIS,Caenorhabditis elegans,6239,fndc-1
sp|Q22267|PLC2_CAEEL,21,NIS,Caenorhabditis elegans,6239,acl-2
sp|Q22267|PLC2_CAEEL,268,NAT,Caenorhabditis elegans,6239,acl-2
sp|Q22295|UGT50_CAEEL,84,NVT,Caenorhabditis elegans,6239,ugt-50
sp|Q22295|UGT50_CAEEL,248,NVS,Caenorhabditis elegans,6239,ugt-50
sp|Q22295|UGT50_CAEEL,283,NVT,Caenorhabditis elegans,6239,ugt-50
sp|Q22295|UGT50_CAEEL,487,NLS,Caenorhabditis elegans,6239,ugt-50
sp|Q22323|STPP_CAEEL,163,NET,Caenorhabditis elegans,6239,T07F12.1
sp|Q22323|STPP_CAEEL,253,NRT,Caenorhabditis elegans,6239,T07F12.1
sp|Q22396|NAS20_CAEEL,67,NHT,Caenorhabditis elegans,6239,nas-20
sp|Q22396|NAS20_CAEEL,185,NFT,Caenorhabditis elegans,6239,nas-20
sp|Q22396|NAS20_CAEEL,337,NKT,Caenorhabditis elegans,6239,nas-20
sp|Q22396|NAS20_CAEEL,355,NRT,Caenorhabditis elegans,6239,nas-20
sp|Q22396|NAS20_CAEEL,370,NAT,Caenorhabditis elegans,6239,nas-20
sp|Q22398|NAS22_CAEEL,56,NNT,Caenorhabditis elegans,6239,nas-22
sp|Q22398|NAS22_CAEEL,85,NHT,Caenorhabditis elegans,6239,nas-22
sp|Q22398|NAS22_CAEEL,169,NQT,Caenorhabditis elegans,6239,nas-22
sp|Q22398|NAS22_CAEEL,241,NLS,Caenorhabditis elegans,6239,nas-22
sp|Q22398|NAS22_CAEEL,254,NCS,Caenorhabditis elegans,6239,nas-22
sp|Q22398|NAS22_CAEEL,287,NVT,Caenorhabditis elegans,6239,nas-22
sp|Q22398|NAS22_CAEEL,322,NKT,Caenorhabditis elegans,6239,nas-22
sp|Q22401|NAS21_CAEEL,87,NHT,Caenorhabditis elegans,6239,nas-21
sp|Q22401|NAS21_CAEEL,253,NCS,Caenorhabditis elegans,6239,nas-21
sp|Q22401|NAS21_CAEEL,269,NIT,Caenorhabditis elegans,6239,nas-21
sp|Q22401|NAS21_CAEEL,283,NGT,Caenorhabditis elegans,6239,nas-21
sp|Q22401|NAS21_CAEEL,304,NKT,Caenorhabditis elegans,6239,nas-21
sp|Q22431|ARI2_CAEEL,364,NHS,Caenorhabditis elegans,6239,ari-2
sp|Q22431|ARI2_CAEEL,391,NGT,Caenorhabditis elegans,6239,ari-2
sp|Q22498|COPG_CAEEL,31,NET,Caenorhabditis elegans,6239,copg-1
sp|Q22498|COPG_CAEEL,332,NRS,Caenorhabditis elegans,6239,copg-1
sp|Q22498|COPG_CAEEL,445,NLS,Caenorhabditis elegans,6239,copg-1
sp|Q22498|COPG_CAEEL,752,NVS,Caenorhabditis elegans,6239,copg-1
sp|Q22523|NPL21_CAEEL,69,NSS,Caenorhabditis elegans,6239,nep-21
sp|Q22523|NPL21_CAEEL,221,NLT,Caenorhabditis elegans,6239,nep-21
sp|Q22523|NPL21_CAEEL,240,NSS,Caenorhabditis elegans,6239,nep-21
sp|Q22523|NPL21_CAEEL,272,NYT,Caenorhabditis elegans,6239,nep-21
sp|Q22523|NPL21_CAEEL,307,NFS,Caenorhabditis elegans,6239,nep-21
sp|Q22523|NPL21_CAEEL,356,NHT,Caenorhabditis elegans,6239,nep-21
sp|Q22523|NPL21_CAEEL,412,NQT,Caenorhabditis elegans,6239,nep-21
sp|Q22523|NPL21_CAEEL,506,NDT,Caenorhabditis elegans,6239,nep-21
sp|Q22523|NPL21_CAEEL,684,NTT,Caenorhabditis elegans,6239,nep-21
sp|Q22523|NPL21_CAEEL,698,NFT,Caenorhabditis elegans,6239,nep-21
sp|Q22549|INX10_CAEEL,239,NGT,Caenorhabditis elegans,6239,inx-10
sp|Q22549|INX10_CAEEL,495,NAT,Caenorhabditis elegans,6239,inx-10
sp|Q22616|BL1S1_CAEEL,61,NNS,Caenorhabditis elegans,6239,blos-1
sp|Q22616|BL1S1_CAEEL,92,NWS,Caenorhabditis elegans,6239,blos-1
sp|Q22633|HPPD_CAEEL,271,NTS,Caenorhabditis elegans,6239,hpd-1
sp|Q22638|MICS1_CAEEL,30,NDT,Caenorhabditis elegans,6239,mics-1
sp|Q22638|MICS1_CAEEL,166,NNT,Caenorhabditis elegans,6239,mics-1
sp|Q22638|MICS1_CAEEL,237,NNS,Caenorhabditis elegans,6239,mics-1
sp|Q22647|TIM50_CAEEL,68,NET,Caenorhabditis elegans,6239,scpl-4
sp|Q22682|EAA4_CAEEL,165,NGT,Caenorhabditis elegans,6239,glt-4
sp|Q22682|EAA4_CAEEL,479,NAS,Caenorhabditis elegans,6239,glt-4
sp|Q22706|EXOC2_CAEEL,166,NFS,Caenorhabditis elegans,6239,sec-5
sp|Q22706|EXOC2_CAEEL,242,NIS,Caenorhabditis elegans,6239,sec-5
sp|Q22706|EXOC2_CAEEL,448,NST,Caenorhabditis elegans,6239,sec-5
sp|Q22706|EXOC2_CAEEL,471,NVS,Caenorhabditis elegans,6239,sec-5
sp|Q22706|EXOC2_CAEEL,880,NTS,Caenorhabditis elegans,6239,sec-5
sp|Q22710|NAS26_CAEEL,24,NSS,Caenorhabditis elegans,6239,toh-1
sp|Q22720|GAP1_CAEEL,18,NQT,Caenorhabditis elegans,6239,gap-1
sp|Q22720|GAP1_CAEEL,30,NSS,Caenorhabditis elegans,6239,gap-1
sp|Q22720|GAP1_CAEEL,360,NCS,Caenorhabditis elegans,6239,gap-1
sp|Q22720|GAP1_CAEEL,397,NIS,Caenorhabditis elegans,6239,gap-1
sp|Q22910|HM31_CAEEL,36,NSS,Caenorhabditis elegans,6239,ceh-31
sp|Q22910|HM31_CAEEL,63,NSS,Caenorhabditis elegans,6239,ceh-31
sp|Q22910|HM31_CAEEL,83,NES,Caenorhabditis elegans,6239,ceh-31
sp|Q22910|HM31_CAEEL,186,NTS,Caenorhabditis elegans,6239,ceh-31
sp|Q22910|HM31_CAEEL,248,NAS,Caenorhabditis elegans,6239,ceh-31
sp|Q22915|MEMO1_CAEEL,314,NHT,Caenorhabditis elegans,6239,memo-1
sp|Q22949|PLSB_CAEEL,197,NLS,Caenorhabditis elegans,6239,acl-6
sp|Q22949|PLSB_CAEEL,694,NST,Caenorhabditis elegans,6239,acl-6
sp|Q23088|UVSSA_CAEEL,18,NST,Caenorhabditis elegans,6239,uvs-1
sp|Q23157|INX11_CAEEL,130,NHS,Caenorhabditis elegans,6239,inx-11
sp|Q23223|MTR4_CAEEL,94,NCT,Caenorhabditis elegans,6239,mtr-4
sp|Q23223|MTR4_CAEEL,140,NQS,Caenorhabditis elegans,6239,mtr-4
sp|Q23223|MTR4_CAEEL,573,NNS,Caenorhabditis elegans,6239,mtr-4
sp|Q23232|WDR4_CAEEL,145,NGS,Caenorhabditis elegans,6239,wdr-4
sp|Q23232|WDR4_CAEEL,209,NDS,Caenorhabditis elegans,6239,wdr-4
sp|Q23232|WDR4_CAEEL,223,NWS,Caenorhabditis elegans,6239,wdr-4
sp|Q23232|WDR4_CAEEL,344,NVT,Caenorhabditis elegans,6239,wdr-4
sp|Q23261|MTNB_CAEEL,32,NFT,Caenorhabditis elegans,6239,ZC373.5
sp|Q23261|MTNB_CAEEL,247,NLS,Caenorhabditis elegans,6239,ZC373.5
sp|Q23294|NHR11_CAEEL,96,NNS,Caenorhabditis elegans,6239,nhr-11
sp|Q23294|NHR11_CAEEL,189,NNS,Caenorhabditis elegans,6239,nhr-11
sp|Q23294|NHR11_CAEEL,359,NVT,Caenorhabditis elegans,6239,nhr-11
sp|Q23361|ALG12_CAEEL,43,NLS,Caenorhabditis elegans,6239,algn-12
sp|Q23361|ALG12_CAEEL,245,NRS,Caenorhabditis elegans,6239,algn-12
sp|Q23361|ALG12_CAEEL,413,NKT,Caenorhabditis elegans,6239,algn-12
sp|Q23435|TWK9_CAEEL,245,NKS,Caenorhabditis elegans,6239,twk-9
sp|Q23435|TWK9_CAEEL,485,NSS,Caenorhabditis elegans,6239,twk-9
sp|Q23444|RFT1_CAEEL,199,NKS,Caenorhabditis elegans,6239,rfth-1
sp|Q23444|RFT1_CAEEL,425,NMS,Caenorhabditis elegans,6239,rfth-1
sp|Q23489|NHR9_CAEEL,133,NLS,Caenorhabditis elegans,6239,nhr-9
sp|Q23489|NHR9_CAEEL,253,NLT,Caenorhabditis elegans,6239,nhr-9
sp|Q23519|MS152_CAEEL,36,NSS,Caenorhabditis elegans,6239,msp-152
sp|Q23534|ACP1_CAEEL,37,NVT,Caenorhabditis elegans,6239,acp-1
sp|Q23534|ACP1_CAEEL,111,NAT,Caenorhabditis elegans,6239,acp-1
sp|Q23534|ACP1_CAEEL,145,NLT,Caenorhabditis elegans,6239,acp-1
sp|Q23534|ACP1_CAEEL,413,NRS,Caenorhabditis elegans,6239,acp-1
sp|Q23593|INX8_CAEEL,146,NET,Caenorhabditis elegans,6239,inx-8
sp|Q23623|TGT_CAEEL,83,NRS,Caenorhabditis elegans,6239,tgt-1
sp|Q23623|TGT_CAEEL,308,NYT,Caenorhabditis elegans,6239,tgt-1
sp|Q23639|CUL5_CAEEL,134,NIS,Caenorhabditis elegans,6239,cul-5
sp|Q23639|CUL5_CAEEL,315,NLS,Caenorhabditis elegans,6239,cul-5
sp|Q23639|CUL5_CAEEL,361,NDS,Caenorhabditis elegans,6239,cul-5
sp|Q23639|CUL5_CAEEL,487,NSS,Caenorhabditis elegans,6239,cul-5
sp|Q23639|CUL5_CAEEL,500,NKS,Caenorhabditis elegans,6239,cul-5
sp|Q23639|CUL5_CAEEL,614,NRT,Caenorhabditis elegans,6239,cul-5
sp|Q23680|VATF_CAEEL,82,NHT,Caenorhabditis elegans,6239,vha-9
sp|Q27295|EAT5_CAEEL,366,NHT,Caenorhabditis elegans,6239,eat-5
sp|Q27371|TNNT_CAEEL,176,NFT,Caenorhabditis elegans,6239,mup-2
sp|Q27488|PSA2_CAEEL,212,NST,Caenorhabditis elegans,6239,pas-2
sp|Q27513|C13A4_CAEEL,138,NKS,Caenorhabditis elegans,6239,cyp-13A4
sp|Q27515|C13A6_CAEEL,136,NNS,Caenorhabditis elegans,6239,cyp-13A6
sp|Q27515|C13A6_CAEEL,207,NGS,Caenorhabditis elegans,6239,cyp-13A6
sp|Q27515|C13A6_CAEEL,450,NGS,Caenorhabditis elegans,6239,cyp-13A6
sp|Q27516|C13A8_CAEEL,133,NGS,Caenorhabditis elegans,6239,cyp-13A8
sp|Q27517|C13A3_CAEEL,138,NKS,Caenorhabditis elegans,6239,cyp-13A3
sp|Q27518|C13A2_CAEEL,140,NAS,Caenorhabditis elegans,6239,cyp-13A2
sp|Q27518|C13A2_CAEEL,480,NYT,Caenorhabditis elegans,6239,cyp-13A2
sp|Q27518|C13A2_CAEEL,487,NKT,Caenorhabditis elegans,6239,cyp-13A2
sp|Q27519|C13A7_CAEEL,138,NKS,Caenorhabditis elegans,6239,cyp-13A7
sp|Q27519|C13A7_CAEEL,484,NYT,Caenorhabditis elegans,6239,cyp-13A7
sp|Q27520|C13A1_CAEEL,139,NSS,Caenorhabditis elegans,6239,cyp-13A1
sp|Q27521|NHR16_CAEEL,197,NLS,Caenorhabditis elegans,6239,nhr-16
sp|Q27521|NHR16_CAEEL,250,NCS,Caenorhabditis elegans,6239,nhr-16
sp|Q27522|METK5_CAEEL,226,NDT,Caenorhabditis elegans,6239,sams-5
sp|Q27536|GALT_CAEEL,293,NCS,Caenorhabditis elegans,6239,ZK1058.3
sp|Q2WF59|ZER1_CAEEL,102,NLT,Caenorhabditis elegans,6239,zer-1
sp|Q2WF59|ZER1_CAEEL,131,NVT,Caenorhabditis elegans,6239,zer-1
sp|Q2WF59|ZER1_CAEEL,452,NES,Caenorhabditis elegans,6239,zer-1
sp|Q2WF59|ZER1_CAEEL,570,NLT,Caenorhabditis elegans,6239,zer-1
sp|Q2WF59|ZER1_CAEEL,630,NIT,Caenorhabditis elegans,6239,zer-1
sp|Q2WF59|ZER1_CAEEL,785,NLT,Caenorhabditis elegans,6239,zer-1
sp|Q45EK7|TRM44_CAEEL,150,NSS,Caenorhabditis elegans,6239,C23G10.7
sp|Q45EK7|TRM44_CAEEL,314,NHS,Caenorhabditis elegans,6239,C23G10.7
sp|Q45EK7|TRM44_CAEEL,351,NGS,Caenorhabditis elegans,6239,C23G10.7
sp|Q45EK7|TRM44_CAEEL,456,NYS,Caenorhabditis elegans,6239,C23G10.7
sp|Q564U4|TTLL9_CAEEL,143,NDT,Caenorhabditis elegans,6239,ttll-9
sp|Q564U4|TTLL9_CAEEL,333,NAS,Caenorhabditis elegans,6239,ttll-9
sp|Q65XX2|LTN1_CAEEL,13,NAS,Caenorhabditis elegans,6239,Y54E10A.11
sp|Q65XX2|LTN1_CAEEL,88,NSS,Caenorhabditis elegans,6239,Y54E10A.11
sp|Q65XX2|LTN1_CAEEL,232,NES,Caenorhabditis elegans,6239,Y54E10A.11
sp|Q65XX2|LTN1_CAEEL,268,NIS,Caenorhabditis elegans,6239,Y54E10A.11
sp|Q65XX2|LTN1_CAEEL,427,NQS,Caenorhabditis elegans,6239,Y54E10A.11
sp|Q65XX2|LTN1_CAEEL,798,NSS,Caenorhabditis elegans,6239,Y54E10A.11
sp|Q65XX2|LTN1_CAEEL,928,NLT,Caenorhabditis elegans,6239,Y54E10A.11
sp|Q65XX2|LTN1_CAEEL,1434,NQS,Caenorhabditis elegans,6239,Y54E10A.11
sp|Q65XX2|LTN1_CAEEL,1444,NFT,Caenorhabditis elegans,6239,Y54E10A.11
sp|Q6BET5|RDE11_CAEEL,125,NTT,Caenorhabditis elegans,6239,rde-11
sp|Q6BET5|RDE11_CAEEL,244,NSS,Caenorhabditis elegans,6239,rde-11
sp|Q7JP68|KAPC2_CAEEL,57,NNS,Caenorhabditis elegans,6239,F47F2.1
sp|Q7JP68|KAPC2_CAEEL,333,NGT,Caenorhabditis elegans,6239,F47F2.1
sp|Q7K6X4|NUP50_CAEEL,82,NSS,Caenorhabditis elegans,6239,npp-16
sp|Q7K6X4|NUP50_CAEEL,103,NGT,Caenorhabditis elegans,6239,npp-16
sp|Q7K6X4|NUP50_CAEEL,111,NST,Caenorhabditis elegans,6239,npp-16
sp|Q7YWU9|UBXN5_CAEEL,81,NGS,Caenorhabditis elegans,6239,ubxn-5
sp|Q7YWU9|UBXN5_CAEEL,164,NNS,Caenorhabditis elegans,6239,ubxn-5
sp|Q7Z0M7|NAS23_CAEEL,77,NRS,Caenorhabditis elegans,6239,nas-23
sp|Q7Z0M7|NAS23_CAEEL,474,NRS,Caenorhabditis elegans,6239,nas-23
sp|Q7Z0M7|NAS23_CAEEL,481,NAT,Caenorhabditis elegans,6239,nas-23
sp|Q8I7J4|COQ2_CAEEL,22,NTS,Caenorhabditis elegans,6239,coq-2
sp|Q8I7J4|COQ2_CAEEL,316,NGS,Caenorhabditis elegans,6239,coq-2
sp|Q8IA98|CASP_CAEEL,268,NES,Caenorhabditis elegans,6239,ceh-44
sp|Q8IA98|CASP_CAEEL,325,NKT,Caenorhabditis elegans,6239,ceh-44
sp|Q8IA98|CASP_CAEEL,396,NAS,Caenorhabditis elegans,6239,ceh-44
sp|Q8IAA9|CAN4_CAEEL,237,NKT,Caenorhabditis elegans,6239,clp-4
sp|Q8IAA9|CAN4_CAEEL,303,NIT,Caenorhabditis elegans,6239,clp-4
sp|Q8IAA9|CAN4_CAEEL,318,NQS,Caenorhabditis elegans,6239,clp-4
sp|Q8IAA9|CAN4_CAEEL,526,NFT,Caenorhabditis elegans,6239,clp-4
sp|Q8IAA9|CAN4_CAEEL,534,NLT,Caenorhabditis elegans,6239,clp-4
sp|Q8IAA9|CAN4_CAEEL,610,NVT,Caenorhabditis elegans,6239,clp-4
sp|Q8IAA9|CAN4_CAEEL,708,NGT,Caenorhabditis elegans,6239,clp-4
sp|Q8IG39|ADAL_CAEEL,3,NNS,Caenorhabditis elegans,6239,adal-1
sp|Q8IG39|ADAL_CAEEL,102,NMT,Caenorhabditis elegans,6239,adal-1
sp|Q8IG39|ADAL_CAEEL,371,NVT,Caenorhabditis elegans,6239,adal-1
sp|Q8MNV7|SMAL1_CAEEL,35,NAT,Caenorhabditis elegans,6239,smrc-1
sp|Q8MNV7|SMAL1_CAEEL,72,NNS,Caenorhabditis elegans,6239,smrc-1
sp|Q8MNV7|SMAL1_CAEEL,158,NAT,Caenorhabditis elegans,6239,smrc-1
sp|Q8MXJ9|S35B2_CAEEL,89,NDS,Caenorhabditis elegans,6239,pst-1
sp|Q8MXQ7|CDKAL_CAEEL,17,NVS,Caenorhabditis elegans,6239,Y92H12BL.1
sp|Q8MXQ7|CDKAL_CAEEL,77,NCT,Caenorhabditis elegans,6239,Y92H12BL.1
sp|Q8MXQ7|CDKAL_CAEEL,318,NKS,Caenorhabditis elegans,6239,Y92H12BL.1
sp|Q8MYN5|ASP17_CAEEL,68,NFT,Caenorhabditis elegans,6239,asp-17
sp|Q8MYN5|ASP17_CAEEL,108,NYT,Caenorhabditis elegans,6239,asp-17
sp|Q8WTJ4|UBXN6_CAEEL,97,NIS,Caenorhabditis elegans,6239,ubxn-6
sp|Q8WTJ4|UBXN6_CAEEL,294,NLS,Caenorhabditis elegans,6239,ubxn-6
sp|Q8WTJ4|UBXN6_CAEEL,414,NLS,Caenorhabditis elegans,6239,ubxn-6
sp|Q8WTM6|ARPC2_CAEEL,32,NVT,Caenorhabditis elegans,6239,arx-4
sp|Q8WTM6|ARPC2_CAEEL,93,NVT,Caenorhabditis elegans,6239,arx-4
sp|Q93249|CAB1_CAEEL,399,NYS,Caenorhabditis elegans,6239,cab-1
sp|Q93324|MANBA_CAEEL,38,NKT,Caenorhabditis elegans,6239,C33G3.4
sp|Q93324|MANBA_CAEEL,42,NGT,Caenorhabditis elegans,6239,C33G3.4
sp|Q93324|MANBA_CAEEL,131,NVT,Caenorhabditis elegans,6239,C33G3.4
sp|Q93324|MANBA_CAEEL,477,NYT,Caenorhabditis elegans,6239,C33G3.4
sp|Q93324|MANBA_CAEEL,576,NES,Caenorhabditis elegans,6239,C33G3.4
sp|Q93324|MANBA_CAEEL,661,NTT,Caenorhabditis elegans,6239,C33G3.4
sp|Q93324|MANBA_CAEEL,738,NIT,Caenorhabditis elegans,6239,C33G3.4
sp|Q93341|DYR_CAEEL,39,NVS,Caenorhabditis elegans,6239,dhfr-1
sp|Q93538|RB3GP_CAEEL,138,NDS,Caenorhabditis elegans,6239,rbg-1
sp|Q93538|RB3GP_CAEEL,190,NST,Caenorhabditis elegans,6239,rbg-1
sp|Q93538|RB3GP_CAEEL,194,NFS,Caenorhabditis elegans,6239,rbg-1
sp|Q93538|RB3GP_CAEEL,252,NHT,Caenorhabditis elegans,6239,rbg-1
sp|Q93538|RB3GP_CAEEL,291,NHS,Caenorhabditis elegans,6239,rbg-1
sp|Q93538|RB3GP_CAEEL,300,NYS,Caenorhabditis elegans,6239,rbg-1
sp|Q93538|RB3GP_CAEEL,406,NES,Caenorhabditis elegans,6239,rbg-1
sp|Q93538|RB3GP_CAEEL,549,NNS,Caenorhabditis elegans,6239,rbg-1
sp|Q93538|RB3GP_CAEEL,558,NES,Caenorhabditis elegans,6239,rbg-1
sp|Q93538|RB3GP_CAEEL,695,NDT,Caenorhabditis elegans,6239,rbg-1
sp|Q93538|RB3GP_CAEEL,709,NAT,Caenorhabditis elegans,6239,rbg-1
sp|Q93538|RB3GP_CAEEL,757,NAT,Caenorhabditis elegans,6239,rbg-1
sp|Q93538|RB3GP_CAEEL,761,NNT,Caenorhabditis elegans,6239,rbg-1
sp|Q93538|RB3GP_CAEEL,826,NST,Caenorhabditis elegans,6239,rbg-1
sp|Q93538|RB3GP_CAEEL,908,NFS,Caenorhabditis elegans,6239,rbg-1
sp|Q93538|RB3GP_CAEEL,911,NSS,Caenorhabditis elegans,6239,rbg-1
sp|Q93542|NAS24_CAEEL,63,NNS,Caenorhabditis elegans,6239,nas-24
sp|Q93542|NAS24_CAEEL,79,NHT,Caenorhabditis elegans,6239,nas-24
sp|Q93542|NAS24_CAEEL,310,NST,Caenorhabditis elegans,6239,nas-24
sp|Q93702|FLP22_CAEEL,2,NRS,Caenorhabditis elegans,6239,flp-22
sp|Q93704|SPRR2_CAEEL,15,NSS,Caenorhabditis elegans,6239,sprr-2
sp|Q93704|SPRR2_CAEEL,218,NWT,Caenorhabditis elegans,6239,sprr-2
sp|Q93704|SPRR2_CAEEL,298,NST,Caenorhabditis elegans,6239,sprr-2
sp|Q94053|MSP78_CAEEL,36,NSS,Caenorhabditis elegans,6239,msp-78
sp|Q94130|WRT8_CAEEL,97,NST,Caenorhabditis elegans,6239,wrt-8
sp|Q94130|WRT8_CAEEL,164,NES,Caenorhabditis elegans,6239,wrt-8
sp|Q94130|WRT8_CAEEL,269,NET,Caenorhabditis elegans,6239,wrt-8
sp|Q94130|WRT8_CAEEL,450,NAS,Caenorhabditis elegans,6239,wrt-8
sp|Q94225|SULP3_CAEEL,140,NAT,Caenorhabditis elegans,6239,sulp-3
sp|Q94225|SULP3_CAEEL,146,NHT,Caenorhabditis elegans,6239,sulp-3
sp|Q94225|SULP3_CAEEL,157,NET,Caenorhabditis elegans,6239,sulp-3
sp|Q94225|SULP3_CAEEL,164,NTT,Caenorhabditis elegans,6239,sulp-3
sp|Q94225|SULP3_CAEEL,173,NET,Caenorhabditis elegans,6239,sulp-3
sp|Q94231|ARF11_CAEEL,40,NET,Caenorhabditis elegans,6239,arf-1.1
sp|Q94231|ARF11_CAEEL,84,NTT,Caenorhabditis elegans,6239,arf-1.1
sp|Q94300|RL111_CAEEL,105,NFS,Caenorhabditis elegans,6239,rpl-11.1
sp|Q94392|NSF_CAEEL,30,NDS,Caenorhabditis elegans,6239,nsf-1
sp|Q94392|NSF_CAEEL,87,NRS,Caenorhabditis elegans,6239,nsf-1
sp|Q94392|NSF_CAEEL,169,NVT,Caenorhabditis elegans,6239,nsf-1
sp|Q94392|NSF_CAEEL,209,NKT,Caenorhabditis elegans,6239,nsf-1
sp|Q94392|NSF_CAEEL,512,NFS,Caenorhabditis elegans,6239,nsf-1
sp|Q94398|HM08_CAEEL,7,NNS,Caenorhabditis elegans,6239,ceh-8
sp|Q94398|HM08_CAEEL,17,NFS,Caenorhabditis elegans,6239,ceh-8
sp|Q94398|HM08_CAEEL,63,NRT,Caenorhabditis elegans,6239,ceh-8
sp|Q94398|HM08_CAEEL,144,NKT,Caenorhabditis elegans,6239,ceh-8
sp|Q94398|HM08_CAEEL,244,NQS,Caenorhabditis elegans,6239,ceh-8
sp|Q94407|NHR48_CAEEL,35,NTT,Caenorhabditis elegans,6239,nhr-48
sp|Q94407|NHR48_CAEEL,80,NTT,Caenorhabditis elegans,6239,nhr-48
sp|Q94407|NHR48_CAEEL,374,NHT,Caenorhabditis elegans,6239,nhr-48
sp|Q94407|NHR48_CAEEL,525,NSS,Caenorhabditis elegans,6239,nhr-48
sp|Q94407|NHR48_CAEEL,528,NAT,Caenorhabditis elegans,6239,nhr-48
sp|Q94407|NHR48_CAEEL,554,NSS,Caenorhabditis elegans,6239,nhr-48
sp|Q94407|NHR48_CAEEL,623,NES,Caenorhabditis elegans,6239,nhr-48
sp|Q95005|PSA7_CAEEL,160,NAT,Caenorhabditis elegans,6239,pas-4
sp|Q95Q27|HPR9_CAEEL,7,NYT,Caenorhabditis elegans,6239,hpr-9
sp|Q95Q27|HPR9_CAEEL,68,NRS,Caenorhabditis elegans,6239,hpr-9
sp|Q95Q27|HPR9_CAEEL,164,NRS,Caenorhabditis elegans,6239,hpr-9
sp|Q95Q27|HPR9_CAEEL,170,NIT,Caenorhabditis elegans,6239,hpr-9
sp|Q95Q39|MAB7_CAEEL,174,NFT,Caenorhabditis elegans,6239,mab-7
sp|Q95Q39|MAB7_CAEEL,229,NVS,Caenorhabditis elegans,6239,mab-7
sp|Q95QT2|GALC_CAEEL,141,NVT,Caenorhabditis elegans,6239,C29E4.10
sp|Q95QT2|GALC_CAEEL,174,NFS,Caenorhabditis elegans,6239,C29E4.10
sp|Q95QT2|GALC_CAEEL,193,NET,Caenorhabditis elegans,6239,C29E4.10
sp|Q95QT2|GALC_CAEEL,274,NIT,Caenorhabditis elegans,6239,C29E4.10
sp|Q95QT2|GALC_CAEEL,395,NMS,Caenorhabditis elegans,6239,C29E4.10
sp|Q95QT2|GALC_CAEEL,411,NST,Caenorhabditis elegans,6239,C29E4.10
sp|Q95QT2|GALC_CAEEL,532,NCS,Caenorhabditis elegans,6239,C29E4.10
sp|Q95QT2|GALC_CAEEL,616,NKT,Caenorhabditis elegans,6239,C29E4.10
sp|Q95QT2|GALC_CAEEL,620,NDT,Caenorhabditis elegans,6239,C29E4.10
sp|Q95QT2|GALC_CAEEL,638,NIS,Caenorhabditis elegans,6239,C29E4.10
sp|Q95QW0|EIF3L_CAEEL,404,NQS,Caenorhabditis elegans,6239,eif-3.L
sp|Q95X35|MPPE1_CAEEL,272,NKT,Caenorhabditis elegans,6239,mppe-1
sp|Q95X91|NHR96_CAEEL,187,NES,Caenorhabditis elegans,6239,nhr-96
sp|Q95X91|NHR96_CAEEL,256,NGS,Caenorhabditis elegans,6239,nhr-96
sp|Q95X91|NHR96_CAEEL,274,NYT,Caenorhabditis elegans,6239,nhr-96
sp|Q95X91|NHR96_CAEEL,354,NYS,Caenorhabditis elegans,6239,nhr-96
sp|Q95XD3|BL1S2_CAEEL,31,NMT,Caenorhabditis elegans,6239,blos-2
sp|Q95XD3|BL1S2_CAEEL,58,NNT,Caenorhabditis elegans,6239,blos-2
sp|Q95XM2|PHM_CAEEL,182,NKT,Caenorhabditis elegans,6239,pghm-1
sp|Q95XU6|ZC3HE_CAEEL,80,NAS,Caenorhabditis elegans,6239,sut-2
sp|Q95XU6|ZC3HE_CAEEL,530,NCT,Caenorhabditis elegans,6239,sut-2
sp|Q95XU6|ZC3HE_CAEEL,643,NES,Caenorhabditis elegans,6239,sut-2
sp|Q95XX1|PNCB_CAEEL,115,NGS,Caenorhabditis elegans,6239,nprt-1
sp|Q95XX1|PNCB_CAEEL,516,NES,Caenorhabditis elegans,6239,nprt-1
sp|Q95XZ0|COG4_CAEEL,78,NRS,Caenorhabditis elegans,6239,cogc-4
sp|Q95XZ0|COG4_CAEEL,108,NIS,Caenorhabditis elegans,6239,cogc-4
sp|Q95XZ0|COG4_CAEEL,377,NTS,Caenorhabditis elegans,6239,cogc-4
sp|Q95XZ0|COG4_CAEEL,433,NRS,Caenorhabditis elegans,6239,cogc-4
sp|Q95XZ0|COG4_CAEEL,509,NAT,Caenorhabditis elegans,6239,cogc-4
sp|Q95XZ0|COG4_CAEEL,566,NNS,Caenorhabditis elegans,6239,cogc-4
sp|Q95Y36|CFA36_CAEEL,392,NGT,Caenorhabditis elegans,6239,cfap-36
sp|Q95Y36|CFA36_CAEEL,539,NDS,Caenorhabditis elegans,6239,cfap-36
sp|Q95Y36|CFA36_CAEEL,606,NSS,Caenorhabditis elegans,6239,cfap-36
sp|Q95Y36|CFA36_CAEEL,642,NAS,Caenorhabditis elegans,6239,cfap-36
sp|Q95Y89|PESC_CAEEL,356,NIS,Caenorhabditis elegans,6239,lpd-7
sp|Q95ZY2|SRB3_CAEEL,5,NDS,Caenorhabditis elegans,6239,srb-3
sp|Q95ZY2|SRB3_CAEEL,97,NTT,Caenorhabditis elegans,6239,srb-3
sp|Q95ZY2|SRB3_CAEEL,267,NGT,Caenorhabditis elegans,6239,srb-3
sp|Q95ZY2|SRB3_CAEEL,271,NYS,Caenorhabditis elegans,6239,srb-3
sp|Q95ZY4|SRB5_CAEEL,5,NQT,Caenorhabditis elegans,6239,srb-5
sp|Q95ZY4|SRB5_CAEEL,236,NSS,Caenorhabditis elegans,6239,srb-5
sp|Q95ZY4|SRB5_CAEEL,342,NRT,Caenorhabditis elegans,6239,srb-5
sp|Q965Q4|SMS3_CAEEL,21,NGT,Caenorhabditis elegans,6239,sms-3
sp|Q965Q4|SMS3_CAEEL,29,NGS,Caenorhabditis elegans,6239,sms-3
sp|Q965Q4|SMS3_CAEEL,318,NIT,Caenorhabditis elegans,6239,sms-3
sp|Q965S8|EIF3I_CAEEL,118,NLS,Caenorhabditis elegans,6239,eif-3.I
sp|Q965S8|EIF3I_CAEEL,148,NAT,Caenorhabditis elegans,6239,eif-3.I
sp|Q965S8|EIF3I_CAEEL,185,NES,Caenorhabditis elegans,6239,eif-3.I
sp|Q966A0|SVH11_CAEEL,14,NFS,Caenorhabditis elegans,6239,svh-11
sp|Q966A0|SVH11_CAEEL,60,NTS,Caenorhabditis elegans,6239,svh-11
sp|Q966A0|SVH11_CAEEL,94,NRT,Caenorhabditis elegans,6239,svh-11
sp|Q966A0|SVH11_CAEEL,128,NGS,Caenorhabditis elegans,6239,svh-11
sp|Q966C6|RL7A_CAEEL,226,NFS,Caenorhabditis elegans,6239,rpl-7A
sp|Q966I0|NHR98_CAEEL,174,NGS,Caenorhabditis elegans,6239,nhr-98
sp|Q966I0|NHR98_CAEEL,397,NNT,Caenorhabditis elegans,6239,nhr-98
sp|Q968A5|FUC10_CAEEL,283,NIS,Caenorhabditis elegans,6239,nstp-10
sp|Q9BI63|TPPC8_CAEEL,146,NTT,Caenorhabditis elegans,6239,trpp-8
sp|Q9BI63|TPPC8_CAEEL,288,NST,Caenorhabditis elegans,6239,trpp-8
sp|Q9BI63|TPPC8_CAEEL,729,NQS,Caenorhabditis elegans,6239,trpp-8
sp|Q9BI63|TPPC8_CAEEL,802,NKT,Caenorhabditis elegans,6239,trpp-8
sp|Q9BI63|TPPC8_CAEEL,958,NGT,Caenorhabditis elegans,6239,trpp-8
sp|Q9BI63|TPPC8_CAEEL,1159,NFS,Caenorhabditis elegans,6239,trpp-8
sp|Q9BI63|TPPC8_CAEEL,1249,NLS,Caenorhabditis elegans,6239,trpp-8
sp|Q9BJK5|NHR97_CAEEL,77,NCS,Caenorhabditis elegans,6239,nhr-97
sp|Q9BJK5|NHR97_CAEEL,271,NNS,Caenorhabditis elegans,6239,nhr-97
sp|Q9BKQ8|DHX35_CAEEL,245,NET,Caenorhabditis elegans,6239,ddx-35
sp|Q9BKQ8|DHX35_CAEEL,623,NCS,Caenorhabditis elegans,6239,ddx-35
sp|Q9BL02|CUT_CAEEL,268,NES,Caenorhabditis elegans,6239,ceh-44
sp|Q9BL02|CUT_CAEEL,325,NKT,Caenorhabditis elegans,6239,ceh-44
sp|Q9BL02|CUT_CAEEL,396,NAS,Caenorhabditis elegans,6239,ceh-44
sp|Q9BL02|CUT_CAEEL,536,NGS,Caenorhabditis elegans,6239,ceh-44
sp|Q9BL02|CUT_CAEEL,601,NTT,Caenorhabditis elegans,6239,ceh-44
sp|Q9BL02|CUT_CAEEL,798,NST,Caenorhabditis elegans,6239,ceh-44
sp|Q9BL02|CUT_CAEEL,1174,NGT,Caenorhabditis elegans,6239,ceh-44
sp|Q9BL02|CUT_CAEEL,1225,NYS,Caenorhabditis elegans,6239,ceh-44
sp|Q9BL07|PLBL3_CAEEL,50,NST,Caenorhabditis elegans,6239,Y54F10AM.8
sp|Q9BL07|PLBL3_CAEEL,82,NTT,Caenorhabditis elegans,6239,Y54F10AM.8
sp|Q9BL07|PLBL3_CAEEL,132,NHT,Caenorhabditis elegans,6239,Y54F10AM.8
sp|Q9BL07|PLBL3_CAEEL,169,NLT,Caenorhabditis elegans,6239,Y54F10AM.8
sp|Q9BL07|PLBL3_CAEEL,186,NLT,Caenorhabditis elegans,6239,Y54F10AM.8
sp|Q9BL07|PLBL3_CAEEL,215,NKT,Caenorhabditis elegans,6239,Y54F10AM.8
sp|Q9BL07|PLBL3_CAEEL,309,NQT,Caenorhabditis elegans,6239,Y54F10AM.8
sp|Q9BL07|PLBL3_CAEEL,543,NHT,Caenorhabditis elegans,6239,Y54F10AM.8
sp|Q9BL07|PLBL3_CAEEL,546,NLT,Caenorhabditis elegans,6239,Y54F10AM.8
sp|Q9BL07|PLBL3_CAEEL,560,NFT,Caenorhabditis elegans,6239,Y54F10AM.8
sp|Q9BLC4|SDZ12_CAEEL,126,NCS,Caenorhabditis elegans,6239,sdz-12
sp|Q9GTD4|NHR71_CAEEL,108,NNS,Caenorhabditis elegans,6239,nhr-71
sp|Q9GTD4|NHR71_CAEEL,301,NFT,Caenorhabditis elegans,6239,nhr-71
sp|Q9GYK2|ITBL_CAEEL,65,NET,Caenorhabditis elegans,6239,C05D9.3
sp|Q9GYK2|ITBL_CAEEL,274,NSS,Caenorhabditis elegans,6239,C05D9.3
sp|Q9GYK2|ITBL_CAEEL,307,NDS,Caenorhabditis elegans,6239,C05D9.3
sp|Q9GYK2|ITBL_CAEEL,353,NGT,Caenorhabditis elegans,6239,C05D9.3
sp|Q9GZH3|IMDH_CAEEL,56,NIT,Caenorhabditis elegans,6239,T22D1.3
sp|Q9GZH3|IMDH_CAEEL,295,NGS,Caenorhabditis elegans,6239,T22D1.3
sp|Q9GZH4|RPN1_CAEEL,202,NNS,Caenorhabditis elegans,6239,ribo-1
sp|Q9GZH4|RPN1_CAEEL,282,NIS,Caenorhabditis elegans,6239,ribo-1
sp|Q9GZH4|RPN1_CAEEL,510,NST,Caenorhabditis elegans,6239,ribo-1
sp|Q9N2K7|TBX30_CAEEL,145,NLT,Caenorhabditis elegans,6239,tbx-30
sp|Q9N2K7|TBX30_CAEEL,189,NRS,Caenorhabditis elegans,6239,tbx-30
sp|Q9N2K7|TBX30_CAEEL,240,NES,Caenorhabditis elegans,6239,tbx-30
sp|Q9N2K7|TBX30_CAEEL,243,NLT,Caenorhabditis elegans,6239,tbx-30
sp|Q9N2V2|NAS30_CAEEL,148,NTT,Caenorhabditis elegans,6239,nas-30
sp|Q9N2V2|NAS30_CAEEL,633,NKT,Caenorhabditis elegans,6239,nas-30
sp|Q9N358|TCPQ_CAEEL,267,NFS,Caenorhabditis elegans,6239,cct-8
sp|Q9N392|NARF_CAEEL,14,NVS,Caenorhabditis elegans,6239,oxy-4
sp|Q9N392|NARF_CAEEL,280,NRS,Caenorhabditis elegans,6239,oxy-4
sp|Q9N3S2|RDE10_CAEEL,241,NES,Caenorhabditis elegans,6239,rde-10
sp|Q9N3X8|SDK_CAEEL,407,NET,Caenorhabditis elegans,6239,rig-4
sp|Q9N3X8|SDK_CAEEL,632,NAS,Caenorhabditis elegans,6239,rig-4
sp|Q9N3X8|SDK_CAEEL,655,NET,Caenorhabditis elegans,6239,rig-4
sp|Q9N3X8|SDK_CAEEL,807,NLT,Caenorhabditis elegans,6239,rig-4
sp|Q9N3X8|SDK_CAEEL,868,NST,Caenorhabditis elegans,6239,rig-4
sp|Q9N3X8|SDK_CAEEL,932,NLT,Caenorhabditis elegans,6239,rig-4
sp|Q9N3X8|SDK_CAEEL,1016,NFT,Caenorhabditis elegans,6239,rig-4
sp|Q9N3X8|SDK_CAEEL,1107,NVS,Caenorhabditis elegans,6239,rig-4
sp|Q9N3X8|SDK_CAEEL,1348,NST,Caenorhabditis elegans,6239,rig-4
sp|Q9N3X8|SDK_CAEEL,1614,NET,Caenorhabditis elegans,6239,rig-4
sp|Q9N3X8|SDK_CAEEL,1863,NVT,Caenorhabditis elegans,6239,rig-4
sp|Q9N3X8|SDK_CAEEL,2080,NMT,Caenorhabditis elegans,6239,rig-4
sp|Q9N3X8|SDK_CAEEL,2316,NLT,Caenorhabditis elegans,6239,rig-4
sp|Q9N428|TCL2_CAEEL,45,NDS,Caenorhabditis elegans,6239,tcl-2
sp|Q9N428|TCL2_CAEEL,54,NET,Caenorhabditis elegans,6239,tcl-2
sp|Q9N428|TCL2_CAEEL,65,NAS,Caenorhabditis elegans,6239,tcl-2
sp|Q9N428|TCL2_CAEEL,170,NVT,Caenorhabditis elegans,6239,tcl-2
sp|Q9N428|TCL2_CAEEL,268,NST,Caenorhabditis elegans,6239,tcl-2
sp|Q9N4B8|NHR41_CAEEL,130,NMS,Caenorhabditis elegans,6239,nhr-41
sp|Q9N4B8|NHR41_CAEEL,139,NGS,Caenorhabditis elegans,6239,nhr-41
sp|Q9N4B8|NHR41_CAEEL,230,NNS,Caenorhabditis elegans,6239,nhr-41
sp|Q9N4B8|NHR41_CAEEL,244,NTT,Caenorhabditis elegans,6239,nhr-41
sp|Q9N4B8|NHR41_CAEEL,414,NLT,Caenorhabditis elegans,6239,nhr-41
sp|Q9N4B8|NHR41_CAEEL,522,NDT,Caenorhabditis elegans,6239,nhr-41
sp|Q9N4D6|SESN1_CAEEL,254,NYS,Caenorhabditis elegans,6239,sesn-1
sp|Q9N4D6|SESN1_CAEEL,377,NYT,Caenorhabditis elegans,6239,sesn-1
sp|Q9N4D9|NTM1_CAEEL,169,NVT,Caenorhabditis elegans,6239,homt-1
sp|Q9N4G4|MED1_CAEEL,466,NST,Caenorhabditis elegans,6239,sop-3
sp|Q9N4G4|MED1_CAEEL,515,NNT,Caenorhabditis elegans,6239,sop-3
sp|Q9N4J8|TCPG_CAEEL,177,NIS,Caenorhabditis elegans,6239,cct-3
sp|Q9N4J8|TCPG_CAEEL,478,NWT,Caenorhabditis elegans,6239,cct-3
sp|Q9N4K2|CBS2_CAEEL,47,NIS,Caenorhabditis elegans,6239,cbs-2
sp|Q9N4K2|CBS2_CAEEL,548,NGS,Caenorhabditis elegans,6239,cbs-2
sp|Q9N563|CAPAR_CAEEL,56,NNS,Caenorhabditis elegans,6239,capa-1
sp|Q9N5M2|PFD2_CAEEL,90,NLT,Caenorhabditis elegans,6239,pfd-2
sp|Q9N5R0|NAS2_CAEEL,111,NVT,Caenorhabditis elegans,6239,nas-2
sp|Q9N5R0|NAS2_CAEEL,287,NTT,Caenorhabditis elegans,6239,nas-2
sp|Q9N5U5|CDC73_CAEEL,93,NVT,Caenorhabditis elegans,6239,cdc-73
sp|Q9N5U5|CDC73_CAEEL,170,NLT,Caenorhabditis elegans,6239,cdc-73
sp|Q9N5U5|CDC73_CAEEL,255,NLS,Caenorhabditis elegans,6239,cdc-73
sp|Q9N5U5|CDC73_CAEEL,299,NFS,Caenorhabditis elegans,6239,cdc-73
sp|Q9N5U5|CDC73_CAEEL,345,NGS,Caenorhabditis elegans,6239,cdc-73
sp|Q9N5U5|CDC73_CAEEL,377,NFS,Caenorhabditis elegans,6239,cdc-73
sp|Q9N5X6|ODD2_CAEEL,235,NLT,Caenorhabditis elegans,6239,odd-2
sp|Q9N5X6|ODD2_CAEEL,241,NST,Caenorhabditis elegans,6239,odd-2
sp|Q9N5Y2|TECR_CAEEL,120,NAT,Caenorhabditis elegans,6239,art-1
sp|Q9N5Y2|TECR_CAEEL,153,NST,Caenorhabditis elegans,6239,art-1
sp|Q9N5Y2|TECR_CAEEL,164,NCS,Caenorhabditis elegans,6239,art-1
sp|Q9N5Y2|TECR_CAEEL,208,NLS,Caenorhabditis elegans,6239,art-1
sp|Q9N5Y2|TECR_CAEEL,247,NYT,Caenorhabditis elegans,6239,art-1
sp|Q9NA26|VPS28_CAEEL,17,NHS,Caenorhabditis elegans,6239,vps-28
sp|Q9NA26|VPS28_CAEEL,26,NLS,Caenorhabditis elegans,6239,vps-28
sp|Q9NA26|VPS28_CAEEL,151,NTT,Caenorhabditis elegans,6239,vps-28
sp|Q9NA51|NHR5_CAEEL,6,NSS,Caenorhabditis elegans,6239,nhr-5
sp|Q9NA51|NHR5_CAEEL,23,NDS,Caenorhabditis elegans,6239,nhr-5
sp|Q9NA51|NHR5_CAEEL,292,NIS,Caenorhabditis elegans,6239,nhr-5
sp|Q9NA51|NHR5_CAEEL,520,NVS,Caenorhabditis elegans,6239,nhr-5
sp|Q9NA51|NHR5_CAEEL,658,NNS,Caenorhabditis elegans,6239,nhr-5
sp|Q9NA73|T38B2_CAEEL,306,NGT,Caenorhabditis elegans,6239,tric-1B.2
sp|Q9NEN6|RS6_CAEEL,105,NMS,Caenorhabditis elegans,6239,rps-6
sp|Q9NEN6|RS6_CAEEL,146,NLT,Caenorhabditis elegans,6239,rps-6
sp|Q9NEU2|SDA1_CAEEL,473,NVS,Caenorhabditis elegans,6239,pro-3
sp|Q9NEU5|NOP53_CAEEL,85,NIT,Caenorhabditis elegans,6239,Y39B6A.33
sp|Q9NF14|BAT40_CAEEL,97,NVS,Caenorhabditis elegans,6239,bath-40
sp|Q9NF14|BAT40_CAEEL,392,NSS,Caenorhabditis elegans,6239,bath-40
sp|Q9TXJ1|NHR59_CAEEL,16,NQT,Caenorhabditis elegans,6239,nhr-59
sp|Q9TXJ1|NHR59_CAEEL,285,NYS,Caenorhabditis elegans,6239,nhr-59
sp|Q9TXJ1|NHR59_CAEEL,405,NFS,Caenorhabditis elegans,6239,nhr-59
sp|Q9TXP3|MTMR5_CAEEL,62,NQS,Caenorhabditis elegans,6239,mtm-5
sp|Q9TXP3|MTMR5_CAEEL,432,NST,Caenorhabditis elegans,6239,mtm-5
sp|Q9TXP3|MTMR5_CAEEL,482,NNS,Caenorhabditis elegans,6239,mtm-5
sp|Q9TXP3|MTMR5_CAEEL,850,NAT,Caenorhabditis elegans,6239,mtm-5
sp|Q9TXP3|MTMR5_CAEEL,853,NGT,Caenorhabditis elegans,6239,mtm-5
sp|Q9TXP3|MTMR5_CAEEL,945,NGS,Caenorhabditis elegans,6239,mtm-5
sp|Q9TXP3|MTMR5_CAEEL,1044,NES,Caenorhabditis elegans,6239,mtm-5
sp|Q9TXP3|MTMR5_CAEEL,1097,NAS,Caenorhabditis elegans,6239,mtm-5
sp|Q9TXP3|MTMR5_CAEEL,1147,NSS,Caenorhabditis elegans,6239,mtm-5
sp|Q9TXP3|MTMR5_CAEEL,1242,NRT,Caenorhabditis elegans,6239,mtm-5
sp|Q9TXP3|MTMR5_CAEEL,1251,NAS,Caenorhabditis elegans,6239,mtm-5
sp|Q9TXP3|MTMR5_CAEEL,1277,NSS,Caenorhabditis elegans,6239,mtm-5
sp|Q9TXP3|MTMR5_CAEEL,1483,NNT,Caenorhabditis elegans,6239,mtm-5
sp|Q9TXP3|MTMR5_CAEEL,1586,NIT,Caenorhabditis elegans,6239,mtm-5
sp|Q9TXP3|MTMR5_CAEEL,1591,NIT,Caenorhabditis elegans,6239,mtm-5
sp|Q9TXP3|MTMR5_CAEEL,1626,NNT,Caenorhabditis elegans,6239,mtm-5
sp|Q9TXP3|MTMR5_CAEEL,1718,NKT,Caenorhabditis elegans,6239,mtm-5
sp|Q9TXV7|TYDP1_CAEEL,27,NGS,Caenorhabditis elegans,6239,F52C12.1
sp|Q9TXV7|TYDP1_CAEEL,377,NLS,Caenorhabditis elegans,6239,F52C12.1
sp|Q9TXV7|TYDP1_CAEEL,389,NKS,Caenorhabditis elegans,6239,F52C12.1
sp|Q9TYK1|GAR1_CAEEL,77,NNT,Caenorhabditis elegans,6239,garr-1
sp|Q9TYV2|SMSR2_CAEEL,165,NSS,Caenorhabditis elegans,6239,sms-5
sp|Q9TYV2|SMSR2_CAEEL,272,NRT,Caenorhabditis elegans,6239,sms-5
sp|Q9TYV2|SMSR2_CAEEL,308,NRS,Caenorhabditis elegans,6239,sms-5
sp|Q9TYV2|SMSR2_CAEEL,315,NVS,Caenorhabditis elegans,6239,sms-5
sp|Q9TZ93|SPT4H_CAEEL,66,NES,Caenorhabditis elegans,6239,spt-4
sp|Q9TZ99|NH121_CAEEL,108,NST,Caenorhabditis elegans,6239,nhr-121
sp|Q9TZ99|NH121_CAEEL,352,NLT,Caenorhabditis elegans,6239,nhr-121
sp|Q9TZD0|LST2_CAEEL,145,NQS,Caenorhabditis elegans,6239,lst-2
sp|Q9TZD0|LST2_CAEEL,253,NLS,Caenorhabditis elegans,6239,lst-2
sp|Q9TZD0|LST2_CAEEL,310,NAT,Caenorhabditis elegans,6239,lst-2
sp|Q9TZD0|LST2_CAEEL,365,NVS,Caenorhabditis elegans,6239,lst-2
sp|Q9TZD0|LST2_CAEEL,384,NSS,Caenorhabditis elegans,6239,lst-2
sp|Q9TZD0|LST2_CAEEL,421,NES,Caenorhabditis elegans,6239,lst-2
sp|Q9TZD0|LST2_CAEEL,506,NYS,Caenorhabditis elegans,6239,lst-2
sp|Q9U1Q4|SYV_CAEEL,128,NVT,Caenorhabditis elegans,6239,glp-4
sp|Q9U1Q4|SYV_CAEEL,259,NWS,Caenorhabditis elegans,6239,glp-4
sp|Q9U1Q4|SYV_CAEEL,787,NFT,Caenorhabditis elegans,6239,glp-4
sp|Q9U1Q4|SYV_CAEEL,819,NTT,Caenorhabditis elegans,6239,glp-4
sp|Q9U1Q4|SYV_CAEEL,976,NLT,Caenorhabditis elegans,6239,glp-4
sp|Q9U1Q4|SYV_CAEEL,1038,NIT,Caenorhabditis elegans,6239,glp-4
sp|Q9U2D6|CNP2_CAEEL,9,NRS,Caenorhabditis elegans,6239,cnp-2
sp|Q9U2D6|CNP2_CAEEL,691,NKS,Caenorhabditis elegans,6239,cnp-2
sp|Q9U2G0|U520_CAEEL,26,NLT,Caenorhabditis elegans,6239,snrp-200
sp|Q9U2G0|U520_CAEEL,169,NLS,Caenorhabditis elegans,6239,snrp-200
sp|Q9U2G0|U520_CAEEL,865,NHS,Caenorhabditis elegans,6239,snrp-200
sp|Q9U2G0|U520_CAEEL,1140,NYS,Caenorhabditis elegans,6239,snrp-200
sp|Q9U2G0|U520_CAEEL,1346,NGS,Caenorhabditis elegans,6239,snrp-200
sp|Q9U2G0|U520_CAEEL,1428,NIS,Caenorhabditis elegans,6239,snrp-200
sp|Q9U2G0|U520_CAEEL,1525,NLS,Caenorhabditis elegans,6239,snrp-200
sp|Q9U2G0|U520_CAEEL,1529,NAS,Caenorhabditis elegans,6239,snrp-200
sp|Q9U2M4|HOT_CAEEL,37,NKS,Caenorhabditis elegans,6239,hphd-1
sp|Q9U2M4|HOT_CAEEL,391,NAS,Caenorhabditis elegans,6239,hphd-1
sp|Q9U2R0|BIN3D_CAEEL,318,NYS,Caenorhabditis elegans,6239,Y17G7B.18
sp|Q9U2R6|NHR91_CAEEL,446,NAS,Caenorhabditis elegans,6239,nhr-91
sp|Q9U3B6|NOL9_CAEEL,39,NAS,Caenorhabditis elegans,6239,nol-9
sp|Q9U3B6|NOL9_CAEEL,348,NNS,Caenorhabditis elegans,6239,nol-9
sp|Q9U3B6|NOL9_CAEEL,400,NVT,Caenorhabditis elegans,6239,nol-9
sp|Q9U3B6|NOL9_CAEEL,430,NNT,Caenorhabditis elegans,6239,nol-9
sp|Q9U3B6|NOL9_CAEEL,539,NTT,Caenorhabditis elegans,6239,nol-9
sp|Q9U3I4|EMRE_CAEEL,30,NIT,Caenorhabditis elegans,6239,emre-1
sp|Q9U6P6|RNH2A_CAEEL,274,NET,Caenorhabditis elegans,6239,rnh-2
sp|Q9U7D3|WRT5_CAEEL,70,NSS,Caenorhabditis elegans,6239,wrt-5
sp|Q9XTD6|NAS12_CAEEL,340,NTT,Caenorhabditis elegans,6239,nas-12
sp|Q9XTJ4|NHR3_CAEEL,348,NMT,Caenorhabditis elegans,6239,nhr-3
sp|Q9XTJ4|NHR3_CAEEL,361,NVT,Caenorhabditis elegans,6239,nhr-3
sp|Q9XTQ7|ZPT72_CAEEL,184,NTS,Caenorhabditis elegans,6239,zipt-7.2
sp|Q9XTQ7|ZPT72_CAEEL,326,NFT,Caenorhabditis elegans,6239,zipt-7.2
sp|Q9XTQ7|ZPT72_CAEEL,435,NSS,Caenorhabditis elegans,6239,zipt-7.2
sp|Q9XTR8|LIP1_CAEEL,32,NET,Caenorhabditis elegans,6239,ZK262.3
sp|Q9XTR8|LIP1_CAEEL,64,NQT,Caenorhabditis elegans,6239,ZK262.3
sp|Q9XTR8|LIP1_CAEEL,267,NMT,Caenorhabditis elegans,6239,ZK262.3
sp|Q9XTU6|RUXE_CAEEL,23,NRT,Caenorhabditis elegans,6239,snr-6
sp|Q9XTU6|RUXE_CAEEL,79,NIT,Caenorhabditis elegans,6239,snr-6
sp|Q9XUE6|PMM_CAEEL,134,NLS,Caenorhabditis elegans,6239,F52B11.2
sp|Q9XUY5|AT1B3_CAEEL,138,NET,Caenorhabditis elegans,6239,nkb-3
sp|Q9XV46|MOE3_CAEEL,315,NGS,Caenorhabditis elegans,6239,moe-3
sp|Q9XV46|MOE3_CAEEL,346,NMS,Caenorhabditis elegans,6239,moe-3
sp|Q9XVI6|SPTC3_CAEEL,19,NIT,Caenorhabditis elegans,6239,sptl-3
sp|Q9XVI6|SPTC3_CAEEL,44,NIT,Caenorhabditis elegans,6239,sptl-3
sp|Q9XVI6|SPTC3_CAEEL,430,NDS,Caenorhabditis elegans,6239,sptl-3
sp|Q9XVJ2|GNPI_CAEEL,109,NTS,Caenorhabditis elegans,6239,T03F6.3
sp|Q9XVS8|NXF2_CAEEL,59,NLS,Caenorhabditis elegans,6239,nxf-2
sp|Q9XVS8|NXF2_CAEEL,62,NFS,Caenorhabditis elegans,6239,nxf-2
sp|Q9XVS8|NXF2_CAEEL,246,NNS,Caenorhabditis elegans,6239,nxf-2
sp|Q9XW15|NNRE_CAEEL,197,NWT,Caenorhabditis elegans,6239,Y18D10A.3
sp|Q9XW87|LONP2_CAEEL,80,NST,Caenorhabditis elegans,6239,lonp-2
sp|Q9XW87|LONP2_CAEEL,181,NGT,Caenorhabditis elegans,6239,lonp-2
sp|Q9XW87|LONP2_CAEEL,284,NTS,Caenorhabditis elegans,6239,lonp-2
sp|Q9XW87|LONP2_CAEEL,324,NNS,Caenorhabditis elegans,6239,lonp-2
sp|Q9XW87|LONP2_CAEEL,429,NST,Caenorhabditis elegans,6239,lonp-2
sp|Q9XW88|PHP3_CAEEL,10,NNS,Caenorhabditis elegans,6239,php-3
sp|Q9XW88|PHP3_CAEEL,87,NLS,Caenorhabditis elegans,6239,php-3
sp|Q9XW88|PHP3_CAEEL,95,NHS,Caenorhabditis elegans,6239,php-3
sp|Q9XW88|PHP3_CAEEL,145,NQS,Caenorhabditis elegans,6239,php-3
sp|Q9XW88|PHP3_CAEEL,174,NYS,Caenorhabditis elegans,6239,php-3
sp|Q9XWF4|IMPCT_CAEEL,174,NIT,Caenorhabditis elegans,6239,impt-1
sp|Q9XWF4|IMPCT_CAEEL,241,NLT,Caenorhabditis elegans,6239,impt-1
sp|Q9XWJ1|SMG9_CAEEL,109,NNS,Caenorhabditis elegans,6239,smg-9
sp|Q9XWQ1|DTBP1_CAEEL,28,NVS,Caenorhabditis elegans,6239,dsbn-1
sp|Q9XWQ1|DTBP1_CAEEL,49,NTS,Caenorhabditis elegans,6239,dsbn-1
sp|Q9XWQ1|DTBP1_CAEEL,131,NQT,Caenorhabditis elegans,6239,dsbn-1
sp|Q9XWQ6|FLH3_CAEEL,14,NAT,Caenorhabditis elegans,6239,flh-3
sp|Q9XWQ6|FLH3_CAEEL,130,NSS,Caenorhabditis elegans,6239,flh-3
sp|Q9XWQ6|FLH3_CAEEL,255,NAS,Caenorhabditis elegans,6239,flh-3
sp|Q9XWQ6|FLH3_CAEEL,341,NDS,Caenorhabditis elegans,6239,flh-3
sp|Q9XWQ6|FLH3_CAEEL,371,NRS,Caenorhabditis elegans,6239,flh-3
sp|Q9XWQ6|FLH3_CAEEL,377,NIS,Caenorhabditis elegans,6239,flh-3
sp|Q9XWS2|EXOC4_CAEEL,28,NET,Caenorhabditis elegans,6239,sec-8
sp|Q9XWS2|EXOC4_CAEEL,202,NDT,Caenorhabditis elegans,6239,sec-8
sp|Q9XWS2|EXOC4_CAEEL,410,NSS,Caenorhabditis elegans,6239,sec-8
sp|Q9XWS2|EXOC4_CAEEL,447,NDS,Caenorhabditis elegans,6239,sec-8
sp|Q9XWS2|EXOC4_CAEEL,537,NMT,Caenorhabditis elegans,6239,sec-8
sp|Q9XWS2|EXOC4_CAEEL,689,NNS,Caenorhabditis elegans,6239,sec-8
sp|Q9XWS2|EXOC4_CAEEL,734,NTS,Caenorhabditis elegans,6239,sec-8
sp|Q9XWV2|PLBL1_CAEEL,62,NQT,Caenorhabditis elegans,6239,Y37D8A.2
sp|Q9XWV2|PLBL1_CAEEL,149,NLT,Caenorhabditis elegans,6239,Y37D8A.2
sp|Q9XWV2|PLBL1_CAEEL,442,NYT,Caenorhabditis elegans,6239,Y37D8A.2
sp|Q9XWV2|PLBL1_CAEEL,473,NGT,Caenorhabditis elegans,6239,Y37D8A.2
sp|Q9XX11|ACKMT_CAEEL,49,NVS,Caenorhabditis elegans,6239,Y39A1A.21
sp|Q9XX11|ACKMT_CAEEL,88,NST,Caenorhabditis elegans,6239,Y39A1A.21
sp|Q9XX15|NEP1_CAEEL,200,NDS,Caenorhabditis elegans,6239,Y39A1A.14
sp|Q9XX47|F161_CAEEL,139,NQS,Caenorhabditis elegans,6239,famh-161
sp|Q9XX47|F161_CAEEL,251,NAT,Caenorhabditis elegans,6239,famh-161
sp|Q9XX47|F161_CAEEL,263,NAS,Caenorhabditis elegans,6239,famh-161
sp|Q9XX47|F161_CAEEL,344,NRS,Caenorhabditis elegans,6239,famh-161
sp|Q9XX47|F161_CAEEL,512,NLT,Caenorhabditis elegans,6239,famh-161
sp|Q9XX47|F161_CAEEL,782,NES,Caenorhabditis elegans,6239,famh-161
sp|Q9XXD4|NHP2_CAEEL,11,NES,Caenorhabditis elegans,6239,Y48A6B.3
sp|Q9XXD4|NHP2_CAEEL,93,NVS,Caenorhabditis elegans,6239,Y48A6B.3
sp|Q9XXJ0|DHYS_CAEEL,207,NWT,Caenorhabditis elegans,6239,dhps-1
sp|Q9XXR3|HMT11_CAEEL,171,NIT,Caenorhabditis elegans,6239,hmit-1.1
sp|Q9XXR3|HMT11_CAEEL,314,NHT,Caenorhabditis elegans,6239,hmit-1.1
sp|Q9XXR3|HMT11_CAEEL,387,NSS,Caenorhabditis elegans,6239,hmit-1.1
sp|Q9XXR3|HMT11_CAEEL,445,NGS,Caenorhabditis elegans,6239,hmit-1.1
sp|Q9XXR3|HMT11_CAEEL,592,NST,Caenorhabditis elegans,6239,hmit-1.1
sp|G5EF84|GIP2_CAEEL,69,NQT,Caenorhabditis elegans,6239,gip-2
sp|G5EF84|GIP2_CAEEL,91,NIS,Caenorhabditis elegans,6239,gip-2
sp|G5EF84|GIP2_CAEEL,323,NES,Caenorhabditis elegans,6239,gip-2
sp|G5EF84|GIP2_CAEEL,466,NVT,Caenorhabditis elegans,6239,gip-2
sp|O01159|RSP7_CAEEL,16,NIS,Caenorhabditis elegans,6239,rsp-7
sp|O01159|RSP7_CAEEL,47,NIT,Caenorhabditis elegans,6239,rsp-7
sp|O01159|RSP7_CAEEL,403,NES,Caenorhabditis elegans,6239,rsp-7
sp|O01454|U376A_CAEEL,32,NCT,Caenorhabditis elegans,6239,exc-13
sp|O01454|U376A_CAEEL,84,NCT,Caenorhabditis elegans,6239,exc-13
sp|O01454|U376A_CAEEL,188,NLS,Caenorhabditis elegans,6239,exc-13
sp|O01503|ETKMT_CAEEL,21,NES,Caenorhabditis elegans,6239,C37A2.6
sp|O01504|RLA2_CAEEL,15,NAS,Caenorhabditis elegans,6239,C37A2.7
sp|O01509|SRB15_CAEEL,104,NTT,Caenorhabditis elegans,6239,srb-15
sp|O01509|SRB15_CAEEL,199,NFT,Caenorhabditis elegans,6239,srb-15
sp|O01513|IMP3_CAEEL,63,NLS,Caenorhabditis elegans,6239,C48B6.2
sp|O01513|IMP3_CAEEL,173,NNT,Caenorhabditis elegans,6239,C48B6.2
sp|O01538|SRG33_CAEEL,234,NTT,Caenorhabditis elegans,6239,srg-33
sp|O01615|AN322_CAEEL,119,NNS,Caenorhabditis elegans,6239,T19H12.2
sp|O01615|AN322_CAEEL,182,NKS,Caenorhabditis elegans,6239,T19H12.2
sp|O01692|RS17_CAEEL,118,NVT,Caenorhabditis elegans,6239,rps-17
sp|O01735|YC91_CAEEL,305,NGS,Caenorhabditis elegans,6239,C09D4.1
sp|O01735|YC91_CAEEL,326,NTS,Caenorhabditis elegans,6239,C09D4.1
sp|O01735|YC91_CAEEL,406,NET,Caenorhabditis elegans,6239,C09D4.1
sp|O01735|YC91_CAEEL,508,NAS,Caenorhabditis elegans,6239,C09D4.1
sp|O01738|DEFI8_CAEEL,12,NQS,Caenorhabditis elegans,6239,F20H11.1
sp|O01738|DEFI8_CAEEL,315,NES,Caenorhabditis elegans,6239,F20H11.1
sp|O01802|RL7_CAEEL,143,NKT,Caenorhabditis elegans,6239,rpl-7
sp|O01805|ACBP1_CAEEL,39,NTT,Caenorhabditis elegans,6239,acbp-1
sp|O01812|FABP6_CAEEL,60,NTT,Caenorhabditis elegans,6239,lbp-6
sp|O01814|FABP5_CAEEL,61,NTT,Caenorhabditis elegans,6239,lbp-5
sp|O01868|RL24_CAEEL,98,NQT,Caenorhabditis elegans,6239,rpl-24.1
sp|O01974|EIF3H_CAEEL,250,NKS,Caenorhabditis elegans,6239,eif-3.H
sp|O01974|EIF3H_CAEEL,281,NES,Caenorhabditis elegans,6239,eif-3.H
sp|O01974|EIF3H_CAEEL,335,NIT,Caenorhabditis elegans,6239,eif-3.H
sp|O02039|CNP3_CAEEL,202,NSS,Caenorhabditis elegans,6239,cnp-3
sp|O02039|CNP3_CAEEL,341,NET,Caenorhabditis elegans,6239,cnp-3
sp|O02042|MED1L_CAEEL,297,NLT,Caenorhabditis elegans,6239,mdt-1.2
sp|O02042|MED1L_CAEEL,475,NET,Caenorhabditis elegans,6239,mdt-1.2
sp|O02161|TIM44_CAEEL,71,NES,Caenorhabditis elegans,6239,tin-44
sp|O02161|TIM44_CAEEL,202,NDS,Caenorhabditis elegans,6239,tin-44
sp|O02161|TIM44_CAEEL,222,NFS,Caenorhabditis elegans,6239,tin-44
sp|O02161|TIM44_CAEEL,372,NVT,Caenorhabditis elegans,6239,tin-44
sp|O02241|SRB17_CAEEL,71,NYS,Caenorhabditis elegans,6239,srb-17
sp|O02241|SRB17_CAEEL,261,NVS,Caenorhabditis elegans,6239,srb-17
sp|O02275|SRE45_CAEEL,7,NST,Caenorhabditis elegans,6239,sre-45
sp|O02275|SRE45_CAEEL,11,NYT,Caenorhabditis elegans,6239,sre-45
sp|O02275|SRE45_CAEEL,65,NLT,Caenorhabditis elegans,6239,sre-45
sp|O02275|SRE45_CAEEL,120,NLS,Caenorhabditis elegans,6239,sre-45
sp|O02275|SRE45_CAEEL,316,NFT,Caenorhabditis elegans,6239,sre-45
sp|O02327|LTV1_CAEEL,359,NET,Caenorhabditis elegans,6239,T23D8.3
sp|O02327|LTV1_CAEEL,386,NKT,Caenorhabditis elegans,6239,T23D8.3
sp|O02334|PRI2_CAEEL,168,NFT,Caenorhabditis elegans,6239,pri-2
sp|O02334|PRI2_CAEEL,199,NKT,Caenorhabditis elegans,6239,pri-2
sp|O16115|GST2_CAEEL,164,NLS,Caenorhabditis elegans,6239,gst-2
sp|O16116|GST3_CAEEL,164,NLT,Caenorhabditis elegans,6239,gst-3
sp|O16216|C19L1_CAEEL,90,NLT,Caenorhabditis elegans,6239,F17A9.2
sp|O16216|C19L1_CAEEL,253,NAS,Caenorhabditis elegans,6239,F17A9.2
sp|O16264|PEBPH_CAEEL,175,NTS,Caenorhabditis elegans,6239,F40A3.3
sp|O16361|NH134_CAEEL,134,NVT,Caenorhabditis elegans,6239,nhr-134
sp|O16361|NH134_CAEEL,209,NFS,Caenorhabditis elegans,6239,nhr-134
sp|O16361|NH134_CAEEL,277,NYT,Caenorhabditis elegans,6239,nhr-134
sp|O16406|U376D_CAEEL,39,NLT,Caenorhabditis elegans,6239,C36C5.12
sp|O16406|U376D_CAEEL,104,NST,Caenorhabditis elegans,6239,C36C5.12
sp|O16406|U376D_CAEEL,204,NLS,Caenorhabditis elegans,6239,C36C5.12
sp|O16444|SRB18_CAEEL,30,NGT,Caenorhabditis elegans,6239,srb-18
sp|O16444|SRB18_CAEEL,118,NIS,Caenorhabditis elegans,6239,srb-18
sp|O16444|SRB18_CAEEL,165,NYT,Caenorhabditis elegans,6239,srb-18
sp|O16520|ERF1_CAEEL,38,NGT,Caenorhabditis elegans,6239,erfa-1
sp|O16520|ERF1_CAEEL,129,NTS,Caenorhabditis elegans,6239,erfa-1
sp|O16520|ERF1_CAEEL,483,NIS,Caenorhabditis elegans,6239,erfa-1
sp|O16520|ERF1_CAEEL,560,NRT,Caenorhabditis elegans,6239,erfa-1
sp|O16581|GLCM2_CAEEL,40,NIT,Caenorhabditis elegans,6239,gba-2
sp|O16581|GLCM2_CAEEL,208,NST,Caenorhabditis elegans,6239,gba-2
sp|O16686|YK27_CAEEL,31,NSS,Caenorhabditis elegans,6239,K07E8.7
sp|O16883|CPG4_CAEEL,76,NVT,Caenorhabditis elegans,6239,cpg-4
sp|O16883|CPG4_CAEEL,208,NAT,Caenorhabditis elegans,6239,cpg-4
sp|O16883|CPG4_CAEEL,462,NKT,Caenorhabditis elegans,6239,cpg-4
sp|O16883|CPG4_CAEEL,468,NIS,Caenorhabditis elegans,6239,cpg-4
sp|O16883|CPG4_CAEEL,474,NVT,Caenorhabditis elegans,6239,cpg-4
sp|O16883|CPG4_CAEEL,503,NAT,Caenorhabditis elegans,6239,cpg-4
sp|O16883|CPG4_CAEEL,559,NSS,Caenorhabditis elegans,6239,cpg-4
sp|O16883|CPG4_CAEEL,699,NSS,Caenorhabditis elegans,6239,cpg-4
sp|O16883|CPG4_CAEEL,743,NES,Caenorhabditis elegans,6239,cpg-4
sp|O16887|YCTG2_CAEEL,53,NIS,Caenorhabditis elegans,6239,C29G2.6
sp|O16925|STDH4_CAEEL,217,NSS,Caenorhabditis elegans,6239,stdh-4
sp|O16974|SRG53_CAEEL,77,NKS,Caenorhabditis elegans,6239,srg-53
sp|O16974|SRG53_CAEEL,293,NIT,Caenorhabditis elegans,6239,srg-53
sp|O16999|ZPR1_CAEEL,11,NLS,Caenorhabditis elegans,6239,W03F9.1
sp|O17204|OSTA1_CAEEL,11,NRS,Caenorhabditis elegans,6239,osta-1
sp|O17204|OSTA1_CAEEL,28,NMS,Caenorhabditis elegans,6239,osta-1
sp|O17204|OSTA1_CAEEL,139,NFT,Caenorhabditis elegans,6239,osta-1
sp|O17237|MELT_CAEEL,15,NVS,Caenorhabditis elegans,6239,K10B4.3
sp|O17237|MELT_CAEEL,22,NVS,Caenorhabditis elegans,6239,K10B4.3
sp|O17237|MELT_CAEEL,150,NTT,Caenorhabditis elegans,6239,K10B4.3
sp|O17237|MELT_CAEEL,181,NYS,Caenorhabditis elegans,6239,K10B4.3
sp|O17237|MELT_CAEEL,269,NRT,Caenorhabditis elegans,6239,K10B4.3
sp|O17237|MELT_CAEEL,293,NRT,Caenorhabditis elegans,6239,K10B4.3
sp|O17237|MELT_CAEEL,325,NNS,Caenorhabditis elegans,6239,K10B4.3
sp|O17237|MELT_CAEEL,377,NNS,Caenorhabditis elegans,6239,K10B4.3
sp|O17237|MELT_CAEEL,442,NRS,Caenorhabditis elegans,6239,K10B4.3
sp|O17237|MELT_CAEEL,472,NES,Caenorhabditis elegans,6239,K10B4.3
sp|O17237|MELT_CAEEL,790,NYS,Caenorhabditis elegans,6239,K10B4.3
sp|O17237|MELT_CAEEL,839,NTS,Caenorhabditis elegans,6239,K10B4.3
sp|O17397|DIML_CAEEL,105,NAT,Caenorhabditis elegans,6239,F52H2.6
sp|O17397|DIML_CAEEL,437,NAT,Caenorhabditis elegans,6239,F52H2.6
sp|O17570|RL38_CAEEL,30,NNT,Caenorhabditis elegans,6239,rpl-38
sp|O17586|PSA6_CAEEL,33,NST,Caenorhabditis elegans,6239,pas-1
sp|O17586|PSA6_CAEEL,36,NLT,Caenorhabditis elegans,6239,pas-1
sp|O17699|SRG47_CAEEL,169,NGT,Caenorhabditis elegans,6239,srg-47
sp|O17699|SRG47_CAEEL,177,NHS,Caenorhabditis elegans,6239,srg-47
sp|O17699|SRG47_CAEEL,267,NMS,Caenorhabditis elegans,6239,srg-47
sp|O17795|STDH2_CAEEL,244,NTS,Caenorhabditis elegans,6239,stdh-2
sp|O17816|SRE38_CAEEL,5,NST,Caenorhabditis elegans,6239,sre-38
sp|O17816|SRE38_CAEEL,8,NKT,Caenorhabditis elegans,6239,sre-38
sp|O17816|SRE38_CAEEL,19,NDT,Caenorhabditis elegans,6239,sre-38
sp|O17816|SRE38_CAEEL,190,NRT,Caenorhabditis elegans,6239,sre-38
sp|O17816|SRE38_CAEEL,361,NNS,Caenorhabditis elegans,6239,sre-38
sp|O17818|SRE37_CAEEL,7,NST,Caenorhabditis elegans,6239,sre-37
sp|O17818|SRE37_CAEEL,101,NKT,Caenorhabditis elegans,6239,sre-37
sp|O17818|SRE37_CAEEL,192,NRT,Caenorhabditis elegans,6239,sre-37
sp|O17819|SRG16_CAEEL,2,NTS,Caenorhabditis elegans,6239,srg-16
sp|O17819|SRG16_CAEEL,8,NCS,Caenorhabditis elegans,6239,srg-16
sp|O17819|SRG16_CAEEL,53,NNS,Caenorhabditis elegans,6239,srg-16
sp|O17819|SRG16_CAEEL,178,NAS,Caenorhabditis elegans,6239,srg-16
sp|O17819|SRG16_CAEEL,320,NNS,Caenorhabditis elegans,6239,srg-16
sp|O17820|SRG17_CAEEL,5,NLT,Caenorhabditis elegans,6239,srg-17
sp|O17842|SRA17_CAEEL,2,NQT,Caenorhabditis elegans,6239,sra-17
sp|O17842|SRA17_CAEEL,59,NST,Caenorhabditis elegans,6239,sra-17
sp|O17842|SRA17_CAEEL,190,NFS,Caenorhabditis elegans,6239,sra-17
sp|O17844|SRA20_CAEEL,2,NKT,Caenorhabditis elegans,6239,sra-20
sp|O17844|SRA20_CAEEL,61,NST,Caenorhabditis elegans,6239,sra-20
sp|O17846|SRA22_CAEEL,2,NKT,Caenorhabditis elegans,6239,sra-22
sp|O17846|SRA22_CAEEL,61,NST,Caenorhabditis elegans,6239,sra-22
sp|O17846|SRA22_CAEEL,241,NIT,Caenorhabditis elegans,6239,sra-22
sp|O17847|SRA25_CAEEL,57,NST,Caenorhabditis elegans,6239,sra-25
sp|O17861|YVRI_CAEEL,77,NIT,Caenorhabditis elegans,6239,F37H8.5
sp|O17883|STAL1_CAEEL,26,NLT,Caenorhabditis elegans,6239,strl-1
sp|O18054|PFD3_CAEEL,162,NMS,Caenorhabditis elegans,6239,pfd-3
sp|O18175|SRE33_CAEEL,6,NSS,Caenorhabditis elegans,6239,sre-33
sp|O18175|SRE33_CAEEL,47,NVS,Caenorhabditis elegans,6239,sre-33
sp|O18175|SRE33_CAEEL,218,NES,Caenorhabditis elegans,6239,sre-33
sp|O18216|PNO1_CAEEL,221,NTT,Caenorhabditis elegans,6239,pno-1
sp|O18303|BST25_CAEEL,82,NWT,Caenorhabditis elegans,6239,best-25
sp|O18303|BST25_CAEEL,447,NLS,Caenorhabditis elegans,6239,best-25
sp|O18304|BST26_CAEEL,122,NGS,Caenorhabditis elegans,6239,best-26
sp|O18304|BST26_CAEEL,400,NSS,Caenorhabditis elegans,6239,best-26
sp|O18689|SRA18_CAEEL,2,NKT,Caenorhabditis elegans,6239,sra-18
sp|O18689|SRA18_CAEEL,60,NST,Caenorhabditis elegans,6239,sra-18
sp|O18689|SRA18_CAEEL,240,NVT,Caenorhabditis elegans,6239,sra-18
sp|O18690|SRA21_CAEEL,61,NST,Caenorhabditis elegans,6239,sra-21
sp|O18690|SRA21_CAEEL,241,NVT,Caenorhabditis elegans,6239,sra-21
sp|O44186|DEGS1_CAEEL,82,NHS,Caenorhabditis elegans,6239,F33D4.4
sp|O44400|F37C4_CAEEL,222,NVS,Caenorhabditis elegans,6239,F37C4.5
sp|O44400|F37C4_CAEEL,374,NVT,Caenorhabditis elegans,6239,F37C4.5
sp|O44400|F37C4_CAEEL,381,NAT,Caenorhabditis elegans,6239,F37C4.5
sp|O44400|F37C4_CAEEL,392,NTS,Caenorhabditis elegans,6239,F37C4.5
sp|O44400|F37C4_CAEEL,413,NKT,Caenorhabditis elegans,6239,F37C4.5
sp|O44443|YC2BA_CAEEL,126,NGT,Caenorhabditis elegans,6239,C02B10.3
sp|O44477|T17B1_CAEEL,179,NLS,Caenorhabditis elegans,6239,timm-17B.1
sp|O44480|RL18A_CAEEL,166,NLS,Caenorhabditis elegans,6239,rpl-20
sp|O44568|RF1M_CAEEL,56,NAT,Caenorhabditis elegans,6239,W03F8.3
sp|O44568|RF1M_CAEEL,217,NDS,Caenorhabditis elegans,6239,W03F8.3
sp|O44578|HIUH2_CAEEL,114,NAT,Caenorhabditis elegans,6239,ZK697.8
sp|O45166|FOLT2_CAEEL,35,NMS,Caenorhabditis elegans,6239,folt-2
sp|O45166|FOLT2_CAEEL,155,NWT,Caenorhabditis elegans,6239,folt-2
sp|O45166|FOLT2_CAEEL,254,NYT,Caenorhabditis elegans,6239,folt-2
sp|O45241|TR112_CAEEL,16,NVT,Caenorhabditis elegans,6239,C04H5.1
sp|O45241|TR112_CAEEL,62,NQS,Caenorhabditis elegans,6239,C04H5.1
sp|O45291|TBX33_CAEEL,148,NGS,Caenorhabditis elegans,6239,tbx-33
sp|O45291|TBX33_CAEEL,305,NKS,Caenorhabditis elegans,6239,tbx-33
sp|O45291|TBX33_CAEEL,363,NVT,Caenorhabditis elegans,6239,tbx-33
sp|O45300|SRE13_CAEEL,4,NIS,Caenorhabditis elegans,6239,sre-13
sp|O45300|SRE13_CAEEL,20,NKT,Caenorhabditis elegans,6239,sre-13
sp|O45300|SRE13_CAEEL,201,NRS,Caenorhabditis elegans,6239,sre-13
sp|O45300|SRE13_CAEEL,209,NRS,Caenorhabditis elegans,6239,sre-13
sp|O45300|SRE13_CAEEL,258,NIS,Caenorhabditis elegans,6239,sre-13
sp|O45300|SRE13_CAEEL,342,NVT,Caenorhabditis elegans,6239,sre-13
sp|O45306|SRE21_CAEEL,353,NKS,Caenorhabditis elegans,6239,sre-21
sp|O45363|BST12_CAEEL,56,NET,Caenorhabditis elegans,6239,best-12
sp|O45420|PLHD1_CAEEL,54,NLT,Caenorhabditis elegans,6239,F31D4.5
sp|O45420|PLHD1_CAEEL,98,NRS,Caenorhabditis elegans,6239,F31D4.5
sp|O45420|PLHD1_CAEEL,333,NLS,Caenorhabditis elegans,6239,F31D4.5
sp|O45420|PLHD1_CAEEL,473,NRT,Caenorhabditis elegans,6239,F31D4.5
sp|O45435|BST13_CAEEL,179,NES,Caenorhabditis elegans,6239,best-13
sp|O45503|MTX1_CAEEL,155,NDT,Caenorhabditis elegans,6239,mtx-1
sp|O45523|RGS10_CAEEL,60,NKT,Caenorhabditis elegans,6239,rgs-10
sp|O45685|BORC8_CAEEL,9,NRT,Caenorhabditis elegans,6239,blos-9
sp|O45685|BORC8_CAEEL,87,NAT,Caenorhabditis elegans,6239,blos-9
sp|O45687|ADH2_CAEEL,145,NDT,Caenorhabditis elegans,6239,sodh-2
sp|O45700|U375C_CAEEL,2,NLS,Caenorhabditis elegans,6239,R05A10.4
sp|O45700|U375C_CAEEL,59,NSS,Caenorhabditis elegans,6239,R05A10.4
sp|O45731|YFC7_CAEEL,120,NIS,Caenorhabditis elegans,6239,T02E1.7
sp|O45731|YFC7_CAEEL,143,NYT,Caenorhabditis elegans,6239,T02E1.7
sp|O45830|NDX1_CAEEL,156,NIT,Caenorhabditis elegans,6239,ndx-1
sp|O45944|U375F_CAEEL,36,NLS,Caenorhabditis elegans,6239,Y45F10C.4
sp|O45944|U375F_CAEEL,62,NCT,Caenorhabditis elegans,6239,Y45F10C.4
sp|O45946|RL18_CAEEL,77,NKT,Caenorhabditis elegans,6239,rpl-18
sp|O61764|TBX32_CAEEL,7,NYS,Caenorhabditis elegans,6239,tbx-32
sp|O61764|TBX32_CAEEL,42,NIS,Caenorhabditis elegans,6239,tbx-32
sp|O61764|TBX32_CAEEL,175,NRS,Caenorhabditis elegans,6239,tbx-32
sp|O61764|TBX32_CAEEL,223,NDT,Caenorhabditis elegans,6239,tbx-32
sp|O61764|TBX32_CAEEL,324,NQT,Caenorhabditis elegans,6239,tbx-32
sp|O61764|TBX32_CAEEL,335,NQS,Caenorhabditis elegans,6239,tbx-32
sp|O61764|TBX32_CAEEL,397,NCT,Caenorhabditis elegans,6239,tbx-32
sp|O61764|TBX32_CAEEL,407,NNS,Caenorhabditis elegans,6239,tbx-32
sp|O61898|SRE12_CAEEL,8,NLS,Caenorhabditis elegans,6239,sre-12
sp|O61898|SRE12_CAEEL,56,NFT,Caenorhabditis elegans,6239,sre-12
sp|O61898|SRE12_CAEEL,164,NNT,Caenorhabditis elegans,6239,sre-12
sp|O61898|SRE12_CAEEL,201,NVS,Caenorhabditis elegans,6239,sre-12
sp|O62053|ULE4_CAEEL,23,NRS,Caenorhabditis elegans,6239,ule-4
sp|O62053|ULE4_CAEEL,58,NHS,Caenorhabditis elegans,6239,ule-4
sp|O62053|ULE4_CAEEL,71,NES,Caenorhabditis elegans,6239,ule-4
sp|O62126|TM41_CAEEL,66,NYS,Caenorhabditis elegans,6239,tag-175
sp|O62193|PSF2_CAEEL,139,NQT,Caenorhabditis elegans,6239,psf-2
sp|O62220|AN321_CAEEL,78,NAS,Caenorhabditis elegans,6239,F33H2.3
sp|O62251|MRM2_CAEEL,134,NAT,Caenorhabditis elegans,6239,F45G2.9
sp|O62252|U195_CAEEL,82,NFT,Caenorhabditis elegans,6239,F45G2.10
sp|O62266|SRE31_CAEEL,45,NLS,Caenorhabditis elegans,6239,sre-31
sp|O62266|SRE31_CAEEL,216,NKT,Caenorhabditis elegans,6239,sre-31
sp|O62267|SRE30_CAEEL,7,NSS,Caenorhabditis elegans,6239,sre-30
sp|O62267|SRE30_CAEEL,45,NLS,Caenorhabditis elegans,6239,sre-30
sp|O62267|SRE30_CAEEL,216,NQS,Caenorhabditis elegans,6239,sre-30
sp|O62267|SRE30_CAEEL,339,NSS,Caenorhabditis elegans,6239,sre-30
sp|O62269|SRE29_CAEEL,214,NES,Caenorhabditis elegans,6239,sre-29
sp|O62327|GPX2_CAEEL,126,NFT,Caenorhabditis elegans,6239,gpx-2
sp|O62367|SRA23_CAEEL,2,NKT,Caenorhabditis elegans,6239,sra-23
sp|O62367|SRA23_CAEEL,61,NST,Caenorhabditis elegans,6239,sra-23
sp|O62367|SRA23_CAEEL,241,NVT,Caenorhabditis elegans,6239,sra-23
sp|O62368|SRA24_CAEEL,2,NKT,Caenorhabditis elegans,6239,sra-24
sp|O62368|SRA24_CAEEL,61,NST,Caenorhabditis elegans,6239,sra-24
sp|O62420|SRA39_CAEEL,243,NVT,Caenorhabditis elegans,6239,sra-39
sp|O62420|SRA39_CAEEL,348,NWT,Caenorhabditis elegans,6239,sra-39
sp|O62488|SRE27_CAEEL,199,NGT,Caenorhabditis elegans,6239,sre-27
sp|O62488|SRE27_CAEEL,360,NES,Caenorhabditis elegans,6239,sre-27
sp|O62489|SRE26_CAEEL,9,NST,Caenorhabditis elegans,6239,sre-26
sp|O62489|SRE26_CAEEL,198,NAS,Caenorhabditis elegans,6239,sre-26
sp|O62518|YHPK_CAEEL,38,NNT,Caenorhabditis elegans,6239,ZK795.3
sp|O76387|PTH2_CAEEL,34,NAS,Caenorhabditis elegans,6239,C24G6.8
sp|O76387|PTH2_CAEEL,171,NES,Caenorhabditis elegans,6239,C24G6.8
sp|O76387|PTH2_CAEEL,208,NMS,Caenorhabditis elegans,6239,C24G6.8
sp|O76565|YFE5_CAEEL,72,NNS,Caenorhabditis elegans,6239,F13C5.5
sp|O76565|YFE5_CAEEL,127,NSS,Caenorhabditis elegans,6239,F13C5.5
sp|P02513|HSP17_CAEEL,39,NFS,Caenorhabditis elegans,6239,hsp-16.48
sp|P02513|HSP17_CAEEL,130,NSS,Caenorhabditis elegans,6239,hsp-16.48
sp|P04630|CALL_CAEEL,38,NGT,Caenorhabditis elegans,6239,cal-1
sp|P06581|HSP16_CAEEL,39,NFS,Caenorhabditis elegans,6239,hsp-16.41
sp|P06581|HSP16_CAEEL,130,NSS,Caenorhabditis elegans,6239,hsp-16.41
sp|P06582|HSP12_CAEEL,55,NVS,Caenorhabditis elegans,6239,hsp-16.2
sp|P06582|HSP12_CAEEL,110,NLS,Caenorhabditis elegans,6239,hsp-16.2
sp|P20269|HM05_CAEEL,18,NGS,Caenorhabditis elegans,6239,ceh-5
sp|P20269|HM05_CAEEL,55,NTS,Caenorhabditis elegans,6239,ceh-5
sp|P30629|YOU2_CAEEL,3,NST,Caenorhabditis elegans,6239,famh-136
sp|P30638|SVOP_CAEEL,15,NLT,Caenorhabditis elegans,6239,svop-1
sp|P30638|SVOP_CAEEL,357,NGT,Caenorhabditis elegans,6239,svop-1
sp|P30640|BUD13_CAEEL,126,NDS,Caenorhabditis elegans,6239,bud-13
sp|P30640|BUD13_CAEEL,197,NRS,Caenorhabditis elegans,6239,bud-13
sp|P30640|BUD13_CAEEL,446,NQS,Caenorhabditis elegans,6239,bud-13
sp|P30644|YNE5_CAEEL,129,NNT,Caenorhabditis elegans,6239,R08D7.5
sp|P30646|YNE7_CAEEL,33,NFS,Caenorhabditis elegans,6239,R08D7.7
sp|P30646|YNE7_CAEEL,52,NGS,Caenorhabditis elegans,6239,R08D7.7
sp|P30646|YNE7_CAEEL,332,NGS,Caenorhabditis elegans,6239,R08D7.7
sp|P30646|YNE7_CAEEL,344,NNS,Caenorhabditis elegans,6239,R08D7.7
sp|P30646|YNE7_CAEEL,490,NVS,Caenorhabditis elegans,6239,R08D7.7
sp|P30647|ARD15_CAEEL,203,NMS,Caenorhabditis elegans,6239,arrd-15
sp|P30647|ARD15_CAEEL,225,NRT,Caenorhabditis elegans,6239,arrd-15
sp|P30647|ARD15_CAEEL,347,NRS,Caenorhabditis elegans,6239,arrd-15
sp|P30652|YOW6_CAEEL,45,NST,Caenorhabditis elegans,6239,ZK643.6
sp|P30652|YOW6_CAEEL,77,NCT,Caenorhabditis elegans,6239,ZK643.6
sp|P30652|YOW6_CAEEL,152,NGT,Caenorhabditis elegans,6239,ZK643.6
sp|P30652|YOW6_CAEEL,158,NKT,Caenorhabditis elegans,6239,ZK643.6
sp|P34255|ECHH_CAEEL,207,NVS,Caenorhabditis elegans,6239,B0303.3
sp|P34255|ECHH_CAEEL,281,NAS,Caenorhabditis elegans,6239,B0303.3
sp|P34258|YKA7_CAEEL,149,NSS,Caenorhabditis elegans,6239,B0303.7
sp|P34258|YKA7_CAEEL,160,NST,Caenorhabditis elegans,6239,B0303.7
sp|P34258|YKA7_CAEEL,352,NNS,Caenorhabditis elegans,6239,B0303.7
sp|P34259|SDZ1_CAEEL,218,NTT,Caenorhabditis elegans,6239,sdz-1
sp|P34269|TYR1_CAEEL,25,NCS,Caenorhabditis elegans,6239,tyr-1
sp|P34272|SL173_CAEEL,44,NST,Caenorhabditis elegans,6239,slc-17.3
sp|P34272|SL173_CAEEL,61,NVS,Caenorhabditis elegans,6239,slc-17.3
sp|P34272|SL173_CAEEL,329,NGT,Caenorhabditis elegans,6239,slc-17.3
sp|P34276|YKJ2_CAEEL,35,NSS,Caenorhabditis elegans,6239,C02D5.2
sp|P34276|YKJ2_CAEEL,40,NWS,Caenorhabditis elegans,6239,C02D5.2
sp|P34276|YKJ2_CAEEL,289,NGS,Caenorhabditis elegans,6239,C02D5.2
sp|P34281|CIDS1_CAEEL,15,NLS,Caenorhabditis elegans,6239,cids-1
sp|P34281|CIDS1_CAEEL,33,NHS,Caenorhabditis elegans,6239,cids-1
sp|P34281|CIDS1_CAEEL,198,NIS,Caenorhabditis elegans,6239,cids-1
sp|P34281|CIDS1_CAEEL,237,NET,Caenorhabditis elegans,6239,cids-1
sp|P34286|PSB1_CAEEL,12,NAT,Caenorhabditis elegans,6239,pbs-6
sp|P34291|PQN8_CAEEL,371,NLS,Caenorhabditis elegans,6239,pqn-8
sp|P34291|PQN8_CAEEL,377,NES,Caenorhabditis elegans,6239,pqn-8
sp|P34302|YKQ7_CAEEL,153,NIS,Caenorhabditis elegans,6239,C06E1.7
sp|P34302|YKQ7_CAEEL,222,NVS,Caenorhabditis elegans,6239,C06E1.7
sp|P34303|ZTF30_CAEEL,27,NGT,Caenorhabditis elegans,6239,ztf-30
sp|P34303|ZTF30_CAEEL,133,NDS,Caenorhabditis elegans,6239,ztf-30
sp|P34303|ZTF30_CAEEL,139,NNS,Caenorhabditis elegans,6239,ztf-30
sp|P34303|ZTF30_CAEEL,149,NRS,Caenorhabditis elegans,6239,ztf-30
sp|P34303|ZTF30_CAEEL,389,NNT,Caenorhabditis elegans,6239,ztf-30
sp|P34307|YKR1_CAEEL,90,NRS,Caenorhabditis elegans,6239,C06G4.1
sp|P34307|YKR1_CAEEL,391,NES,Caenorhabditis elegans,6239,C06G4.1
sp|P34307|YKR1_CAEEL,395,NSS,Caenorhabditis elegans,6239,C06G4.1
sp|P34307|YKR1_CAEEL,860,NLS,Caenorhabditis elegans,6239,C06G4.1
sp|P34311|YKR5_CAEEL,15,NQS,Caenorhabditis elegans,6239,C06G4.5
sp|P34311|YKR5_CAEEL,309,NSS,Caenorhabditis elegans,6239,C06G4.5
sp|P34311|YKR5_CAEEL,353,NRS,Caenorhabditis elegans,6239,C06G4.5
sp|P34311|YKR5_CAEEL,356,NST,Caenorhabditis elegans,6239,C06G4.5
sp|P34311|YKR5_CAEEL,387,NGS,Caenorhabditis elegans,6239,C06G4.5
sp|P34312|CL162_CAEEL,28,NAT,Caenorhabditis elegans,6239,clec-162
sp|P34312|CL162_CAEEL,41,NFT,Caenorhabditis elegans,6239,clec-162
sp|P34312|CL162_CAEEL,213,NIS,Caenorhabditis elegans,6239,clec-162
sp|P34312|CL162_CAEEL,279,NGS,Caenorhabditis elegans,6239,clec-162
sp|P34312|CL162_CAEEL,300,NET,Caenorhabditis elegans,6239,clec-162
sp|P34315|NCX6_CAEEL,60,NST,Caenorhabditis elegans,6239,ncx-6
sp|P34317|UGT60_CAEEL,312,NTT,Caenorhabditis elegans,6239,ugt-60
sp|P34318|SET3_CAEEL,68,NAS,Caenorhabditis elegans,6239,set-3
sp|P34318|SET3_CAEEL,231,NHS,Caenorhabditis elegans,6239,set-3
sp|P34318|SET3_CAEEL,237,NIS,Caenorhabditis elegans,6239,set-3
sp|P34318|SET3_CAEEL,315,NAS,Caenorhabditis elegans,6239,set-3
sp|P34318|SET3_CAEEL,442,NRT,Caenorhabditis elegans,6239,set-3
sp|P34319|BEST5_CAEEL,308,NKT,Caenorhabditis elegans,6239,best-5
sp|P34322|NCX7_CAEEL,34,NCS,Caenorhabditis elegans,6239,ncx-7
sp|P34322|NCX7_CAEEL,47,NKT,Caenorhabditis elegans,6239,ncx-7
sp|P34322|NCX7_CAEEL,256,NST,Caenorhabditis elegans,6239,ncx-7
sp|P34325|CYK7_CAEEL,4,NLS,Caenorhabditis elegans,6239,cyk-7
sp|P34325|CYK7_CAEEL,49,NRS,Caenorhabditis elegans,6239,cyk-7
sp|P34325|CYK7_CAEEL,110,NVS,Caenorhabditis elegans,6239,cyk-7
sp|P34325|CYK7_CAEEL,137,NAT,Caenorhabditis elegans,6239,cyk-7
sp|P34325|CYK7_CAEEL,166,NSS,Caenorhabditis elegans,6239,cyk-7
sp|P34334|RL21_CAEEL,66,NVT,Caenorhabditis elegans,6239,rpl-21
sp|P34335|KPBA_CAEEL,199,NAS,Caenorhabditis elegans,6239,C14B9.8
sp|P34335|KPBA_CAEEL,315,NKS,Caenorhabditis elegans,6239,C14B9.8
sp|P34335|KPBA_CAEEL,496,NLS,Caenorhabditis elegans,6239,C14B9.8
sp|P34335|KPBA_CAEEL,768,NET,Caenorhabditis elegans,6239,C14B9.8
sp|P34335|KPBA_CAEEL,793,NET,Caenorhabditis elegans,6239,C14B9.8
sp|P34335|KPBA_CAEEL,956,NIS,Caenorhabditis elegans,6239,C14B9.8
sp|P34335|KPBA_CAEEL,1088,NDT,Caenorhabditis elegans,6239,C14B9.8
sp|P34335|KPBA_CAEEL,1188,NNT,Caenorhabditis elegans,6239,C14B9.8
sp|P34337|YK13_CAEEL,188,NRT,Caenorhabditis elegans,6239,C15H7.3
sp|P34337|YK13_CAEEL,319,NGT,Caenorhabditis elegans,6239,C15H7.3
sp|P34337|YK13_CAEEL,379,NNS,Caenorhabditis elegans,6239,C15H7.3
sp|P34344|TG250_CAEEL,98,NTS,Caenorhabditis elegans,6239,tag-250
sp|P34344|TG250_CAEEL,220,NGT,Caenorhabditis elegans,6239,tag-250
sp|P34344|TG250_CAEEL,308,NLT,Caenorhabditis elegans,6239,tag-250
sp|P34344|TG250_CAEEL,489,NST,Caenorhabditis elegans,6239,tag-250
sp|P34349|PHOCN_CAEEL,7,NRT,Caenorhabditis elegans,6239,mob-4
sp|P34349|PHOCN_CAEEL,24,NWS,Caenorhabditis elegans,6239,mob-4
sp|P34349|PHOCN_CAEEL,183,NET,Caenorhabditis elegans,6239,mob-4
sp|P34352|YK86_CAEEL,247,NES,Caenorhabditis elegans,6239,C30A5.10
sp|P34352|YK86_CAEEL,389,NAS,Caenorhabditis elegans,6239,C30A5.10
sp|P34352|YK86_CAEEL,529,NIS,Caenorhabditis elegans,6239,C30A5.10
sp|P34352|YK86_CAEEL,601,NYS,Caenorhabditis elegans,6239,C30A5.10
sp|P34352|YK86_CAEEL,720,NLT,Caenorhabditis elegans,6239,C30A5.10
sp|P34352|YK86_CAEEL,974,NTS,Caenorhabditis elegans,6239,C30A5.10
sp|P34367|YLJ2_CAEEL,1003,NLT,Caenorhabditis elegans,6239,C50C3.2/C50C3.3
sp|P34367|YLJ2_CAEEL,1069,NVS,Caenorhabditis elegans,6239,C50C3.2/C50C3.3
sp|P34367|YLJ2_CAEEL,1361,NDS,Caenorhabditis elegans,6239,C50C3.2/C50C3.3
sp|P34367|YLJ2_CAEEL,1395,NKT,Caenorhabditis elegans,6239,C50C3.2/C50C3.3
sp|P34367|YLJ2_CAEEL,1836,NST,Caenorhabditis elegans,6239,C50C3.2/C50C3.3
sp|P34367|YLJ2_CAEEL,2139,NFS,Caenorhabditis elegans,6239,C50C3.2/C50C3.3
sp|P34368|YLJ5_CAEEL,156,NIT,Caenorhabditis elegans,6239,C50C3.5
sp|P34388|RT09_CAEEL,161,NRS,Caenorhabditis elegans,6239,mrps-9
sp|P34388|RT09_CAEEL,169,NLS,Caenorhabditis elegans,6239,mrps-9
sp|P34393|CL160_CAEEL,116,NTT,Caenorhabditis elegans,6239,clec-160
sp|P34393|CL160_CAEEL,454,NFT,Caenorhabditis elegans,6239,clec-160
sp|P34394|MPS4_CAEEL,69,NSS,Caenorhabditis elegans,6239,mps-4
sp|P34399|YLU5_CAEEL,49,NLS,Caenorhabditis elegans,6239,F10E9.5
sp|P34399|YLU5_CAEEL,147,NAS,Caenorhabditis elegans,6239,F10E9.5
sp|P34416|LASP1_CAEEL,82,NQS,Caenorhabditis elegans,6239,F42H10.3
sp|P34416|LASP1_CAEEL,120,NVS,Caenorhabditis elegans,6239,F42H10.3
sp|P34419|YLZ6_CAEEL,165,NGT,Caenorhabditis elegans,6239,F42H10.6
sp|P34426|AUP1_CAEEL,243,NES,Caenorhabditis elegans,6239,F44B9.5
sp|P34429|RFC5_CAEEL,17,NLT,Caenorhabditis elegans,6239,F44B9.8
sp|P34429|RFC5_CAEEL,59,NRT,Caenorhabditis elegans,6239,F44B9.8
sp|P34429|RFC5_CAEEL,100,NAS,Caenorhabditis elegans,6239,F44B9.8
sp|P34429|RFC5_CAEEL,329,NLS,Caenorhabditis elegans,6239,F44B9.8
sp|P34429|RFC5_CAEEL,336,NET,Caenorhabditis elegans,6239,F44B9.8
sp|P34434|YL54_CAEEL,79,NCS,Caenorhabditis elegans,6239,F44E2.4
sp|P34434|YL54_CAEEL,98,NMS,Caenorhabditis elegans,6239,F44E2.4
sp|P34434|YL54_CAEEL,263,NTS,Caenorhabditis elegans,6239,F44E2.4
sp|P34434|YL54_CAEEL,305,NYS,Caenorhabditis elegans,6239,F44E2.4
sp|P34434|YL54_CAEEL,345,NAT,Caenorhabditis elegans,6239,F44E2.4
sp|P34434|YL54_CAEEL,459,NST,Caenorhabditis elegans,6239,F44E2.4
sp|P34434|YL54_CAEEL,865,NLT,Caenorhabditis elegans,6239,F44E2.4
sp|P34434|YL54_CAEEL,910,NLS,Caenorhabditis elegans,6239,F44E2.4
sp|P34434|YL54_CAEEL,938,NLS,Caenorhabditis elegans,6239,F44E2.4
sp|P34434|YL54_CAEEL,1087,NQT,Caenorhabditis elegans,6239,F44E2.4
sp|P34434|YL54_CAEEL,1201,NAS,Caenorhabditis elegans,6239,F44E2.4
sp|P34437|YL57_CAEEL,318,NAT,Caenorhabditis elegans,6239,F44E2.7
sp|P34437|YL57_CAEEL,380,NAT,Caenorhabditis elegans,6239,F44E2.7
sp|P34439|HCDH1_CAEEL,88,NVS,Caenorhabditis elegans,6239,F54C8.1
sp|P34439|HCDH1_CAEEL,130,NTS,Caenorhabditis elegans,6239,F54C8.1
sp|P34445|YL87_CAEEL,26,NDS,Caenorhabditis elegans,6239,F54C8.7
sp|P34445|YL87_CAEEL,119,NFS,Caenorhabditis elegans,6239,F54C8.7
sp|P34445|YL87_CAEEL,185,NQT,Caenorhabditis elegans,6239,F54C8.7
sp|P34450|ZTF1_CAEEL,128,NES,Caenorhabditis elegans,6239,ztf-1
sp|P34450|ZTF1_CAEEL,193,NGS,Caenorhabditis elegans,6239,ztf-1
sp|P34450|ZTF1_CAEEL,387,NTS,Caenorhabditis elegans,6239,ztf-1
sp|P34450|ZTF1_CAEEL,525,NSS,Caenorhabditis elegans,6239,ztf-1
sp|P34454|YMA9_CAEEL,314,NRS,Caenorhabditis elegans,6239,F54F2.9
sp|P34454|YMA9_CAEEL,412,NDT,Caenorhabditis elegans,6239,F54F2.9
sp|P34457|YMD3_CAEEL,96,NRT,Caenorhabditis elegans,6239,F54H12.3
sp|P34457|YMD3_CAEEL,127,NNS,Caenorhabditis elegans,6239,F54H12.3
sp|P34457|YMD3_CAEEL,190,NST,Caenorhabditis elegans,6239,F54H12.3
sp|P34462|VATD_CAEEL,88,NVS,Caenorhabditis elegans,6239,vha-14
sp|P34466|CLU_CAEEL,27,NDS,Caenorhabditis elegans,6239,clu-1
sp|P34466|CLU_CAEEL,96,NGT,Caenorhabditis elegans,6239,clu-1
sp|P34466|CLU_CAEEL,102,NYS,Caenorhabditis elegans,6239,clu-1
sp|P34466|CLU_CAEEL,255,NNS,Caenorhabditis elegans,6239,clu-1
sp|P34466|CLU_CAEEL,270,NKT,Caenorhabditis elegans,6239,clu-1
sp|P34466|CLU_CAEEL,283,NVS,Caenorhabditis elegans,6239,clu-1
sp|P34466|CLU_CAEEL,916,NST,Caenorhabditis elegans,6239,clu-1
sp|P34466|CLU_CAEEL,1157,NES,Caenorhabditis elegans,6239,clu-1
sp|P34466|CLU_CAEEL,1182,NST,Caenorhabditis elegans,6239,clu-1
sp|P34466|CLU_CAEEL,1185,NIT,Caenorhabditis elegans,6239,clu-1
sp|P34466|CLU_CAEEL,1226,NGT,Caenorhabditis elegans,6239,clu-1
sp|P34466|CLU_CAEEL,1243,NET,Caenorhabditis elegans,6239,clu-1
sp|P34472|CL161_CAEEL,22,NRT,Caenorhabditis elegans,6239,clec-161
sp|P34472|CL161_CAEEL,91,NST,Caenorhabditis elegans,6239,clec-161
sp|P34472|CL161_CAEEL,222,NES,Caenorhabditis elegans,6239,clec-161
sp|P34472|CL161_CAEEL,258,NLS,Caenorhabditis elegans,6239,clec-161
sp|P34472|CL161_CAEEL,279,NSS,Caenorhabditis elegans,6239,clec-161
sp|P34472|CL161_CAEEL,352,NTS,Caenorhabditis elegans,6239,clec-161
sp|P34472|CL161_CAEEL,559,NAT,Caenorhabditis elegans,6239,clec-161
sp|P34472|CL161_CAEEL,765,NYT,Caenorhabditis elegans,6239,clec-161
sp|P34472|CL161_CAEEL,831,NKT,Caenorhabditis elegans,6239,clec-161
sp|P34472|CL161_CAEEL,846,NGT,Caenorhabditis elegans,6239,clec-161
sp|P34472|CL161_CAEEL,857,NSS,Caenorhabditis elegans,6239,clec-161
sp|P34480|NAGA_CAEEL,140,NAS,Caenorhabditis elegans,6239,F59B2.3
sp|P34480|NAGA_CAEEL,338,NTT,Caenorhabditis elegans,6239,F59B2.3
sp|P34480|NAGA_CAEEL,400,NVT,Caenorhabditis elegans,6239,F59B2.3
sp|P34481|PS11B_CAEEL,239,NAT,Caenorhabditis elegans,6239,rpn-6.2
sp|P34481|PS11B_CAEEL,255,NET,Caenorhabditis elegans,6239,rpn-6.2
sp|P34488|YMJC_CAEEL,3,NNT,Caenorhabditis elegans,6239,F59B2.13
sp|P34488|YMJC_CAEEL,52,NLT,Caenorhabditis elegans,6239,F59B2.13
sp|P34488|YMJC_CAEEL,116,NWS,Caenorhabditis elegans,6239,F59B2.13
sp|P34488|YMJC_CAEEL,183,NGT,Caenorhabditis elegans,6239,F59B2.13
sp|P34488|YMJC_CAEEL,406,NSS,Caenorhabditis elegans,6239,F59B2.13
sp|P34490|SRX45_CAEEL,317,NIS,Caenorhabditis elegans,6239,srx-45
sp|P34492|YMQ1_CAEEL,56,NNS,Caenorhabditis elegans,6239,K02D10.1
sp|P34492|YMQ1_CAEEL,271,NES,Caenorhabditis elegans,6239,K02D10.1
sp|P34492|YMQ1_CAEEL,486,NDT,Caenorhabditis elegans,6239,K02D10.1
sp|P34497|GLNA_CAEEL,261,NFS,Caenorhabditis elegans,6239,gln-2
sp|P34499|TTR3_CAEEL,77,NLS,Caenorhabditis elegans,6239,ttr-3
sp|P34500|TTR2_CAEEL,77,NLS,Caenorhabditis elegans,6239,ttr-2
sp|P34502|TTR1_CAEEL,77,NMS,Caenorhabditis elegans,6239,ttr-1
sp|P34502|TTR1_CAEEL,125,NET,Caenorhabditis elegans,6239,ttr-1
sp|P34502|TTR1_CAEEL,151,NLT,Caenorhabditis elegans,6239,ttr-1
sp|P34504|YMV2_CAEEL,207,NNT,Caenorhabditis elegans,6239,K04H4.2
sp|P34504|YMV2_CAEEL,359,NCT,Caenorhabditis elegans,6239,K04H4.2
sp|P34504|YMV2_CAEEL,725,NST,Caenorhabditis elegans,6239,K04H4.2
sp|P34504|YMV2_CAEEL,740,NNT,Caenorhabditis elegans,6239,K04H4.2
sp|P34504|YMV2_CAEEL,746,NSS,Caenorhabditis elegans,6239,K04H4.2
sp|P34504|YMV2_CAEEL,1344,NGS,Caenorhabditis elegans,6239,K04H4.2
sp|P34519|TXTP_CAEEL,118,NLS,Caenorhabditis elegans,6239,K11H3.3
sp|P34520|YM44_CAEEL,18,NTS,Caenorhabditis elegans,6239,K11H3.4
sp|P34520|YM44_CAEEL,191,NFS,Caenorhabditis elegans,6239,K11H3.4
sp|P34520|YM44_CAEEL,201,NRS,Caenorhabditis elegans,6239,K11H3.4
sp|P34523|YM62_CAEEL,56,NLS,Caenorhabditis elegans,6239,K12H4.2
sp|P34523|YM62_CAEEL,124,NGS,Caenorhabditis elegans,6239,K12H4.2
sp|P34524|BRX1_CAEEL,114,NCT,Caenorhabditis elegans,6239,K12H4.3
sp|P34524|BRX1_CAEEL,210,NFS,Caenorhabditis elegans,6239,K12H4.3
sp|P34528|YM67_CAEEL,234,NST,Caenorhabditis elegans,6239,K12H4.7
sp|P34528|YM67_CAEEL,473,NGT,Caenorhabditis elegans,6239,K12H4.7
sp|P34530|YM91_CAEEL,180,NIT,Caenorhabditis elegans,6239,M01A8.1
sp|P34530|YM91_CAEEL,242,NET,Caenorhabditis elegans,6239,M01A8.1
sp|P34535|YNC2_CAEEL,169,NVS,Caenorhabditis elegans,6239,R05D3.2
sp|P34535|YNC2_CAEEL,298,NSS,Caenorhabditis elegans,6239,R05D3.2
sp|P34535|YNC2_CAEEL,361,NDS,Caenorhabditis elegans,6239,R05D3.2
sp|P34535|YNC2_CAEEL,377,NST,Caenorhabditis elegans,6239,R05D3.2
sp|P34535|YNC2_CAEEL,638,NSS,Caenorhabditis elegans,6239,R05D3.2
sp|P34541|YNC8_CAEEL,255,NHT,Caenorhabditis elegans,6239,R05D3.8
sp|P34550|YNJ6_CAEEL,153,NTS,Caenorhabditis elegans,6239,R10E11.6
sp|P34550|YNJ6_CAEEL,225,NET,Caenorhabditis elegans,6239,R10E11.6
sp|P34551|SRX10_CAEEL,269,NLS,Caenorhabditis elegans,6239,srxa-10
sp|P34558|YNP5_CAEEL,160,NIS,Caenorhabditis elegans,6239,T05G5.5
sp|P34562|GCC2_CAEEL,49,NQT,Caenorhabditis elegans,6239,gcc-2
sp|P34562|GCC2_CAEEL,173,NNT,Caenorhabditis elegans,6239,gcc-2
sp|P34562|GCC2_CAEEL,419,NGS,Caenorhabditis elegans,6239,gcc-2
sp|P34571|SRT55_CAEEL,260,NTS,Caenorhabditis elegans,6239,srt-55
sp|P34571|SRT55_CAEEL,355,NST,Caenorhabditis elegans,6239,srt-55
sp|P34572|YNV9_CAEEL,116,NST,Caenorhabditis elegans,6239,T16H12.9
sp|P34572|YNV9_CAEEL,174,NNT,Caenorhabditis elegans,6239,T16H12.9
sp|P34572|YNV9_CAEEL,298,NHT,Caenorhabditis elegans,6239,T16H12.9
sp|P34577|BST18_CAEEL,6,NQS,Caenorhabditis elegans,6239,best-18
sp|P34600|YO61_CAEEL,631,NGT,Caenorhabditis elegans,6239,ZK1098.1
sp|P34600|YO61_CAEEL,661,NNS,Caenorhabditis elegans,6239,ZK1098.1
sp|P34603|YO63_CAEEL,258,NLS,Caenorhabditis elegans,6239,ZK1098.3
sp|P34603|YO63_CAEEL,559,NLS,Caenorhabditis elegans,6239,ZK1098.3
sp|P34603|YO63_CAEEL,649,NIS,Caenorhabditis elegans,6239,ZK1098.3
sp|P34610|PCP1_CAEEL,69,NNT,Caenorhabditis elegans,6239,pcp-1
sp|P34610|PCP1_CAEEL,107,NAS,Caenorhabditis elegans,6239,pcp-1
sp|P34610|PCP1_CAEEL,126,NQS,Caenorhabditis elegans,6239,pcp-1
sp|P34610|PCP1_CAEEL,240,NAT,Caenorhabditis elegans,6239,pcp-1
sp|P34610|PCP1_CAEEL,244,NLS,Caenorhabditis elegans,6239,pcp-1
sp|P34610|PCP1_CAEEL,257,NNT,Caenorhabditis elegans,6239,pcp-1
sp|P34610|PCP1_CAEEL,271,NQT,Caenorhabditis elegans,6239,pcp-1
sp|P34610|PCP1_CAEEL,319,NGT,Caenorhabditis elegans,6239,pcp-1
sp|P34610|PCP1_CAEEL,347,NFT,Caenorhabditis elegans,6239,pcp-1
sp|P34639|YOQ1_CAEEL,62,NGS,Caenorhabditis elegans,6239,ZK512.1
sp|P34639|YOQ1_CAEEL,116,NRT,Caenorhabditis elegans,6239,ZK512.1
sp|P34639|YOQ1_CAEEL,127,NST,Caenorhabditis elegans,6239,ZK512.1
sp|P34641|CED11_CAEEL,172,NDS,Caenorhabditis elegans,6239,ced-11
sp|P34641|CED11_CAEEL,475,NDS,Caenorhabditis elegans,6239,ced-11
sp|P34641|CED11_CAEEL,581,NMT,Caenorhabditis elegans,6239,ced-11
sp|P34641|CED11_CAEEL,946,NLS,Caenorhabditis elegans,6239,ced-11
sp|P34641|CED11_CAEEL,1124,NKS,Caenorhabditis elegans,6239,ced-11
sp|P34641|CED11_CAEEL,1302,NSS,Caenorhabditis elegans,6239,ced-11
sp|P34641|CED11_CAEEL,1345,NDT,Caenorhabditis elegans,6239,ced-11
sp|P34641|CED11_CAEEL,1361,NDT,Caenorhabditis elegans,6239,ced-11
sp|P34642|SRP09_CAEEL,32,NHT,Caenorhabditis elegans,6239,ZK512.4
sp|P34648|YOT2_CAEEL,104,NST,Caenorhabditis elegans,6239,ZK632.2
sp|P34656|YOTA_CAEEL,432,NNS,Caenorhabditis elegans,6239,ZK632.11
sp|P34657|YOTB_CAEEL,243,NGS,Caenorhabditis elegans,6239,ZK632.12
sp|P34657|YOTB_CAEEL,250,NES,Caenorhabditis elegans,6239,ZK632.12
sp|P34662|RL35_CAEEL,62,NQT,Caenorhabditis elegans,6239,rpl-35
sp|P34672|BST24_CAEEL,265,NKT,Caenorhabditis elegans,6239,best-24
sp|P34672|BST24_CAEEL,314,NIT,Caenorhabditis elegans,6239,best-24
sp|P34672|BST24_CAEEL,476,NNS,Caenorhabditis elegans,6239,best-24
sp|P34675|YO25_CAEEL,71,NST,Caenorhabditis elegans,6239,ZK688.5
sp|P34675|YO25_CAEEL,239,NIS,Caenorhabditis elegans,6239,ZK688.5
sp|P34675|YO25_CAEEL,258,NCT,Caenorhabditis elegans,6239,ZK688.5
sp|P34675|YO25_CAEEL,323,NLS,Caenorhabditis elegans,6239,ZK688.5
sp|P34675|YO25_CAEEL,364,NQT,Caenorhabditis elegans,6239,ZK688.5
sp|P34675|YO25_CAEEL,710,NES,Caenorhabditis elegans,6239,ZK688.5
sp|P34675|YO25_CAEEL,744,NES,Caenorhabditis elegans,6239,ZK688.5
sp|P34675|YO25_CAEEL,789,NQT,Caenorhabditis elegans,6239,ZK688.5
sp|P34675|YO25_CAEEL,1090,NCT,Caenorhabditis elegans,6239,ZK688.5
sp|P34675|YO25_CAEEL,1150,NYS,Caenorhabditis elegans,6239,ZK688.5
sp|P34675|YO25_CAEEL,1197,NIS,Caenorhabditis elegans,6239,ZK688.5
sp|P34675|YO25_CAEEL,1205,NHT,Caenorhabditis elegans,6239,ZK688.5
sp|P34675|YO25_CAEEL,1228,NAS,Caenorhabditis elegans,6239,ZK688.5
sp|P34675|YO25_CAEEL,1232,NTT,Caenorhabditis elegans,6239,ZK688.5
sp|P34675|YO25_CAEEL,1237,NQS,Caenorhabditis elegans,6239,ZK688.5
sp|P34675|YO25_CAEEL,1249,NRS,Caenorhabditis elegans,6239,ZK688.5
sp|P34675|YO25_CAEEL,1528,NES,Caenorhabditis elegans,6239,ZK688.5
sp|P34679|YO41_CAEEL,5,NIS,Caenorhabditis elegans,6239,ZK757.1
sp|P34680|YO42_CAEEL,65,NET,Caenorhabditis elegans,6239,ZK757.2
sp|P34680|YO42_CAEEL,194,NLS,Caenorhabditis elegans,6239,ZK757.2
sp|P34680|YO42_CAEEL,202,NDT,Caenorhabditis elegans,6239,ZK757.2
sp|P34680|YO42_CAEEL,214,NDT,Caenorhabditis elegans,6239,ZK757.2
sp|P34890|SPE17_CAEEL,66,NLT,Caenorhabditis elegans,6239,spe-17
sp|P36609|NCS2_CAEEL,23,NFT,Caenorhabditis elegans,6239,ncs-2
sp|P36609|NCS2_CAEEL,92,NVT,Caenorhabditis elegans,6239,ncs-2
sp|P36609|NCS2_CAEEL,115,NGT,Caenorhabditis elegans,6239,ncs-2
sp|P41843|YO93_CAEEL,342,NCS,Caenorhabditis elegans,6239,T20B12.3
sp|P41843|YO93_CAEEL,388,NQS,Caenorhabditis elegans,6239,T20B12.3
sp|P41879|YPT1_CAEEL,222,NQS,Caenorhabditis elegans,6239,F37A4.1
sp|P41880|YPT2_CAEEL,139,NES,Caenorhabditis elegans,6239,F37A4.2
sp|P41880|YPT2_CAEEL,159,NES,Caenorhabditis elegans,6239,F37A4.2
sp|P41883|YPT5_CAEEL,30,NIS,Caenorhabditis elegans,6239,F37A4.5
sp|P41883|YPT5_CAEEL,66,NVT,Caenorhabditis elegans,6239,F37A4.5
sp|P41883|YPT5_CAEEL,233,NMS,Caenorhabditis elegans,6239,F37A4.5
sp|P41883|YPT5_CAEEL,302,NDS,Caenorhabditis elegans,6239,F37A4.5
sp|P41938|HCDH2_CAEEL,24,NVT,Caenorhabditis elegans,6239,B0272.3
sp|P41938|HCDH2_CAEEL,47,NVT,Caenorhabditis elegans,6239,B0272.3
sp|P41938|HCDH2_CAEEL,54,NQS,Caenorhabditis elegans,6239,B0272.3
sp|P41938|HCDH2_CAEEL,100,NVS,Caenorhabditis elegans,6239,B0272.3
sp|P41938|HCDH2_CAEEL,142,NTS,Caenorhabditis elegans,6239,B0272.3
sp|P41991|PES10_CAEEL,202,NES,Caenorhabditis elegans,6239,pes-10
sp|P41994|RPIA_CAEEL,57,NGS,Caenorhabditis elegans,6239,rpia-1
sp|P41994|RPIA_CAEEL,201,NVS,Caenorhabditis elegans,6239,rpia-1
sp|P42000|UTP18_CAEEL,162,NFS,Caenorhabditis elegans,6239,B0280.9
sp|P42000|UTP18_CAEEL,254,NAS,Caenorhabditis elegans,6239,B0280.9
sp|P42000|UTP18_CAEEL,333,NST,Caenorhabditis elegans,6239,B0280.9
sp|P42000|UTP18_CAEEL,342,NVS,Caenorhabditis elegans,6239,B0280.9
sp|P42083|YKCA_CAEEL,62,NKT,Caenorhabditis elegans,6239,B0280.11
sp|P42083|YKCA_CAEEL,437,NTT,Caenorhabditis elegans,6239,B0280.11
sp|P43509|CPR5_CAEEL,297,NGT,Caenorhabditis elegans,6239,cpr-5
sp|P45969|SDS22_CAEEL,297,NDT,Caenorhabditis elegans,6239,sds-22
sp|P46012|YKI5_CAEEL,14,NSS,Caenorhabditis elegans,6239,C01G6.5
sp|P46012|YKI5_CAEEL,91,NGT,Caenorhabditis elegans,6239,C01G6.5
sp|P46012|YKI5_CAEEL,120,NGS,Caenorhabditis elegans,6239,C01G6.5
sp|P46012|YKI5_CAEEL,270,NGT,Caenorhabditis elegans,6239,C01G6.5
sp|P46012|YKI5_CAEEL,275,NDS,Caenorhabditis elegans,6239,C01G6.5
sp|P46012|YKI5_CAEEL,387,NES,Caenorhabditis elegans,6239,C01G6.5
sp|P46012|YKI5_CAEEL,401,NIS,Caenorhabditis elegans,6239,C01G6.5
sp|P46012|YKI5_CAEEL,665,NTT,Caenorhabditis elegans,6239,C01G6.5
sp|P46499|YLX3_CAEEL,47,NFS,Caenorhabditis elegans,6239,F23F12.3/F23F12.1
sp|P46499|YLX3_CAEEL,67,NCS,Caenorhabditis elegans,6239,F23F12.3/F23F12.1
sp|P46500|SDZ15_CAEEL,95,NGT,Caenorhabditis elegans,6239,sdz-15
sp|P46500|SDZ15_CAEEL,178,NIT,Caenorhabditis elegans,6239,sdz-15
sp|P46500|SDZ15_CAEEL,220,NFS,Caenorhabditis elegans,6239,sdz-15
sp|P46500|SDZ15_CAEEL,254,NNS,Caenorhabditis elegans,6239,sdz-15
sp|P46502|PRS6B_CAEEL,17,NTS,Caenorhabditis elegans,6239,rpt-3
sp|P46502|PRS6B_CAEEL,349,NLS,Caenorhabditis elegans,6239,rpt-3
sp|P46505|BZIP8_CAEEL,35,NVS,Caenorhabditis elegans,6239,zip-8
sp|P46505|BZIP8_CAEEL,45,NTS,Caenorhabditis elegans,6239,zip-8
sp|P46505|BZIP8_CAEEL,93,NQT,Caenorhabditis elegans,6239,zip-8
sp|P46506|SRB11_CAEEL,2,NYS,Caenorhabditis elegans,6239,srb-11
sp|P46506|SRB11_CAEEL,171,NVS,Caenorhabditis elegans,6239,srb-11
sp|P46506|SRB11_CAEEL,219,NSS,Caenorhabditis elegans,6239,srb-11
sp|P46506|SRB11_CAEEL,342,NVT,Caenorhabditis elegans,6239,srb-11
sp|P46548|NMT_CAEEL,225,NVT,Caenorhabditis elegans,6239,nmt-1
sp|P46548|NMT_CAEEL,390,NDS,Caenorhabditis elegans,6239,nmt-1
sp|P46550|TCPZ_CAEEL,23,NIS,Caenorhabditis elegans,6239,cct-6
sp|P46550|TCPZ_CAEEL,234,NVS,Caenorhabditis elegans,6239,cct-6
sp|P46550|TCPZ_CAEEL,501,NVT,Caenorhabditis elegans,6239,cct-6
sp|P46554|LCMT1_CAEEL,61,NSS,Caenorhabditis elegans,6239,lcmt-1
sp|P46554|LCMT1_CAEEL,65,NVS,Caenorhabditis elegans,6239,lcmt-1
sp|P46556|YKG6_CAEEL,226,NST,Caenorhabditis elegans,6239,B0285.6
sp|P46556|YKG6_CAEEL,435,NST,Caenorhabditis elegans,6239,B0285.6
sp|P46556|YKG6_CAEEL,565,NMT,Caenorhabditis elegans,6239,B0285.6
sp|P46556|YKG6_CAEEL,569,NSS,Caenorhabditis elegans,6239,B0285.6
sp|P46557|MNP1_CAEEL,54,NAT,Caenorhabditis elegans,6239,mnp-1
sp|P46557|MNP1_CAEEL,183,NIT,Caenorhabditis elegans,6239,mnp-1
sp|P46557|MNP1_CAEEL,341,NVS,Caenorhabditis elegans,6239,mnp-1
sp|P46557|MNP1_CAEEL,375,NTT,Caenorhabditis elegans,6239,mnp-1
sp|P46557|MNP1_CAEEL,520,NET,Caenorhabditis elegans,6239,mnp-1
sp|P46558|CKB1_CAEEL,225,NST,Caenorhabditis elegans,6239,ckb-1
sp|P46560|CKB3_CAEEL,38,NRS,Caenorhabditis elegans,6239,ckb-3
sp|P46560|CKB3_CAEEL,225,NST,Caenorhabditis elegans,6239,ckb-3
sp|P46560|CKB3_CAEEL,237,NAS,Caenorhabditis elegans,6239,ckb-3
sp|P46560|CKB3_CAEEL,299,NIS,Caenorhabditis elegans,6239,ckb-3
sp|P46562|AL7A1_CAEEL,25,NDS,Caenorhabditis elegans,6239,alh-9
sp|P46562|AL7A1_CAEEL,63,NNS,Caenorhabditis elegans,6239,alh-9
sp|P46562|AL7A1_CAEEL,517,NYS,Caenorhabditis elegans,6239,alh-9
sp|P46564|SRV1_CAEEL,85,NWS,Caenorhabditis elegans,6239,srv-1
sp|P46564|SRV1_CAEEL,267,NSS,Caenorhabditis elegans,6239,srv-1
sp|P46565|SRG8_CAEEL,4,NSS,Caenorhabditis elegans,6239,srg-8
sp|P46565|SRG8_CAEEL,146,NFS,Caenorhabditis elegans,6239,srg-8
sp|P46566|SRG9_CAEEL,4,NST,Caenorhabditis elegans,6239,srg-9
sp|P46566|SRG9_CAEEL,19,NYS,Caenorhabditis elegans,6239,srg-9
sp|P46566|SRG9_CAEEL,151,NLS,Caenorhabditis elegans,6239,srg-9
sp|P46566|SRG9_CAEEL,330,NGT,Caenorhabditis elegans,6239,srg-9
sp|P46567|SRG13_CAEEL,10,NIS,Caenorhabditis elegans,6239,srg-13
sp|P46567|SRG13_CAEEL,289,NFS,Caenorhabditis elegans,6239,srg-13
sp|P46567|SRG13_CAEEL,323,NST,Caenorhabditis elegans,6239,srg-13
sp|P46568|SRG10_CAEEL,2,NSS,Caenorhabditis elegans,6239,srg-10
sp|P46568|SRG10_CAEEL,11,NFS,Caenorhabditis elegans,6239,srg-10
sp|P46568|SRG10_CAEEL,200,NIS,Caenorhabditis elegans,6239,srg-10
sp|P46569|SRG11_CAEEL,7,NIS,Caenorhabditis elegans,6239,srg-11
sp|P46569|SRG11_CAEEL,320,NVT,Caenorhabditis elegans,6239,srg-11
sp|P46570|SRG1_CAEEL,4,NET,Caenorhabditis elegans,6239,srg-1
sp|P46570|SRG1_CAEEL,75,NFS,Caenorhabditis elegans,6239,srg-1
sp|P46572|SRG3_CAEEL,50,NQS,Caenorhabditis elegans,6239,srg-3
sp|P46572|SRG3_CAEEL,137,NWS,Caenorhabditis elegans,6239,srg-3
sp|P46572|SRG3_CAEEL,306,NNT,Caenorhabditis elegans,6239,srg-3
sp|P46576|SAM50_CAEEL,148,NIS,Caenorhabditis elegans,6239,gop-3
sp|P46576|SAM50_CAEEL,163,NVS,Caenorhabditis elegans,6239,gop-3
sp|P46576|SAM50_CAEEL,178,NQS,Caenorhabditis elegans,6239,gop-3
sp|P46576|SAM50_CAEEL,408,NYT,Caenorhabditis elegans,6239,gop-3
sp|P46578|GOP1_CAEEL,159,NET,Caenorhabditis elegans,6239,gop-1
sp|P46578|GOP1_CAEEL,178,NES,Caenorhabditis elegans,6239,gop-1
sp|P46578|GOP1_CAEEL,294,NHS,Caenorhabditis elegans,6239,gop-1
sp|P46941|TG325_CAEEL,46,NVS,Caenorhabditis elegans,6239,tag-325
sp|P46941|TG325_CAEEL,296,NET,Caenorhabditis elegans,6239,tag-325
sp|P46941|TG325_CAEEL,489,NDT,Caenorhabditis elegans,6239,tag-325
sp|P46941|TG325_CAEEL,650,NLS,Caenorhabditis elegans,6239,tag-325
sp|P46941|TG325_CAEEL,710,NAT,Caenorhabditis elegans,6239,tag-325
sp|P48150|RS14_CAEEL,39,NDT,Caenorhabditis elegans,6239,rps-14
sp|P48152|RS3_CAEEL,6,NVT,Caenorhabditis elegans,6239,rps-3
sp|P48154|RS3A_CAEEL,48,NRT,Caenorhabditis elegans,6239,rps-3A
sp|P48154|RS3A_CAEEL,73,NNS,Caenorhabditis elegans,6239,rps-3A
sp|P48322|RRN3_CAEEL,279,NDS,Caenorhabditis elegans,6239,tif-1A
sp|P48322|RRN3_CAEEL,366,NAT,Caenorhabditis elegans,6239,tif-1A
sp|P48322|RRN3_CAEEL,642,NYS,Caenorhabditis elegans,6239,tif-1A
sp|P49404|RM03_CAEEL,90,NVS,Caenorhabditis elegans,6239,mrps-18C
sp|P50880|RL3_CAEEL,299,NGS,Caenorhabditis elegans,6239,rpl-3
sp|P52057|PLPHP_CAEEL,124,NLS,Caenorhabditis elegans,6239,F09E5.8
sp|P52057|PLPHP_CAEEL,135,NTS,Caenorhabditis elegans,6239,F09E5.8
sp|P52714|CTS32_CAEEL,47,NGT,Caenorhabditis elegans,6239,ctsa-3.2
sp|P52714|CTS32_CAEEL,133,NFT,Caenorhabditis elegans,6239,ctsa-3.2
sp|P52714|CTS32_CAEEL,269,NST,Caenorhabditis elegans,6239,ctsa-3.2
sp|P52714|CTS32_CAEEL,303,NFS,Caenorhabditis elegans,6239,ctsa-3.2
sp|P52714|CTS32_CAEEL,308,NAT,Caenorhabditis elegans,6239,ctsa-3.2
sp|P52714|CTS32_CAEEL,512,NYT,Caenorhabditis elegans,6239,ctsa-3.2
sp|P52715|CTS12_CAEEL,110,NAS,Caenorhabditis elegans,6239,ctsa-1.2
sp|P52715|CTS12_CAEEL,236,NDT,Caenorhabditis elegans,6239,ctsa-1.2
sp|P52716|CTS31_CAEEL,48,NGT,Caenorhabditis elegans,6239,ctsa-3.1
sp|P52716|CTS31_CAEEL,163,NRT,Caenorhabditis elegans,6239,ctsa-3.1
sp|P52716|CTS31_CAEEL,241,NCS,Caenorhabditis elegans,6239,ctsa-3.1
sp|P52716|CTS31_CAEEL,408,NYT,Caenorhabditis elegans,6239,ctsa-3.1
sp|P52716|CTS31_CAEEL,414,NTT,Caenorhabditis elegans,6239,ctsa-3.1
sp|P52716|CTS31_CAEEL,426,NLT,Caenorhabditis elegans,6239,ctsa-3.1
sp|P52716|CTS31_CAEEL,534,NYT,Caenorhabditis elegans,6239,ctsa-3.1
sp|P52717|CTS11_CAEEL,125,NIT,Caenorhabditis elegans,6239,ctsa-1.1
sp|P52717|CTS11_CAEEL,300,NQT,Caenorhabditis elegans,6239,ctsa-1.1
sp|P52717|CTS11_CAEEL,312,NKS,Caenorhabditis elegans,6239,ctsa-1.1
sp|P52717|CTS11_CAEEL,328,NDT,Caenorhabditis elegans,6239,ctsa-1.1
sp|P52874|CLP1_CAEEL,136,NYS,Caenorhabditis elegans,6239,clpf-1
sp|P52874|CLP1_CAEEL,196,NLS,Caenorhabditis elegans,6239,clpf-1
sp|P52882|YAF4_CAEEL,7,NNS,Caenorhabditis elegans,6239,F46C5.4
sp|P52882|YAF4_CAEEL,58,NLT,Caenorhabditis elegans,6239,F46C5.4
sp|P52882|YAF4_CAEEL,70,NIS,Caenorhabditis elegans,6239,F46C5.4
sp|P52882|YAF4_CAEEL,156,NVS,Caenorhabditis elegans,6239,F46C5.4
sp|P52882|YAF4_CAEEL,168,NSS,Caenorhabditis elegans,6239,F46C5.4
sp|P53015|YPO4_CAEEL,21,NTT,Caenorhabditis elegans,6239,F31E3.4
sp|P53015|YPO4_CAEEL,68,NIS,Caenorhabditis elegans,6239,F31E3.4
sp|P53015|YPO4_CAEEL,160,NGT,Caenorhabditis elegans,6239,F31E3.4
sp|P53015|YPO4_CAEEL,680,NAS,Caenorhabditis elegans,6239,F31E3.4
sp|P53015|YPO4_CAEEL,704,NRS,Caenorhabditis elegans,6239,F31E3.4
sp|P53015|YPO4_CAEEL,812,NWT,Caenorhabditis elegans,6239,F31E3.4
sp|P53015|YPO4_CAEEL,1103,NQT,Caenorhabditis elegans,6239,F31E3.4
sp|P53018|MSP32_CAEEL,99,NSS,Caenorhabditis elegans,6239,msp-32
sp|P53795|HINT_CAEEL,19,NDT,Caenorhabditis elegans,6239,hint-1
sp|P54126|SRG4_CAEEL,5,NSS,Caenorhabditis elegans,6239,srg-4
sp|P54126|SRG4_CAEEL,310,NIS,Caenorhabditis elegans,6239,srg-4
sp|P54127|SRG5_CAEEL,4,NSS,Caenorhabditis elegans,6239,srg-5
sp|P54128|SRG6_CAEEL,3,NST,Caenorhabditis elegans,6239,srg-6
sp|P54128|SRG6_CAEEL,183,NYS,Caenorhabditis elegans,6239,srg-6
sp|P54128|SRG6_CAEEL,224,NQS,Caenorhabditis elegans,6239,srg-6
sp|P54128|SRG6_CAEEL,289,NKS,Caenorhabditis elegans,6239,srg-6
sp|P54129|SRG7_CAEEL,16,NCS,Caenorhabditis elegans,6239,srg-7
sp|P54129|SRG7_CAEEL,321,NNT,Caenorhabditis elegans,6239,srg-7
sp|P54142|SRB7_CAEEL,2,NES,Caenorhabditis elegans,6239,srb-7
sp|P54142|SRB7_CAEEL,221,NST,Caenorhabditis elegans,6239,srb-7
sp|P54142|SRB7_CAEEL,338,NST,Caenorhabditis elegans,6239,srb-7
sp|P54142|SRB7_CAEEL,344,NNT,Caenorhabditis elegans,6239,srb-7
sp|P54145|AMT1_CAEEL,6,NFT,Caenorhabditis elegans,6239,amt-1
sp|P54145|AMT1_CAEEL,60,NTT,Caenorhabditis elegans,6239,amt-1
sp|P54218|SPE27_CAEEL,2,NKS,Caenorhabditis elegans,6239,spe-27
sp|P55326|YZG1_CAEEL,46,NDS,Caenorhabditis elegans,6239,F13E6.1
sp|P55326|YZG1_CAEEL,109,NRS,Caenorhabditis elegans,6239,F13E6.1
sp|P55326|YZG1_CAEEL,144,NSS,Caenorhabditis elegans,6239,F13E6.1
sp|P61228|TM2D1_CAEEL,14,NIS,Caenorhabditis elegans,6239,C02F5.13
sp|P61228|TM2D1_CAEEL,91,NES,Caenorhabditis elegans,6239,C02F5.13
sp|P90837|SRE32_CAEEL,11,NAT,Caenorhabditis elegans,6239,sre-32
sp|P90837|SRE32_CAEEL,357,NES,Caenorhabditis elegans,6239,sre-32
sp|P90921|ATPL1_CAEEL,71,NLS,Caenorhabditis elegans,6239,asg-1
sp|P90993|RM41_CAEEL,15,NST,Caenorhabditis elegans,6239,mrpl-41
sp|P91136|NOC3L_CAEEL,18,NKT,Caenorhabditis elegans,6239,C37H5.5
sp|P91136|NOC3L_CAEEL,344,NYS,Caenorhabditis elegans,6239,C37H5.5
sp|P91136|NOC3L_CAEEL,361,NET,Caenorhabditis elegans,6239,C37H5.5
sp|P91136|NOC3L_CAEEL,415,NIT,Caenorhabditis elegans,6239,C37H5.5
sp|P91136|NOC3L_CAEEL,476,NAT,Caenorhabditis elegans,6239,C37H5.5
sp|P91136|NOC3L_CAEEL,758,NQS,Caenorhabditis elegans,6239,C37H5.5
sp|P91143|ABH51_CAEEL,63,NES,Caenorhabditis elegans,6239,abhd-5.1
sp|P91148|NDX7_CAEEL,99,NDT,Caenorhabditis elegans,6239,ndx-7
sp|P91209|SRD30_CAEEL,148,NET,Caenorhabditis elegans,6239,srd-30
sp|P91209|SRD30_CAEEL,315,NNS,Caenorhabditis elegans,6239,srd-30
sp|P91252|GST6_CAEEL,33,NLS,Caenorhabditis elegans,6239,gst-6
sp|P91252|GST6_CAEEL,44,NNT,Caenorhabditis elegans,6239,gst-6
sp|P91252|GST6_CAEEL,81,NDT,Caenorhabditis elegans,6239,gst-6
sp|P91252|GST6_CAEEL,143,NHS,Caenorhabditis elegans,6239,gst-6
sp|P91275|SRG14_CAEEL,78,NIS,Caenorhabditis elegans,6239,srg-14
sp|P91275|SRG14_CAEEL,240,NAT,Caenorhabditis elegans,6239,srg-14
sp|P91275|SRG14_CAEEL,309,NQT,Caenorhabditis elegans,6239,srg-14
sp|P91318|RRP15_CAEEL,186,NYS,Caenorhabditis elegans,6239,F53E10.6
sp|P91341|PWP2_CAEEL,44,NNT,Caenorhabditis elegans,6239,F55F8.3
sp|P91341|PWP2_CAEEL,324,NLT,Caenorhabditis elegans,6239,F55F8.3
sp|P91341|PWP2_CAEEL,631,NRS,Caenorhabditis elegans,6239,F55F8.3
sp|P91341|PWP2_CAEEL,645,NFT,Caenorhabditis elegans,6239,F55F8.3
sp|P91343|WDR12_CAEEL,56,NKT,Caenorhabditis elegans,6239,wdr-12
sp|P91416|MTND1_CAEEL,62,NVT,Caenorhabditis elegans,6239,T01D1.4
sp|P91455|APT_CAEEL,175,NLT,Caenorhabditis elegans,6239,T19B4.3
sp|P91478|RRFM_CAEEL,141,NVT,Caenorhabditis elegans,6239,mrrf-1
sp|P91529|RPC6_CAEEL,74,NTS,Caenorhabditis elegans,6239,W09C3.4
sp|P91535|SRG20_CAEEL,10,NFS,Caenorhabditis elegans,6239,srg-20
sp|P91535|SRG20_CAEEL,202,NIS,Caenorhabditis elegans,6239,srg-20
sp|P98080|UCR1_CAEEL,21,NAS,Caenorhabditis elegans,6239,ucr-1
sp|P98080|UCR1_CAEEL,54,NGS,Caenorhabditis elegans,6239,ucr-1
sp|P98080|UCR1_CAEEL,200,NIS,Caenorhabditis elegans,6239,ucr-1
sp|P98080|UCR1_CAEEL,230,NVS,Caenorhabditis elegans,6239,ucr-1
sp|P98080|UCR1_CAEEL,354,NDT,Caenorhabditis elegans,6239,ucr-1
sp|Q03566|TKR1_CAEEL,19,NLT,Caenorhabditis elegans,6239,tkr-1
sp|Q03566|TKR1_CAEEL,250,NHT,Caenorhabditis elegans,6239,tkr-1
sp|Q03566|TKR1_CAEEL,366,NSS,Caenorhabditis elegans,6239,tkr-1
sp|Q03566|TKR1_CAEEL,377,NSS,Caenorhabditis elegans,6239,tkr-1
sp|Q03567|SL172_CAEEL,35,NMS,Caenorhabditis elegans,6239,C38C10.2
sp|Q03567|SL172_CAEEL,47,NKT,Caenorhabditis elegans,6239,C38C10.2
sp|Q03567|SL172_CAEEL,69,NSS,Caenorhabditis elegans,6239,C38C10.2
sp|Q03567|SL172_CAEEL,305,NLS,Caenorhabditis elegans,6239,C38C10.2
sp|Q03567|SL172_CAEEL,433,NGT,Caenorhabditis elegans,6239,C38C10.2
sp|Q03602|PTR9_CAEEL,50,NVT,Caenorhabditis elegans,6239,ptr-9
sp|Q03602|PTR9_CAEEL,53,NDT,Caenorhabditis elegans,6239,ptr-9
sp|Q03602|PTR9_CAEEL,242,NST,Caenorhabditis elegans,6239,ptr-9
sp|Q03602|PTR9_CAEEL,302,NAT,Caenorhabditis elegans,6239,ptr-9
sp|Q03602|PTR9_CAEEL,537,NIS,Caenorhabditis elegans,6239,ptr-9
sp|Q03605|YNN1_CAEEL,70,NIS,Caenorhabditis elegans,6239,T02C1.1
sp|Q03605|YNN1_CAEEL,148,NVT,Caenorhabditis elegans,6239,T02C1.1
sp|Q03605|YNN1_CAEEL,155,NSS,Caenorhabditis elegans,6239,T02C1.1
sp|Q03606|YN02_CAEEL,99,NIS,Caenorhabditis elegans,6239,T23G5.2
sp|Q03606|YN02_CAEEL,111,NCT,Caenorhabditis elegans,6239,T23G5.2
sp|Q03606|YN02_CAEEL,122,NWT,Caenorhabditis elegans,6239,T23G5.2
sp|Q03613|NPR29_CAEEL,180,NST,Caenorhabditis elegans,6239,npr-29
sp|Q09201|SFXN1_CAEEL,7,NQT,Caenorhabditis elegans,6239,sfxn-1.1
sp|Q09201|SFXN1_CAEEL,127,NQS,Caenorhabditis elegans,6239,sfxn-1.1
sp|Q09201|SFXN1_CAEEL,135,NYT,Caenorhabditis elegans,6239,sfxn-1.1
sp|Q09201|SFXN1_CAEEL,138,NRS,Caenorhabditis elegans,6239,sfxn-1.1
sp|Q09203|SRA1_CAEEL,3,NIT,Caenorhabditis elegans,6239,sra-1
sp|Q09203|SRA1_CAEEL,134,NYT,Caenorhabditis elegans,6239,sra-1
sp|Q09203|SRA1_CAEEL,262,NMS,Caenorhabditis elegans,6239,sra-1
sp|Q09203|SRA1_CAEEL,314,NQS,Caenorhabditis elegans,6239,sra-1
sp|Q09204|SRA2_CAEEL,3,NSS,Caenorhabditis elegans,6239,sra-2
sp|Q09208|SRA6_CAEEL,3,NLS,Caenorhabditis elegans,6239,sra-6
sp|Q09208|SRA6_CAEEL,47,NQS,Caenorhabditis elegans,6239,sra-6
sp|Q09210|SRA8_CAEEL,3,NLT,Caenorhabditis elegans,6239,sra-8
sp|Q09210|SRA8_CAEEL,211,NKT,Caenorhabditis elegans,6239,sra-8
sp|Q09210|SRA8_CAEEL,242,NFT,Caenorhabditis elegans,6239,sra-8
sp|Q09210|SRA8_CAEEL,256,NST,Caenorhabditis elegans,6239,sra-8
sp|Q09212|SRA9_CAEEL,47,NKS,Caenorhabditis elegans,6239,sra-9
sp|Q09213|SRE1_CAEEL,338,NLS,Caenorhabditis elegans,6239,sre-1
sp|Q09217|YP68_CAEEL,199,NIT,Caenorhabditis elegans,6239,B0495.8
sp|Q09219|CPNA5_CAEEL,89,NET,Caenorhabditis elegans,6239,cpna-5
sp|Q09219|CPNA5_CAEEL,258,NHS,Caenorhabditis elegans,6239,cpna-5
sp|Q09219|CPNA5_CAEEL,429,NFS,Caenorhabditis elegans,6239,cpna-5
sp|Q09219|CPNA5_CAEEL,559,NKS,Caenorhabditis elegans,6239,cpna-5
sp|Q09231|YQ21_CAEEL,91,NVS,Caenorhabditis elegans,6239,C09F5.1
sp|Q09231|YQ21_CAEEL,97,NSS,Caenorhabditis elegans,6239,C09F5.1
sp|Q09231|YQ21_CAEEL,102,NTS,Caenorhabditis elegans,6239,C09F5.1
sp|Q09231|YQ21_CAEEL,118,NDT,Caenorhabditis elegans,6239,C09F5.1
sp|Q09231|YQ21_CAEEL,204,NES,Caenorhabditis elegans,6239,C09F5.1
sp|Q09231|YQ21_CAEEL,566,NAT,Caenorhabditis elegans,6239,C09F5.1
sp|Q09233|COL79_CAEEL,27,NVT,Caenorhabditis elegans,6239,col-79
sp|Q09233|COL79_CAEEL,83,NCS,Caenorhabditis elegans,6239,col-79
sp|Q09233|COL79_CAEEL,224,NGT,Caenorhabditis elegans,6239,col-79
sp|Q09237|GYF1_CAEEL,39,NRS,Caenorhabditis elegans,6239,gyf-1
sp|Q09237|GYF1_CAEEL,129,NSS,Caenorhabditis elegans,6239,gyf-1
sp|Q09237|GYF1_CAEEL,435,NNS,Caenorhabditis elegans,6239,gyf-1
sp|Q09237|GYF1_CAEEL,855,NIT,Caenorhabditis elegans,6239,gyf-1
sp|Q09237|GYF1_CAEEL,883,NSS,Caenorhabditis elegans,6239,gyf-1
sp|Q09240|GLOB9_CAEEL,62,NLS,Caenorhabditis elegans,6239,glb-9
sp|Q09240|GLOB9_CAEEL,156,NFS,Caenorhabditis elegans,6239,glb-9
sp|Q09240|GLOB9_CAEEL,243,NQT,Caenorhabditis elegans,6239,glb-9
sp|Q09244|YP95_CAEEL,32,NLS,Caenorhabditis elegans,6239,C28H8.5
sp|Q09244|YP95_CAEEL,39,NFT,Caenorhabditis elegans,6239,C28H8.5
sp|Q09244|YP95_CAEEL,94,NTS,Caenorhabditis elegans,6239,C28H8.5
sp|Q09244|YP95_CAEEL,181,NYT,Caenorhabditis elegans,6239,C28H8.5
sp|Q09250|SAP18_CAEEL,108,NTT,Caenorhabditis elegans,6239,C16C10.4
sp|Q09250|SAP18_CAEEL,119,NKT,Caenorhabditis elegans,6239,C16C10.4
sp|Q09261|RT31_CAEEL,58,NGS,Caenorhabditis elegans,6239,mrps-31
sp|Q09261|RT31_CAEEL,266,NGS,Caenorhabditis elegans,6239,mrps-31
sp|Q09261|RT31_CAEEL,303,NVS,Caenorhabditis elegans,6239,mrps-31
sp|Q09263|EFR3_CAEEL,578,NFS,Caenorhabditis elegans,6239,efr-3
sp|Q09263|EFR3_CAEEL,596,NLS,Caenorhabditis elegans,6239,efr-3
sp|Q09263|EFR3_CAEEL,648,NST,Caenorhabditis elegans,6239,efr-3
sp|Q09263|EFR3_CAEEL,707,NDT,Caenorhabditis elegans,6239,efr-3
sp|Q09263|EFR3_CAEEL,764,NAS,Caenorhabditis elegans,6239,efr-3
sp|Q09263|EFR3_CAEEL,776,NAT,Caenorhabditis elegans,6239,efr-3
sp|Q09263|EFR3_CAEEL,811,NES,Caenorhabditis elegans,6239,efr-3
sp|Q09268|YQDA_CAEEL,23,NMT,Caenorhabditis elegans,6239,C32D5.10
sp|Q09268|YQDA_CAEEL,363,NRS,Caenorhabditis elegans,6239,C32D5.10
sp|Q09268|YQDA_CAEEL,403,NAT,Caenorhabditis elegans,6239,C32D5.10
sp|Q09268|YQDA_CAEEL,501,NRS,Caenorhabditis elegans,6239,C32D5.10
sp|Q09268|YQDA_CAEEL,510,NGS,Caenorhabditis elegans,6239,C32D5.10
sp|Q09271|YQF7_CAEEL,106,NDT,Caenorhabditis elegans,6239,C34C12.7
sp|Q09271|YQF7_CAEEL,256,NSS,Caenorhabditis elegans,6239,C34C12.7
sp|Q09273|SRE2_CAEEL,42,NMS,Caenorhabditis elegans,6239,sre-2
sp|Q09273|SRE2_CAEEL,202,NKS,Caenorhabditis elegans,6239,sre-2
sp|Q09277|YPX5_CAEEL,238,NGT,Caenorhabditis elegans,6239,F40H6.5
sp|Q09277|YPX5_CAEEL,270,NSS,Caenorhabditis elegans,6239,F40H6.5
sp|Q09277|YPX5_CAEEL,370,NST,Caenorhabditis elegans,6239,F40H6.5
sp|Q09277|YPX5_CAEEL,538,NIT,Caenorhabditis elegans,6239,F40H6.5
sp|Q09277|YPX5_CAEEL,691,NIT,Caenorhabditis elegans,6239,F40H6.5
sp|Q09277|YPX5_CAEEL,701,NAS,Caenorhabditis elegans,6239,F40H6.5
sp|Q09277|YPX5_CAEEL,903,NLS,Caenorhabditis elegans,6239,F40H6.5
sp|Q09277|YPX5_CAEEL,938,NIT,Caenorhabditis elegans,6239,F40H6.5
sp|Q09277|YPX5_CAEEL,948,NAT,Caenorhabditis elegans,6239,F40H6.5
sp|Q09277|YPX5_CAEEL,1146,NYS,Caenorhabditis elegans,6239,F40H6.5
sp|Q09285|AKAP1_CAEEL,58,NWT,Caenorhabditis elegans,6239,akap-1
sp|Q09285|AKAP1_CAEEL,376,NES,Caenorhabditis elegans,6239,akap-1
sp|Q09285|AKAP1_CAEEL,399,NRS,Caenorhabditis elegans,6239,akap-1
sp|Q09285|AKAP1_CAEEL,483,NAS,Caenorhabditis elegans,6239,akap-1
sp|Q09285|AKAP1_CAEEL,767,NWS,Caenorhabditis elegans,6239,akap-1
sp|Q09287|YQK3_CAEEL,130,NFS,Caenorhabditis elegans,6239,C56G2.3
sp|Q09287|YQK3_CAEEL,167,NQT,Caenorhabditis elegans,6239,C56G2.3
sp|Q09287|YQK3_CAEEL,276,NIS,Caenorhabditis elegans,6239,C56G2.3
sp|Q09288|YQK4_CAEEL,115,NTS,Caenorhabditis elegans,6239,C56G2.4
sp|Q09288|YQK4_CAEEL,480,NRT,Caenorhabditis elegans,6239,C56G2.4
sp|Q09299|YQOA_CAEEL,4,NRS,Caenorhabditis elegans,6239,EEED8.10
sp|Q09299|YQOA_CAEEL,118,NIS,Caenorhabditis elegans,6239,EEED8.10
sp|Q09299|YQOA_CAEEL,460,NLS,Caenorhabditis elegans,6239,EEED8.10
sp|Q09299|YQOA_CAEEL,497,NIT,Caenorhabditis elegans,6239,EEED8.10
sp|Q09299|YQOA_CAEEL,534,NDS,Caenorhabditis elegans,6239,EEED8.10
sp|Q09299|YQOA_CAEEL,584,NCT,Caenorhabditis elegans,6239,EEED8.10
sp|Q09299|YQOA_CAEEL,615,NDS,Caenorhabditis elegans,6239,EEED8.10
sp|Q09313|DCT6_CAEEL,220,NLS,Caenorhabditis elegans,6239,dct-6
sp|Q09313|DCT6_CAEEL,285,NQS,Caenorhabditis elegans,6239,dct-6
sp|Q09313|DCT6_CAEEL,674,NVS,Caenorhabditis elegans,6239,dct-6
sp|Q09316|CK5P1_CAEEL,91,NVS,Caenorhabditis elegans,6239,F25B5.5
sp|Q09318|YQY2_CAEEL,306,NNS,Caenorhabditis elegans,6239,F36G3.2
sp|Q09320|YQZ2_CAEEL,95,NES,Caenorhabditis elegans,6239,F40B5.2
sp|Q09320|YQZ2_CAEEL,248,NVS,Caenorhabditis elegans,6239,F40B5.2
sp|Q09320|YQZ2_CAEEL,326,NVT,Caenorhabditis elegans,6239,F40B5.2
sp|Q09320|YQZ2_CAEEL,338,NIT,Caenorhabditis elegans,6239,F40B5.2
sp|Q09344|SRABE_CAEEL,23,NYT,Caenorhabditis elegans,6239,srab-14
sp|Q09344|SRABE_CAEEL,68,NSS,Caenorhabditis elegans,6239,srab-14
sp|Q09344|SRABE_CAEEL,161,NGS,Caenorhabditis elegans,6239,srab-14
sp|Q09345|PCF11_CAEEL,22,NKT,Caenorhabditis elegans,6239,pcf-11
sp|Q09345|PCF11_CAEEL,166,NAT,Caenorhabditis elegans,6239,pcf-11
sp|Q09345|PCF11_CAEEL,582,NQT,Caenorhabditis elegans,6239,pcf-11
sp|Q09345|PCF11_CAEEL,711,NNS,Caenorhabditis elegans,6239,pcf-11
sp|Q09345|PCF11_CAEEL,807,NSS,Caenorhabditis elegans,6239,pcf-11
sp|Q09345|PCF11_CAEEL,812,NDS,Caenorhabditis elegans,6239,pcf-11
sp|Q09346|SMCR8_CAEEL,82,NQT,Caenorhabditis elegans,6239,smcr-8
sp|Q09346|SMCR8_CAEEL,270,NST,Caenorhabditis elegans,6239,smcr-8
sp|Q09346|SMCR8_CAEEL,389,NET,Caenorhabditis elegans,6239,smcr-8
sp|Q09346|SMCR8_CAEEL,404,NRS,Caenorhabditis elegans,6239,smcr-8
sp|Q09347|YRS3_CAEEL,122,NST,Caenorhabditis elegans,6239,T05H10.3
sp|Q09350|YRU4_CAEEL,115,NGT,Caenorhabditis elegans,6239,T09B9.4
sp|Q09350|YRU4_CAEEL,346,NVS,Caenorhabditis elegans,6239,T09B9.4
sp|Q09350|YRU4_CAEEL,384,NET,Caenorhabditis elegans,6239,T09B9.4
sp|Q09350|YRU4_CAEEL,488,NST,Caenorhabditis elegans,6239,T09B9.4
sp|Q09350|YRU4_CAEEL,495,NDT,Caenorhabditis elegans,6239,T09B9.4
sp|Q09365|YS23_CAEEL,79,NQS,Caenorhabditis elegans,6239,ZK1320.3
sp|Q09369|AQP10_CAEEL,137,NIT,Caenorhabditis elegans,6239,aqp-10
sp|Q09369|AQP10_CAEEL,149,NAS,Caenorhabditis elegans,6239,aqp-10
sp|Q09369|AQP10_CAEEL,231,NSS,Caenorhabditis elegans,6239,aqp-10
sp|Q09371|YS42_CAEEL,256,NGS,Caenorhabditis elegans,6239,ZK177.2
sp|Q09415|SET14_CAEEL,75,NDS,Caenorhabditis elegans,6239,set-14
sp|Q09415|SET14_CAEEL,159,NST,Caenorhabditis elegans,6239,set-14
sp|Q09415|SET14_CAEEL,177,NHS,Caenorhabditis elegans,6239,set-14
sp|Q09415|SET14_CAEEL,190,NRT,Caenorhabditis elegans,6239,set-14
sp|Q09415|SET14_CAEEL,347,NIT,Caenorhabditis elegans,6239,set-14
sp|Q09415|SET14_CAEEL,367,NTT,Caenorhabditis elegans,6239,set-14
sp|Q09415|SET14_CAEEL,427,NLS,Caenorhabditis elegans,6239,set-14
sp|Q09441|SWSN7_CAEEL,43,NAT,Caenorhabditis elegans,6239,C08B11.3
sp|Q09441|SWSN7_CAEEL,135,NAT,Caenorhabditis elegans,6239,C08B11.3
sp|Q09441|SWSN7_CAEEL,305,NLS,Caenorhabditis elegans,6239,C08B11.3
sp|Q09441|SWSN7_CAEEL,798,NGT,Caenorhabditis elegans,6239,C08B11.3
sp|Q09441|SWSN7_CAEEL,837,NDT,Caenorhabditis elegans,6239,C08B11.3
sp|Q09441|SWSN7_CAEEL,1195,NFS,Caenorhabditis elegans,6239,C08B11.3
sp|Q09443|ARP6_CAEEL,194,NVS,Caenorhabditis elegans,6239,arp-6
sp|Q09443|ARP6_CAEEL,230,NTT,Caenorhabditis elegans,6239,arp-6
sp|Q09443|ARP6_CAEEL,343,NVS,Caenorhabditis elegans,6239,arp-6
sp|Q09446|DNJ5_CAEEL,35,NGS,Caenorhabditis elegans,6239,dnj-5
sp|Q09446|DNJ5_CAEEL,85,NTT,Caenorhabditis elegans,6239,dnj-5
sp|Q09446|DNJ5_CAEEL,199,NYT,Caenorhabditis elegans,6239,dnj-5
sp|Q09446|DNJ5_CAEEL,221,NSS,Caenorhabditis elegans,6239,dnj-5
sp|Q09446|DNJ5_CAEEL,264,NVS,Caenorhabditis elegans,6239,dnj-5
sp|Q09446|DNJ5_CAEEL,369,NDS,Caenorhabditis elegans,6239,dnj-5
sp|Q09446|DNJ5_CAEEL,451,NQS,Caenorhabditis elegans,6239,dnj-5
sp|Q09446|DNJ5_CAEEL,645,NAT,Caenorhabditis elegans,6239,dnj-5
sp|Q09446|DNJ5_CAEEL,858,NSS,Caenorhabditis elegans,6239,dnj-5
sp|Q09448|PHO10_CAEEL,103,NRT,Caenorhabditis elegans,6239,pho-10
sp|Q09448|PHO10_CAEEL,196,NVT,Caenorhabditis elegans,6239,pho-10
sp|Q09448|PHO10_CAEEL,219,NKT,Caenorhabditis elegans,6239,pho-10
sp|Q09448|PHO10_CAEEL,296,NCT,Caenorhabditis elegans,6239,pho-10
sp|Q09448|PHO10_CAEEL,408,NIT,Caenorhabditis elegans,6239,pho-10
sp|Q09449|YQ12_CAEEL,293,NRT,Caenorhabditis elegans,6239,C05C10.2
sp|Q09449|YQ12_CAEEL,324,NET,Caenorhabditis elegans,6239,C05C10.2
sp|Q09449|YQ12_CAEEL,386,NLT,Caenorhabditis elegans,6239,C05C10.2
sp|Q09449|YQ12_CAEEL,559,NKS,Caenorhabditis elegans,6239,C05C10.2
sp|Q09449|YQ12_CAEEL,586,NES,Caenorhabditis elegans,6239,C05C10.2
sp|Q09449|YQ12_CAEEL,705,NFT,Caenorhabditis elegans,6239,C05C10.2
sp|Q09449|YQ12_CAEEL,1094,NLT,Caenorhabditis elegans,6239,C05C10.2
sp|Q09449|YQ12_CAEEL,1200,NAS,Caenorhabditis elegans,6239,C05C10.2
sp|Q09449|YQ12_CAEEL,1301,NNT,Caenorhabditis elegans,6239,C05C10.2
sp|Q09449|YQ12_CAEEL,1315,NSS,Caenorhabditis elegans,6239,C05C10.2
sp|Q09451|PHO11_CAEEL,105,NRT,Caenorhabditis elegans,6239,pho-11
sp|Q09451|PHO11_CAEEL,198,NMT,Caenorhabditis elegans,6239,pho-11
sp|Q09451|PHO11_CAEEL,221,NRT,Caenorhabditis elegans,6239,pho-11
sp|Q09451|PHO11_CAEEL,298,NCT,Caenorhabditis elegans,6239,pho-11
sp|Q09451|PHO11_CAEEL,351,NTS,Caenorhabditis elegans,6239,pho-11
sp|Q09452|YQ23_CAEEL,12,NSS,Caenorhabditis elegans,6239,C09F5.3
sp|Q09452|YQ23_CAEEL,295,NET,Caenorhabditis elegans,6239,C09F5.3
sp|Q09461|YQ51_CAEEL,12,NCS,Caenorhabditis elegans,6239,C16C10.1
sp|Q09461|YQ51_CAEEL,149,NLS,Caenorhabditis elegans,6239,C16C10.1
sp|Q09461|YQ51_CAEEL,308,NKS,Caenorhabditis elegans,6239,C16C10.1
sp|Q09462|UTP11_CAEEL,181,NKT,Caenorhabditis elegans,6239,C16C10.2
sp|Q09464|YQ58_CAEEL,27,NTT,Caenorhabditis elegans,6239,C16C10.8
sp|Q09473|ERD22_CAEEL,60,NTT,Caenorhabditis elegans,6239,erd-2.2
sp|Q09503|TTBK6_CAEEL,29,NFS,Caenorhabditis elegans,6239,ttbk-6
sp|Q09503|TTBK6_CAEEL,192,NLT,Caenorhabditis elegans,6239,ttbk-6
sp|Q09531|YQP4_CAEEL,73,NWT,Caenorhabditis elegans,6239,F07F6.4
sp|Q09531|YQP4_CAEEL,100,NTT,Caenorhabditis elegans,6239,F07F6.4
sp|Q09531|YQP4_CAEEL,476,NGS,Caenorhabditis elegans,6239,F07F6.4
sp|Q09549|PPAX_CAEEL,54,NWT,Caenorhabditis elegans,6239,F26C11.1
sp|Q09549|PPAX_CAEEL,108,NRT,Caenorhabditis elegans,6239,F26C11.1
sp|Q09549|PPAX_CAEEL,183,NAT,Caenorhabditis elegans,6239,F26C11.1
sp|Q09549|PPAX_CAEEL,200,NVT,Caenorhabditis elegans,6239,F26C11.1
sp|Q09549|PPAX_CAEEL,223,NDT,Caenorhabditis elegans,6239,F26C11.1
sp|Q09549|PPAX_CAEEL,299,NCS,Caenorhabditis elegans,6239,F26C11.1
sp|Q09549|PPAX_CAEEL,356,NQS,Caenorhabditis elegans,6239,F26C11.1
sp|Q09549|PPAX_CAEEL,371,NFS,Caenorhabditis elegans,6239,F26C11.1
sp|Q09554|YQV5_CAEEL,16,NFS,Caenorhabditis elegans,6239,F27E5.5
sp|Q09554|YQV5_CAEEL,54,NTT,Caenorhabditis elegans,6239,F27E5.5
sp|Q09554|YQV5_CAEEL,202,NIT,Caenorhabditis elegans,6239,F27E5.5
sp|Q09554|YQV5_CAEEL,216,NRT,Caenorhabditis elegans,6239,F27E5.5
sp|Q09554|YQV5_CAEEL,344,NTT,Caenorhabditis elegans,6239,F27E5.5
sp|Q09554|YQV5_CAEEL,348,NLT,Caenorhabditis elegans,6239,F27E5.5
sp|Q09575|YRD6_CAEEL,38,NLS,Caenorhabditis elegans,6239,K02A2.6
sp|Q09575|YRD6_CAEEL,212,NRS,Caenorhabditis elegans,6239,K02A2.6
sp|Q09575|YRD6_CAEEL,339,NGT,Caenorhabditis elegans,6239,K02A2.6
sp|Q09575|YRD6_CAEEL,741,NDS,Caenorhabditis elegans,6239,K02A2.6
sp|Q09575|YRD6_CAEEL,910,NGT,Caenorhabditis elegans,6239,K02A2.6
sp|Q09575|YRD6_CAEEL,985,NGS,Caenorhabditis elegans,6239,K02A2.6
sp|Q09575|YRD6_CAEEL,1053,NKS,Caenorhabditis elegans,6239,K02A2.6
sp|Q09575|YRD6_CAEEL,1130,NGS,Caenorhabditis elegans,6239,K02A2.6
sp|Q09575|YRD6_CAEEL,1230,NGS,Caenorhabditis elegans,6239,K02A2.6
sp|Q09602|CEH62_CAEEL,193,NAS,Caenorhabditis elegans,6239,ceh-62
sp|Q09602|CEH62_CAEEL,196,NHT,Caenorhabditis elegans,6239,ceh-62
sp|Q09606|YRN3_CAEEL,73,NVT,Caenorhabditis elegans,6239,R07B1.3
sp|Q09606|YRN3_CAEEL,236,NNS,Caenorhabditis elegans,6239,R07B1.3
sp|Q09606|YRN3_CAEEL,363,NTT,Caenorhabditis elegans,6239,R07B1.3
sp|Q09606|YRN3_CAEEL,376,NGT,Caenorhabditis elegans,6239,R07B1.3
sp|Q09610|LEC8_CAEEL,90,NLS,Caenorhabditis elegans,6239,lec-8
sp|Q09618|YS74_CAEEL,141,NAT,Caenorhabditis elegans,6239,ZK892.4
sp|Q09622|PUF12_CAEEL,337,NGT,Caenorhabditis elegans,6239,puf-12
sp|Q09622|PUF12_CAEEL,617,NKS,Caenorhabditis elegans,6239,puf-12
sp|Q09632|YOF5_CAEEL,61,NCS,Caenorhabditis elegans,6239,ZK1290.5
sp|Q09632|YOF5_CAEEL,144,NYS,Caenorhabditis elegans,6239,ZK1290.5
sp|Q09644|NDUF7_CAEEL,178,NKT,Caenorhabditis elegans,6239,ZK1128.1
sp|Q09644|NDUF7_CAEEL,229,NLT,Caenorhabditis elegans,6239,ZK1128.1
sp|Q09651|CC130_CAEEL,198,NET,Caenorhabditis elegans,6239,ZK1307.9
sp|Q09651|CC130_CAEEL,298,NAS,Caenorhabditis elegans,6239,ZK1307.9
sp|Q09651|CC130_CAEEL,335,NSS,Caenorhabditis elegans,6239,ZK1307.9
sp|Q09651|CC130_CAEEL,349,NIS,Caenorhabditis elegans,6239,ZK1307.9
sp|Q09651|CC130_CAEEL,363,NSS,Caenorhabditis elegans,6239,ZK1307.9
sp|Q09663|YS54_CAEEL,62,NTT,Caenorhabditis elegans,6239,ZK673.4
sp|Q09663|YS54_CAEEL,98,NQT,Caenorhabditis elegans,6239,ZK673.4
sp|Q09663|YS54_CAEEL,120,NAS,Caenorhabditis elegans,6239,ZK673.4
sp|Q09663|YS54_CAEEL,311,NQS,Caenorhabditis elegans,6239,ZK673.4
sp|Q09663|YS54_CAEEL,447,NSS,Caenorhabditis elegans,6239,ZK673.4
sp|Q09665|TNNC2_CAEEL,113,NVS,Caenorhabditis elegans,6239,tnc-2
sp|Q09665|TNNC2_CAEEL,127,NVS,Caenorhabditis elegans,6239,tnc-2
sp|Q09952|YSR4_CAEEL,77,NFS,Caenorhabditis elegans,6239,F59B10.4
sp|Q09952|YSR4_CAEEL,223,NSS,Caenorhabditis elegans,6239,F59B10.4
sp|Q09958|EBP2_CAEEL,87,NKS,Caenorhabditis elegans,6239,C18A3.3
sp|Q09965|YS96_CAEEL,13,NCS,Caenorhabditis elegans,6239,B0244.6
sp|Q09965|YS96_CAEEL,29,NST,Caenorhabditis elegans,6239,B0244.6
sp|Q09965|YS96_CAEEL,253,NTS,Caenorhabditis elegans,6239,B0244.6
sp|Q09965|YS96_CAEEL,367,NFT,Caenorhabditis elegans,6239,B0244.6
sp|Q09966|YS97_CAEEL,28,NIS,Caenorhabditis elegans,6239,B0244.7
sp|Q10003|GPCP2_CAEEL,24,NSS,Caenorhabditis elegans,6239,gpcp-2
sp|Q10003|GPCP2_CAEEL,360,NSS,Caenorhabditis elegans,6239,gpcp-2
sp|Q10003|GPCP2_CAEEL,747,NNT,Caenorhabditis elegans,6239,gpcp-2
sp|Q10003|GPCP2_CAEEL,783,NIT,Caenorhabditis elegans,6239,gpcp-2
sp|Q10011|YSV5_CAEEL,32,NET,Caenorhabditis elegans,6239,T19C3.5
sp|Q10011|YSV5_CAEEL,145,NIS,Caenorhabditis elegans,6239,T19C3.5
sp|Q10011|YSV5_CAEEL,271,NWT,Caenorhabditis elegans,6239,T19C3.5
sp|Q10011|YSV5_CAEEL,369,NMS,Caenorhabditis elegans,6239,T19C3.5
sp|Q10011|YSV5_CAEEL,405,NHT,Caenorhabditis elegans,6239,T19C3.5
sp|Q10011|YSV5_CAEEL,415,NST,Caenorhabditis elegans,6239,T19C3.5
sp|Q10011|YSV5_CAEEL,465,NVT,Caenorhabditis elegans,6239,T19C3.5
sp|Q10018|SPP11_CAEEL,25,NVT,Caenorhabditis elegans,6239,spp-11
sp|Q10018|SPP11_CAEEL,272,NLS,Caenorhabditis elegans,6239,spp-11
sp|Q10019|YSW4_CAEEL,52,NGS,Caenorhabditis elegans,6239,T25D10.4
sp|Q10019|YSW4_CAEEL,206,NAS,Caenorhabditis elegans,6239,T25D10.4
sp|Q10019|YSW4_CAEEL,219,NRS,Caenorhabditis elegans,6239,T25D10.4
sp|Q10019|YSW4_CAEEL,223,NSS,Caenorhabditis elegans,6239,T25D10.4
sp|Q10033|YSI1_CAEEL,194,NET,Caenorhabditis elegans,6239,F15G9.1
sp|Q10033|YSI1_CAEEL,198,NRT,Caenorhabditis elegans,6239,F15G9.1
sp|Q10040|YQA4_CAEEL,111,NYS,Caenorhabditis elegans,6239,C28F5.4
sp|Q10040|YQA4_CAEEL,327,NHT,Caenorhabditis elegans,6239,C28F5.4
sp|Q10040|YQA4_CAEEL,629,NST,Caenorhabditis elegans,6239,C28F5.4
sp|Q10040|YQA4_CAEEL,702,NNS,Caenorhabditis elegans,6239,C28F5.4
sp|Q10040|YQA4_CAEEL,730,NVS,Caenorhabditis elegans,6239,C28F5.4
sp|Q10042|YRC3_CAEEL,39,NVT,Caenorhabditis elegans,6239,K01A12.3
sp|Q10042|YRC3_CAEEL,111,NDS,Caenorhabditis elegans,6239,K01A12.3
sp|Q10042|YRC3_CAEEL,329,NHT,Caenorhabditis elegans,6239,K01A12.3
sp|Q10042|YRC3_CAEEL,377,NVS,Caenorhabditis elegans,6239,K01A12.3
sp|Q10049|YRU3_CAEEL,63,NAT,Caenorhabditis elegans,6239,T09B9.3
sp|Q10049|YRU3_CAEEL,121,NAT,Caenorhabditis elegans,6239,T09B9.3
sp|Q10049|YRU3_CAEEL,144,NGT,Caenorhabditis elegans,6239,T09B9.3
sp|Q10049|YRU3_CAEEL,227,NGT,Caenorhabditis elegans,6239,T09B9.3
sp|Q10049|YRU3_CAEEL,322,NSS,Caenorhabditis elegans,6239,T09B9.3
sp|Q10049|YRU3_CAEEL,338,NRS,Caenorhabditis elegans,6239,T09B9.3
sp|Q10123|YSM3_CAEEL,405,NAT,Caenorhabditis elegans,6239,F52C9.3
sp|Q10125|YSM5_CAEEL,107,NRS,Caenorhabditis elegans,6239,F52C9.5
sp|Q10125|YSM5_CAEEL,421,NCT,Caenorhabditis elegans,6239,F52C9.5
sp|Q10125|YSM5_CAEEL,570,NNT,Caenorhabditis elegans,6239,F52C9.5
sp|Q10130|DHS5_CAEEL,344,NTS,Caenorhabditis elegans,6239,dhs-5
sp|Q10907|YWO4_CAEEL,340,NGS,Caenorhabditis elegans,6239,AH9.4
sp|Q10909|YS95_CAEEL,7,NCS,Caenorhabditis elegans,6239,B0244.5
sp|Q10909|YS95_CAEEL,20,NCT,Caenorhabditis elegans,6239,B0244.5
sp|Q10909|YS95_CAEEL,23,NTT,Caenorhabditis elegans,6239,B0244.5
sp|Q10909|YS95_CAEEL,75,NDT,Caenorhabditis elegans,6239,B0244.5
sp|Q10909|YS95_CAEEL,239,NFT,Caenorhabditis elegans,6239,B0244.5
sp|Q10917|YT13_CAEEL,73,NSS,Caenorhabditis elegans,6239,B0252.3
sp|Q10917|YT13_CAEEL,270,NGS,Caenorhabditis elegans,6239,B0252.3
sp|Q10920|PSMD9_CAEEL,31,NNS,Caenorhabditis elegans,6239,psmd-9
sp|Q10934|SRA32_CAEEL,78,NAS,Caenorhabditis elegans,6239,sra-32
sp|Q10934|SRA32_CAEEL,98,NMT,Caenorhabditis elegans,6239,sra-32
sp|Q10934|SRA32_CAEEL,198,NLT,Caenorhabditis elegans,6239,sra-32
sp|Q10934|SRA32_CAEEL,270,NMS,Caenorhabditis elegans,6239,sra-32
sp|Q10935|SRA33_CAEEL,68,NLS,Caenorhabditis elegans,6239,sra-33
sp|Q10935|SRA33_CAEEL,76,NWS,Caenorhabditis elegans,6239,sra-33
sp|Q10935|SRA33_CAEEL,310,NKS,Caenorhabditis elegans,6239,sra-33
sp|Q10936|SRA34_CAEEL,2,NVS,Caenorhabditis elegans,6239,sra-34
sp|Q10936|SRA34_CAEEL,58,NST,Caenorhabditis elegans,6239,sra-34
sp|Q10936|SRA34_CAEEL,83,NWS,Caenorhabditis elegans,6239,sra-34
sp|Q10936|SRA34_CAEEL,236,NSS,Caenorhabditis elegans,6239,sra-34
sp|Q10936|SRA34_CAEEL,353,NSS,Caenorhabditis elegans,6239,sra-34
sp|Q10938|YWS2_CAEEL,280,NES,Caenorhabditis elegans,6239,B0310.2
sp|Q10946|C19L2_CAEEL,456,NDS,Caenorhabditis elegans,6239,B0361.2/B0361.1
sp|Q10948|YMP4_CAEEL,5,NSS,Caenorhabditis elegans,6239,B0361.4
sp|Q11076|UBC17_CAEEL,137,NSS,Caenorhabditis elegans,6239,ubc-17
sp|Q11076|UBC17_CAEEL,227,NDS,Caenorhabditis elegans,6239,ubc-17
sp|Q11076|UBC17_CAEEL,421,NAS,Caenorhabditis elegans,6239,ubc-17
sp|Q11076|UBC17_CAEEL,604,NVS,Caenorhabditis elegans,6239,ubc-17
sp|Q11082|YT66_CAEEL,12,NST,Caenorhabditis elegans,6239,B0563.6
sp|Q11082|YT66_CAEEL,42,NIT,Caenorhabditis elegans,6239,B0563.6
sp|Q11082|YT66_CAEEL,88,NGS,Caenorhabditis elegans,6239,B0563.6
sp|Q11082|YT66_CAEEL,181,NVT,Caenorhabditis elegans,6239,B0563.6
sp|Q11082|YT66_CAEEL,429,NNT,Caenorhabditis elegans,6239,B0563.6
sp|Q11085|CLC2_CAEEL,200,NTT,Caenorhabditis elegans,6239,clc-2
sp|Q11085|CLC2_CAEEL,209,NSS,Caenorhabditis elegans,6239,clc-2
sp|Q11085|CLC2_CAEEL,224,NRS,Caenorhabditis elegans,6239,clc-2
sp|Q11095|FRPR1_CAEEL,5,NMS,Caenorhabditis elegans,6239,frpr-1
sp|Q11095|FRPR1_CAEEL,17,NGT,Caenorhabditis elegans,6239,frpr-1
sp|Q11095|FRPR1_CAEEL,166,NTS,Caenorhabditis elegans,6239,frpr-1
sp|Q11095|FRPR1_CAEEL,322,NSS,Caenorhabditis elegans,6239,frpr-1
sp|Q11095|FRPR1_CAEEL,361,NRT,Caenorhabditis elegans,6239,frpr-1
sp|Q11096|YWZ6_CAEEL,54,NLS,Caenorhabditis elegans,6239,C02B8.6
sp|Q11100|TAG52_CAEEL,199,NYS,Caenorhabditis elegans,6239,tag-52
sp|Q11100|TAG52_CAEEL,269,NGS,Caenorhabditis elegans,6239,tag-52
sp|Q11100|TAG52_CAEEL,398,NIS,Caenorhabditis elegans,6239,tag-52
sp|Q11100|TAG52_CAEEL,454,NLS,Caenorhabditis elegans,6239,tag-52
sp|Q11101|YL15_CAEEL,34,NKT,Caenorhabditis elegans,6239,C02F12.5
sp|Q11112|YX05_CAEEL,188,NQS,Caenorhabditis elegans,6239,C03B1.5
sp|Q11112|YX05_CAEEL,256,NYS,Caenorhabditis elegans,6239,C03B1.5
sp|Q11114|YX07_CAEEL,76,NSS,Caenorhabditis elegans,6239,C03B1.7
sp|Q11114|YX07_CAEEL,90,NIS,Caenorhabditis elegans,6239,C03B1.7
sp|Q11114|YX07_CAEEL,196,NIS,Caenorhabditis elegans,6239,C03B1.7
sp|Q11114|YX07_CAEEL,221,NAS,Caenorhabditis elegans,6239,C03B1.7
sp|Q11114|YX07_CAEEL,434,NQT,Caenorhabditis elegans,6239,C03B1.7
sp|Q11114|YX07_CAEEL,548,NGS,Caenorhabditis elegans,6239,C03B1.7
sp|Q11114|YX07_CAEEL,611,NLS,Caenorhabditis elegans,6239,C03B1.7
sp|Q11114|YX07_CAEEL,708,NAT,Caenorhabditis elegans,6239,C03B1.7
sp|Q11114|YX07_CAEEL,773,NKT,Caenorhabditis elegans,6239,C03B1.7
sp|Q11124|YX13_CAEEL,43,NDS,Caenorhabditis elegans,6239,C03F11.3
sp|Q11124|YX13_CAEEL,112,NFS,Caenorhabditis elegans,6239,C03F11.3
sp|Q11124|YX13_CAEEL,133,NKS,Caenorhabditis elegans,6239,C03F11.3
sp|Q11124|YX13_CAEEL,188,NQT,Caenorhabditis elegans,6239,C03F11.3
sp|Q11124|YX13_CAEEL,210,NVS,Caenorhabditis elegans,6239,C03F11.3
sp|Q11124|YX13_CAEEL,265,NGT,Caenorhabditis elegans,6239,C03F11.3
sp|Q11124|YX13_CAEEL,295,NNS,Caenorhabditis elegans,6239,C03F11.3
sp|Q11124|YX13_CAEEL,315,NKT,Caenorhabditis elegans,6239,C03F11.3
sp|Q11124|YX13_CAEEL,502,NES,Caenorhabditis elegans,6239,C03F11.3
sp|Q11177|DHS27_CAEEL,140,NQT,Caenorhabditis elegans,6239,dhs-27
sp|Q11177|DHS27_CAEEL,277,NMT,Caenorhabditis elegans,6239,dhs-27
sp|Q11177|DHS27_CAEEL,410,NLT,Caenorhabditis elegans,6239,dhs-27
sp|Q11177|DHS27_CAEEL,543,NNT,Caenorhabditis elegans,6239,dhs-27
sp|Q11177|DHS27_CAEEL,638,NIS,Caenorhabditis elegans,6239,dhs-27
sp|Q11178|ATTF4_CAEEL,99,NDT,Caenorhabditis elegans,6239,attf-4
sp|Q11178|ATTF4_CAEEL,110,NAS,Caenorhabditis elegans,6239,attf-4
sp|Q11178|ATTF4_CAEEL,139,NGS,Caenorhabditis elegans,6239,attf-4
sp|Q11178|ATTF4_CAEEL,148,NKT,Caenorhabditis elegans,6239,attf-4
sp|Q11178|ATTF4_CAEEL,236,NTS,Caenorhabditis elegans,6239,attf-4
sp|Q11178|ATTF4_CAEEL,405,NLT,Caenorhabditis elegans,6239,attf-4
sp|Q11178|ATTF4_CAEEL,505,NNS,Caenorhabditis elegans,6239,attf-4
sp|Q11181|YPC4_CAEEL,57,NSS,Caenorhabditis elegans,6239,C05D10.4
sp|Q11181|YPC4_CAEEL,81,NRS,Caenorhabditis elegans,6239,C05D10.4
sp|Q11181|YPC4_CAEEL,124,NQS,Caenorhabditis elegans,6239,C05D10.4
sp|Q11181|YPC4_CAEEL,161,NQS,Caenorhabditis elegans,6239,C05D10.4
sp|Q11181|YPC4_CAEEL,208,NWT,Caenorhabditis elegans,6239,C05D10.4
sp|Q11181|YPC4_CAEEL,215,NKS,Caenorhabditis elegans,6239,C05D10.4
sp|Q11181|YPC4_CAEEL,235,NLS,Caenorhabditis elegans,6239,C05D10.4
sp|Q11185|HYI_CAEEL,257,NMS,Caenorhabditis elegans,6239,C05D11.5
sp|Q11189|RT17_CAEEL,86,NVS,Caenorhabditis elegans,6239,mrps-17
sp|Q11189|RT17_CAEEL,112,NDT,Caenorhabditis elegans,6239,mrps-17
sp|Q17529|BEST2_CAEEL,178,NNS,Caenorhabditis elegans,6239,best-2
sp|Q17529|BEST2_CAEEL,318,NIT,Caenorhabditis elegans,6239,best-2
sp|Q17598|TM104_CAEEL,151,NAS,Caenorhabditis elegans,6239,C03A3.2
sp|Q17598|TM104_CAEEL,313,NTS,Caenorhabditis elegans,6239,C03A3.2
sp|Q17598|TM104_CAEEL,363,NES,Caenorhabditis elegans,6239,C03A3.2
sp|Q17598|TM104_CAEEL,376,NDT,Caenorhabditis elegans,6239,C03A3.2
sp|Q17598|TM104_CAEEL,459,NNS,Caenorhabditis elegans,6239,C03A3.2
sp|Q17606|RLP24_CAEEL,24,NDS,Caenorhabditis elegans,6239,rpl-24.2
sp|Q17703|STDH1_CAEEL,156,NVT,Caenorhabditis elegans,6239,stdh-1
sp|Q17703|STDH1_CAEEL,244,NTS,Caenorhabditis elegans,6239,stdh-1
sp|Q17704|STDH3_CAEEL,156,NVT,Caenorhabditis elegans,6239,stdh-3
sp|Q17851|BEST6_CAEEL,344,NIT,Caenorhabditis elegans,6239,best-6
sp|Q18006|SOX_CAEEL,42,NGS,Caenorhabditis elegans,6239,C15B12.1
sp|Q18006|SOX_CAEEL,185,NKS,Caenorhabditis elegans,6239,C15B12.1
sp|Q18006|SOX_CAEEL,227,NES,Caenorhabditis elegans,6239,C15B12.1
sp|Q18078|YXT2_CAEEL,91,NNT,Caenorhabditis elegans,6239,C18B2.2
sp|Q18078|YXT2_CAEEL,149,NMS,Caenorhabditis elegans,6239,C18B2.2
sp|Q18078|YXT2_CAEEL,176,NAS,Caenorhabditis elegans,6239,C18B2.2
sp|Q18078|YXT2_CAEEL,220,NMT,Caenorhabditis elegans,6239,C18B2.2
sp|Q18079|YXT1_CAEEL,76,NIS,Caenorhabditis elegans,6239,vep-2
sp|Q18079|YXT1_CAEEL,167,NIS,Caenorhabditis elegans,6239,vep-2
sp|Q18079|YXT1_CAEEL,203,NET,Caenorhabditis elegans,6239,vep-2
sp|Q18079|YXT1_CAEEL,214,NMT,Caenorhabditis elegans,6239,vep-2
sp|Q18245|YC27B_CAEEL,64,NDS,Caenorhabditis elegans,6239,C27B7.7
sp|Q18245|YC27B_CAEEL,146,NSS,Caenorhabditis elegans,6239,C27B7.7
sp|Q18245|YC27B_CAEEL,164,NYT,Caenorhabditis elegans,6239,C27B7.7
sp|Q18245|YC27B_CAEEL,198,NHT,Caenorhabditis elegans,6239,C27B7.7
sp|Q18245|YC27B_CAEEL,225,NST,Caenorhabditis elegans,6239,C27B7.7
sp|Q18245|YC27B_CAEEL,471,NAS,Caenorhabditis elegans,6239,C27B7.7
sp|Q18245|YC27B_CAEEL,497,NFS,Caenorhabditis elegans,6239,C27B7.7
sp|Q18245|YC27B_CAEEL,517,NYS,Caenorhabditis elegans,6239,C27B7.7
sp|Q18245|YC27B_CAEEL,658,NST,Caenorhabditis elegans,6239,C27B7.7
sp|Q18245|YC27B_CAEEL,691,NNS,Caenorhabditis elegans,6239,C27B7.7
sp|Q18245|YC27B_CAEEL,893,NKS,Caenorhabditis elegans,6239,C27B7.7
sp|Q18245|YC27B_CAEEL,898,NGT,Caenorhabditis elegans,6239,C27B7.7
sp|Q18245|YC27B_CAEEL,969,NVT,Caenorhabditis elegans,6239,C27B7.7
sp|Q18245|YC27B_CAEEL,1091,NET,Caenorhabditis elegans,6239,C27B7.7
sp|Q18245|YC27B_CAEEL,1120,NVT,Caenorhabditis elegans,6239,C27B7.7
sp|Q18245|YC27B_CAEEL,1133,NVT,Caenorhabditis elegans,6239,C27B7.7
sp|Q18245|YC27B_CAEEL,1151,NIS,Caenorhabditis elegans,6239,C27B7.7
sp|Q18245|YC27B_CAEEL,1207,NIS,Caenorhabditis elegans,6239,C27B7.7
sp|Q18245|YC27B_CAEEL,1268,NYT,Caenorhabditis elegans,6239,C27B7.7
sp|Q18245|YC27B_CAEEL,1277,NES,Caenorhabditis elegans,6239,C27B7.7
sp|Q18245|YC27B_CAEEL,1298,NIT,Caenorhabditis elegans,6239,C27B7.7
sp|Q18245|YC27B_CAEEL,1350,NFT,Caenorhabditis elegans,6239,C27B7.7
sp|Q18245|YC27B_CAEEL,1357,NST,Caenorhabditis elegans,6239,C27B7.7
sp|Q18245|YC27B_CAEEL,1382,NQT,Caenorhabditis elegans,6239,C27B7.7
sp|Q18268|PDL1_CAEEL,73,NFT,Caenorhabditis elegans,6239,pdl-1
sp|Q18286|EXOC6_CAEEL,3,NSS,Caenorhabditis elegans,6239,sec-15
sp|Q18286|EXOC6_CAEEL,262,NAS,Caenorhabditis elegans,6239,sec-15
sp|Q18286|EXOC6_CAEEL,280,NMS,Caenorhabditis elegans,6239,sec-15
sp|Q18286|EXOC6_CAEEL,375,NLS,Caenorhabditis elegans,6239,sec-15
sp|Q18286|EXOC6_CAEEL,465,NYT,Caenorhabditis elegans,6239,sec-15
sp|Q18286|EXOC6_CAEEL,530,NTS,Caenorhabditis elegans,6239,sec-15
sp|Q18347|YBWL_CAEEL,48,NGT,Caenorhabditis elegans,6239,C31H2.4
sp|Q18406|EXOC5_CAEEL,577,NST,Caenorhabditis elegans,6239,sec-10
sp|Q18406|EXOC5_CAEEL,625,NET,Caenorhabditis elegans,6239,sec-10
sp|Q18416|YY42_CAEEL,37,NAT,Caenorhabditis elegans,6239,C33H5.2
sp|Q18416|YY42_CAEEL,96,NAT,Caenorhabditis elegans,6239,C33H5.2
sp|Q18416|YY42_CAEEL,306,NSS,Caenorhabditis elegans,6239,C33H5.2
sp|Q18416|YY42_CAEEL,338,NYT,Caenorhabditis elegans,6239,C33H5.2
sp|Q18416|YY42_CAEEL,379,NGT,Caenorhabditis elegans,6239,C33H5.2
sp|Q18416|YY42_CAEEL,390,NSS,Caenorhabditis elegans,6239,C33H5.2
sp|Q18416|YY42_CAEEL,476,NAT,Caenorhabditis elegans,6239,C33H5.2
sp|Q18428|SRG15_CAEEL,4,NYS,Caenorhabditis elegans,6239,srg-15
sp|Q18428|SRG15_CAEEL,315,NNS,Caenorhabditis elegans,6239,srg-15
sp|Q18449|YC2L_CAEEL,78,NIT,Caenorhabditis elegans,6239,C34D4.4
sp|Q18449|YC2L_CAEEL,170,NNT,Caenorhabditis elegans,6239,C34D4.4
sp|Q18473|YE15_CAEEL,67,NES,Caenorhabditis elegans,6239,C35A5.5
sp|Q18473|YE15_CAEEL,119,NSS,Caenorhabditis elegans,6239,C35A5.5
sp|Q18473|YE15_CAEEL,247,NSS,Caenorhabditis elegans,6239,C35A5.5
sp|Q18473|YE15_CAEEL,416,NAS,Caenorhabditis elegans,6239,C35A5.5
sp|Q18473|YE15_CAEEL,435,NIS,Caenorhabditis elegans,6239,C35A5.5
sp|Q18473|YE15_CAEEL,445,NKT,Caenorhabditis elegans,6239,C35A5.5
sp|Q18474|YE16_CAEEL,44,NLT,Caenorhabditis elegans,6239,C35A5.6
sp|Q18474|YE16_CAEEL,58,NIS,Caenorhabditis elegans,6239,C35A5.6
sp|Q18474|YE16_CAEEL,72,NET,Caenorhabditis elegans,6239,C35A5.6
sp|Q18474|YE16_CAEEL,92,NVS,Caenorhabditis elegans,6239,C35A5.6
sp|Q18474|YE16_CAEEL,109,NTT,Caenorhabditis elegans,6239,C35A5.6
sp|Q18474|YE16_CAEEL,136,NNT,Caenorhabditis elegans,6239,C35A5.6
sp|Q18474|YE16_CAEEL,172,NRT,Caenorhabditis elegans,6239,C35A5.6
sp|Q18474|YE16_CAEEL,192,NST,Caenorhabditis elegans,6239,C35A5.6
sp|Q18474|YE16_CAEEL,213,NFT,Caenorhabditis elegans,6239,C35A5.6
sp|Q18484|TMX2_CAEEL,225,NDS,Caenorhabditis elegans,6239,C35D10.10
sp|Q18493|UAP1_CAEEL,44,NLS,Caenorhabditis elegans,6239,C36A4.4
sp|Q18493|UAP1_CAEEL,129,NAS,Caenorhabditis elegans,6239,C36A4.4
sp|Q18563|RGS6_CAEEL,15,NTS,Caenorhabditis elegans,6239,rgs-6
sp|Q18563|RGS6_CAEEL,20,NET,Caenorhabditis elegans,6239,rgs-6
sp|Q18563|RGS6_CAEEL,36,NET,Caenorhabditis elegans,6239,rgs-6
sp|Q18563|RGS6_CAEEL,39,NSS,Caenorhabditis elegans,6239,rgs-6
sp|Q18563|RGS6_CAEEL,106,NST,Caenorhabditis elegans,6239,rgs-6
sp|Q18563|RGS6_CAEEL,115,NST,Caenorhabditis elegans,6239,rgs-6
sp|Q18563|RGS6_CAEEL,159,NNS,Caenorhabditis elegans,6239,rgs-6
sp|Q18563|RGS6_CAEEL,187,NNT,Caenorhabditis elegans,6239,rgs-6
sp|Q18563|RGS6_CAEEL,330,NFS,Caenorhabditis elegans,6239,rgs-6
sp|Q18563|RGS6_CAEEL,377,NGS,Caenorhabditis elegans,6239,rgs-6
sp|Q18563|RGS6_CAEEL,451,NES,Caenorhabditis elegans,6239,rgs-6
sp|Q18563|RGS6_CAEEL,549,NVS,Caenorhabditis elegans,6239,rgs-6
sp|Q18563|RGS6_CAEEL,602,NGS,Caenorhabditis elegans,6239,rgs-6
sp|Q18594|YC4B5_CAEEL,59,NGT,Caenorhabditis elegans,6239,C44B7.5
sp|Q18594|YC4B5_CAEEL,171,NVS,Caenorhabditis elegans,6239,C44B7.5
sp|Q18594|YC4B5_CAEEL,197,NNT,Caenorhabditis elegans,6239,C44B7.5
sp|Q18695|LMBD2_CAEEL,73,NTT,Caenorhabditis elegans,6239,C47G2.4
sp|Q18695|LMBD2_CAEEL,128,NFT,Caenorhabditis elegans,6239,C47G2.4
sp|Q18695|LMBD2_CAEEL,250,NDS,Caenorhabditis elegans,6239,C47G2.4
sp|Q18695|LMBD2_CAEEL,313,NAT,Caenorhabditis elegans,6239,C47G2.4
sp|Q18695|LMBD2_CAEEL,580,NWT,Caenorhabditis elegans,6239,C47G2.4
sp|Q18695|LMBD2_CAEEL,592,NGS,Caenorhabditis elegans,6239,C47G2.4
sp|Q18881|SRA31_CAEEL,54,NCT,Caenorhabditis elegans,6239,sra-31
sp|Q18881|SRA31_CAEEL,210,NRT,Caenorhabditis elegans,6239,sra-31
sp|Q18881|SRA31_CAEEL,336,NSS,Caenorhabditis elegans,6239,sra-31
sp|Q18905|CGP1_CAEEL,304,NIT,Caenorhabditis elegans,6239,cgp-1
sp|Q19040|YE2H4_CAEEL,30,NVT,Caenorhabditis elegans,6239,E02H4.4
sp|Q19040|YE2H4_CAEEL,142,NGT,Caenorhabditis elegans,6239,E02H4.4
sp|Q19040|YE2H4_CAEEL,295,NAS,Caenorhabditis elegans,6239,E02H4.4
sp|Q19040|YE2H4_CAEEL,342,NLT,Caenorhabditis elegans,6239,E02H4.4
sp|Q19040|YE2H4_CAEEL,362,NSS,Caenorhabditis elegans,6239,E02H4.4
sp|Q19040|YE2H4_CAEEL,410,NYT,Caenorhabditis elegans,6239,E02H4.4
sp|Q19040|YE2H4_CAEEL,503,NKS,Caenorhabditis elegans,6239,E02H4.4
sp|Q19077|YEGP4_CAEEL,47,NIS,Caenorhabditis elegans,6239,EGAP4.1
sp|Q19196|DPOE2_CAEEL,495,NYT,Caenorhabditis elegans,6239,pole-2
sp|Q19200|STO1_CAEEL,32,NHS,Caenorhabditis elegans,6239,sto-1
sp|Q19200|STO1_CAEEL,147,NAT,Caenorhabditis elegans,6239,sto-1
sp|Q19258|SRG69_CAEEL,335,NFT,Caenorhabditis elegans,6239,srg-69
sp|Q19297|YZ73_CAEEL,81,NQT,Caenorhabditis elegans,6239,F10D7.3
sp|Q19337|ST7_CAEEL,44,NLT,Caenorhabditis elegans,6239,F11A10.5
sp|Q19337|ST7_CAEEL,134,NLS,Caenorhabditis elegans,6239,F11A10.5
sp|Q19338|MON2_CAEEL,46,NIS,Caenorhabditis elegans,6239,mon-2
sp|Q19338|MON2_CAEEL,305,NAS,Caenorhabditis elegans,6239,mon-2
sp|Q19338|MON2_CAEEL,396,NST,Caenorhabditis elegans,6239,mon-2
sp|Q19338|MON2_CAEEL,799,NHT,Caenorhabditis elegans,6239,mon-2
sp|Q19338|MON2_CAEEL,938,NIS,Caenorhabditis elegans,6239,mon-2
sp|Q19338|MON2_CAEEL,1136,NGS,Caenorhabditis elegans,6239,mon-2
sp|Q19338|MON2_CAEEL,1194,NSS,Caenorhabditis elegans,6239,mon-2
sp|Q19338|MON2_CAEEL,1436,NKS,Caenorhabditis elegans,6239,mon-2
sp|Q19366|DPOD2_CAEEL,13,NVS,Caenorhabditis elegans,6239,F12F6.7
sp|Q19366|DPOD2_CAEEL,140,NIS,Caenorhabditis elegans,6239,F12F6.7
sp|Q19366|DPOD2_CAEEL,344,NVS,Caenorhabditis elegans,6239,F12F6.7
sp|Q19366|DPOD2_CAEEL,436,NLS,Caenorhabditis elegans,6239,F12F6.7
sp|Q19374|YSL1_CAEEL,79,NET,Caenorhabditis elegans,6239,F13B12.4
sp|Q19374|YSL1_CAEEL,277,NQS,Caenorhabditis elegans,6239,F13B12.4
sp|Q19375|IWS1_CAEEL,351,NET,Caenorhabditis elegans,6239,F13B12.1
sp|Q19417|YSNK_CAEEL,59,NKS,Caenorhabditis elegans,6239,F13G3.3
sp|Q19417|YSNK_CAEEL,92,NDT,Caenorhabditis elegans,6239,F13G3.3
sp|Q19417|YSNK_CAEEL,334,NNT,Caenorhabditis elegans,6239,F13G3.3
sp|Q19417|YSNK_CAEEL,423,NMT,Caenorhabditis elegans,6239,F13G3.3
sp|Q19529|CMC3_CAEEL,275,NST,Caenorhabditis elegans,6239,F17E5.2
sp|Q19529|CMC3_CAEEL,474,NST,Caenorhabditis elegans,6239,F17E5.2
sp|Q19549|SRA27_CAEEL,6,NQT,Caenorhabditis elegans,6239,sra-27
sp|Q19549|SRA27_CAEEL,299,NLS,Caenorhabditis elegans,6239,sra-27
sp|Q19549|SRA27_CAEEL,326,NHT,Caenorhabditis elegans,6239,sra-27
sp|Q19550|SRA28_CAEEL,316,NET,Caenorhabditis elegans,6239,sra-28
sp|Q19552|SRA29_CAEEL,194,NDS,Caenorhabditis elegans,6239,sra-29
sp|Q19552|SRA29_CAEEL,215,NKS,Caenorhabditis elegans,6239,sra-29
sp|Q19673|TYR3_CAEEL,437,NVT,Caenorhabditis elegans,6239,tyr-3
sp|Q19683|YZR5_CAEEL,308,NTS,Caenorhabditis elegans,6239,F21D5.5
sp|Q19683|YZR5_CAEEL,336,NCS,Caenorhabditis elegans,6239,F21D5.5
sp|Q19857|PPR37_CAEEL,61,NSS,Caenorhabditis elegans,6239,F28C1.3
sp|Q19857|PPR37_CAEEL,208,NLS,Caenorhabditis elegans,6239,F28C1.3
sp|Q19857|PPR37_CAEEL,287,NNT,Caenorhabditis elegans,6239,F28C1.3
sp|Q19857|PPR37_CAEEL,316,NSS,Caenorhabditis elegans,6239,F28C1.3
sp|Q19857|PPR37_CAEEL,326,NNS,Caenorhabditis elegans,6239,F28C1.3
sp|Q19857|PPR37_CAEEL,361,NVT,Caenorhabditis elegans,6239,F28C1.3
sp|Q19857|PPR37_CAEEL,461,NTS,Caenorhabditis elegans,6239,F28C1.3
sp|Q19857|PPR37_CAEEL,553,NES,Caenorhabditis elegans,6239,F28C1.3
sp|Q19857|PPR37_CAEEL,634,NST,Caenorhabditis elegans,6239,F28C1.3
sp|Q19869|RL26_CAEEL,90,NGS,Caenorhabditis elegans,6239,rpl-26
sp|Q19877|RS23_CAEEL,127,NTS,Caenorhabditis elegans,6239,rps-23
sp|Q19897|SRE6_CAEEL,14,NGT,Caenorhabditis elegans,6239,sre-6
sp|Q19897|SRE6_CAEEL,107,NYT,Caenorhabditis elegans,6239,sre-6
sp|Q19897|SRE6_CAEEL,253,NVS,Caenorhabditis elegans,6239,sre-6
sp|Q19897|SRE6_CAEEL,265,NVS,Caenorhabditis elegans,6239,sre-6
sp|Q19897|SRE6_CAEEL,321,NYS,Caenorhabditis elegans,6239,sre-6
sp|Q19897|SRE6_CAEEL,339,NLT,Caenorhabditis elegans,6239,sre-6
sp|Q19897|SRE6_CAEEL,358,NNS,Caenorhabditis elegans,6239,sre-6
sp|Q19906|CTU2_CAEEL,309,NTS,Caenorhabditis elegans,6239,tut-2
sp|Q19978|BST14_CAEEL,396,NAT,Caenorhabditis elegans,6239,best-14
sp|Q19992|SRD1_CAEEL,203,NTT,Caenorhabditis elegans,6239,srd-1
sp|Q19992|SRD1_CAEEL,294,NIT,Caenorhabditis elegans,6239,srd-1
sp|Q20026|CTL1L_CAEEL,141,NFS,Caenorhabditis elegans,6239,chtl-1
sp|Q20026|CTL1L_CAEEL,259,NSS,Caenorhabditis elegans,6239,chtl-1
sp|Q20026|CTL1L_CAEEL,480,NTS,Caenorhabditis elegans,6239,chtl-1
sp|Q20086|UGT58_CAEEL,88,NHT,Caenorhabditis elegans,6239,ugt-58
sp|Q20086|UGT58_CAEEL,176,NQS,Caenorhabditis elegans,6239,ugt-58
sp|Q20086|UGT58_CAEEL,243,NAS,Caenorhabditis elegans,6239,ugt-58
sp|Q20086|UGT58_CAEEL,306,NKS,Caenorhabditis elegans,6239,ugt-58
sp|Q20086|UGT58_CAEEL,336,NSS,Caenorhabditis elegans,6239,ugt-58
sp|Q20170|WRT3_CAEEL,52,NYS,Caenorhabditis elegans,6239,wrt-3
sp|Q20170|WRT3_CAEEL,147,NLT,Caenorhabditis elegans,6239,wrt-3
sp|Q20222|FABP3_CAEEL,68,NET,Caenorhabditis elegans,6239,lbp-3
sp|Q20222|FABP3_CAEEL,78,NLT,Caenorhabditis elegans,6239,lbp-3
sp|Q20223|FABP1_CAEEL,75,NLT,Caenorhabditis elegans,6239,lbp-1
sp|Q20249|SRE8_CAEEL,16,NTT,Caenorhabditis elegans,6239,sre-8
sp|Q20249|SRE8_CAEEL,63,NLT,Caenorhabditis elegans,6239,sre-8
sp|Q20249|SRE8_CAEEL,337,NKT,Caenorhabditis elegans,6239,sre-8
sp|Q20257|TBX11_CAEEL,93,NGS,Caenorhabditis elegans,6239,tbx-11
sp|Q20257|TBX11_CAEEL,105,NVS,Caenorhabditis elegans,6239,tbx-11
sp|Q20257|TBX11_CAEEL,123,NAS,Caenorhabditis elegans,6239,tbx-11
sp|Q20410|SRA12_CAEEL,86,NTS,Caenorhabditis elegans,6239,sra-12
sp|Q20410|SRA12_CAEEL,178,NIS,Caenorhabditis elegans,6239,sra-12
sp|Q20496|GDIR_CAEEL,10,NTS,Caenorhabditis elegans,6239,rhi-1
sp|Q20548|RN207_CAEEL,99,NVT,Caenorhabditis elegans,6239,F47G9.4
sp|Q20548|RN207_CAEEL,203,NAS,Caenorhabditis elegans,6239,F47G9.4
sp|Q20548|RN207_CAEEL,707,NIS,Caenorhabditis elegans,6239,F47G9.4
sp|Q20585|PSMD6_CAEEL,270,NGT,Caenorhabditis elegans,6239,rpn-7
sp|Q20593|YE25_CAEEL,96,NDT,Caenorhabditis elegans,6239,F49C12.5
sp|Q20593|YE25_CAEEL,338,NFT,Caenorhabditis elegans,6239,F49C12.5
sp|Q20593|YE25_CAEEL,390,NST,Caenorhabditis elegans,6239,F49C12.5
sp|Q20593|YE25_CAEEL,469,NIT,Caenorhabditis elegans,6239,F49C12.5
sp|Q20593|YE25_CAEEL,476,NAT,Caenorhabditis elegans,6239,F49C12.5
sp|Q20605|AMT2_CAEEL,6,NLT,Caenorhabditis elegans,6239,amt-2
sp|Q20605|AMT2_CAEEL,247,NTS,Caenorhabditis elegans,6239,amt-2
sp|Q20657|STO3_CAEEL,249,NHT,Caenorhabditis elegans,6239,sto-3
sp|Q20680|MTO1_CAEEL,123,NST,Caenorhabditis elegans,6239,mtcu-2
sp|Q20680|MTO1_CAEEL,152,NET,Caenorhabditis elegans,6239,mtcu-2
sp|Q20680|MTO1_CAEEL,221,NFS,Caenorhabditis elegans,6239,mtcu-2
sp|Q20680|MTO1_CAEEL,381,NGT,Caenorhabditis elegans,6239,mtcu-2
sp|Q20680|MTO1_CAEEL,399,NAS,Caenorhabditis elegans,6239,mtcu-2
sp|Q20680|MTO1_CAEEL,484,NLT,Caenorhabditis elegans,6239,mtcu-2
sp|Q20728|TBCB_CAEEL,12,NAT,Caenorhabditis elegans,6239,tbcb-1
sp|Q20728|TBCB_CAEEL,133,NES,Caenorhabditis elegans,6239,tbcb-1
sp|Q20806|YXWL_CAEEL,95,NQS,Caenorhabditis elegans,6239,F55C10.4
sp|Q20806|YXWL_CAEEL,339,NST,Caenorhabditis elegans,6239,F55C10.4
sp|Q20806|YXWL_CAEEL,401,NVT,Caenorhabditis elegans,6239,F55C10.4
sp|Q20806|YXWL_CAEEL,449,NES,Caenorhabditis elegans,6239,F55C10.4
sp|Q20819|EFTS_CAEEL,94,NST,Caenorhabditis elegans,6239,tsfm-1
sp|Q20819|EFTS_CAEEL,121,NIS,Caenorhabditis elegans,6239,tsfm-1
sp|Q20819|EFTS_CAEEL,173,NMT,Caenorhabditis elegans,6239,tsfm-1
sp|Q20819|EFTS_CAEEL,215,NQS,Caenorhabditis elegans,6239,tsfm-1
sp|Q20848|P5CR4_CAEEL,9,NGS,Caenorhabditis elegans,6239,pycr-4
sp|Q20848|P5CR4_CAEEL,128,NTT,Caenorhabditis elegans,6239,pycr-4
sp|Q20952|ADD2_CAEEL,18,NVS,Caenorhabditis elegans,6239,add-2
sp|Q20952|ADD2_CAEEL,63,NSS,Caenorhabditis elegans,6239,add-2
sp|Q20952|ADD2_CAEEL,93,NFS,Caenorhabditis elegans,6239,add-2
sp|Q20952|ADD2_CAEEL,117,NES,Caenorhabditis elegans,6239,add-2
sp|Q20952|ADD2_CAEEL,129,NGT,Caenorhabditis elegans,6239,add-2
sp|Q21018|CRI3_CAEEL,87,NGS,Caenorhabditis elegans,6239,cri-3
sp|Q21018|CRI3_CAEEL,99,NHS,Caenorhabditis elegans,6239,cri-3
sp|Q21037|ORC2_CAEEL,40,NAS,Caenorhabditis elegans,6239,orc-2
sp|Q21037|ORC2_CAEEL,320,NQS,Caenorhabditis elegans,6239,orc-2
sp|Q21184|CO155_CAEEL,74,NRT,Caenorhabditis elegans,6239,col-155
sp|Q21268|YMSO_CAEEL,81,NVT,Caenorhabditis elegans,6239,K07C11.7
sp|Q21268|YMSO_CAEEL,158,NVT,Caenorhabditis elegans,6239,K07C11.7
sp|Q21268|YMSO_CAEEL,204,NDT,Caenorhabditis elegans,6239,K07C11.7
sp|Q21268|YMSO_CAEEL,260,NTT,Caenorhabditis elegans,6239,K07C11.7
sp|Q21276|NOP56_CAEEL,98,NDS,Caenorhabditis elegans,6239,nol-56
sp|Q21276|NOP56_CAEEL,242,NDS,Caenorhabditis elegans,6239,nol-56
sp|Q21278|SLU7_CAEEL,153,NLT,Caenorhabditis elegans,6239,K07C5.6
sp|Q21278|SLU7_CAEEL,342,NET,Caenorhabditis elegans,6239,K07C5.6
sp|Q21278|SLU7_CAEEL,403,NHT,Caenorhabditis elegans,6239,K07C5.6
sp|Q21454|RM35_CAEEL,125,NVT,Caenorhabditis elegans,6239,mrpl-35
sp|Q21565|AMT3_CAEEL,10,NAS,Caenorhabditis elegans,6239,amt-3
sp|Q21565|AMT3_CAEEL,385,NRS,Caenorhabditis elegans,6239,amt-3
sp|Q21565|AMT3_CAEEL,506,NGT,Caenorhabditis elegans,6239,amt-3
sp|Q21565|AMT3_CAEEL,523,NAT,Caenorhabditis elegans,6239,amt-3
sp|Q21565|AMT3_CAEEL,528,NGT,Caenorhabditis elegans,6239,amt-3
sp|Q21565|AMT3_CAEEL,604,NVS,Caenorhabditis elegans,6239,amt-3
sp|Q21565|AMT3_CAEEL,663,NST,Caenorhabditis elegans,6239,amt-3
sp|Q21568|NH2L1_CAEEL,17,NLS,Caenorhabditis elegans,6239,snu-13
sp|Q21743|GST9_CAEEL,44,NMT,Caenorhabditis elegans,6239,gst-9
sp|Q21751|EAA6_CAEEL,40,NLS,Caenorhabditis elegans,6239,glt-6
sp|Q21751|EAA6_CAEEL,133,NVS,Caenorhabditis elegans,6239,glt-6
sp|Q21751|EAA6_CAEEL,175,NGT,Caenorhabditis elegans,6239,glt-6
sp|Q21755|NOSIP_CAEEL,7,NST,Caenorhabditis elegans,6239,R05G6.4
sp|Q21755|NOSIP_CAEEL,241,NTT,Caenorhabditis elegans,6239,R05G6.4
sp|Q21755|NOSIP_CAEEL,296,NET,Caenorhabditis elegans,6239,R05G6.4
sp|Q21767|SRD2_CAEEL,2,NNT,Caenorhabditis elegans,6239,srd-2
sp|Q21767|SRD2_CAEEL,7,NST,Caenorhabditis elegans,6239,srd-2
sp|Q21767|SRD2_CAEEL,200,NIS,Caenorhabditis elegans,6239,srd-2
sp|Q21767|SRD2_CAEEL,243,NLS,Caenorhabditis elegans,6239,srd-2
sp|Q21767|SRD2_CAEEL,291,NIT,Caenorhabditis elegans,6239,srd-2
sp|Q21771|CPG3_CAEEL,174,NET,Caenorhabditis elegans,6239,cpg-3
sp|Q21771|CPG3_CAEEL,254,NLT,Caenorhabditis elegans,6239,cpg-3
sp|Q21775|NTAQ1_CAEEL,72,NGS,Caenorhabditis elegans,6239,R06C7.6
sp|Q21775|NTAQ1_CAEEL,169,NTT,Caenorhabditis elegans,6239,R06C7.6
sp|Q21802|YEYC_CAEEL,3,NFS,Caenorhabditis elegans,6239,R07B7.12
sp|Q21802|YEYC_CAEEL,17,NLS,Caenorhabditis elegans,6239,R07B7.12
sp|Q21802|YEYC_CAEEL,24,NRS,Caenorhabditis elegans,6239,R07B7.12
sp|Q21802|YEYC_CAEEL,93,NHT,Caenorhabditis elegans,6239,R07B7.12
sp|Q21802|YEYC_CAEEL,317,NFS,Caenorhabditis elegans,6239,R07B7.12
sp|Q21802|YEYC_CAEEL,385,NST,Caenorhabditis elegans,6239,R07B7.12
sp|Q21802|YEYC_CAEEL,482,NES,Caenorhabditis elegans,6239,R07B7.12
sp|Q21827|GPTC1_CAEEL,102,NRS,Caenorhabditis elegans,6239,R07E5.1
sp|Q21827|GPTC1_CAEEL,229,NES,Caenorhabditis elegans,6239,R07E5.1
sp|Q21827|GPTC1_CAEEL,607,NQS,Caenorhabditis elegans,6239,R07E5.1
sp|Q21828|MPC1_CAEEL,89,NFS,Caenorhabditis elegans,6239,mpc-1
sp|Q21874|YF1M_CAEEL,103,NYT,Caenorhabditis elegans,6239,R09E10.5
sp|Q21874|YF1M_CAEEL,315,NHT,Caenorhabditis elegans,6239,R09E10.5
sp|Q21874|YF1M_CAEEL,364,NKT,Caenorhabditis elegans,6239,R09E10.5
sp|Q21874|YF1M_CAEEL,492,NFT,Caenorhabditis elegans,6239,R09E10.5
sp|Q21874|YF1M_CAEEL,605,NGT,Caenorhabditis elegans,6239,R09E10.5
sp|Q21874|YF1M_CAEEL,676,NTS,Caenorhabditis elegans,6239,R09E10.5
sp|Q21874|YF1M_CAEEL,914,NAT,Caenorhabditis elegans,6239,R09E10.5
sp|Q21874|YF1M_CAEEL,1360,NYS,Caenorhabditis elegans,6239,R09E10.5
sp|Q21874|YF1M_CAEEL,1374,NQT,Caenorhabditis elegans,6239,R09E10.5
sp|Q21874|YF1M_CAEEL,1434,NTS,Caenorhabditis elegans,6239,R09E10.5
sp|Q21890|YF64_CAEEL,24,NFS,Caenorhabditis elegans,6239,R102.4
sp|Q21890|YF64_CAEEL,61,NKT,Caenorhabditis elegans,6239,R102.4
sp|Q21890|YF64_CAEEL,205,NYT,Caenorhabditis elegans,6239,R102.4
sp|Q21890|YF64_CAEEL,246,NCS,Caenorhabditis elegans,6239,R102.4
sp|Q21890|YF64_CAEEL,393,NVS,Caenorhabditis elegans,6239,R102.4
sp|Q21924|GPKOW_CAEEL,286,NKS,Caenorhabditis elegans,6239,gkow-1
sp|Q21924|GPKOW_CAEEL,332,NSS,Caenorhabditis elegans,6239,gkow-1
sp|Q22021|ATPK_CAEEL,42,NKT,Caenorhabditis elegans,6239,R53.4
sp|Q22021|ATPK_CAEEL,118,NNT,Caenorhabditis elegans,6239,R53.4
sp|Q22122|ZC21A_CAEEL,185,NGS,Caenorhabditis elegans,6239,T03G11.3
sp|Q22122|ZC21A_CAEEL,311,NNS,Caenorhabditis elegans,6239,T03G11.3
sp|Q22122|ZC21A_CAEEL,315,NNS,Caenorhabditis elegans,6239,T03G11.3
sp|Q22141|PGAP2_CAEEL,163,NET,Caenorhabditis elegans,6239,pgap-2
sp|Q22165|STO4_CAEEL,22,NYT,Caenorhabditis elegans,6239,sto-4
sp|Q22165|STO4_CAEEL,124,NAT,Caenorhabditis elegans,6239,sto-4
sp|Q22165|STO4_CAEEL,260,NNT,Caenorhabditis elegans,6239,sto-4
sp|Q22180|UGT55_CAEEL,469,NLS,Caenorhabditis elegans,6239,ugt-55
sp|Q22181|UGT56_CAEEL,125,NST,Caenorhabditis elegans,6239,ugt-56
sp|Q22181|UGT56_CAEEL,277,NLT,Caenorhabditis elegans,6239,ugt-56
sp|Q22181|UGT56_CAEEL,335,NFT,Caenorhabditis elegans,6239,ugt-56
sp|Q22181|UGT56_CAEEL,472,NFS,Caenorhabditis elegans,6239,ugt-56
sp|Q22230|DECR_CAEEL,141,NVT,Caenorhabditis elegans,6239,decr-1.3
sp|Q22306|YW12_CAEEL,69,NAS,Caenorhabditis elegans,6239,T07D4.2
sp|Q22306|YW12_CAEEL,273,NLS,Caenorhabditis elegans,6239,T07D4.2
sp|Q22494|VATH2_CAEEL,16,NAT,Caenorhabditis elegans,6239,vha-15
sp|Q22494|VATH2_CAEEL,178,NST,Caenorhabditis elegans,6239,vha-15
sp|Q22494|VATH2_CAEEL,186,NTT,Caenorhabditis elegans,6239,vha-15
sp|Q22494|VATH2_CAEEL,366,NAS,Caenorhabditis elegans,6239,vha-15
sp|Q22544|TSCT1_CAEEL,252,NVS,Caenorhabditis elegans,6239,tsct-1
sp|Q22566|BST17_CAEEL,314,NIS,Caenorhabditis elegans,6239,best-17
sp|Q22566|BST17_CAEEL,355,NLT,Caenorhabditis elegans,6239,best-17
sp|Q22566|BST17_CAEEL,422,NLS,Caenorhabditis elegans,6239,best-17
sp|Q22566|BST17_CAEEL,431,NKS,Caenorhabditis elegans,6239,best-17
sp|Q22640|ERH_CAEEL,24,NTT,Caenorhabditis elegans,6239,erh-1
sp|Q22640|ERH_CAEEL,74,NTT,Caenorhabditis elegans,6239,erh-1
sp|Q22670|RBGPR_CAEEL,378,NVS,Caenorhabditis elegans,6239,rbg-2
sp|Q22670|RBGPR_CAEEL,558,NLS,Caenorhabditis elegans,6239,rbg-2
sp|Q22670|RBGPR_CAEEL,642,NDS,Caenorhabditis elegans,6239,rbg-2
sp|Q22670|RBGPR_CAEEL,802,NKT,Caenorhabditis elegans,6239,rbg-2
sp|Q22670|RBGPR_CAEEL,945,NFS,Caenorhabditis elegans,6239,rbg-2
sp|Q22811|HM21_CAEEL,132,NET,Caenorhabditis elegans,6239,ceh-21
sp|Q22811|HM21_CAEEL,172,NSS,Caenorhabditis elegans,6239,ceh-21
sp|Q22813|TBX41_CAEEL,147,NNT,Caenorhabditis elegans,6239,tbx-41
sp|Q22851|ASIC2_CAEEL,15,NWS,Caenorhabditis elegans,6239,asic-2
sp|Q22851|ASIC2_CAEEL,201,NYS,Caenorhabditis elegans,6239,asic-2
sp|Q22851|ASIC2_CAEEL,350,NQT,Caenorhabditis elegans,6239,asic-2
sp|Q22931|FOLT3_CAEEL,35,NIS,Caenorhabditis elegans,6239,folt-3
sp|Q22931|FOLT3_CAEEL,254,NYT,Caenorhabditis elegans,6239,folt-3
sp|Q22957|U376C_CAEEL,32,NCT,Caenorhabditis elegans,6239,F10G2.1
sp|Q22957|U376C_CAEEL,124,NST,Caenorhabditis elegans,6239,F10G2.1
sp|Q22992|SUMV2_CAEEL,16,NIT,Caenorhabditis elegans,6239,sumv-2
sp|Q22992|SUMV2_CAEEL,349,NET,Caenorhabditis elegans,6239,sumv-2
sp|Q22992|SUMV2_CAEEL,664,NCT,Caenorhabditis elegans,6239,sumv-2
sp|Q22992|SUMV2_CAEEL,700,NSS,Caenorhabditis elegans,6239,sumv-2
sp|Q22992|SUMV2_CAEEL,742,NNT,Caenorhabditis elegans,6239,sumv-2
sp|Q23027|INX5_CAEEL,132,NES,Caenorhabditis elegans,6239,inx-5
sp|Q23027|INX5_CAEEL,155,NMS,Caenorhabditis elegans,6239,inx-5
sp|Q23027|INX5_CAEEL,178,NES,Caenorhabditis elegans,6239,inx-5
sp|Q23116|DEC12_CAEEL,141,NVT,Caenorhabditis elegans,6239,decr-1.2
sp|Q23116|DEC12_CAEEL,153,NKT,Caenorhabditis elegans,6239,decr-1.2
sp|Q23202|SBDS_CAEEL,43,NKS,Caenorhabditis elegans,6239,sbds-1
sp|Q23202|SBDS_CAEEL,61,NVS,Caenorhabditis elegans,6239,sbds-1
sp|Q23202|SBDS_CAEEL,149,NRS,Caenorhabditis elegans,6239,sbds-1
sp|Q23202|SBDS_CAEEL,229,NET,Caenorhabditis elegans,6239,sbds-1
sp|Q23236|NDX3_CAEEL,31,NLS,Caenorhabditis elegans,6239,ndx-3
sp|Q23236|NDX3_CAEEL,133,NVT,Caenorhabditis elegans,6239,ndx-3
sp|Q23237|PSB3_CAEEL,195,NVS,Caenorhabditis elegans,6239,pbs-3
sp|Q23246|SSP34_CAEEL,17,NST,Caenorhabditis elegans,6239,ssp-34
sp|Q23246|SSP34_CAEEL,21,NIT,Caenorhabditis elegans,6239,ssp-34
sp|Q23307|YHB8_CAEEL,48,NGS,Caenorhabditis elegans,6239,ZC412.3
sp|Q23307|YHB8_CAEEL,159,NGT,Caenorhabditis elegans,6239,ZC412.3
sp|Q23307|YHB8_CAEEL,223,NVT,Caenorhabditis elegans,6239,ZC412.3
sp|Q23307|YHB8_CAEEL,239,NYS,Caenorhabditis elegans,6239,ZC412.3
sp|Q23312|RS7_CAEEL,55,NKS,Caenorhabditis elegans,6239,rps-7
sp|Q23369|BST22_CAEEL,413,NVS,Caenorhabditis elegans,6239,best-22
sp|Q23369|BST22_CAEEL,453,NGS,Caenorhabditis elegans,6239,best-22
sp|Q23387|TM151_CAEEL,221,NET,Caenorhabditis elegans,6239,ZK1067.4
sp|Q23387|TM151_CAEEL,304,NYT,Caenorhabditis elegans,6239,ZK1067.4
sp|Q23387|TM151_CAEEL,420,NLS,Caenorhabditis elegans,6239,ZK1067.4
sp|Q23387|TM151_CAEEL,426,NGS,Caenorhabditis elegans,6239,ZK1067.4
sp|Q23387|TM151_CAEEL,528,NNS,Caenorhabditis elegans,6239,ZK1067.4
sp|Q23400|RCL1_CAEEL,58,NGT,Caenorhabditis elegans,6239,ZK1127.5
sp|Q23400|RCL1_CAEEL,375,NKT,Caenorhabditis elegans,6239,ZK1127.5
sp|Q23450|COA7_CAEEL,206,NVS,Caenorhabditis elegans,6239,coa-7
sp|Q23450|COA7_CAEEL,241,NDT,Caenorhabditis elegans,6239,coa-7
sp|Q23469|YPTJ_CAEEL,88,NHT,Caenorhabditis elegans,6239,ZK381.2
sp|Q23469|YPTJ_CAEEL,97,NST,Caenorhabditis elegans,6239,ZK381.2
sp|Q23469|YPTJ_CAEEL,339,NST,Caenorhabditis elegans,6239,ZK381.2
sp|Q23469|YPTJ_CAEEL,376,NDS,Caenorhabditis elegans,6239,ZK381.2
sp|Q23469|YPTJ_CAEEL,390,NET,Caenorhabditis elegans,6239,ZK381.2
sp|Q23495|HEAT1_CAEEL,41,NET,Caenorhabditis elegans,6239,toe-1
sp|Q23495|HEAT1_CAEEL,777,NSS,Caenorhabditis elegans,6239,toe-1
sp|Q23495|HEAT1_CAEEL,827,NAS,Caenorhabditis elegans,6239,toe-1
sp|Q23495|HEAT1_CAEEL,1136,NLT,Caenorhabditis elegans,6239,toe-1
sp|Q23495|HEAT1_CAEEL,1473,NAT,Caenorhabditis elegans,6239,toe-1
sp|Q23523|MED4_CAEEL,315,NSS,Caenorhabditis elegans,6239,mdt-4
sp|Q23525|SURF6_CAEEL,200,NKT,Caenorhabditis elegans,6239,gldi-11
sp|Q23525|SURF6_CAEEL,227,NES,Caenorhabditis elegans,6239,gldi-11
sp|Q23525|SURF6_CAEEL,433,NKT,Caenorhabditis elegans,6239,gldi-11
sp|Q23570|YO30_CAEEL,129,NIS,Caenorhabditis elegans,6239,ZK669.3
sp|Q23570|YO30_CAEEL,185,NGT,Caenorhabditis elegans,6239,ZK669.3
sp|Q23622|TBX36_CAEEL,129,NIT,Caenorhabditis elegans,6239,tbx-36
sp|Q23629|DHTK1_CAEEL,102,NFS,Caenorhabditis elegans,6239,ogdh-2
sp|Q23629|DHTK1_CAEEL,907,NQT,Caenorhabditis elegans,6239,ogdh-2
sp|Q23647|HPO40_CAEEL,113,NNS,Caenorhabditis elegans,6239,hpo-40
sp|Q23647|HPO40_CAEEL,313,NST,Caenorhabditis elegans,6239,hpo-40
sp|Q23647|HPO40_CAEEL,407,NIS,Caenorhabditis elegans,6239,hpo-40
sp|Q23647|HPO40_CAEEL,439,NST,Caenorhabditis elegans,6239,hpo-40
sp|Q23647|HPO40_CAEEL,489,NMS,Caenorhabditis elegans,6239,hpo-40
sp|Q23647|HPO40_CAEEL,517,NYT,Caenorhabditis elegans,6239,hpo-40
sp|Q23647|HPO40_CAEEL,629,NDS,Caenorhabditis elegans,6239,hpo-40
sp|Q23647|HPO40_CAEEL,678,NFS,Caenorhabditis elegans,6239,hpo-40
sp|Q23679|MED22_CAEEL,60,NQT,Caenorhabditis elegans,6239,mdt-22
sp|Q27245|YH24_CAEEL,62,NST,Caenorhabditis elegans,6239,lap-2
sp|Q27245|YH24_CAEEL,86,NVS,Caenorhabditis elegans,6239,lap-2
sp|Q27245|YH24_CAEEL,482,NSS,Caenorhabditis elegans,6239,lap-2
sp|Q27274|RO60_CAEEL,574,NDT,Caenorhabditis elegans,6239,rop-1
sp|Q27535|KARG2_CAEEL,40,NKS,Caenorhabditis elegans,6239,ZC434.8
sp|Q5FC78|YQV8_CAEEL,18,NFT,Caenorhabditis elegans,6239,F27E5.8
sp|Q5FC78|YQV8_CAEEL,236,NLS,Caenorhabditis elegans,6239,F27E5.8
sp|Q5FC79|SFXN5_CAEEL,130,NQS,Caenorhabditis elegans,6239,sfxn-5
sp|Q5FC79|SFXN5_CAEEL,143,NAT,Caenorhabditis elegans,6239,sfxn-5
sp|Q688C0|RT24_CAEEL,35,NRT,Caenorhabditis elegans,6239,mrps-24
sp|Q7YTM8|HRG5_CAEEL,44,NWS,Caenorhabditis elegans,6239,hrg-5
sp|Q7YTM8|HRG5_CAEEL,144,NYS,Caenorhabditis elegans,6239,hrg-5
sp|Q7YWV6|MPV17_CAEEL,77,NKS,Caenorhabditis elegans,6239,T18D3.9
sp|Q7Z118|YMPB_CAEEL,21,NNS,Caenorhabditis elegans,6239,B0361.11
sp|Q7Z118|YMPB_CAEEL,86,NET,Caenorhabditis elegans,6239,B0361.11
sp|Q7Z118|YMPB_CAEEL,122,NVT,Caenorhabditis elegans,6239,B0361.11
sp|Q7Z118|YMPB_CAEEL,291,NKT,Caenorhabditis elegans,6239,B0361.11
sp|Q7Z118|YMPB_CAEEL,308,NVS,Caenorhabditis elegans,6239,B0361.11
sp|Q7Z118|YMPB_CAEEL,570,NFS,Caenorhabditis elegans,6239,B0361.11
sp|Q7Z142|YO15_CAEEL,48,NTS,Caenorhabditis elegans,6239,ZK686.5
sp|Q7Z142|YO15_CAEEL,118,NFS,Caenorhabditis elegans,6239,ZK686.5
sp|Q86D25|CFA20_CAEEL,53,NIS,Caenorhabditis elegans,6239,C54C6.6
sp|Q86D25|CFA20_CAEEL,135,NLS,Caenorhabditis elegans,6239,C54C6.6
sp|Q86NG3|CLC88_CAEEL,220,NST,Caenorhabditis elegans,6239,clec-88
sp|Q8I0G4|ZDHC4_CAEEL,267,NRT,Caenorhabditis elegans,6239,dhhc-4
sp|Q8ITY4|SF3B6_CAEEL,81,NVS,Caenorhabditis elegans,6239,C50D2.5
sp|Q8MPX3|DNJ20_CAEEL,5,NVS,Caenorhabditis elegans,6239,dnj-20
sp|Q8MPX3|DNJ20_CAEEL,260,NVT,Caenorhabditis elegans,6239,dnj-20
sp|Q8MYM9|COA8_CAEEL,25,NLS,Caenorhabditis elegans,6239,Y39B6A.34
sp|Q8MYM9|COA8_CAEEL,39,NES,Caenorhabditis elegans,6239,Y39B6A.34
sp|Q93425|RT05_CAEEL,164,NMT,Caenorhabditis elegans,6239,mrps-5
sp|Q93615|ETFA_CAEEL,16,NAS,Caenorhabditis elegans,6239,F27D4.1
sp|Q93615|ETFA_CAEEL,21,NST,Caenorhabditis elegans,6239,F27D4.1
sp|Q93615|ETFA_CAEEL,60,NAT,Caenorhabditis elegans,6239,F27D4.1
sp|Q93615|ETFA_CAEEL,105,NFT,Caenorhabditis elegans,6239,F27D4.1
sp|Q93618|ZC3HF_CAEEL,50,NNT,Caenorhabditis elegans,6239,F27D4.4
sp|Q93618|ZC3HF_CAEEL,236,NLT,Caenorhabditis elegans,6239,F27D4.4
sp|Q93635|CC149_CAEEL,256,NRS,Caenorhabditis elegans,6239,ccdc-149
sp|Q93650|GLS3_CAEEL,561,NHT,Caenorhabditis elegans,6239,glna-3
sp|Q93761|YXEK_CAEEL,187,NMT,Caenorhabditis elegans,6239,F53C11.3
sp|Q93834|YYVP_CAEEL,302,NMT,Caenorhabditis elegans,6239,F59C6.8
sp|Q93834|YYVP_CAEEL,386,NRS,Caenorhabditis elegans,6239,F59C6.8
sp|Q93834|YYVP_CAEEL,402,NAT,Caenorhabditis elegans,6239,F59C6.8
sp|Q94166|HM33_CAEEL,4,NSS,Caenorhabditis elegans,6239,ceh-33
sp|Q94175|BEST9_CAEEL,47,NYT,Caenorhabditis elegans,6239,best-9
sp|Q94175|BEST9_CAEEL,130,NLT,Caenorhabditis elegans,6239,best-9
sp|Q94417|CLC91_CAEEL,25,NET,Caenorhabditis elegans,6239,clec-91
sp|Q94417|CLC91_CAEEL,217,NST,Caenorhabditis elegans,6239,clec-91
sp|Q94421|TM2D4_CAEEL,69,NQS,Caenorhabditis elegans,6239,ZK858.5
sp|Q94421|TM2D4_CAEEL,195,NRS,Caenorhabditis elegans,6239,ZK858.5
sp|Q94421|TM2D4_CAEEL,294,NSS,Caenorhabditis elegans,6239,ZK858.5
sp|Q95003|GPX3_CAEEL,38,NQS,Caenorhabditis elegans,6239,gpx-3
sp|Q95PJ8|TM2D3_CAEEL,75,NRT,Caenorhabditis elegans,6239,Y66D12A.21
sp|Q95PJ8|TM2D3_CAEEL,169,NFS,Caenorhabditis elegans,6239,Y66D12A.21
sp|Q95PX3|TBX7_CAEEL,109,NYT,Caenorhabditis elegans,6239,tbx-7
sp|Q95Q18|LACB2_CAEEL,53,NVT,Caenorhabditis elegans,6239,Y53F4B.39
sp|Q95Q18|LACB2_CAEEL,90,NIT,Caenorhabditis elegans,6239,Y53F4B.39
sp|Q95Q18|LACB2_CAEEL,187,NAT,Caenorhabditis elegans,6239,Y53F4B.39
sp|Q95Q18|LACB2_CAEEL,290,NES,Caenorhabditis elegans,6239,Y53F4B.39
sp|Q95QQ2|TPC13_CAEEL,90,NES,Caenorhabditis elegans,6239,C56C10.7
sp|Q95QQ2|TPC13_CAEEL,198,NTS,Caenorhabditis elegans,6239,C56C10.7
sp|Q95QQ2|TPC13_CAEEL,218,NVT,Caenorhabditis elegans,6239,C56C10.7
sp|Q95QQ2|TPC13_CAEEL,321,NCS,Caenorhabditis elegans,6239,C56C10.7
sp|Q95QU0|PCID2_CAEEL,181,NMT,Caenorhabditis elegans,6239,C27F2.10
sp|Q95QY7|YKKA_CAEEL,11,NQT,Caenorhabditis elegans,6239,C02F5.12
sp|Q95QY7|YKKA_CAEEL,182,NDS,Caenorhabditis elegans,6239,C02F5.12
sp|Q95QZ5|TM2D2_CAEEL,55,NCT,Caenorhabditis elegans,6239,C41D11.9
sp|Q95QZ5|TM2D2_CAEEL,93,NCS,Caenorhabditis elegans,6239,C41D11.9
sp|Q95QZ5|TM2D2_CAEEL,127,NWS,Caenorhabditis elegans,6239,C41D11.9
sp|Q95Y04|RS28_CAEEL,35,NRS,Caenorhabditis elegans,6239,rps-28
sp|Q95Y71|RM45_CAEEL,217,NGS,Caenorhabditis elegans,6239,mrpl-45
sp|Q95Y90|RL9_CAEEL,7,NDT,Caenorhabditis elegans,6239,rpl-9
sp|Q95Y90|RL9_CAEEL,100,NVT,Caenorhabditis elegans,6239,rpl-9
sp|Q95Y90|RL9_CAEEL,107,NRT,Caenorhabditis elegans,6239,rpl-9
sp|Q95ZY0|SRB1_CAEEL,167,NDS,Caenorhabditis elegans,6239,srb-1
sp|Q95ZY0|SRB1_CAEEL,273,NYT,Caenorhabditis elegans,6239,srb-1
sp|Q95ZY0|SRB1_CAEEL,288,NLT,Caenorhabditis elegans,6239,srb-1
sp|Q95ZY1|SRB2_CAEEL,109,NLS,Caenorhabditis elegans,6239,srb-2
sp|Q95ZY1|SRB2_CAEEL,294,NLT,Caenorhabditis elegans,6239,srb-2
sp|Q960A0|YS9A_CAEEL,190,NIS,Caenorhabditis elegans,6239,B0244.10
sp|Q960A0|YS9A_CAEEL,221,NCS,Caenorhabditis elegans,6239,B0244.10
sp|Q960A0|YS9A_CAEEL,237,NAS,Caenorhabditis elegans,6239,B0244.10
sp|Q960A0|YS9A_CAEEL,457,NVS,Caenorhabditis elegans,6239,B0244.10
sp|Q960A0|YS9A_CAEEL,538,NFS,Caenorhabditis elegans,6239,B0244.10
sp|Q965W1|FABP9_CAEEL,72,NST,Caenorhabditis elegans,6239,lbp-9
sp|Q965W1|FABP9_CAEEL,77,NYT,Caenorhabditis elegans,6239,lbp-9
sp|Q966L5|SRRT_CAEEL,68,NGS,Caenorhabditis elegans,6239,E01A2.2
sp|Q966L5|SRRT_CAEEL,194,NGT,Caenorhabditis elegans,6239,E01A2.2
sp|Q966L5|SRRT_CAEEL,223,NGT,Caenorhabditis elegans,6239,E01A2.2
sp|Q966M5|MED18_CAEEL,19,NST,Caenorhabditis elegans,6239,mdt-18
sp|Q9BI40|GATC_CAEEL,122,NAS,Caenorhabditis elegans,6239,Y66D12A.7
sp|Q9BIB4|YMYD_CAEEL,80,NVT,Caenorhabditis elegans,6239,B0336.13
sp|Q9BKR0|NAT9_CAEEL,72,NES,Caenorhabditis elegans,6239,Y67D2.5
sp|Q9BL19|RL17_CAEEL,12,NST,Caenorhabditis elegans,6239,rpl-17
sp|Q9BL19|RL17_CAEEL,79,NTT,Caenorhabditis elegans,6239,rpl-17
sp|Q9BPN8|Y92H3_CAEEL,102,NVT,Caenorhabditis elegans,6239,Y92H12BR.3
sp|Q9BPN8|Y92H3_CAEEL,111,NVS,Caenorhabditis elegans,6239,Y92H12BR.3
sp|Q9BPN8|Y92H3_CAEEL,178,NDT,Caenorhabditis elegans,6239,Y92H12BR.3
sp|Q9BPN8|Y92H3_CAEEL,218,NST,Caenorhabditis elegans,6239,Y92H12BR.3
sp|Q9BPN8|Y92H3_CAEEL,253,NDT,Caenorhabditis elegans,6239,Y92H12BR.3
sp|Q9BPN8|Y92H3_CAEEL,277,NRS,Caenorhabditis elegans,6239,Y92H12BR.3
sp|Q9BPN8|Y92H3_CAEEL,316,NGT,Caenorhabditis elegans,6239,Y92H12BR.3
sp|Q9BPN8|Y92H3_CAEEL,355,NGT,Caenorhabditis elegans,6239,Y92H12BR.3
sp|Q9BPN8|Y92H3_CAEEL,461,NNT,Caenorhabditis elegans,6239,Y92H12BR.3
sp|Q9BPN8|Y92H3_CAEEL,537,NYT,Caenorhabditis elegans,6239,Y92H12BR.3
sp|Q9BPN8|Y92H3_CAEEL,552,NDS,Caenorhabditis elegans,6239,Y92H12BR.3
sp|Q9GUC9|YFEF9_CAEEL,14,NCS,Caenorhabditis elegans,6239,F14F9.5
sp|Q9GUC9|YFEF9_CAEEL,68,NVT,Caenorhabditis elegans,6239,F14F9.5
sp|Q9GUC9|YFEF9_CAEEL,72,NLT,Caenorhabditis elegans,6239,F14F9.5
sp|Q9GUC9|YFEF9_CAEEL,106,NLS,Caenorhabditis elegans,6239,F14F9.5
sp|Q9GUC9|YFEF9_CAEEL,256,NYT,Caenorhabditis elegans,6239,F14F9.5
sp|Q9GZE9|LDP1_CAEEL,50,NIS,Caenorhabditis elegans,6239,ldp-1
sp|Q9GZE9|LDP1_CAEEL,251,NRS,Caenorhabditis elegans,6239,ldp-1
sp|Q9N2U6|LTOR2_CAEEL,15,NTS,Caenorhabditis elegans,6239,lmtr-2
sp|Q9N2U6|LTOR2_CAEEL,45,NVS,Caenorhabditis elegans,6239,lmtr-2
sp|Q9N2W7|NDUAC_CAEEL,115,NTS,Caenorhabditis elegans,6239,ndua-12
sp|Q9N3F0|RPF2_CAEEL,251,NLS,Caenorhabditis elegans,6239,Y54E10A.10
sp|Q9N3F1|DCTN6_CAEEL,62,NNS,Caenorhabditis elegans,6239,dnc-6
sp|Q9N3F1|DCTN6_CAEEL,135,NLS,Caenorhabditis elegans,6239,dnc-6
sp|Q9N3F1|DCTN6_CAEEL,144,NMT,Caenorhabditis elegans,6239,dnc-6
sp|Q9N3X2|RS4_CAEEL,56,NYT,Caenorhabditis elegans,6239,rps-4
sp|Q9N3X2|RS4_CAEEL,156,NDT,Caenorhabditis elegans,6239,rps-4
sp|Q9N3X2|RS4_CAEEL,162,NIS,Caenorhabditis elegans,6239,rps-4
sp|Q9N4C2|CPSF1_CAEEL,15,NFS,Caenorhabditis elegans,6239,cpsf-1
sp|Q9N4C2|CPSF1_CAEEL,522,NES,Caenorhabditis elegans,6239,cpsf-1
sp|Q9N4C2|CPSF1_CAEEL,650,NLT,Caenorhabditis elegans,6239,cpsf-1
sp|Q9N4C2|CPSF1_CAEEL,1285,NIT,Caenorhabditis elegans,6239,cpsf-1
sp|Q9N4F2|MED19_CAEEL,101,NLT,Caenorhabditis elegans,6239,mdt-19
sp|Q9N4I4|RL10A_CAEEL,181,NIS,Caenorhabditis elegans,6239,rpl-1
sp|Q9N4V4|SCPL3_CAEEL,3,NVT,Caenorhabditis elegans,6239,scpl-3
sp|Q9N4V4|SCPL3_CAEEL,85,NAT,Caenorhabditis elegans,6239,scpl-3
sp|Q9N4V4|SCPL3_CAEEL,96,NIT,Caenorhabditis elegans,6239,scpl-3
sp|Q9N4V4|SCPL3_CAEEL,205,NDT,Caenorhabditis elegans,6239,scpl-3
sp|Q9N4Y9|ZFPL1_CAEEL,52,NCS,Caenorhabditis elegans,6239,Y45G12B.2
sp|Q9N4Y9|ZFPL1_CAEEL,167,NRS,Caenorhabditis elegans,6239,Y45G12B.2
sp|Q9N598|USE1_CAEEL,204,NKT,Caenorhabditis elegans,6239,Y110A7A.11
sp|Q9N599|PSA4_CAEEL,71,NIS,Caenorhabditis elegans,6239,pas-3
sp|Q9N599|PSA4_CAEEL,155,NYT,Caenorhabditis elegans,6239,pas-3
sp|Q9N5K2|RPAB1_CAEEL,99,NIS,Caenorhabditis elegans,6239,rpb-5
sp|Q9N5K2|RPAB1_CAEEL,139,NIT,Caenorhabditis elegans,6239,rpb-5
sp|Q9N5N8|SURF1_CAEEL,121,NQT,Caenorhabditis elegans,6239,sft-1
sp|Q9NA55|TBX40_CAEEL,43,NIT,Caenorhabditis elegans,6239,tbx-40
sp|Q9NA55|TBX40_CAEEL,145,NIT,Caenorhabditis elegans,6239,tbx-40
sp|Q9NA55|TBX40_CAEEL,153,NHS,Caenorhabditis elegans,6239,tbx-40
sp|Q9NA55|TBX40_CAEEL,184,NAT,Caenorhabditis elegans,6239,tbx-40
sp|Q9NA55|TBX40_CAEEL,213,NET,Caenorhabditis elegans,6239,tbx-40
sp|Q9NA55|TBX40_CAEEL,233,NES,Caenorhabditis elegans,6239,tbx-40
sp|Q9NA55|TBX40_CAEEL,345,NNS,Caenorhabditis elegans,6239,tbx-40
sp|Q9NA56|TBX39_CAEEL,8,NVT,Caenorhabditis elegans,6239,tbx-39
sp|Q9NA56|TBX39_CAEEL,43,NIT,Caenorhabditis elegans,6239,tbx-39
sp|Q9NA56|TBX39_CAEEL,145,NIT,Caenorhabditis elegans,6239,tbx-39
sp|Q9NA56|TBX39_CAEEL,153,NHS,Caenorhabditis elegans,6239,tbx-39
sp|Q9NA56|TBX39_CAEEL,184,NST,Caenorhabditis elegans,6239,tbx-39
sp|Q9NA56|TBX39_CAEEL,213,NET,Caenorhabditis elegans,6239,tbx-39
sp|Q9NA56|TBX39_CAEEL,233,NES,Caenorhabditis elegans,6239,tbx-39
sp|Q9NA56|TBX39_CAEEL,357,NYS,Caenorhabditis elegans,6239,tbx-39
sp|Q9NA56|TBX39_CAEEL,361,NNS,Caenorhabditis elegans,6239,tbx-39
sp|Q9NA80|SIN1_CAEEL,83,NDS,Caenorhabditis elegans,6239,sinh-1
sp|Q9NA80|SIN1_CAEEL,351,NSS,Caenorhabditis elegans,6239,sinh-1
sp|Q9NAE2|HUTU_CAEEL,35,NLT,Caenorhabditis elegans,6239,Y51H4A.7
sp|Q9NAH2|TBX34_CAEEL,135,NVT,Caenorhabditis elegans,6239,tbx-34
sp|Q9NAL4|MED17_CAEEL,20,NLT,Caenorhabditis elegans,6239,mdt-17
sp|Q9NAL4|MED17_CAEEL,264,NLS,Caenorhabditis elegans,6239,mdt-17
sp|Q9NAL4|MED17_CAEEL,501,NMT,Caenorhabditis elegans,6239,mdt-17
sp|Q9NAL4|MED17_CAEEL,524,NIS,Caenorhabditis elegans,6239,mdt-17
sp|Q9NAM7|PHYD1_CAEEL,65,NSS,Caenorhabditis elegans,6239,Y105C5B.9
sp|Q9NAM7|PHYD1_CAEEL,247,NTS,Caenorhabditis elegans,6239,Y105C5B.9
sp|Q9NAP9|RT15_CAEEL,202,NET,Caenorhabditis elegans,6239,mrps-15
sp|Q9NAQ9|TIM22_CAEEL,7,NAT,Caenorhabditis elegans,6239,C47G2.3
sp|Q9NAQ9|TIM22_CAEEL,86,NCT,Caenorhabditis elegans,6239,C47G2.3
sp|Q9NAQ9|TIM22_CAEEL,172,NGT,Caenorhabditis elegans,6239,C47G2.3
sp|Q9NEU3|QTRT2_CAEEL,111,NDS,Caenorhabditis elegans,6239,tgt-2
sp|Q9NEU3|QTRT2_CAEEL,352,NMT,Caenorhabditis elegans,6239,tgt-2
sp|Q9NEX2|T2AG_CAEEL,11,NTT,Caenorhabditis elegans,6239,gtf-2A2
sp|Q9NHZ6|OAZ_CAEEL,8,NFT,Caenorhabditis elegans,6239,oaz-1
sp|Q9NHZ6|OAZ_CAEEL,11,NKS,Caenorhabditis elegans,6239,oaz-1
sp|Q9NHZ6|OAZ_CAEEL,18,NES,Caenorhabditis elegans,6239,oaz-1
sp|Q9NHZ6|OAZ_CAEEL,54,NET,Caenorhabditis elegans,6239,oaz-1
sp|Q9TYM6|SHQ1_CAEEL,62,NGS,Caenorhabditis elegans,6239,Y48A5A.1
sp|Q9TYP2|CCNC_CAEEL,203,NDS,Caenorhabditis elegans,6239,cic-1
sp|Q9TZL0|TBX31_CAEEL,7,NYS,Caenorhabditis elegans,6239,tbx-31
sp|Q9TZL0|TBX31_CAEEL,42,NIS,Caenorhabditis elegans,6239,tbx-31
sp|Q9TZL0|TBX31_CAEEL,175,NRS,Caenorhabditis elegans,6239,tbx-31
sp|Q9TZL0|TBX31_CAEEL,223,NNT,Caenorhabditis elegans,6239,tbx-31
sp|Q9TZL0|TBX31_CAEEL,258,NVS,Caenorhabditis elegans,6239,tbx-31
sp|Q9TZL0|TBX31_CAEEL,324,NQT,Caenorhabditis elegans,6239,tbx-31
sp|Q9TZL0|TBX31_CAEEL,397,NCT,Caenorhabditis elegans,6239,tbx-31
sp|Q9TZL0|TBX31_CAEEL,407,NNS,Caenorhabditis elegans,6239,tbx-31
sp|Q9TZL0|TBX31_CAEEL,473,NFT,Caenorhabditis elegans,6239,tbx-31
sp|Q9TZL0|TBX31_CAEEL,490,NMT,Caenorhabditis elegans,6239,tbx-31
sp|Q9TZL0|TBX31_CAEEL,495,NFT,Caenorhabditis elegans,6239,tbx-31
sp|Q9TZL0|TBX31_CAEEL,506,NST,Caenorhabditis elegans,6239,tbx-31
sp|Q9TZL0|TBX31_CAEEL,555,NFT,Caenorhabditis elegans,6239,tbx-31
sp|Q9TZL0|TBX31_CAEEL,600,NFS,Caenorhabditis elegans,6239,tbx-31
sp|Q9TZL0|TBX31_CAEEL,615,NLS,Caenorhabditis elegans,6239,tbx-31
sp|Q9TZL0|TBX31_CAEEL,658,NIT,Caenorhabditis elegans,6239,tbx-31
sp|Q9TZL0|TBX31_CAEEL,690,NGT,Caenorhabditis elegans,6239,tbx-31
sp|Q9U239|ZN593_CAEEL,13,NKT,Caenorhabditis elegans,6239,Y56A3A.18
sp|Q9U256|PA2L_CAEEL,49,NAT,Caenorhabditis elegans,6239,Y52B11A.8
sp|Q9U256|PA2L_CAEEL,143,NAS,Caenorhabditis elegans,6239,Y52B11A.8
sp|Q9U256|PA2L_CAEEL,167,NAT,Caenorhabditis elegans,6239,Y52B11A.8
sp|Q9U2A9|BOP1_CAEEL,218,NVT,Caenorhabditis elegans,6239,Y48B6A.1
sp|Q9U2M8|C2D1_CAEEL,196,NFS,Caenorhabditis elegans,6239,Y37H9A.3
sp|Q9U3G6|YPL1_CAEEL,10,NSS,Caenorhabditis elegans,6239,F37A8.5
sp|Q9U3G6|YPL1_CAEEL,135,NDS,Caenorhabditis elegans,6239,F37A8.5
sp|Q9U3H8|TAPT1_CAEEL,338,NQT,Caenorhabditis elegans,6239,F26F2.7
sp|Q9U3H8|TAPT1_CAEEL,391,NMT,Caenorhabditis elegans,6239,F26F2.7
sp|Q9U3H8|TAPT1_CAEEL,658,NNT,Caenorhabditis elegans,6239,F26F2.7
sp|Q9U3H8|TAPT1_CAEEL,688,NAT,Caenorhabditis elegans,6239,F26F2.7
sp|Q9U3K5|INX2_CAEEL,87,NGT,Caenorhabditis elegans,6239,inx-2
sp|Q9U3K5|INX2_CAEEL,172,NSS,Caenorhabditis elegans,6239,inx-2
sp|Q9U3N4|INX6_CAEEL,304,NKT,Caenorhabditis elegans,6239,inx-6
sp|Q9U757|NXT1_CAEEL,18,NES,Caenorhabditis elegans,6239,nxt-1
sp|Q9UB00|GLCM4_CAEEL,4,NIS,Caenorhabditis elegans,6239,gba-4
sp|Q9UB00|GLCM4_CAEEL,41,NAT,Caenorhabditis elegans,6239,gba-4
sp|Q9UB00|GLCM4_CAEEL,72,NRS,Caenorhabditis elegans,6239,gba-4
sp|Q9UB00|GLCM4_CAEEL,91,NTT,Caenorhabditis elegans,6239,gba-4
sp|Q9UB00|GLCM4_CAEEL,169,NLT,Caenorhabditis elegans,6239,gba-4
sp|Q9UB00|GLCM4_CAEEL,425,NAT,Caenorhabditis elegans,6239,gba-4
sp|Q9XTI0|3HIDH_CAEEL,167,NGT,Caenorhabditis elegans,6239,B0250.5
sp|Q9XTI0|3HIDH_CAEEL,208,NTS,Caenorhabditis elegans,6239,B0250.5
sp|Q9XTI0|3HIDH_CAEEL,254,NAS,Caenorhabditis elegans,6239,B0250.5
sp|Q9XU63|OSTA3_CAEEL,26,NCS,Caenorhabditis elegans,6239,osta-3
sp|Q9XU63|OSTA3_CAEEL,338,NET,Caenorhabditis elegans,6239,osta-3
sp|Q9XVF7|RL8_CAEEL,118,NKS,Caenorhabditis elegans,6239,rpl-2
sp|Q9XVH6|RPB11_CAEEL,78,NNT,Caenorhabditis elegans,6239,rpb-11
sp|Q9XVS3|CLC87_CAEEL,81,NQT,Caenorhabditis elegans,6239,clec-87
sp|Q9XVS3|CLC87_CAEEL,225,NST,Caenorhabditis elegans,6239,clec-87
sp|Q9XW10|PAD1_CAEEL,266,NLT,Caenorhabditis elegans,6239,pad-1
sp|Q9XW10|PAD1_CAEEL,300,NRS,Caenorhabditis elegans,6239,pad-1
sp|Q9XW10|PAD1_CAEEL,411,NSS,Caenorhabditis elegans,6239,pad-1
sp|Q9XW10|PAD1_CAEEL,465,NAS,Caenorhabditis elegans,6239,pad-1
sp|Q9XW10|PAD1_CAEEL,1130,NMT,Caenorhabditis elegans,6239,pad-1
sp|Q9XW10|PAD1_CAEEL,1365,NRS,Caenorhabditis elegans,6239,pad-1
sp|Q9XW10|PAD1_CAEEL,1455,NSS,Caenorhabditis elegans,6239,pad-1
sp|Q9XW10|PAD1_CAEEL,1468,NQS,Caenorhabditis elegans,6239,pad-1
sp|Q9XW10|PAD1_CAEEL,1473,NRT,Caenorhabditis elegans,6239,pad-1
sp|Q9XW10|PAD1_CAEEL,1625,NAT,Caenorhabditis elegans,6239,pad-1
sp|Q9XW10|PAD1_CAEEL,1802,NST,Caenorhabditis elegans,6239,pad-1
sp|Q9XW10|PAD1_CAEEL,1960,NVS,Caenorhabditis elegans,6239,pad-1
sp|Q9XW10|PAD1_CAEEL,1977,NST,Caenorhabditis elegans,6239,pad-1
sp|Q9XW10|PAD1_CAEEL,2159,NTS,Caenorhabditis elegans,6239,pad-1
sp|Q9XW10|PAD1_CAEEL,2346,NHT,Caenorhabditis elegans,6239,pad-1
sp|Q9XW10|PAD1_CAEEL,2374,NKS,Caenorhabditis elegans,6239,pad-1
sp|Q9XW10|PAD1_CAEEL,2381,NNT,Caenorhabditis elegans,6239,pad-1
sp|Q9XW12|CIAO1_CAEEL,264,NST,Caenorhabditis elegans,6239,Y18D10A.9
sp|Q9XW42|ANM7_CAEEL,278,NGT,Caenorhabditis elegans,6239,prmt-7
sp|Q9XW42|ANM7_CAEEL,317,NQT,Caenorhabditis elegans,6239,prmt-7
sp|Q9XW42|ANM7_CAEEL,568,NMS,Caenorhabditis elegans,6239,prmt-7
sp|Q9XW42|ANM7_CAEEL,587,NLS,Caenorhabditis elegans,6239,prmt-7
sp|Q9XWC2|DMON2_CAEEL,47,NLT,Caenorhabditis elegans,6239,Y73F4A.1
sp|Q9XWC2|DMON2_CAEEL,128,NFS,Caenorhabditis elegans,6239,Y73F4A.1
sp|Q9XWC3|DMON1_CAEEL,36,NNS,Caenorhabditis elegans,6239,Y73F4A.2
sp|Q9XWE9|LAGR1_CAEEL,7,NIT,Caenorhabditis elegans,6239,lagr-1
sp|Q9XWE9|LAGR1_CAEEL,205,NFT,Caenorhabditis elegans,6239,lagr-1
sp|Q9XWH8|BTB14_CAEEL,91,NYT,Caenorhabditis elegans,6239,btb-14
sp|Q9XWH8|BTB14_CAEEL,107,NLT,Caenorhabditis elegans,6239,btb-14
sp|Q9XWH8|BTB14_CAEEL,118,NVS,Caenorhabditis elegans,6239,btb-14
sp|Q9XWH8|BTB14_CAEEL,133,NYT,Caenorhabditis elegans,6239,btb-14
sp|Q9XWH8|BTB14_CAEEL,191,NST,Caenorhabditis elegans,6239,btb-14
sp|Q9XWH8|BTB14_CAEEL,260,NET,Caenorhabditis elegans,6239,btb-14
sp|Q9XWN6|ANI3_CAEEL,216,NRT,Caenorhabditis elegans,6239,ani-3
sp|Q9XWN6|ANI3_CAEEL,318,NWS,Caenorhabditis elegans,6239,ani-3
sp|Q9XWN6|ANI3_CAEEL,415,NIS,Caenorhabditis elegans,6239,ani-3
sp|Q9XWN6|ANI3_CAEEL,530,NAT,Caenorhabditis elegans,6239,ani-3
sp|Q9XWN6|ANI3_CAEEL,543,NLT,Caenorhabditis elegans,6239,ani-3
sp|Q9XWN6|ANI3_CAEEL,648,NNS,Caenorhabditis elegans,6239,ani-3
sp|Q9XWN6|ANI3_CAEEL,701,NDT,Caenorhabditis elegans,6239,ani-3
sp|Q9XWV5|RT10_CAEEL,116,NVT,Caenorhabditis elegans,6239,mrps-10
sp|Q9XXL3|SSP31_CAEEL,39,NES,Caenorhabditis elegans,6239,ssp-31
sp|A6ZJ55|YRT7_CAEEL,263,NFT,Caenorhabditis elegans,6239,T07A5.7
sp|O01323|U729_CAEEL,69,NTT,Caenorhabditis elegans,6239,F18A11.3
sp|O01608|SRD32_CAEEL,49,NTS,Caenorhabditis elegans,6239,srd-32
sp|O01608|SRD32_CAEEL,156,NFT,Caenorhabditis elegans,6239,srd-32
sp|O01608|SRD32_CAEEL,224,NTT,Caenorhabditis elegans,6239,srd-32
sp|O01609|SRD33_CAEEL,56,NLT,Caenorhabditis elegans,6239,srd-33
sp|O01609|SRD33_CAEEL,66,NTT,Caenorhabditis elegans,6239,srd-33
sp|O01609|SRD33_CAEEL,145,NTS,Caenorhabditis elegans,6239,srd-33
sp|O01609|SRD33_CAEEL,322,NMS,Caenorhabditis elegans,6239,srd-33
sp|O01975|CMT1_CAEEL,97,NVS,Caenorhabditis elegans,6239,cmt-1
sp|O01975|CMT1_CAEEL,164,NET,Caenorhabditis elegans,6239,cmt-1
sp|O01975|CMT1_CAEEL,167,NKT,Caenorhabditis elegans,6239,cmt-1
sp|O02485|YDJ1_CAEEL,199,NLS,Caenorhabditis elegans,6239,ZK1073.1
sp|O16975|SRJ38_CAEEL,231,NAS,Caenorhabditis elegans,6239,srj-38
sp|O17213|ROGDI_CAEEL,31,NKT,Caenorhabditis elegans,6239,H14A12.3
sp|O17213|ROGDI_CAEEL,63,NLS,Caenorhabditis elegans,6239,H14A12.3
sp|O17240|SRD3_CAEEL,2,NAT,Caenorhabditis elegans,6239,srd-3
sp|O17240|SRD3_CAEEL,194,NMS,Caenorhabditis elegans,6239,srd-3
sp|O17606|YK4P_CAEEL,108,NVS,Caenorhabditis elegans,6239,C27H6.8
sp|O17606|YK4P_CAEEL,150,NLS,Caenorhabditis elegans,6239,C27H6.8
sp|O17606|YK4P_CAEEL,245,NIT,Caenorhabditis elegans,6239,C27H6.8
sp|O17606|YK4P_CAEEL,256,NAS,Caenorhabditis elegans,6239,C27H6.8
sp|O17606|YK4P_CAEEL,311,NLT,Caenorhabditis elegans,6239,C27H6.8
sp|O17800|SRD63_CAEEL,32,NFT,Caenorhabditis elegans,6239,srd-63
sp|O17800|SRD63_CAEEL,223,NTS,Caenorhabditis elegans,6239,srd-63
sp|O17800|SRD63_CAEEL,304,NSS,Caenorhabditis elegans,6239,srd-63
sp|O17821|SRD41_CAEEL,35,NYT,Caenorhabditis elegans,6239,srd-41
sp|O17822|SRD48_CAEEL,67,NLS,Caenorhabditis elegans,6239,srd-48
sp|O17822|SRD48_CAEEL,214,NST,Caenorhabditis elegans,6239,srd-48
sp|O17823|SRD44_CAEEL,35,NLS,Caenorhabditis elegans,6239,srd-44
sp|O45433|SSP32_CAEEL,26,NES,Caenorhabditis elegans,6239,ssp-32
sp|O45524|RGS11_CAEEL,33,NVS,Caenorhabditis elegans,6239,rgs-11
sp|O76612|BAT47_CAEEL,481,NVT,Caenorhabditis elegans,6239,bath-47
sp|O76612|BAT47_CAEEL,520,NSS,Caenorhabditis elegans,6239,bath-47
sp|O76612|BAT47_CAEEL,551,NIT,Caenorhabditis elegans,6239,bath-47
sp|O76612|BAT47_CAEEL,609,NFT,Caenorhabditis elegans,6239,bath-47
sp|P30637|YOU4_CAEEL,26,NNS,Caenorhabditis elegans,6239,ZK637.4
sp|P30643|YNE4_CAEEL,306,NES,Caenorhabditis elegans,6239,R08D7.4
sp|P30651|YOW5_CAEEL,236,NNT,Caenorhabditis elegans,6239,ZK643.5
sp|P30651|YOW5_CAEEL,390,NTS,Caenorhabditis elegans,6239,ZK643.5
sp|P30651|YOW5_CAEEL,410,NVT,Caenorhabditis elegans,6239,ZK643.5
sp|P30653|YOW7_CAEEL,76,NET,Caenorhabditis elegans,6239,ZK643.7
sp|P32743|YNH5_CAEEL,6,NFS,Caenorhabditis elegans,6239,R107.5
sp|P32743|YNH5_CAEEL,73,NFS,Caenorhabditis elegans,6239,R107.5
sp|P32743|YNH5_CAEEL,215,NET,Caenorhabditis elegans,6239,R107.5
sp|P32743|YNH5_CAEEL,262,NGS,Caenorhabditis elegans,6239,R107.5
sp|P34256|YKA4_CAEEL,193,NSS,Caenorhabditis elegans,6239,B0303.4
sp|P34256|YKA4_CAEEL,225,NVT,Caenorhabditis elegans,6239,B0303.4
sp|P34256|YKA4_CAEEL,351,NDT,Caenorhabditis elegans,6239,B0303.4
sp|P34256|YKA4_CAEEL,461,NVT,Caenorhabditis elegans,6239,B0303.4
sp|P34263|YKAD_CAEEL,81,NYS,Caenorhabditis elegans,6239,B0303.14
sp|P34263|YKAD_CAEEL,368,NIT,Caenorhabditis elegans,6239,B0303.14
sp|P34263|YKAD_CAEEL,390,NRT,Caenorhabditis elegans,6239,B0303.14
sp|P34279|YKK2_CAEEL,30,NYT,Caenorhabditis elegans,6239,C02F5.2
sp|P34279|YKK2_CAEEL,37,NAS,Caenorhabditis elegans,6239,C02F5.2
sp|P34282|YKK5_CAEEL,84,NET,Caenorhabditis elegans,6239,C02F5.5
sp|P34289|YKO1_CAEEL,51,NLS,Caenorhabditis elegans,6239,C05B5.1
sp|P34290|YKO2_CAEEL,15,NTS,Caenorhabditis elegans,6239,C05B5.2
sp|P34290|YKO2_CAEEL,49,NIT,Caenorhabditis elegans,6239,C05B5.2
sp|P34290|YKO2_CAEEL,71,NTT,Caenorhabditis elegans,6239,C05B5.2
sp|P34292|YKO4_CAEEL,143,NKT,Caenorhabditis elegans,6239,C05B5.4
sp|P34292|YKO4_CAEEL,247,NVS,Caenorhabditis elegans,6239,C05B5.4
sp|P34293|YKO5_CAEEL,167,NLS,Caenorhabditis elegans,6239,C05B5.5
sp|P34293|YKO5_CAEEL,206,NCS,Caenorhabditis elegans,6239,C05B5.5
sp|P34293|YKO5_CAEEL,300,NDT,Caenorhabditis elegans,6239,C05B5.5
sp|P34293|YKO5_CAEEL,324,NES,Caenorhabditis elegans,6239,C05B5.5
sp|P34294|FB155_CAEEL,89,NAS,Caenorhabditis elegans,6239,fbxa-155
sp|P34294|FB155_CAEEL,234,NGT,Caenorhabditis elegans,6239,fbxa-155
sp|P34294|FB155_CAEEL,392,NSS,Caenorhabditis elegans,6239,fbxa-155
sp|P34294|FB155_CAEEL,395,NLS,Caenorhabditis elegans,6239,fbxa-155
sp|P34304|YKQ9_CAEEL,79,NLT,Caenorhabditis elegans,6239,C06E1.9
sp|P34304|YKQ9_CAEEL,429,NET,Caenorhabditis elegans,6239,C06E1.9
sp|P34316|YKT5_CAEEL,64,NHS,Caenorhabditis elegans,6239,C07A9.5
sp|P34316|YKT5_CAEEL,264,NFS,Caenorhabditis elegans,6239,C07A9.5
sp|P34320|YKT9_CAEEL,16,NCT,Caenorhabditis elegans,6239,C07A9.9
sp|P34320|YKT9_CAEEL,36,NWT,Caenorhabditis elegans,6239,C07A9.9
sp|P34320|YKT9_CAEEL,125,NIS,Caenorhabditis elegans,6239,C07A9.9
sp|P34327|YKX2_CAEEL,19,NFS,Caenorhabditis elegans,6239,C13G5.2
sp|P34327|YKX2_CAEEL,30,NAT,Caenorhabditis elegans,6239,C13G5.2
sp|P34327|YKX2_CAEEL,117,NAS,Caenorhabditis elegans,6239,C13G5.2
sp|P34327|YKX2_CAEEL,140,NKS,Caenorhabditis elegans,6239,C13G5.2
sp|P34330|YKZ3_CAEEL,109,NTT,Caenorhabditis elegans,6239,C14B9.3
sp|P34330|YKZ3_CAEEL,304,NIS,Caenorhabditis elegans,6239,C14B9.3
sp|P34338|YK14_CAEEL,117,NFT,Caenorhabditis elegans,6239,C15H7.4
sp|P34347|YK6B_CAEEL,110,NNT,Caenorhabditis elegans,6239,C29E4.11
sp|P34347|YK6B_CAEEL,167,NGS,Caenorhabditis elegans,6239,C29E4.11
sp|P34347|YK6B_CAEEL,180,NSS,Caenorhabditis elegans,6239,C29E4.11
sp|P34350|YK84_CAEEL,10,NKS,Caenorhabditis elegans,6239,C30A5.4
sp|P34350|YK84_CAEEL,98,NRT,Caenorhabditis elegans,6239,C30A5.4
sp|P34357|YLH3_CAEEL,165,NLS,Caenorhabditis elegans,6239,C48B4.3
sp|P34361|YLH7_CAEEL,112,NAT,Caenorhabditis elegans,6239,C48B4.7
sp|P34363|YLH9_CAEEL,4,NYS,Caenorhabditis elegans,6239,C48B4.9
sp|P34365|YLHA_CAEEL,180,NES,Caenorhabditis elegans,6239,C48B4.11
sp|P34365|YLHA_CAEEL,204,NNS,Caenorhabditis elegans,6239,C48B4.11
sp|P34366|YLJ1_CAEEL,72,NRS,Caenorhabditis elegans,6239,C50C3.1
sp|P34366|YLJ1_CAEEL,114,NIS,Caenorhabditis elegans,6239,C50C3.1
sp|P34366|YLJ1_CAEEL,131,NLT,Caenorhabditis elegans,6239,C50C3.1
sp|P34366|YLJ1_CAEEL,172,NNT,Caenorhabditis elegans,6239,C50C3.1
sp|P34366|YLJ1_CAEEL,288,NQS,Caenorhabditis elegans,6239,C50C3.1
sp|P34376|YLM2_CAEEL,99,NHS,Caenorhabditis elegans,6239,D2007.2
sp|P34380|YLPA_CAEEL,57,NST,Caenorhabditis elegans,6239,F02A9.1
sp|P34380|YLPA_CAEEL,71,NGS,Caenorhabditis elegans,6239,F02A9.1
sp|P34380|YLPA_CAEEL,98,NGT,Caenorhabditis elegans,6239,F02A9.1
sp|P34380|YLPA_CAEEL,111,NFS,Caenorhabditis elegans,6239,F02A9.1
sp|P34380|YLPA_CAEEL,143,NGS,Caenorhabditis elegans,6239,F02A9.1
sp|P34390|YLS5_CAEEL,217,NLT,Caenorhabditis elegans,6239,F09G8.5
sp|P34390|YLS5_CAEEL,254,NRS,Caenorhabditis elegans,6239,F09G8.5
sp|P34390|YLS5_CAEEL,411,NLT,Caenorhabditis elegans,6239,F09G8.5
sp|P34395|YLU1_CAEEL,23,NFS,Caenorhabditis elegans,6239,F10E9.1
sp|P34395|YLU1_CAEEL,114,NNT,Caenorhabditis elegans,6239,F10E9.1
sp|P34396|YLU2_CAEEL,17,NSS,Caenorhabditis elegans,6239,F10E9.2
sp|P34396|YLU2_CAEEL,82,NHS,Caenorhabditis elegans,6239,F10E9.2
sp|P34396|YLU2_CAEEL,135,NKS,Caenorhabditis elegans,6239,F10E9.2
sp|P34397|YLU3_CAEEL,77,NES,Caenorhabditis elegans,6239,F10E9.3
sp|P34397|YLU3_CAEEL,196,NSS,Caenorhabditis elegans,6239,F10E9.3
sp|P34397|YLU3_CAEEL,347,NFS,Caenorhabditis elegans,6239,F10E9.3
sp|P34401|YLU7_CAEEL,58,NKS,Caenorhabditis elegans,6239,F10E9.7
sp|P34404|YLW1_CAEEL,43,NST,Caenorhabditis elegans,6239,F22B7.1
sp|P34404|YLW1_CAEEL,50,NQT,Caenorhabditis elegans,6239,F22B7.1
sp|P34404|YLW1_CAEEL,126,NES,Caenorhabditis elegans,6239,F22B7.1
sp|P34404|YLW1_CAEEL,152,NAS,Caenorhabditis elegans,6239,F22B7.1
sp|P34404|YLW1_CAEEL,203,NLS,Caenorhabditis elegans,6239,F22B7.1
sp|P34404|YLW1_CAEEL,336,NDT,Caenorhabditis elegans,6239,F22B7.1
sp|P34430|YL39_CAEEL,54,NSS,Caenorhabditis elegans,6239,F44B9.9
sp|P34430|YL39_CAEEL,155,NET,Caenorhabditis elegans,6239,F44B9.9
sp|P34430|YL39_CAEEL,162,NIS,Caenorhabditis elegans,6239,F44B9.9
sp|P34431|RETR1_CAEEL,203,NMT,Caenorhabditis elegans,6239,retr-1
sp|P34431|RETR1_CAEEL,386,NMT,Caenorhabditis elegans,6239,retr-1
sp|P34433|YL53_CAEEL,73,NES,Caenorhabditis elegans,6239,F44E2.3
sp|P34433|YL53_CAEEL,229,NKS,Caenorhabditis elegans,6239,F44E2.3
sp|P34438|YL58_CAEEL,198,NQS,Caenorhabditis elegans,6239,F44E2.8
sp|P34456|YMD2_CAEEL,34,NNS,Caenorhabditis elegans,6239,F54H12.2
sp|P34456|YMD2_CAEEL,52,NIT,Caenorhabditis elegans,6239,F54H12.2
sp|P34456|YMD2_CAEEL,87,NFS,Caenorhabditis elegans,6239,F54H12.2
sp|P34456|YMD2_CAEEL,100,NSS,Caenorhabditis elegans,6239,F54H12.2
sp|P34456|YMD2_CAEEL,122,NST,Caenorhabditis elegans,6239,F54H12.2
sp|P34456|YMD2_CAEEL,158,NIS,Caenorhabditis elegans,6239,F54H12.2
sp|P34456|YMD2_CAEEL,183,NNS,Caenorhabditis elegans,6239,F54H12.2
sp|P34456|YMD2_CAEEL,202,NVT,Caenorhabditis elegans,6239,F54H12.2
sp|P34456|YMD2_CAEEL,279,NGS,Caenorhabditis elegans,6239,F54H12.2
sp|P34456|YMD2_CAEEL,337,NFS,Caenorhabditis elegans,6239,F54H12.2
sp|P34456|YMD2_CAEEL,377,NVS,Caenorhabditis elegans,6239,F54H12.2
sp|P34458|YMD4_CAEEL,14,NGS,Caenorhabditis elegans,6239,F54H12.4
sp|P34458|YMD4_CAEEL,202,NKS,Caenorhabditis elegans,6239,F54H12.4
sp|P34458|YMD4_CAEEL,323,NMS,Caenorhabditis elegans,6239,F54H12.4
sp|P34458|YMD4_CAEEL,341,NIS,Caenorhabditis elegans,6239,F54H12.4
sp|P34458|YMD4_CAEEL,349,NGT,Caenorhabditis elegans,6239,F54H12.4
sp|P34459|YMD5_CAEEL,159,NNT,Caenorhabditis elegans,6239,F54H12.5
sp|P34459|YMD5_CAEEL,216,NLS,Caenorhabditis elegans,6239,F54H12.5
sp|P34459|YMD5_CAEEL,261,NKT,Caenorhabditis elegans,6239,F54H12.5
sp|P34467|YMF7_CAEEL,138,NST,Caenorhabditis elegans,6239,F55H2.7
sp|P34467|YMF7_CAEEL,198,NVS,Caenorhabditis elegans,6239,F55H2.7
sp|P34469|YMH2_CAEEL,47,NVT,Caenorhabditis elegans,6239,F58A4.2
sp|P34469|YMH2_CAEEL,114,NQS,Caenorhabditis elegans,6239,F58A4.2
sp|P34473|YMH6_CAEEL,95,NLS,Caenorhabditis elegans,6239,F58A4.6
sp|P34473|YMH6_CAEEL,153,NLS,Caenorhabditis elegans,6239,F58A4.6
sp|P34484|YMJ9_CAEEL,254,NKS,Caenorhabditis elegans,6239,F59B2.9
sp|P34484|YMJ9_CAEEL,297,NES,Caenorhabditis elegans,6239,F59B2.9
sp|P34484|YMJ9_CAEEL,402,NRS,Caenorhabditis elegans,6239,F59B2.9
sp|P34487|YMJB_CAEEL,99,NIT,Caenorhabditis elegans,6239,F59B2.12
sp|P34487|YMJB_CAEEL,140,NKS,Caenorhabditis elegans,6239,F59B2.12
sp|P34487|YMJB_CAEEL,162,NGT,Caenorhabditis elegans,6239,F59B2.12
sp|P34487|YMJB_CAEEL,175,NQS,Caenorhabditis elegans,6239,F59B2.12
sp|P34487|YMJB_CAEEL,201,NNT,Caenorhabditis elegans,6239,F59B2.12
sp|P34487|YMJB_CAEEL,233,NIT,Caenorhabditis elegans,6239,F59B2.12
sp|P34487|YMJB_CAEEL,268,NYS,Caenorhabditis elegans,6239,F59B2.12
sp|P34487|YMJB_CAEEL,300,NST,Caenorhabditis elegans,6239,F59B2.12
sp|P34487|YMJB_CAEEL,306,NNT,Caenorhabditis elegans,6239,F59B2.12
sp|P34487|YMJB_CAEEL,340,NSS,Caenorhabditis elegans,6239,F59B2.12
sp|P34487|YMJB_CAEEL,369,NKT,Caenorhabditis elegans,6239,F59B2.12
sp|P34487|YMJB_CAEEL,380,NQS,Caenorhabditis elegans,6239,F59B2.12
sp|P34487|YMJB_CAEEL,399,NES,Caenorhabditis elegans,6239,F59B2.12
sp|P34487|YMJB_CAEEL,413,NNT,Caenorhabditis elegans,6239,F59B2.12
sp|P34487|YMJB_CAEEL,426,NGT,Caenorhabditis elegans,6239,F59B2.12
sp|P34487|YMJB_CAEEL,447,NKT,Caenorhabditis elegans,6239,F59B2.12
sp|P34487|YMJB_CAEEL,464,NHS,Caenorhabditis elegans,6239,F59B2.12
sp|P34487|YMJB_CAEEL,502,NDT,Caenorhabditis elegans,6239,F59B2.12
sp|P34487|YMJB_CAEEL,540,NRT,Caenorhabditis elegans,6239,F59B2.12
sp|P34487|YMJB_CAEEL,563,NET,Caenorhabditis elegans,6239,F59B2.12
sp|P34487|YMJB_CAEEL,573,NTS,Caenorhabditis elegans,6239,F59B2.12
sp|P34487|YMJB_CAEEL,591,NGT,Caenorhabditis elegans,6239,F59B2.12
sp|P34487|YMJB_CAEEL,664,NDS,Caenorhabditis elegans,6239,F59B2.12
sp|P34487|YMJB_CAEEL,668,NQT,Caenorhabditis elegans,6239,F59B2.12
sp|P34487|YMJB_CAEEL,675,NDS,Caenorhabditis elegans,6239,F59B2.12
sp|P34487|YMJB_CAEEL,737,NHS,Caenorhabditis elegans,6239,F59B2.12
sp|P34487|YMJB_CAEEL,740,NDS,Caenorhabditis elegans,6239,F59B2.12
sp|P34487|YMJB_CAEEL,767,NVS,Caenorhabditis elegans,6239,F59B2.12
sp|P34487|YMJB_CAEEL,855,NGT,Caenorhabditis elegans,6239,F59B2.12
sp|P34491|YMM3_CAEEL,232,NNS,Caenorhabditis elegans,6239,K01B6.3
sp|P34491|YMM3_CAEEL,261,NKT,Caenorhabditis elegans,6239,K01B6.3
sp|P34491|YMM3_CAEEL,286,NVT,Caenorhabditis elegans,6239,K01B6.3
sp|P34491|YMM3_CAEEL,289,NIS,Caenorhabditis elegans,6239,K01B6.3
sp|P34491|YMM3_CAEEL,385,NVS,Caenorhabditis elegans,6239,K01B6.3
sp|P34493|YMQ2_CAEEL,51,NGT,Caenorhabditis elegans,6239,K02D10.2
sp|P34495|YMQ4_CAEEL,78,NSS,Caenorhabditis elegans,6239,K02D10.4
sp|P34509|YMX1_CAEEL,214,NFS,Caenorhabditis elegans,6239,K06H7.1
sp|P34510|YMX2_CAEEL,126,NDT,Caenorhabditis elegans,6239,K06H7.2
sp|P34510|YMX2_CAEEL,260,NIS,Caenorhabditis elegans,6239,K06H7.2
sp|P34510|YMX2_CAEEL,277,NSS,Caenorhabditis elegans,6239,K06H7.2
sp|P34510|YMX2_CAEEL,280,NIT,Caenorhabditis elegans,6239,K06H7.2
sp|P34515|YMX7_CAEEL,297,NRS,Caenorhabditis elegans,6239,K06H7.7
sp|P34518|YM42_CAEEL,191,NRT,Caenorhabditis elegans,6239,K11H3.2
sp|P34538|YNC5_CAEEL,44,NLT,Caenorhabditis elegans,6239,R05D3.5
sp|P34538|YNC5_CAEEL,49,NHS,Caenorhabditis elegans,6239,R05D3.5
sp|P34542|YNC9_CAEEL,367,NES,Caenorhabditis elegans,6239,R05D3.9/R05D3.10
sp|P34542|YNC9_CAEEL,532,NES,Caenorhabditis elegans,6239,R05D3.9/R05D3.10
sp|P34549|YNJ5_CAEEL,108,NTT,Caenorhabditis elegans,6239,R10E11.5
sp|P34549|YNJ5_CAEEL,181,NDS,Caenorhabditis elegans,6239,R10E11.5
sp|P34549|YNJ5_CAEEL,234,NLS,Caenorhabditis elegans,6239,R10E11.5
sp|P34549|YNJ5_CAEEL,370,NTS,Caenorhabditis elegans,6239,R10E11.5
sp|P34553|YNK2_CAEEL,153,NAT,Caenorhabditis elegans,6239,R10E12.2
sp|P34553|YNK2_CAEEL,288,NKS,Caenorhabditis elegans,6239,R10E12.2
sp|P34553|YNK2_CAEEL,383,NSS,Caenorhabditis elegans,6239,R10E12.2
sp|P34557|YNP4_CAEEL,15,NIS,Caenorhabditis elegans,6239,T05G5.4
sp|P34557|YNP4_CAEEL,78,NQS,Caenorhabditis elegans,6239,T05G5.4
sp|P34564|YNV1_CAEEL,12,NKT,Caenorhabditis elegans,6239,T16H12.1
sp|P34564|YNV1_CAEEL,84,NKS,Caenorhabditis elegans,6239,T16H12.1
sp|P34564|YNV1_CAEEL,296,NDS,Caenorhabditis elegans,6239,T16H12.1
sp|P34565|YNV2_CAEEL,177,NWS,Caenorhabditis elegans,6239,T16H12.2
sp|P34566|YNV3_CAEEL,26,NES,Caenorhabditis elegans,6239,T16H12.3
sp|P34566|YNV3_CAEEL,48,NYT,Caenorhabditis elegans,6239,T16H12.3
sp|P34566|YNV3_CAEEL,128,NGS,Caenorhabditis elegans,6239,T16H12.3
sp|P34566|YNV3_CAEEL,207,NVS,Caenorhabditis elegans,6239,T16H12.3
sp|P34566|YNV3_CAEEL,290,NDS,Caenorhabditis elegans,6239,T16H12.3
sp|P34566|YNV3_CAEEL,304,NFS,Caenorhabditis elegans,6239,T16H12.3
sp|P34569|KEL10_CAEEL,24,NSS,Caenorhabditis elegans,6239,kel-10
sp|P34569|KEL10_CAEEL,119,NIS,Caenorhabditis elegans,6239,kel-10
sp|P34569|KEL10_CAEEL,151,NLT,Caenorhabditis elegans,6239,kel-10
sp|P34569|KEL10_CAEEL,242,NFS,Caenorhabditis elegans,6239,kel-10
sp|P34569|KEL10_CAEEL,324,NGT,Caenorhabditis elegans,6239,kel-10
sp|P34569|KEL10_CAEEL,361,NDS,Caenorhabditis elegans,6239,kel-10
sp|P34569|KEL10_CAEEL,502,NFS,Caenorhabditis elegans,6239,kel-10
sp|P34583|YN24_CAEEL,327,NLS,Caenorhabditis elegans,6239,T26G10.4
sp|P34590|YN56_CAEEL,7,NTS,Caenorhabditis elegans,6239,ZC21.6
sp|P34590|YN56_CAEEL,73,NRT,Caenorhabditis elegans,6239,ZC21.6
sp|P34590|YN56_CAEEL,149,NLT,Caenorhabditis elegans,6239,ZC21.6
sp|P34590|YN56_CAEEL,362,NDT,Caenorhabditis elegans,6239,ZC21.6
sp|P34590|YN56_CAEEL,376,NKT,Caenorhabditis elegans,6239,ZC21.6
sp|P34592|YN58_CAEEL,50,NGT,Caenorhabditis elegans,6239,ZC21.8
sp|P34592|YN58_CAEEL,60,NTT,Caenorhabditis elegans,6239,ZC21.8
sp|P34594|YOD2_CAEEL,59,NES,Caenorhabditis elegans,6239,ZC262.2
sp|P34594|YOD2_CAEEL,139,NTT,Caenorhabditis elegans,6239,ZC262.2
sp|P34596|YOD4_CAEEL,18,NSS,Caenorhabditis elegans,6239,ZC262.4
sp|P34596|YOD4_CAEEL,133,NLT,Caenorhabditis elegans,6239,ZC262.4
sp|P34601|YO62_CAEEL,222,NRS,Caenorhabditis elegans,6239,ZK1098.2
sp|P34606|YO66_CAEEL,30,NAS,Caenorhabditis elegans,6239,ZK1098.6
sp|P34606|YO66_CAEEL,45,NNS,Caenorhabditis elegans,6239,ZK1098.6
sp|P34614|YOG5_CAEEL,123,NYS,Caenorhabditis elegans,6239,ZK112.5
sp|P34622|PQN96_CAEEL,92,NVT,Caenorhabditis elegans,6239,pqn-96
sp|P34627|YOJ4_CAEEL,81,NNS,Caenorhabditis elegans,6239,ZK353.4
sp|P34627|YOJ4_CAEEL,174,NTS,Caenorhabditis elegans,6239,ZK353.4
sp|P34627|YOJ4_CAEEL,180,NRT,Caenorhabditis elegans,6239,ZK353.4
sp|P34636|DOS1_CAEEL,135,NVS,Caenorhabditis elegans,6239,dos-1
sp|P34646|YOQ8_CAEEL,5,NDS,Caenorhabditis elegans,6239,ZK512.8
sp|P34646|YOQ8_CAEEL,102,NSS,Caenorhabditis elegans,6239,ZK512.8
sp|P34651|YOT5_CAEEL,160,NNT,Caenorhabditis elegans,6239,ZK632.5
sp|P34651|YOT5_CAEEL,243,NLT,Caenorhabditis elegans,6239,ZK632.5
sp|P34651|YOT5_CAEEL,674,NTT,Caenorhabditis elegans,6239,ZK632.5
sp|P34651|YOT5_CAEEL,812,NSS,Caenorhabditis elegans,6239,ZK632.5
sp|P34658|YOUB_CAEEL,89,NSS,Caenorhabditis elegans,6239,ZK637.12
sp|P34658|YOUB_CAEEL,145,NFT,Caenorhabditis elegans,6239,ZK637.12
sp|P34658|YOUB_CAEEL,166,NNS,Caenorhabditis elegans,6239,ZK637.12
sp|P34665|YOY8_CAEEL,139,NET,Caenorhabditis elegans,6239,ZK652.8
sp|P34671|YO21_CAEEL,49,NRT,Caenorhabditis elegans,6239,ZK688.1
sp|P34671|YO21_CAEEL,170,NGS,Caenorhabditis elegans,6239,ZK688.1
sp|P34674|YO24_CAEEL,62,NLT,Caenorhabditis elegans,6239,ZK688.4
sp|P34705|KUP1_CAEEL,52,NDS,Caenorhabditis elegans,6239,kup-1
sp|P34705|KUP1_CAEEL,60,NVS,Caenorhabditis elegans,6239,kup-1
sp|P34705|KUP1_CAEEL,133,NMS,Caenorhabditis elegans,6239,kup-1
sp|P34705|KUP1_CAEEL,253,NDS,Caenorhabditis elegans,6239,kup-1
sp|P41844|YO94_CAEEL,6,NQS,Caenorhabditis elegans,6239,T20B12.4
sp|P41844|YO94_CAEEL,193,NAT,Caenorhabditis elegans,6239,T20B12.4
sp|P41844|YO94_CAEEL,271,NIT,Caenorhabditis elegans,6239,T20B12.4
sp|P41844|YO94_CAEEL,304,NNS,Caenorhabditis elegans,6239,T20B12.4
sp|P41881|YPT3_CAEEL,42,NTS,Caenorhabditis elegans,6239,F37A4.3
sp|P41881|YPT3_CAEEL,171,NCS,Caenorhabditis elegans,6239,F37A4.3
sp|P41881|YPT3_CAEEL,242,NLS,Caenorhabditis elegans,6239,F37A4.3
sp|P41882|YPT4_CAEEL,73,NFS,Caenorhabditis elegans,6239,F37A4.4
sp|P41882|YPT4_CAEEL,128,NYT,Caenorhabditis elegans,6239,F37A4.4
sp|P41882|YPT4_CAEEL,161,NIS,Caenorhabditis elegans,6239,F37A4.4
sp|P41882|YPT4_CAEEL,218,NDT,Caenorhabditis elegans,6239,F37A4.4
sp|P41882|YPT4_CAEEL,280,NSS,Caenorhabditis elegans,6239,F37A4.4
sp|P41882|YPT4_CAEEL,409,NFS,Caenorhabditis elegans,6239,F37A4.4
sp|P41882|YPT4_CAEEL,492,NSS,Caenorhabditis elegans,6239,F37A4.4
sp|P41882|YPT4_CAEEL,836,NAT,Caenorhabditis elegans,6239,F37A4.4
sp|P41882|YPT4_CAEEL,890,NKT,Caenorhabditis elegans,6239,F37A4.4
sp|P41882|YPT4_CAEEL,951,NVT,Caenorhabditis elegans,6239,F37A4.4
sp|P41884|YPT6_CAEEL,118,NSS,Caenorhabditis elegans,6239,F37A4.6
sp|P41884|YPT6_CAEEL,161,NLS,Caenorhabditis elegans,6239,F37A4.6
sp|P41884|YPT6_CAEEL,373,NGS,Caenorhabditis elegans,6239,F37A4.6
sp|P41949|YLK1_CAEEL,27,NIT,Caenorhabditis elegans,6239,D1044.1
sp|P41949|YLK1_CAEEL,194,NDT,Caenorhabditis elegans,6239,D1044.1
sp|P41949|YLK1_CAEEL,245,NAS,Caenorhabditis elegans,6239,D1044.1
sp|P41949|YLK1_CAEEL,253,NET,Caenorhabditis elegans,6239,D1044.1
sp|P41949|YLK1_CAEEL,330,NAT,Caenorhabditis elegans,6239,D1044.1
sp|P41951|PQN25_CAEEL,112,NSS,Caenorhabditis elegans,6239,pqn-25
sp|P41951|PQN25_CAEEL,648,NNS,Caenorhabditis elegans,6239,pqn-25
sp|P41954|YLK6_CAEEL,248,NLT,Caenorhabditis elegans,6239,D1044.6
sp|P41954|YLK6_CAEEL,587,NAT,Caenorhabditis elegans,6239,D1044.6
sp|P41954|YLK6_CAEEL,752,NDS,Caenorhabditis elegans,6239,D1044.6
sp|P41993|YKC2_CAEEL,59,NST,Caenorhabditis elegans,6239,B0280.2
sp|P41993|YKC2_CAEEL,302,NRS,Caenorhabditis elegans,6239,B0280.2
sp|P41993|YKC2_CAEEL,387,NHT,Caenorhabditis elegans,6239,B0280.2
sp|P41993|YKC2_CAEEL,499,NIS,Caenorhabditis elegans,6239,B0280.2
sp|P41998|YKC7_CAEEL,26,NFT,Caenorhabditis elegans,6239,B0280.7
sp|P41998|YKC7_CAEEL,121,NGT,Caenorhabditis elegans,6239,B0280.7
sp|P41998|YKC7_CAEEL,148,NET,Caenorhabditis elegans,6239,B0280.7
sp|P41998|YKC7_CAEEL,166,NDT,Caenorhabditis elegans,6239,B0280.7
sp|P41998|YKC7_CAEEL,239,NKT,Caenorhabditis elegans,6239,B0280.7
sp|P45964|YNZ4_CAEEL,64,NRS,Caenorhabditis elegans,6239,T09A5.4
sp|P45965|YNZ5_CAEEL,157,NFT,Caenorhabditis elegans,6239,T09A5.5
sp|P46064|TAG51_CAEEL,118,NLS,Caenorhabditis elegans,6239,tag-51
sp|P46064|TAG51_CAEEL,227,NWT,Caenorhabditis elegans,6239,tag-51
sp|P46064|TAG51_CAEEL,272,NWS,Caenorhabditis elegans,6239,tag-51
sp|P46504|YLX8_CAEEL,187,NNT,Caenorhabditis elegans,6239,F23F12.8
sp|P46504|YLX8_CAEEL,190,NRS,Caenorhabditis elegans,6239,F23F12.8
sp|P46504|YLX8_CAEEL,941,NQT,Caenorhabditis elegans,6239,F23F12.8
sp|P46504|YLX8_CAEEL,975,NIT,Caenorhabditis elegans,6239,F23F12.8
sp|P46583|YLB9_CAEEL,21,NRS,Caenorhabditis elegans,6239,C34E10.9
sp|P46583|YLB9_CAEEL,83,NET,Caenorhabditis elegans,6239,C34E10.9
sp|P46583|YLB9_CAEEL,124,NKS,Caenorhabditis elegans,6239,C34E10.9
sp|P46583|YLB9_CAEEL,139,NGT,Caenorhabditis elegans,6239,C34E10.9
sp|P48053|YPD1_CAEEL,303,NTS,Caenorhabditis elegans,6239,C05D11.1
sp|P48053|YPD1_CAEEL,568,NLS,Caenorhabditis elegans,6239,C05D11.1
sp|P48053|YPD1_CAEEL,780,NVS,Caenorhabditis elegans,6239,C05D11.1
sp|P48053|YPD1_CAEEL,939,NLT,Caenorhabditis elegans,6239,C05D11.1
sp|P50437|YY23_CAEEL,48,NVT,Caenorhabditis elegans,6239,C28C12.3
sp|P50437|YY23_CAEEL,63,NET,Caenorhabditis elegans,6239,C28C12.3
sp|P50437|YY23_CAEEL,94,NRT,Caenorhabditis elegans,6239,C28C12.3
sp|P50437|YY23_CAEEL,105,NQT,Caenorhabditis elegans,6239,C28C12.3
sp|P50437|YY23_CAEEL,112,NLT,Caenorhabditis elegans,6239,C28C12.3
sp|P50438|SUEX1_CAEEL,16,NFT,Caenorhabditis elegans,6239,suex-1
sp|P50439|YV59_CAEEL,32,NNS,Caenorhabditis elegans,6239,F53A9.9
sp|P52880|YAF1_CAEEL,49,NES,Caenorhabditis elegans,6239,F46C5.1
sp|P52881|YAF2_CAEEL,86,NFS,Caenorhabditis elegans,6239,F46C5.2
sp|P52881|YAF2_CAEEL,120,NQT,Caenorhabditis elegans,6239,F46C5.2
sp|P52883|YAF7_CAEEL,19,NSS,Caenorhabditis elegans,6239,F46C5.7
sp|P83502|SRU26_CAEEL,9,NSS,Caenorhabditis elegans,6239,sru-26
sp|P83502|SRU26_CAEEL,18,NST,Caenorhabditis elegans,6239,sru-26
sp|P83502|SRU26_CAEEL,124,NYS,Caenorhabditis elegans,6239,sru-26
sp|P83502|SRU26_CAEEL,207,NFS,Caenorhabditis elegans,6239,sru-26
sp|P90846|BAT39_CAEEL,69,NNS,Caenorhabditis elegans,6239,bath-39
sp|P90846|BAT39_CAEEL,101,NHT,Caenorhabditis elegans,6239,bath-39
sp|P90846|BAT39_CAEEL,107,NET,Caenorhabditis elegans,6239,bath-39
sp|P90846|BAT39_CAEEL,144,NSS,Caenorhabditis elegans,6239,bath-39
sp|P92001|SRD18_CAEEL,334,NTS,Caenorhabditis elegans,6239,srd-18
sp|P92015|SRD26_CAEEL,309,NVS,Caenorhabditis elegans,6239,srd-26
sp|Q03564|YKD6_CAEEL,21,NTS,Caenorhabditis elegans,6239,B0464.6
sp|Q03564|YKD6_CAEEL,27,NRS,Caenorhabditis elegans,6239,B0464.6
sp|Q03564|YKD6_CAEEL,80,NSS,Caenorhabditis elegans,6239,B0464.6
sp|Q03564|YKD6_CAEEL,98,NSS,Caenorhabditis elegans,6239,B0464.6
sp|Q03564|YKD6_CAEEL,203,NVS,Caenorhabditis elegans,6239,B0464.6
sp|Q03564|YKD6_CAEEL,230,NES,Caenorhabditis elegans,6239,B0464.6
sp|Q03564|YKD6_CAEEL,255,NTS,Caenorhabditis elegans,6239,B0464.6
sp|Q03564|YKD6_CAEEL,277,NNT,Caenorhabditis elegans,6239,B0464.6
sp|Q03564|YKD6_CAEEL,293,NSS,Caenorhabditis elegans,6239,B0464.6
sp|Q03564|YKD6_CAEEL,513,NDS,Caenorhabditis elegans,6239,B0464.6
sp|Q03564|YKD6_CAEEL,637,NMT,Caenorhabditis elegans,6239,B0464.6
sp|Q03568|YLD3_CAEEL,94,NSS,Caenorhabditis elegans,6239,C38C10.3
sp|Q03568|YLD3_CAEEL,162,NTS,Caenorhabditis elegans,6239,C38C10.3
sp|Q03568|YLD3_CAEEL,259,NYS,Caenorhabditis elegans,6239,C38C10.3
sp|Q03572|YLF2_CAEEL,32,NCS,Caenorhabditis elegans,6239,C40H1.2
sp|Q03572|YLF2_CAEEL,86,NGS,Caenorhabditis elegans,6239,C40H1.2
sp|Q03572|YLF2_CAEEL,135,NTT,Caenorhabditis elegans,6239,C40H1.2
sp|Q03572|YLF2_CAEEL,155,NDT,Caenorhabditis elegans,6239,C40H1.2
sp|Q03572|YLF2_CAEEL,168,NCS,Caenorhabditis elegans,6239,C40H1.2
sp|Q03572|YLF2_CAEEL,201,NTT,Caenorhabditis elegans,6239,C40H1.2
sp|Q03573|YLF3_CAEEL,464,NNT,Caenorhabditis elegans,6239,C40H1.3
sp|Q03599|IRL34_CAEEL,35,NCT,Caenorhabditis elegans,6239,irld-34
sp|Q03599|IRL34_CAEEL,63,NVT,Caenorhabditis elegans,6239,irld-34
sp|Q03599|IRL34_CAEEL,97,NSS,Caenorhabditis elegans,6239,irld-34
sp|Q03599|IRL34_CAEEL,203,NGT,Caenorhabditis elegans,6239,irld-34
sp|Q03599|IRL34_CAEEL,262,NLS,Caenorhabditis elegans,6239,irld-34
sp|Q03599|IRL34_CAEEL,270,NLT,Caenorhabditis elegans,6239,irld-34
sp|Q03599|IRL34_CAEEL,294,NLS,Caenorhabditis elegans,6239,irld-34
sp|Q03599|IRL34_CAEEL,321,NRT,Caenorhabditis elegans,6239,irld-34
sp|Q03599|IRL34_CAEEL,333,NRT,Caenorhabditis elegans,6239,irld-34
sp|Q03599|IRL34_CAEEL,351,NST,Caenorhabditis elegans,6239,irld-34
sp|Q03599|IRL34_CAEEL,366,NNT,Caenorhabditis elegans,6239,irld-34
sp|Q03599|IRL34_CAEEL,382,NLS,Caenorhabditis elegans,6239,irld-34
sp|Q03607|YN03_CAEEL,187,NFT,Caenorhabditis elegans,6239,T23G5.3
sp|Q09202|YP23_CAEEL,91,NKS,Caenorhabditis elegans,6239,AH6.3
sp|Q09214|YP65_CAEEL,189,NRS,Caenorhabditis elegans,6239,B0495.5
sp|Q09214|YP65_CAEEL,236,NES,Caenorhabditis elegans,6239,B0495.5
sp|Q09214|YP65_CAEEL,344,NSS,Caenorhabditis elegans,6239,B0495.5
sp|Q09214|YP65_CAEEL,674,NLS,Caenorhabditis elegans,6239,B0495.5
sp|Q09215|MOA2_CAEEL,46,NVS,Caenorhabditis elegans,6239,moa-2
sp|Q09218|YP69_CAEEL,79,NKT,Caenorhabditis elegans,6239,B0495.9
sp|Q09218|YP69_CAEEL,165,NNS,Caenorhabditis elegans,6239,B0495.9
sp|Q09220|YP71_CAEEL,31,NAS,Caenorhabditis elegans,6239,B0228.1
sp|Q09220|YP71_CAEEL,211,NNT,Caenorhabditis elegans,6239,B0228.1
sp|Q09223|YP76_CAEEL,31,NET,Caenorhabditis elegans,6239,B0228.6
sp|Q09224|YP78_CAEEL,278,NGT,Caenorhabditis elegans,6239,B0228.8
sp|Q09224|YP78_CAEEL,331,NCT,Caenorhabditis elegans,6239,B0228.8
sp|Q09224|YP78_CAEEL,439,NST,Caenorhabditis elegans,6239,B0228.8
sp|Q09230|YQ15_CAEEL,209,NLS,Caenorhabditis elegans,6239,C05C10.5
sp|Q09235|YQ42_CAEEL,41,NYS,Caenorhabditis elegans,6239,C13B9.2
sp|Q09235|YQ42_CAEEL,46,NST,Caenorhabditis elegans,6239,C13B9.2
sp|Q09235|YQ42_CAEEL,95,NDT,Caenorhabditis elegans,6239,C13B9.2
sp|Q09235|YQ42_CAEEL,180,NLS,Caenorhabditis elegans,6239,C13B9.2
sp|Q09235|YQ42_CAEEL,264,NTS,Caenorhabditis elegans,6239,C13B9.2
sp|Q09235|YQ42_CAEEL,293,NST,Caenorhabditis elegans,6239,C13B9.2
sp|Q09235|YQ42_CAEEL,331,NLT,Caenorhabditis elegans,6239,C13B9.2
sp|Q09235|YQ42_CAEEL,380,NFT,Caenorhabditis elegans,6239,C13B9.2
sp|Q09235|YQ42_CAEEL,414,NSS,Caenorhabditis elegans,6239,C13B9.2
sp|Q09238|YQ86_CAEEL,20,NST,Caenorhabditis elegans,6239,C18H9.6
sp|Q09239|YQA1_CAEEL,83,NGT,Caenorhabditis elegans,6239,C28F5.1
sp|Q09243|YP92_CAEEL,58,NKT,Caenorhabditis elegans,6239,C28H8.2
sp|Q09245|YP97_CAEEL,84,NAS,Caenorhabditis elegans,6239,C28H8.7
sp|Q09245|YP97_CAEEL,127,NYT,Caenorhabditis elegans,6239,C28H8.7
sp|Q09245|YP97_CAEEL,136,NMT,Caenorhabditis elegans,6239,C28H8.7
sp|Q09245|YP97_CAEEL,153,NSS,Caenorhabditis elegans,6239,C28H8.7
sp|Q09245|YP97_CAEEL,169,NQS,Caenorhabditis elegans,6239,C28H8.7
sp|Q09245|YP97_CAEEL,250,NDS,Caenorhabditis elegans,6239,C28H8.7
sp|Q09246|YP98_CAEEL,80,NET,Caenorhabditis elegans,6239,C28H8.8
sp|Q09255|YQB1_CAEEL,175,NST,Caenorhabditis elegans,6239,C30G12.1
sp|Q09259|YQB6_CAEEL,47,NDS,Caenorhabditis elegans,6239,C30G12.6
sp|Q09259|YQB6_CAEEL,185,NKS,Caenorhabditis elegans,6239,C30G12.6
sp|Q09259|YQB6_CAEEL,381,NNS,Caenorhabditis elegans,6239,C30G12.6
sp|Q09259|YQB6_CAEEL,571,NMS,Caenorhabditis elegans,6239,C30G12.6
sp|Q09259|YQB6_CAEEL,616,NSS,Caenorhabditis elegans,6239,C30G12.6
sp|Q09259|YQB6_CAEEL,979,NKT,Caenorhabditis elegans,6239,C30G12.6
sp|Q09262|YQD1_CAEEL,194,NSS,Caenorhabditis elegans,6239,C32D5.1
sp|Q09262|YQD1_CAEEL,207,NST,Caenorhabditis elegans,6239,C32D5.1
sp|Q09264|YQD4_CAEEL,39,NNT,Caenorhabditis elegans,6239,C32D5.4
sp|Q09264|YQD4_CAEEL,270,NVS,Caenorhabditis elegans,6239,C32D5.4
sp|Q09264|YQD4_CAEEL,281,NVS,Caenorhabditis elegans,6239,C32D5.4
sp|Q09266|YQD6_CAEEL,321,NMS,Caenorhabditis elegans,6239,C32D5.6
sp|Q09266|YQD6_CAEEL,392,NET,Caenorhabditis elegans,6239,C32D5.6
sp|Q09266|YQD6_CAEEL,523,NAT,Caenorhabditis elegans,6239,C32D5.6
sp|Q09267|YQD7_CAEEL,48,NST,Caenorhabditis elegans,6239,C32D5.7
sp|Q09267|YQD7_CAEEL,130,NWS,Caenorhabditis elegans,6239,C32D5.7
sp|Q09267|YQD7_CAEEL,349,NIS,Caenorhabditis elegans,6239,C32D5.7
sp|Q09267|YQD7_CAEEL,380,NFS,Caenorhabditis elegans,6239,C32D5.7
sp|Q09270|YQF6_CAEEL,178,NIT,Caenorhabditis elegans,6239,C34C12.6
sp|Q09270|YQF6_CAEEL,372,NVS,Caenorhabditis elegans,6239,C34C12.6
sp|Q09270|YQF6_CAEEL,384,NLS,Caenorhabditis elegans,6239,C34C12.6
sp|Q09279|YQI6_CAEEL,405,NVT,Caenorhabditis elegans,6239,C45G9.6
sp|Q09280|YQI8_CAEEL,34,NNT,Caenorhabditis elegans,6239,C45G9.8
sp|Q09280|YQI8_CAEEL,103,NSS,Caenorhabditis elegans,6239,C45G9.8
sp|Q09280|YQI8_CAEEL,414,NES,Caenorhabditis elegans,6239,C45G9.8
sp|Q09281|YQIA_CAEEL,42,NVS,Caenorhabditis elegans,6239,C45G9.10
sp|Q09281|YQIA_CAEEL,183,NRS,Caenorhabditis elegans,6239,C45G9.10
sp|Q09281|YQIA_CAEEL,220,NYT,Caenorhabditis elegans,6239,C45G9.10
sp|Q09281|YQIA_CAEEL,326,NYS,Caenorhabditis elegans,6239,C45G9.10
sp|Q09281|YQIA_CAEEL,493,NTS,Caenorhabditis elegans,6239,C45G9.10
sp|Q09281|YQIA_CAEEL,503,NNS,Caenorhabditis elegans,6239,C45G9.10
sp|Q09281|YQIA_CAEEL,542,NSS,Caenorhabditis elegans,6239,C45G9.10
sp|Q09281|YQIA_CAEEL,598,NKT,Caenorhabditis elegans,6239,C45G9.10
sp|Q09281|YQIA_CAEEL,851,NGT,Caenorhabditis elegans,6239,C45G9.10
sp|Q09281|YQIA_CAEEL,863,NGT,Caenorhabditis elegans,6239,C45G9.10
sp|Q09281|YQIA_CAEEL,884,NKS,Caenorhabditis elegans,6239,C45G9.10
sp|Q09282|YQIB_CAEEL,79,NNT,Caenorhabditis elegans,6239,C45G9.11
sp|Q09282|YQIB_CAEEL,121,NSS,Caenorhabditis elegans,6239,C45G9.11
sp|Q09292|ELMD3_CAEEL,96,NRS,Caenorhabditis elegans,6239,C56G7.3
sp|Q09292|ELMD3_CAEEL,139,NGT,Caenorhabditis elegans,6239,C56G7.3
sp|Q09292|ELMD3_CAEEL,152,NVS,Caenorhabditis elegans,6239,C56G7.3
sp|Q09292|ELMD3_CAEEL,235,NIT,Caenorhabditis elegans,6239,C56G7.3
sp|Q09295|YQO4_CAEEL,8,NNS,Caenorhabditis elegans,6239,EEED8.4
sp|Q09295|YQO4_CAEEL,65,NST,Caenorhabditis elegans,6239,EEED8.4
sp|Q09295|YQO4_CAEEL,116,NGS,Caenorhabditis elegans,6239,EEED8.4
sp|Q09300|CL141_CAEEL,140,NAS,Caenorhabditis elegans,6239,clec-141
sp|Q09300|CL141_CAEEL,209,NGT,Caenorhabditis elegans,6239,clec-141
sp|Q09301|YQOC_CAEEL,71,NST,Caenorhabditis elegans,6239,EEED8.12
sp|Q09301|YQOC_CAEEL,122,NGS,Caenorhabditis elegans,6239,EEED8.12
sp|Q09302|YQP1_CAEEL,26,NSS,Caenorhabditis elegans,6239,F07F6.1
sp|Q09307|YQR2_CAEEL,150,NET,Caenorhabditis elegans,6239,F19C6.2
sp|Q09307|YQR2_CAEEL,177,NTS,Caenorhabditis elegans,6239,F19C6.2
sp|Q09307|YQR2_CAEEL,233,NDT,Caenorhabditis elegans,6239,F19C6.2
sp|Q09308|YQR5_CAEEL,34,NDS,Caenorhabditis elegans,6239,F19C6.5
sp|Q09308|YQR5_CAEEL,226,NIS,Caenorhabditis elegans,6239,F19C6.5
sp|Q09311|YQS3_CAEEL,56,NVS,Caenorhabditis elegans,6239,F21H12.3
sp|Q09317|YQX4_CAEEL,49,NGS,Caenorhabditis elegans,6239,F34H10.4
sp|Q09317|YQX4_CAEEL,256,NNT,Caenorhabditis elegans,6239,F34H10.4
sp|Q09321|YR51_CAEEL,295,NKT,Caenorhabditis elegans,6239,F42A8.1
sp|Q09321|YR51_CAEEL,358,NTS,Caenorhabditis elegans,6239,F42A8.1
sp|Q09336|FB224_CAEEL,198,NGT,Caenorhabditis elegans,6239,fbxa-224
sp|Q09337|YOFA_CAEEL,203,NVT,Caenorhabditis elegans,6239,ZK1290.10
sp|Q09337|YOFA_CAEEL,254,NTT,Caenorhabditis elegans,6239,ZK1290.10
sp|Q09337|YOFA_CAEEL,279,NTT,Caenorhabditis elegans,6239,ZK1290.10
sp|Q09338|YOFB_CAEEL,26,NQT,Caenorhabditis elegans,6239,ZK1290.11
sp|Q09338|YOFB_CAEEL,64,NGS,Caenorhabditis elegans,6239,ZK1290.11
sp|Q09338|YOFB_CAEEL,109,NIS,Caenorhabditis elegans,6239,ZK1290.11
sp|Q09338|YOFB_CAEEL,131,NVT,Caenorhabditis elegans,6239,ZK1290.11
sp|Q09341|YR24_CAEEL,65,NTT,Caenorhabditis elegans,6239,W02B3.4
sp|Q09341|YR24_CAEEL,121,NDT,Caenorhabditis elegans,6239,W02B3.4
sp|Q09341|YR24_CAEEL,251,NLS,Caenorhabditis elegans,6239,W02B3.4
sp|Q09341|YR24_CAEEL,265,NDS,Caenorhabditis elegans,6239,W02B3.4
sp|Q09341|YR24_CAEEL,293,NGS,Caenorhabditis elegans,6239,W02B3.4
sp|Q09341|YR24_CAEEL,361,NSS,Caenorhabditis elegans,6239,W02B3.4
sp|Q09343|YR27_CAEEL,103,NST,Caenorhabditis elegans,6239,W02B3.7/W02B3.5
sp|Q09343|YR27_CAEEL,237,NRT,Caenorhabditis elegans,6239,W02B3.7/W02B3.5
sp|Q09343|YR27_CAEEL,281,NHT,Caenorhabditis elegans,6239,W02B3.7/W02B3.5
sp|Q09348|YRS4_CAEEL,163,NTT,Caenorhabditis elegans,6239,T05H10.4
sp|Q09348|YRS4_CAEEL,309,NGT,Caenorhabditis elegans,6239,T05H10.4
sp|Q09351|YRU5_CAEEL,39,NIT,Caenorhabditis elegans,6239,T09B9.5
sp|Q09351|YRU5_CAEEL,336,NDT,Caenorhabditis elegans,6239,T09B9.5
sp|Q09354|YRY4_CAEEL,109,NGT,Caenorhabditis elegans,6239,T15H9.4
sp|Q09358|YS03_CAEEL,314,NSS,Caenorhabditis elegans,6239,ZK1128.3
sp|Q09361|YS13_CAEEL,41,NNS,Caenorhabditis elegans,6239,ZK1307.3
sp|Q09361|YS13_CAEEL,44,NYS,Caenorhabditis elegans,6239,ZK1307.3
sp|Q09362|YS14_CAEEL,27,NHT,Caenorhabditis elegans,6239,ZK1307.4
sp|Q09362|YS14_CAEEL,41,NNS,Caenorhabditis elegans,6239,ZK1307.4
sp|Q09362|YS14_CAEEL,44,NYS,Caenorhabditis elegans,6239,ZK1307.4
sp|Q09364|YS22_CAEEL,28,NYT,Caenorhabditis elegans,6239,ZK1320.2
sp|Q09364|YS22_CAEEL,79,NQS,Caenorhabditis elegans,6239,ZK1320.2
sp|Q09366|YS25_CAEEL,70,NRT,Caenorhabditis elegans,6239,ZK1320.5
sp|Q09366|YS25_CAEEL,105,NRS,Caenorhabditis elegans,6239,ZK1320.5
sp|Q09366|YS25_CAEEL,219,NLS,Caenorhabditis elegans,6239,ZK1320.5
sp|Q09370|YS41_CAEEL,259,NQT,Caenorhabditis elegans,6239,ZK177.1
sp|Q09370|YS41_CAEEL,283,NYS,Caenorhabditis elegans,6239,ZK177.1
sp|Q09372|NPP24_CAEEL,121,NIS,Caenorhabditis elegans,6239,npp-24
sp|Q09372|NPP24_CAEEL,184,NNT,Caenorhabditis elegans,6239,npp-24
sp|Q09372|NPP24_CAEEL,204,NTS,Caenorhabditis elegans,6239,npp-24
sp|Q09372|NPP24_CAEEL,371,NTT,Caenorhabditis elegans,6239,npp-24
sp|Q09372|NPP24_CAEEL,424,NIS,Caenorhabditis elegans,6239,npp-24
sp|Q09372|NPP24_CAEEL,436,NKT,Caenorhabditis elegans,6239,npp-24
sp|Q09372|NPP24_CAEEL,632,NAT,Caenorhabditis elegans,6239,npp-24
sp|Q09378|YS56_CAEEL,271,NKS,Caenorhabditis elegans,6239,ZK673.6
sp|Q09380|YS64_CAEEL,69,NDT,Caenorhabditis elegans,6239,ZK675.4
sp|Q09382|YS86_CAEEL,185,NAS,Caenorhabditis elegans,6239,ZK945.6
sp|Q09383|YS87_CAEEL,26,NCS,Caenorhabditis elegans,6239,ZK945.7
sp|Q09383|YS87_CAEEL,41,NET,Caenorhabditis elegans,6239,ZK945.7
sp|Q09383|YS87_CAEEL,61,NVS,Caenorhabditis elegans,6239,ZK945.7
sp|Q09383|YS87_CAEEL,78,NLS,Caenorhabditis elegans,6239,ZK945.7
sp|Q09383|YS87_CAEEL,120,NVT,Caenorhabditis elegans,6239,ZK945.7
sp|Q09383|YS87_CAEEL,139,NVT,Caenorhabditis elegans,6239,ZK945.7
sp|Q09383|YS87_CAEEL,193,NFS,Caenorhabditis elegans,6239,ZK945.7
sp|Q09383|YS87_CAEEL,241,NAS,Caenorhabditis elegans,6239,ZK945.7
sp|Q09392|YR49_CAEEL,18,NDS,Caenorhabditis elegans,6239,F47D12.9
sp|Q09392|YR49_CAEEL,57,NMT,Caenorhabditis elegans,6239,F47D12.9
sp|Q09392|YR49_CAEEL,290,NDT,Caenorhabditis elegans,6239,F47D12.9
sp|Q09392|YR49_CAEEL,328,NKS,Caenorhabditis elegans,6239,F47D12.9
sp|Q09392|YR49_CAEEL,419,NTT,Caenorhabditis elegans,6239,F47D12.9
sp|Q09392|YR49_CAEEL,506,NHS,Caenorhabditis elegans,6239,F47D12.9
sp|Q09399|YRB2_CAEEL,5,NQT,Caenorhabditis elegans,6239,F58F12.2
sp|Q09400|YRB3_CAEEL,198,NKS,Caenorhabditis elegans,6239,F58F12.3
sp|Q09400|YRB3_CAEEL,342,NNS,Caenorhabditis elegans,6239,F58F12.3
sp|Q09400|YRB3_CAEEL,346,NST,Caenorhabditis elegans,6239,F58F12.3
sp|Q09400|YRB3_CAEEL,363,NRT,Caenorhabditis elegans,6239,F58F12.3
sp|Q09400|YRB3_CAEEL,378,NFT,Caenorhabditis elegans,6239,F58F12.3
sp|Q09418|TG209_CAEEL,93,NGS,Caenorhabditis elegans,6239,tag-209
sp|Q09421|YRN7_CAEEL,4,NLT,Caenorhabditis elegans,6239,R07B1.7
sp|Q09439|YP79_CAEEL,142,NCS,Caenorhabditis elegans,6239,B0228.9
sp|Q09439|YP79_CAEEL,252,NTT,Caenorhabditis elegans,6239,B0228.9
sp|Q09439|YP79_CAEEL,336,NDT,Caenorhabditis elegans,6239,B0228.9
sp|Q09445|GRTP6_CAEEL,314,NKS,Caenorhabditis elegans,6239,tbc-6
sp|Q09458|YQ37_CAEEL,80,NES,Caenorhabditis elegans,6239,C09G5.7
sp|Q09458|YQ37_CAEEL,289,NTT,Caenorhabditis elegans,6239,C09G5.7
sp|Q09526|YQN5_CAEEL,42,NWS,Caenorhabditis elegans,6239,E02H1.5
sp|Q09526|YQN5_CAEEL,227,NET,Caenorhabditis elegans,6239,E02H1.5
sp|Q09526|YQN5_CAEEL,235,NLT,Caenorhabditis elegans,6239,E02H1.5
sp|Q09529|YQO2_CAEEL,116,NRS,Caenorhabditis elegans,6239,EEED8.2
sp|Q09556|YQW3_CAEEL,192,NFS,Caenorhabditis elegans,6239,F33H1.3
sp|Q09556|YQW3_CAEEL,281,NRS,Caenorhabditis elegans,6239,F33H1.3
sp|Q09556|YQW3_CAEEL,320,NKT,Caenorhabditis elegans,6239,F33H1.3
sp|Q09560|YQY1_CAEEL,49,NHS,Caenorhabditis elegans,6239,F36G3.1
sp|Q09560|YQY1_CAEEL,186,NAT,Caenorhabditis elegans,6239,F36G3.1
sp|Q09560|YQY1_CAEEL,269,NES,Caenorhabditis elegans,6239,F36G3.1
sp|Q09560|YQY1_CAEEL,292,NIS,Caenorhabditis elegans,6239,F36G3.1
sp|Q09560|YQY1_CAEEL,561,NDT,Caenorhabditis elegans,6239,F36G3.1
sp|Q09560|YQY1_CAEEL,644,NNS,Caenorhabditis elegans,6239,F36G3.1
sp|Q09560|YQY1_CAEEL,834,NQT,Caenorhabditis elegans,6239,F36G3.1
sp|Q09562|GADR3_CAEEL,121,NET,Caenorhabditis elegans,6239,gadr-3
sp|Q09562|GADR3_CAEEL,177,NLT,Caenorhabditis elegans,6239,gadr-3
sp|Q09562|GADR3_CAEEL,190,NIS,Caenorhabditis elegans,6239,gadr-3
sp|Q09562|GADR3_CAEEL,221,NLT,Caenorhabditis elegans,6239,gadr-3
sp|Q09562|GADR3_CAEEL,419,NIS,Caenorhabditis elegans,6239,gadr-3
sp|Q09562|GADR3_CAEEL,547,NLT,Caenorhabditis elegans,6239,gadr-3
sp|Q09563|YR47_CAEEL,24,NSS,Caenorhabditis elegans,6239,F47D12.7
sp|Q09563|YR47_CAEEL,89,NST,Caenorhabditis elegans,6239,F47D12.7
sp|Q09563|YR47_CAEEL,120,NIT,Caenorhabditis elegans,6239,F47D12.7
sp|Q09563|YR47_CAEEL,152,NLT,Caenorhabditis elegans,6239,F47D12.7
sp|Q09563|YR47_CAEEL,243,NFS,Caenorhabditis elegans,6239,F47D12.7
sp|Q09563|YR47_CAEEL,362,NDS,Caenorhabditis elegans,6239,F47D12.7
sp|Q09563|YR47_CAEEL,400,NMT,Caenorhabditis elegans,6239,F47D12.7
sp|Q09563|YR47_CAEEL,503,NFS,Caenorhabditis elegans,6239,F47D12.7
sp|Q09605|LEC7_CAEEL,101,NIT,Caenorhabditis elegans,6239,lec-7
sp|Q09608|YRN8_CAEEL,205,NLT,Caenorhabditis elegans,6239,R07B1.8
sp|Q09608|YRN8_CAEEL,421,NIT,Caenorhabditis elegans,6239,R07B1.8
sp|Q09609|YRN9_CAEEL,345,NKS,Caenorhabditis elegans,6239,R07B1.9
sp|Q09609|YRN9_CAEEL,405,NYS,Caenorhabditis elegans,6239,R07B1.9
sp|Q09609|YRN9_CAEEL,489,NLT,Caenorhabditis elegans,6239,R07B1.9
sp|Q09619|YS76_CAEEL,74,NDS,Caenorhabditis elegans,6239,ZK892.6
sp|Q09619|YS76_CAEEL,85,NQS,Caenorhabditis elegans,6239,ZK892.6
sp|Q09621|LACT2_CAEEL,168,NIT,Caenorhabditis elegans,6239,lact-2
sp|Q09623|YS84_CAEEL,73,NFS,Caenorhabditis elegans,6239,ZK945.4
sp|Q09623|YS84_CAEEL,379,NHS,Caenorhabditis elegans,6239,ZK945.4
sp|Q09623|YS84_CAEEL,495,NES,Caenorhabditis elegans,6239,ZK945.4
sp|Q09655|GPAN1_CAEEL,51,NSS,Caenorhabditis elegans,6239,ZK1320.7
sp|Q09655|GPAN1_CAEEL,55,NDS,Caenorhabditis elegans,6239,ZK1320.7
sp|Q09655|GPAN1_CAEEL,232,NAS,Caenorhabditis elegans,6239,ZK1320.7
sp|Q09947|YSH6_CAEEL,47,NGS,Caenorhabditis elegans,6239,F12A10.6
sp|Q09947|YSH6_CAEEL,117,NVS,Caenorhabditis elegans,6239,F12A10.6
sp|Q09949|YSH8_CAEEL,67,NVS,Caenorhabditis elegans,6239,F12A10.8
sp|Q09949|YSH8_CAEEL,76,NLS,Caenorhabditis elegans,6239,F12A10.8
sp|Q09949|YSH8_CAEEL,100,NIS,Caenorhabditis elegans,6239,F12A10.8
sp|Q09949|YSH8_CAEEL,214,NHT,Caenorhabditis elegans,6239,F12A10.8
sp|Q09949|YSH8_CAEEL,433,NYS,Caenorhabditis elegans,6239,F12A10.8
sp|Q09950|YSR2_CAEEL,33,NGS,Caenorhabditis elegans,6239,F59B10.2
sp|Q09950|YSR2_CAEEL,90,NES,Caenorhabditis elegans,6239,F59B10.2
sp|Q09950|YSR2_CAEEL,395,NRT,Caenorhabditis elegans,6239,F59B10.2
sp|Q09950|YSR2_CAEEL,409,NKS,Caenorhabditis elegans,6239,F59B10.2
sp|Q09951|YSR3_CAEEL,118,NRS,Caenorhabditis elegans,6239,F59B10.3
sp|Q09951|YSR3_CAEEL,137,NYS,Caenorhabditis elegans,6239,F59B10.3
sp|Q09964|YS94_CAEEL,7,NCS,Caenorhabditis elegans,6239,B0244.4
sp|Q09964|YS94_CAEEL,20,NCT,Caenorhabditis elegans,6239,B0244.4
sp|Q09964|YS94_CAEEL,23,NTT,Caenorhabditis elegans,6239,B0244.4
sp|Q09964|YS94_CAEEL,232,NRS,Caenorhabditis elegans,6239,B0244.4
sp|Q10000|TM144_CAEEL,74,NAT,Caenorhabditis elegans,6239,R144.6
sp|Q10000|TM144_CAEEL,113,NST,Caenorhabditis elegans,6239,R144.6
sp|Q10000|TM144_CAEEL,289,NLS,Caenorhabditis elegans,6239,R144.6
sp|Q10004|YRS8_CAEEL,340,NNS,Caenorhabditis elegans,6239,T05H10.8
sp|Q10006|HAL3_CAEEL,14,NES,Caenorhabditis elegans,6239,hal-3
sp|Q10006|HAL3_CAEEL,97,NAS,Caenorhabditis elegans,6239,hal-3
sp|Q10008|YSV2_CAEEL,165,NVT,Caenorhabditis elegans,6239,T19C3.2
sp|Q10015|YR02_CAEEL,42,NMT,Caenorhabditis elegans,6239,T25E4.2
sp|Q10015|YR02_CAEEL,49,NST,Caenorhabditis elegans,6239,T25E4.2
sp|Q10015|YR02_CAEEL,70,NGS,Caenorhabditis elegans,6239,T25E4.2
sp|Q10015|YR02_CAEEL,403,NFT,Caenorhabditis elegans,6239,T25E4.2
sp|Q10017|YSW1_CAEEL,9,NSS,Caenorhabditis elegans,6239,T25D10.1
sp|Q10017|YSW1_CAEEL,83,NNS,Caenorhabditis elegans,6239,T25D10.1
sp|Q10017|YSW1_CAEEL,124,NSS,Caenorhabditis elegans,6239,T25D10.1
sp|Q10017|YSW1_CAEEL,201,NCS,Caenorhabditis elegans,6239,T25D10.1
sp|Q10017|YSW1_CAEEL,306,NRT,Caenorhabditis elegans,6239,T25D10.1
sp|Q10020|YSX1_CAEEL,58,NET,Caenorhabditis elegans,6239,T28D9.1
sp|Q10023|YSX4_CAEEL,456,NQS,Caenorhabditis elegans,6239,T28D9.4
sp|Q10026|LID16_CAEEL,6,NFT,Caenorhabditis elegans,6239,lido-16
sp|Q10027|YSXB_CAEEL,28,NET,Caenorhabditis elegans,6239,T28D9.11
sp|Q10030|YQ91_CAEEL,12,NES,Caenorhabditis elegans,6239,C27D6.1
sp|Q10030|YQ91_CAEEL,139,NRS,Caenorhabditis elegans,6239,C27D6.1
sp|Q10030|YQ91_CAEEL,225,NRS,Caenorhabditis elegans,6239,C27D6.1
sp|Q10032|YQ93_CAEEL,5,NVS,Caenorhabditis elegans,6239,C27D6.3
sp|Q10034|YSI2_CAEEL,9,NLS,Caenorhabditis elegans,6239,F15G9.2
sp|Q10034|YSI2_CAEEL,18,NDT,Caenorhabditis elegans,6239,F15G9.2
sp|Q10037|YSI5_CAEEL,53,NNT,Caenorhabditis elegans,6239,F15G9.5
sp|Q10043|YRP1_CAEEL,47,NGT,Caenorhabditis elegans,6239,R10H1.1
sp|Q10043|YRP1_CAEEL,148,NTT,Caenorhabditis elegans,6239,R10H1.1
sp|Q10043|YRP1_CAEEL,159,NNS,Caenorhabditis elegans,6239,R10H1.1
sp|Q10044|YRT1_CAEEL,102,NES,Caenorhabditis elegans,6239,T07A5.1
sp|Q10044|YRT1_CAEEL,114,NKT,Caenorhabditis elegans,6239,T07A5.1
sp|Q10044|YRT1_CAEEL,172,NMT,Caenorhabditis elegans,6239,T07A5.1
sp|Q10044|YRT1_CAEEL,260,NDS,Caenorhabditis elegans,6239,T07A5.1
sp|Q10044|YRT1_CAEEL,289,NGS,Caenorhabditis elegans,6239,T07A5.1
sp|Q10044|YRT1_CAEEL,374,NVS,Caenorhabditis elegans,6239,T07A5.1
sp|Q10126|YSM6_CAEEL,7,NLT,Caenorhabditis elegans,6239,F52C9.6
sp|Q10126|YSM6_CAEEL,109,NGS,Caenorhabditis elegans,6239,F52C9.6
sp|Q10126|YSM6_CAEEL,113,NTT,Caenorhabditis elegans,6239,F52C9.6
sp|Q10126|YSM6_CAEEL,275,NTT,Caenorhabditis elegans,6239,F52C9.6
sp|Q10131|CEX1_CAEEL,41,NAS,Caenorhabditis elegans,6239,cex-1
sp|Q10131|CEX1_CAEEL,190,NKS,Caenorhabditis elegans,6239,cex-1
sp|Q10912|YSP4_CAEEL,73,NST,Caenorhabditis elegans,6239,B0034.4
sp|Q10918|YT15_CAEEL,126,NKS,Caenorhabditis elegans,6239,B0252.5
sp|Q10918|YT15_CAEEL,182,NET,Caenorhabditis elegans,6239,B0252.5
sp|Q10919|YUK4_CAEEL,26,NTT,Caenorhabditis elegans,6239,F22D3.4
sp|Q10919|YUK4_CAEEL,208,NNS,Caenorhabditis elegans,6239,F22D3.4
sp|Q10919|YUK4_CAEEL,218,NCS,Caenorhabditis elegans,6239,F22D3.4
sp|Q10919|YUK4_CAEEL,331,NWS,Caenorhabditis elegans,6239,F22D3.4
sp|Q10919|YUK4_CAEEL,399,NKT,Caenorhabditis elegans,6239,F22D3.4
sp|Q10921|YWQ1_CAEEL,114,NYS,Caenorhabditis elegans,6239,B0286.1
sp|Q10921|YWQ1_CAEEL,119,NSS,Caenorhabditis elegans,6239,B0286.1
sp|Q10921|YWQ1_CAEEL,148,NET,Caenorhabditis elegans,6239,B0286.1
sp|Q10932|YT22_CAEEL,14,NTS,Caenorhabditis elegans,6239,B0304.2
sp|Q10932|YT22_CAEEL,69,NTS,Caenorhabditis elegans,6239,B0304.2
sp|Q10932|YT22_CAEEL,72,NDS,Caenorhabditis elegans,6239,B0304.2
sp|Q10932|YT22_CAEEL,151,NGS,Caenorhabditis elegans,6239,B0304.2
sp|Q10933|YT24_CAEEL,81,NIS,Caenorhabditis elegans,6239,B0304.4
sp|Q10939|YWS3_CAEEL,35,NFT,Caenorhabditis elegans,6239,B0310.3
sp|Q10939|YWS3_CAEEL,55,NYS,Caenorhabditis elegans,6239,B0310.3
sp|Q10939|YWS3_CAEEL,71,NSS,Caenorhabditis elegans,6239,B0310.3
sp|Q10939|YWS3_CAEEL,76,NRS,Caenorhabditis elegans,6239,B0310.3
sp|Q10939|YWS3_CAEEL,402,NST,Caenorhabditis elegans,6239,B0310.3
sp|Q10939|YWS3_CAEEL,410,NES,Caenorhabditis elegans,6239,B0310.3
sp|Q10950|YMP6_CAEEL,21,NST,Caenorhabditis elegans,6239,B0361.6
sp|Q10950|YMP6_CAEEL,124,NGT,Caenorhabditis elegans,6239,B0361.6
sp|Q10950|YMP6_CAEEL,239,NLT,Caenorhabditis elegans,6239,B0361.6
sp|Q10950|YMP6_CAEEL,350,NGS,Caenorhabditis elegans,6239,B0361.6
sp|Q10958|YT31_CAEEL,154,NGS,Caenorhabditis elegans,6239,B0353.1
sp|Q11070|YT42_CAEEL,74,NGS,Caenorhabditis elegans,6239,B0416.2
sp|Q11071|YT43_CAEEL,82,NAT,Caenorhabditis elegans,6239,B0416.3
sp|Q11073|YT45_CAEEL,56,NNT,Caenorhabditis elegans,6239,B0416.5
sp|Q11073|YT45_CAEEL,230,NRS,Caenorhabditis elegans,6239,B0416.5
sp|Q11074|YT47_CAEEL,2,NLS,Caenorhabditis elegans,6239,B0416.7
sp|Q11074|YT47_CAEEL,92,NCS,Caenorhabditis elegans,6239,B0416.7
sp|Q11074|YT47_CAEEL,129,NNS,Caenorhabditis elegans,6239,B0416.7
sp|Q11075|YWV1_CAEEL,49,NVS,Caenorhabditis elegans,6239,B0403.1
sp|Q11075|YWV1_CAEEL,99,NVS,Caenorhabditis elegans,6239,B0403.1
sp|Q11075|YWV1_CAEEL,102,NTS,Caenorhabditis elegans,6239,B0403.1
sp|Q11075|YWV1_CAEEL,147,NSS,Caenorhabditis elegans,6239,B0403.1
sp|Q11075|YWV1_CAEEL,182,NFS,Caenorhabditis elegans,6239,B0403.1
sp|Q11075|YWV1_CAEEL,185,NSS,Caenorhabditis elegans,6239,B0403.1
sp|Q11077|YWV3_CAEEL,246,NMT,Caenorhabditis elegans,6239,B0403.3
sp|Q11077|YWV3_CAEEL,252,NLT,Caenorhabditis elegans,6239,B0403.3
sp|Q11078|YT61_CAEEL,46,NAT,Caenorhabditis elegans,6239,B0563.1
sp|Q11078|YT61_CAEEL,55,NET,Caenorhabditis elegans,6239,B0563.1
sp|Q11086|YT72_CAEEL,14,NLT,Caenorhabditis elegans,6239,C01C10.2
sp|Q11086|YT72_CAEEL,132,NLT,Caenorhabditis elegans,6239,C01C10.2
sp|Q11089|YWY2_CAEEL,106,NST,Caenorhabditis elegans,6239,C01C4.2
sp|Q11089|YWY2_CAEEL,251,NNT,Caenorhabditis elegans,6239,C01C4.2
sp|Q11089|YWY2_CAEEL,410,NET,Caenorhabditis elegans,6239,C01C4.2
sp|Q11102|TG278_CAEEL,92,NTS,Caenorhabditis elegans,6239,tag-278
sp|Q11102|TG278_CAEEL,111,NTS,Caenorhabditis elegans,6239,tag-278
sp|Q11102|TG278_CAEEL,115,NNS,Caenorhabditis elegans,6239,tag-278
sp|Q11102|TG278_CAEEL,669,NKT,Caenorhabditis elegans,6239,tag-278
sp|Q11102|TG278_CAEEL,743,NSS,Caenorhabditis elegans,6239,tag-278
sp|Q11103|YL18_CAEEL,300,NGS,Caenorhabditis elegans,6239,C02F12.8
sp|Q11103|YL18_CAEEL,306,NGS,Caenorhabditis elegans,6239,C02F12.8
sp|Q11103|YL18_CAEEL,390,NMS,Caenorhabditis elegans,6239,C02F12.8
sp|Q11103|YL18_CAEEL,594,NFS,Caenorhabditis elegans,6239,C02F12.8
sp|Q11105|YPB2_CAEEL,32,NNS,Caenorhabditis elegans,6239,C03B8.2
sp|Q11106|YPB3_CAEEL,16,NFS,Caenorhabditis elegans,6239,C03B8.3
sp|Q11108|YX01_CAEEL,2,NWT,Caenorhabditis elegans,6239,C03B1.1
sp|Q11108|YX01_CAEEL,86,NKS,Caenorhabditis elegans,6239,C03B1.1
sp|Q11108|YX01_CAEEL,107,NLS,Caenorhabditis elegans,6239,C03B1.1
sp|Q11108|YX01_CAEEL,110,NDS,Caenorhabditis elegans,6239,C03B1.1
sp|Q11110|YX03_CAEEL,8,NLT,Caenorhabditis elegans,6239,C03B1.3
sp|Q11110|YX03_CAEEL,24,NAT,Caenorhabditis elegans,6239,C03B1.3
sp|Q11110|YX03_CAEEL,47,NMT,Caenorhabditis elegans,6239,C03B1.3
sp|Q11111|YX04_CAEEL,91,NYS,Caenorhabditis elegans,6239,C03B1.4
sp|Q11111|YX04_CAEEL,104,NKS,Caenorhabditis elegans,6239,C03B1.4
sp|Q11113|YX06_CAEEL,88,NIT,Caenorhabditis elegans,6239,C03B1.6
sp|Q11115|YX09_CAEEL,28,NES,Caenorhabditis elegans,6239,C03B1.9
sp|Q11115|YX09_CAEEL,169,NYS,Caenorhabditis elegans,6239,C03B1.9
sp|Q11123|YX12_CAEEL,2,NLT,Caenorhabditis elegans,6239,C03F11.2
sp|Q11123|YX12_CAEEL,119,NVS,Caenorhabditis elegans,6239,C03F11.2
sp|Q11123|YX12_CAEEL,201,NKT,Caenorhabditis elegans,6239,C03F11.2
sp|Q11125|YX14_CAEEL,30,NQT,Caenorhabditis elegans,6239,C03F11.4
sp|Q11125|YX14_CAEEL,282,NGT,Caenorhabditis elegans,6239,C03F11.4
sp|Q11125|YX14_CAEEL,288,NES,Caenorhabditis elegans,6239,C03F11.4
sp|Q11187|U518_CAEEL,4,NFS,Caenorhabditis elegans,6239,C05D11.8
sp|Q11187|U518_CAEEL,63,NMT,Caenorhabditis elegans,6239,C05D11.8
sp|Q11187|U518_CAEEL,371,NGT,Caenorhabditis elegans,6239,C05D11.8
sp|Q11187|U518_CAEEL,420,NHS,Caenorhabditis elegans,6239,C05D11.8
sp|Q11187|U518_CAEEL,510,NVS,Caenorhabditis elegans,6239,C05D11.8
sp|Q11187|U518_CAEEL,535,NGS,Caenorhabditis elegans,6239,C05D11.8
sp|Q11187|U518_CAEEL,700,NET,Caenorhabditis elegans,6239,C05D11.8
sp|Q11191|YPDD_CAEEL,22,NKS,Caenorhabditis elegans,6239,C05D11.13
sp|Q11191|YPDD_CAEEL,199,NET,Caenorhabditis elegans,6239,C05D11.13
sp|Q11194|YX23_CAEEL,192,NLT,Caenorhabditis elegans,6239,C04E7.3
sp|Q17439|YQVW_CAEEL,60,NES,Caenorhabditis elegans,6239,B0035.15
sp|Q17439|YQVW_CAEEL,221,NNT,Caenorhabditis elegans,6239,B0035.15
sp|Q17760|SRD7_CAEEL,47,NIT,Caenorhabditis elegans,6239,srd-7
sp|Q17760|SRD7_CAEEL,168,NLT,Caenorhabditis elegans,6239,srd-7
sp|Q17760|SRD7_CAEEL,304,NKT,Caenorhabditis elegans,6239,srd-7
sp|Q18161|YBPT_CAEEL,140,NCT,Caenorhabditis elegans,6239,C25E10.12
sp|Q18232|YBRI_CAEEL,28,NKS,Caenorhabditis elegans,6239,C26F1.3
sp|Q18262|YPI7_CAEEL,119,NSS,Caenorhabditis elegans,6239,C27F2.7
sp|Q18262|YPI7_CAEEL,149,NLS,Caenorhabditis elegans,6239,C27F2.7
sp|Q18785|MIF2_CAEEL,110,NGT,Caenorhabditis elegans,6239,mif-2
sp|Q19061|SRD59_CAEEL,51,NTS,Caenorhabditis elegans,6239,srd-59
sp|Q19061|SRD59_CAEEL,130,NQT,Caenorhabditis elegans,6239,srd-59
sp|Q19061|SRD59_CAEEL,172,NLS,Caenorhabditis elegans,6239,srd-59
sp|Q19061|SRD59_CAEEL,319,NST,Caenorhabditis elegans,6239,srd-59
sp|Q19473|SRD51_CAEEL,19,NVT,Caenorhabditis elegans,6239,srd-51
sp|Q19473|SRD51_CAEEL,73,NKS,Caenorhabditis elegans,6239,srd-51
sp|Q19474|SRD50_CAEEL,40,NRS,Caenorhabditis elegans,6239,srd-50
sp|Q19474|SRD50_CAEEL,136,NNS,Caenorhabditis elegans,6239,srd-50
sp|Q19474|SRD50_CAEEL,320,NST,Caenorhabditis elegans,6239,srd-50
sp|Q19505|SRD45_CAEEL,67,NLT,Caenorhabditis elegans,6239,srd-45
sp|Q19507|SRD47_CAEEL,118,NVT,Caenorhabditis elegans,6239,srd-47
sp|Q19507|SRD47_CAEEL,167,NVT,Caenorhabditis elegans,6239,srd-47
sp|Q19508|SRD46_CAEEL,46,NCS,Caenorhabditis elegans,6239,srd-46
sp|Q19509|SRD40_CAEEL,49,NTS,Caenorhabditis elegans,6239,srd-40
sp|Q19509|SRD40_CAEEL,154,NQS,Caenorhabditis elegans,6239,srd-40
sp|Q19753|YU0O_CAEEL,119,NAS,Caenorhabditis elegans,6239,F23B12.7
sp|Q19753|YU0O_CAEEL,149,NGS,Caenorhabditis elegans,6239,F23B12.7
sp|Q19895|YUQP_CAEEL,328,NVS,Caenorhabditis elegans,6239,F28H7.8
sp|Q19910|YKYL_CAEEL,45,NVT,Caenorhabditis elegans,6239,F30B5.4
sp|Q19910|YKYL_CAEEL,70,NLT,Caenorhabditis elegans,6239,F30B5.4
sp|Q19910|YKYL_CAEEL,446,NVT,Caenorhabditis elegans,6239,F30B5.4
sp|Q19975|SRD34_CAEEL,9,NSS,Caenorhabditis elegans,6239,srd-34
sp|Q19975|SRD34_CAEEL,91,NIT,Caenorhabditis elegans,6239,srd-34
sp|Q19975|SRD34_CAEEL,291,NIS,Caenorhabditis elegans,6239,srd-34
sp|Q1NZ26|YSMU_CAEEL,12,NSS,Caenorhabditis elegans,6239,F13E9.13
sp|Q20035|TMCO4_CAEEL,14,NSS,Caenorhabditis elegans,6239,F35D11.3
sp|Q20035|TMCO4_CAEEL,34,NMS,Caenorhabditis elegans,6239,F35D11.3
sp|Q20035|TMCO4_CAEEL,41,NGS,Caenorhabditis elegans,6239,F35D11.3
sp|Q20035|TMCO4_CAEEL,67,NLT,Caenorhabditis elegans,6239,F35D11.3
sp|Q20035|TMCO4_CAEEL,527,NLS,Caenorhabditis elegans,6239,F35D11.3
sp|Q20681|BAT38_CAEEL,88,NFS,Caenorhabditis elegans,6239,bath-38
sp|Q20681|BAT38_CAEEL,155,NRT,Caenorhabditis elegans,6239,bath-38
sp|Q20681|BAT38_CAEEL,188,NNS,Caenorhabditis elegans,6239,bath-38
sp|Q20681|BAT38_CAEEL,369,NLS,Caenorhabditis elegans,6239,bath-38
sp|Q21045|GLO3_CAEEL,72,NSS,Caenorhabditis elegans,6239,glo-3
sp|Q21950|SBP_CAEEL,283,NVS,Caenorhabditis elegans,6239,R11G10.2
sp|Q21984|CL158_CAEEL,125,NSS,Caenorhabditis elegans,6239,clec-158
sp|Q22004|AMERL_CAEEL,128,NRS,Caenorhabditis elegans,6239,R166.3
sp|Q22885|BROX_CAEEL,49,NAS,Caenorhabditis elegans,6239,B0507.2
sp|Q22885|BROX_CAEEL,420,NSS,Caenorhabditis elegans,6239,B0507.2
sp|Q23092|FABP4_CAEEL,58,NLT,Caenorhabditis elegans,6239,lbp-4
sp|Q23402|BCCIP_CAEEL,246,NGS,Caenorhabditis elegans,6239,ZK1127.4
sp|Q564X7|U598_CAEEL,41,NFT,Caenorhabditis elegans,6239,F59C6.12
sp|Q564X7|U598_CAEEL,62,NKT,Caenorhabditis elegans,6239,F59C6.12
sp|Q564X7|U598_CAEEL,122,NSS,Caenorhabditis elegans,6239,F59C6.12
sp|Q5CZ51|YKT2_CAEEL,159,NES,Caenorhabditis elegans,6239,C07A9.12
sp|Q5CZ51|YKT2_CAEEL,184,NST,Caenorhabditis elegans,6239,C07A9.12
sp|Q629J5|YRRC_CAEEL,49,NFT,Caenorhabditis elegans,6239,R144.12
sp|Q629J5|YRRC_CAEEL,213,NSS,Caenorhabditis elegans,6239,R144.12
sp|Q6BEV5|YRMC_CAEEL,187,NIT,Caenorhabditis elegans,6239,R06F6.12
sp|Q6BEV5|YRMC_CAEEL,211,NLS,Caenorhabditis elegans,6239,R06F6.12
sp|Q7JPQ6|YMP3_CAEEL,72,NMS,Caenorhabditis elegans,6239,B0361.3
sp|Q7JPQ6|YMP3_CAEEL,270,NGT,Caenorhabditis elegans,6239,B0361.3
sp|Q7JPQ6|YMP3_CAEEL,411,NST,Caenorhabditis elegans,6239,B0361.3
sp|Q86DA7|YKO8_CAEEL,106,NFT,Caenorhabditis elegans,6239,C05B5.8
sp|Q86DA7|YKO8_CAEEL,120,NVT,Caenorhabditis elegans,6239,C05B5.8
sp|Q8MNU8|FMC1_CAEEL,58,NES,Caenorhabditis elegans,6239,C29E4.12
sp|Q8TA81|YSYF_CAEEL,248,NIT,Caenorhabditis elegans,6239,ZK328.6
sp|Q8WT51|YL4M_CAEEL,42,NVT,Caenorhabditis elegans,6239,F35H12.5
sp|Q8WT51|YL4M_CAEEL,206,NKT,Caenorhabditis elegans,6239,F35H12.5
sp|Q93364|YE3O_CAEEL,44,NDT,Caenorhabditis elegans,6239,C41G7.7
sp|Q93364|YE3O_CAEEL,81,NWT,Caenorhabditis elegans,6239,C41G7.7
sp|Q95ZI6|PITH1_CAEEL,41,NES,Caenorhabditis elegans,6239,ZK353.9
sp|Q95ZI6|PITH1_CAEEL,148,NLS,Caenorhabditis elegans,6239,ZK353.9
sp|Q9GQ60|YNPI_CAEEL,35,NTS,Caenorhabditis elegans,6239,R08C7.12
sp|Q9GQ60|YNPI_CAEEL,126,NMT,Caenorhabditis elegans,6239,R08C7.12
sp|Q9U2T3|Y8CB_CAEEL,71,NAT,Caenorhabditis elegans,6239,Y116A8C.11
sp|Q9XUM6|BAT34_CAEEL,44,NTT,Caenorhabditis elegans,6239,bath-34
sp|Q9XUM6|BAT34_CAEEL,108,NES,Caenorhabditis elegans,6239,bath-34
sp|Q9XUM6|BAT34_CAEEL,113,NKS,Caenorhabditis elegans,6239,bath-34
sp|Q9XUM6|BAT34_CAEEL,350,NNS,Caenorhabditis elegans,6239,bath-34
sp|Q9XW78|F172A_CAEEL,139,NES,Caenorhabditis elegans,6239,Y75B8A.31
sp|Q9XWB9|BAT36_CAEEL,16,NFS,Caenorhabditis elegans,6239,bath-36
sp|Q9XWB9|BAT36_CAEEL,226,NSS,Caenorhabditis elegans,6239,bath-36
sp|Q9XWB9|BAT36_CAEEL,229,NVS,Caenorhabditis elegans,6239,bath-36
