ProteinID,Site,Sequon,Species,TaxonID,GeneName
sp|A0A1D5NY17|TM182_CHICK,72,NTS,Gallus gallus,9031,TMEM182
sp|A0A1D5NY17|TM182_CHICK,82,NQS,Gallus gallus,9031,TMEM182
sp|A0A1D5NY17|TM182_CHICK,88,NCT,Gallus gallus,9031,TMEM182
sp|A0A1D5NY17|TM182_CHICK,105,NST,Gallus gallus,9031,TMEM182
sp|A0A1D5NY17|TM182_CHICK,182,NYT,Gallus gallus,9031,TMEM182
sp|A0A1D5PPP7|CASP6_CHICK,30,NIT,Gallus gallus,9031,CASP6
sp|A0A1D5PPP7|CASP6_CHICK,199,NQT,Gallus gallus,9031,CASP6
sp|A0A1D5PPP7|CASP6_CHICK,235,NGS,Gallus gallus,9031,CASP6
sp|A0A1D5PRR9|FANCM_CHICK,598,NQS,Gallus gallus,9031,FANCM
sp|A0A1D5PRR9|FANCM_CHICK,648,NDS,Gallus gallus,9031,FANCM
sp|A0A1D5PRR9|FANCM_CHICK,682,NWS,Gallus gallus,9031,FANCM
sp|A0A1D5PRR9|FANCM_CHICK,869,NGS,Gallus gallus,9031,FANCM
sp|A0A1D5PRR9|FANCM_CHICK,939,NHT,Gallus gallus,9031,FANCM
sp|A0A1D5PRR9|FANCM_CHICK,1103,NHT,Gallus gallus,9031,FANCM
sp|A0A1D5PRR9|FANCM_CHICK,1299,NIS,Gallus gallus,9031,FANCM
sp|A0A1D5PRR9|FANCM_CHICK,1563,NDS,Gallus gallus,9031,FANCM
sp|A0A1D5PRR9|FANCM_CHICK,1592,NST,Gallus gallus,9031,FANCM
sp|A0A1D5PRR9|FANCM_CHICK,1623,NKS,Gallus gallus,9031,FANCM
sp|A0A1D5PRR9|FANCM_CHICK,1642,NES,Gallus gallus,9031,FANCM
sp|A0A1D5PRR9|FANCM_CHICK,1668,NCS,Gallus gallus,9031,FANCM
sp|A0A1D5PRR9|FANCM_CHICK,1692,NVS,Gallus gallus,9031,FANCM
sp|A0A1D5PRR9|FANCM_CHICK,1866,NRT,Gallus gallus,9031,FANCM
sp|A0A1D5PRR9|FANCM_CHICK,1971,NIS,Gallus gallus,9031,FANCM
sp|A0A1D5PRR9|FANCM_CHICK,1992,NSS,Gallus gallus,9031,FANCM
sp|A0A1D5PUP4|RECK_CHICK,80,NSS,Gallus gallus,9031,RECK
sp|A0A1D5PUP4|RECK_CHICK,194,NYT,Gallus gallus,9031,RECK
sp|A0A1D5PUP4|RECK_CHICK,291,NSS,Gallus gallus,9031,RECK
sp|A0A1D5PUP4|RECK_CHICK,346,NLS,Gallus gallus,9031,RECK
sp|A0A1D5PXA5|TRPV4_CHICK,187,NLS,Gallus gallus,9031,TRPV4
sp|A0A1D5PXA5|TRPV4_CHICK,193,NDT,Gallus gallus,9031,TRPV4
sp|A0A1D5PXA5|TRPV4_CHICK,637,NCT,Gallus gallus,9031,TRPV4
sp|A0A1D5PXA5|TRPV4_CHICK,770,NWS,Gallus gallus,9031,TRPV4
sp|A0A1D5PXA5|TRPV4_CHICK,819,NKS,Gallus gallus,9031,TRPV4
sp|A0A3Q2TTB3|PRIPO_CHICK,151,NCS,Gallus gallus,9031,PRIMPOL
sp|A0A3Q2TTB3|PRIPO_CHICK,234,NLT,Gallus gallus,9031,PRIMPOL
sp|A0A3Q2TTB3|PRIPO_CHICK,322,NVS,Gallus gallus,9031,PRIMPOL
sp|A0A3Q2TTB3|PRIPO_CHICK,514,NTS,Gallus gallus,9031,PRIMPOL
sp|A0A3Q2TTB3|PRIPO_CHICK,523,NAS,Gallus gallus,9031,PRIMPOL
sp|A0FKN5|S26A5_CHICK,163,NST,Gallus gallus,9031,SLC26A5
sp|A0FKN5|S26A5_CHICK,166,NAT,Gallus gallus,9031,SLC26A5
sp|A0FKN5|S26A5_CHICK,314,NLT,Gallus gallus,9031,SLC26A5
sp|A0FKN5|S26A5_CHICK,547,NTS,Gallus gallus,9031,SLC26A5
sp|A0FKN5|S26A5_CHICK,604,NSS,Gallus gallus,9031,SLC26A5
sp|A6N7Y9|PIWL1_CHICK,322,NRT,Gallus gallus,9031,PIWIL1
sp|A6N7Y9|PIWL1_CHICK,380,NVT,Gallus gallus,9031,PIWIL1
sp|A6N7Y9|PIWL1_CHICK,827,NWS,Gallus gallus,9031,PIWIL1
sp|B3TP03|CTR2_CHICK,226,NLS,Gallus gallus,9031,SLC7A2
sp|B3TP03|CTR2_CHICK,233,NFS,Gallus gallus,9031,SLC7A2
sp|B3TP03|CTR2_CHICK,239,NVT,Gallus gallus,9031,SLC7A2
sp|B3TP03|CTR2_CHICK,640,NES,Gallus gallus,9031,SLC7A2
sp|B6ZLK2|CHD1_CHICK,12,NSS,Gallus gallus,9031,CHD1
sp|B6ZLK2|CHD1_CHICK,235,NVS,Gallus gallus,9031,CHD1
sp|B6ZLK2|CHD1_CHICK,361,NAS,Gallus gallus,9031,CHD1
sp|B6ZLK2|CHD1_CHICK,440,NQS,Gallus gallus,9031,CHD1
sp|B6ZLK2|CHD1_CHICK,1019,NFS,Gallus gallus,9031,CHD1
sp|B6ZLK2|CHD1_CHICK,1079,NGS,Gallus gallus,9031,CHD1
sp|B6ZLK2|CHD1_CHICK,1179,NSS,Gallus gallus,9031,CHD1
sp|B6ZLK2|CHD1_CHICK,1515,NIS,Gallus gallus,9031,CHD1
sp|B9U3F2|DISP3_CHICK,156,NAS,Gallus gallus,9031,DISP3
sp|B9U3F2|DISP3_CHICK,188,NET,Gallus gallus,9031,DISP3
sp|B9U3F2|DISP3_CHICK,718,NLS,Gallus gallus,9031,DISP3
sp|B9U3F2|DISP3_CHICK,796,NAS,Gallus gallus,9031,DISP3
sp|B9U3F2|DISP3_CHICK,825,NFT,Gallus gallus,9031,DISP3
sp|B9U3F2|DISP3_CHICK,967,NRT,Gallus gallus,9031,DISP3
sp|B9U3F2|DISP3_CHICK,1334,NGT,Gallus gallus,9031,DISP3
sp|D0PRN2|NRX1B_CHICK,182,NAT,Gallus gallus,9031,NRXN1
sp|E1BSI0|PARP3_CHICK,73,NQT,Gallus gallus,9031,PARP3
sp|E1BSI0|PARP3_CHICK,76,NIS,Gallus gallus,9031,PARP3
sp|E1BSW7|CENPS_CHICK,126,NET,Gallus gallus,9031,CENPS
sp|E1BTG2|LMOD2_CHICK,194,NLS,Gallus gallus,9031,LMOD2
sp|E1BTG2|LMOD2_CHICK,235,NIT,Gallus gallus,9031,LMOD2
sp|E1BTG2|LMOD2_CHICK,337,NTT,Gallus gallus,9031,LMOD2
sp|E1BY77|UBP13_CHICK,218,NLT,Gallus gallus,9031,USP13
sp|E1BY77|UBP13_CHICK,781,NHT,Gallus gallus,9031,USP13
sp|E1C1L6|ENTP5_CHICK,232,NST,Gallus gallus,9031,ENTPD5
sp|E1C2I2|GWL_CHICK,547,NSS,Gallus gallus,9031,MASTL
sp|E1C2I2|GWL_CHICK,626,NCT,Gallus gallus,9031,MASTL
sp|E1C2I2|GWL_CHICK,676,NVS,Gallus gallus,9031,MASTL
sp|E1C2I2|GWL_CHICK,679,NVS,Gallus gallus,9031,MASTL
sp|E1C3P4|CBPC1_CHICK,6,NLT,Gallus gallus,9031,AGTPBP1
sp|E1C3P4|CBPC1_CHICK,121,NAS,Gallus gallus,9031,AGTPBP1
sp|E1C3P4|CBPC1_CHICK,161,NIS,Gallus gallus,9031,AGTPBP1
sp|E1C3P4|CBPC1_CHICK,217,NTS,Gallus gallus,9031,AGTPBP1
sp|E1C3P4|CBPC1_CHICK,301,NTS,Gallus gallus,9031,AGTPBP1
sp|E1C3P4|CBPC1_CHICK,317,NTS,Gallus gallus,9031,AGTPBP1
sp|E1C3P4|CBPC1_CHICK,539,NTS,Gallus gallus,9031,AGTPBP1
sp|E1C3P4|CBPC1_CHICK,557,NKT,Gallus gallus,9031,AGTPBP1
sp|E1C3P4|CBPC1_CHICK,923,NAS,Gallus gallus,9031,AGTPBP1
sp|E1C3U7|LOXL2_CHICK,287,NAT,Gallus gallus,9031,LOXL2
sp|E1C3U7|LOXL2_CHICK,454,NGT,Gallus gallus,9031,LOXL2
sp|E1C3U7|LOXL2_CHICK,585,NTS,Gallus gallus,9031,LOXL2
sp|E1C3U7|LOXL2_CHICK,643,NGT,Gallus gallus,9031,LOXL2
sp|E1C8P7|DSCL1_CHICK,28,NDS,Gallus gallus,9031,DSCAML1
sp|E1C8P7|DSCL1_CHICK,78,NGT,Gallus gallus,9031,DSCAML1
sp|E1C8P7|DSCL1_CHICK,369,NET,Gallus gallus,9031,DSCAML1
sp|E1C8P7|DSCL1_CHICK,472,NVT,Gallus gallus,9031,DSCAML1
sp|E1C8P7|DSCL1_CHICK,514,NIT,Gallus gallus,9031,DSCAML1
sp|E1C8P7|DSCL1_CHICK,557,NGT,Gallus gallus,9031,DSCAML1
sp|E1C8P7|DSCL1_CHICK,667,NYT,Gallus gallus,9031,DSCAML1
sp|E1C8P7|DSCL1_CHICK,711,NCS,Gallus gallus,9031,DSCAML1
sp|E1C8P7|DSCL1_CHICK,750,NSS,Gallus gallus,9031,DSCAML1
sp|E1C8P7|DSCL1_CHICK,797,NTT,Gallus gallus,9031,DSCAML1
sp|E1C8P7|DSCL1_CHICK,810,NCT,Gallus gallus,9031,DSCAML1
sp|E1C8P7|DSCL1_CHICK,927,NKS,Gallus gallus,9031,DSCAML1
sp|E1C8P7|DSCL1_CHICK,940,NIS,Gallus gallus,9031,DSCAML1
sp|E1C8P7|DSCL1_CHICK,1083,NAT,Gallus gallus,9031,DSCAML1
sp|E1C8P7|DSCL1_CHICK,1145,NIT,Gallus gallus,9031,DSCAML1
sp|E1C8P7|DSCL1_CHICK,1163,NYS,Gallus gallus,9031,DSCAML1
sp|E1C8P7|DSCL1_CHICK,1276,NIS,Gallus gallus,9031,DSCAML1
sp|E1C8P7|DSCL1_CHICK,1346,NGT,Gallus gallus,9031,DSCAML1
sp|E1C8P7|DSCL1_CHICK,1493,NST,Gallus gallus,9031,DSCAML1
sp|E1C8P7|DSCL1_CHICK,1532,NSS,Gallus gallus,9031,DSCAML1
sp|E1C8P7|DSCL1_CHICK,1562,NES,Gallus gallus,9031,DSCAML1
sp|E1C8P7|DSCL1_CHICK,1640,NRS,Gallus gallus,9031,DSCAML1
sp|E1C8P7|DSCL1_CHICK,1998,NTT,Gallus gallus,9031,DSCAML1
sp|F1N9Y5|KSYK_CHICK,18,NIT,Gallus gallus,9031,SYK
sp|F1N9Y5|KSYK_CHICK,199,NGS,Gallus gallus,9031,SYK
sp|F1N9Y5|KSYK_CHICK,340,NVT,Gallus gallus,9031,SYK
sp|F1N9Y5|KSYK_CHICK,384,NES,Gallus gallus,9031,SYK
sp|F1N9Y5|KSYK_CHICK,448,NIT,Gallus gallus,9031,SYK
sp|F1NBL0|MUC6_CHICK,223,NCT,Gallus gallus,9031,MUC6
sp|F1NBL0|MUC6_CHICK,303,NRT,Gallus gallus,9031,MUC6
sp|F1NBL0|MUC6_CHICK,387,NGT,Gallus gallus,9031,MUC6
sp|F1NBL0|MUC6_CHICK,614,NCT,Gallus gallus,9031,MUC6
sp|F1NBL0|MUC6_CHICK,622,NQT,Gallus gallus,9031,MUC6
sp|F1NBL0|MUC6_CHICK,889,NLT,Gallus gallus,9031,MUC6
sp|F1NBL0|MUC6_CHICK,930,NMT,Gallus gallus,9031,MUC6
sp|F1NBL0|MUC6_CHICK,1108,NCT,Gallus gallus,9031,MUC6
sp|F1NBL0|MUC6_CHICK,1133,NCS,Gallus gallus,9031,MUC6
sp|F1NCD6|NLS1_CHICK,218,NFS,Gallus gallus,9031,MFSD2A
sp|F1NCD6|NLS1_CHICK,227,NMT,Gallus gallus,9031,MFSD2A
sp|F1NCD6|NLS1_CHICK,467,NIT,Gallus gallus,9031,MFSD2A
sp|F1NCD6|NLS1_CHICK,514,NSS,Gallus gallus,9031,MFSD2A
sp|F1ND48|FBH1_CHICK,376,NIT,Gallus gallus,9031,FBH1
sp|F1ND48|FBH1_CHICK,394,NAS,Gallus gallus,9031,FBH1
sp|F1ND48|FBH1_CHICK,490,NVT,Gallus gallus,9031,FBH1
sp|F1ND48|FBH1_CHICK,515,NFS,Gallus gallus,9031,FBH1
sp|F1ND48|FBH1_CHICK,711,NKT,Gallus gallus,9031,FBH1
sp|F1ND48|FBH1_CHICK,738,NFT,Gallus gallus,9031,FBH1
sp|F1ND48|FBH1_CHICK,792,NDS,Gallus gallus,9031,FBH1
sp|F1ND48|FBH1_CHICK,975,NGS,Gallus gallus,9031,FBH1
sp|F1NJ67|PCFT_CHICK,65,NAS,Gallus gallus,9031,SLC46A1
sp|F1NJ67|PCFT_CHICK,74,NGS,Gallus gallus,9031,SLC46A1
sp|F1NPQ2|MINP1_CHICK,203,NDT,Gallus gallus,9031,MINPP1
sp|F1NPQ2|MINP1_CHICK,257,NVT,Gallus gallus,9031,MINPP1
sp|F1NPQ2|MINP1_CHICK,409,NET,Gallus gallus,9031,MINPP1
sp|F1NPQ2|MINP1_CHICK,441,NGT,Gallus gallus,9031,MINPP1
sp|F1NQJ3|PMS2_CHICK,200,NCT,Gallus gallus,9031,PMS2
sp|F1NQJ3|PMS2_CHICK,334,NVT,Gallus gallus,9031,PMS2
sp|F1NQJ3|PMS2_CHICK,569,NQT,Gallus gallus,9031,PMS2
sp|F1NQJ3|PMS2_CHICK,737,NLT,Gallus gallus,9031,PMS2
sp|F1NQJ3|PMS2_CHICK,742,NET,Gallus gallus,9031,PMS2
sp|F1NQJ3|PMS2_CHICK,782,NWT,Gallus gallus,9031,PMS2
sp|F1NSM7|OC116_CHICK,62,NQT,,,
sp|F1NSM7|OC116_CHICK,293,NDS,,,
sp|F1NUK7|FLRT3_CHICK,226,NLT,Gallus gallus,9031,FLRT3
sp|F1NUK7|FLRT3_CHICK,282,NLS,Gallus gallus,9031,FLRT3
sp|F1NUK7|FLRT3_CHICK,296,NIT,Gallus gallus,9031,FLRT3
sp|F1NUK7|FLRT3_CHICK,522,NSS,Gallus gallus,9031,FLRT3
sp|F1NUK7|FLRT3_CHICK,631,NRS,Gallus gallus,9031,FLRT3
sp|F1NV61|CASP7_CHICK,93,NGT,Gallus gallus,9031,CASP7
sp|F1NV61|CASP7_CHICK,135,NHS,Gallus gallus,9031,CASP7
sp|F1NV61|CASP7_CHICK,208,NDT,Gallus gallus,9031,CASP7
sp|F1NWE3|PTPRS_CHICK,253,NIT,Gallus gallus,9031,PTPRS
sp|F1NWE3|PTPRS_CHICK,298,NYT,Gallus gallus,9031,PTPRS
sp|F1NWE3|PTPRS_CHICK,1107,NGS,Gallus gallus,9031,PTPRS
sp|F1NWE3|PTPRS_CHICK,1305,NAS,Gallus gallus,9031,PTPRS
sp|F1NWE3|PTPRS_CHICK,1340,NST,Gallus gallus,9031,PTPRS
sp|F1NY98|DSCAM_CHICK,54,NAS,Gallus gallus,9031,DSCAM
sp|F1NY98|DSCAM_CHICK,104,NGT,Gallus gallus,9031,DSCAM
sp|F1NY98|DSCAM_CHICK,496,NIS,Gallus gallus,9031,DSCAM
sp|F1NY98|DSCAM_CHICK,513,NNS,Gallus gallus,9031,DSCAM
sp|F1NY98|DSCAM_CHICK,538,NIT,Gallus gallus,9031,DSCAM
sp|F1NY98|DSCAM_CHICK,582,NGT,Gallus gallus,9031,DSCAM
sp|F1NY98|DSCAM_CHICK,684,NLS,Gallus gallus,9031,DSCAM
sp|F1NY98|DSCAM_CHICK,692,NYT,Gallus gallus,9031,DSCAM
sp|F1NY98|DSCAM_CHICK,736,NCS,Gallus gallus,9031,DSCAM
sp|F1NY98|DSCAM_CHICK,774,NGS,Gallus gallus,9031,DSCAM
sp|F1NY98|DSCAM_CHICK,821,NTT,Gallus gallus,9031,DSCAM
sp|F1NY98|DSCAM_CHICK,950,NKS,Gallus gallus,9031,DSCAM
sp|F1NY98|DSCAM_CHICK,1168,NVT,Gallus gallus,9031,DSCAM
sp|F1NY98|DSCAM_CHICK,1186,NYS,Gallus gallus,9031,DSCAM
sp|F1NY98|DSCAM_CHICK,1276,NLS,Gallus gallus,9031,DSCAM
sp|F1NY98|DSCAM_CHICK,1297,NSS,Gallus gallus,9031,DSCAM
sp|F1NY98|DSCAM_CHICK,1350,NGT,Gallus gallus,9031,DSCAM
sp|F1NY98|DSCAM_CHICK,1367,NGS,Gallus gallus,9031,DSCAM
sp|F1NY98|DSCAM_CHICK,1514,NTT,Gallus gallus,9031,DSCAM
sp|I0IUP3|MCM8_CHICK,131,NIS,Gallus gallus,9031,MCM8
sp|I0IUP3|MCM8_CHICK,472,NTS,Gallus gallus,9031,MCM8
sp|I0IUP3|MCM8_CHICK,762,NRS,Gallus gallus,9031,MCM8
sp|I0IUP4|MCM9_CHICK,181,NST,Gallus gallus,9031,MCM9
sp|I0IUP4|MCM9_CHICK,730,NIS,Gallus gallus,9031,MCM9
sp|I0IUP4|MCM9_CHICK,794,NSS,Gallus gallus,9031,MCM9
sp|I0IUP4|MCM9_CHICK,912,NNS,Gallus gallus,9031,MCM9
sp|I0IUP4|MCM9_CHICK,1090,NLS,Gallus gallus,9031,MCM9
sp|I0IUP4|MCM9_CHICK,1141,NAS,Gallus gallus,9031,MCM9
sp|O12940|TOM1_CHICK,41,NET,Gallus gallus,9031,TOM1
sp|O12940|TOM1_CHICK,258,NRT,Gallus gallus,9031,TOM1
sp|O12940|TOM1_CHICK,339,NLS,Gallus gallus,9031,TOM1
sp|O12971|LFNG_CHICK,151,NCS,Gallus gallus,9031,LFNG
sp|O13016|PTN1_CHICK,68,NAS,Gallus gallus,9031,PTPN1
sp|O13016|PTN1_CHICK,162,NLT,Gallus gallus,9031,PTPN1
sp|O13076|AA2BR_CHICK,33,NST,Gallus gallus,9031,ADORA2B
sp|O13076|AA2BR_CHICK,38,NAT,Gallus gallus,9031,ADORA2B
sp|O13076|AA2BR_CHICK,151,NST,Gallus gallus,9031,ADORA2B
sp|O13076|AA2BR_CHICK,154,NET,Gallus gallus,9031,ADORA2B
sp|O13154|PACN2_CHICK,217,NAT,Gallus gallus,9031,PACSIN2
sp|O13154|PACN2_CHICK,311,NRT,Gallus gallus,9031,PACSIN2
sp|O13154|PACN2_CHICK,332,NQT,Gallus gallus,9031,PACSIN2
sp|O13154|PACN2_CHICK,353,NQS,Gallus gallus,9031,PACSIN2
sp|O42130|TOP2A_CHICK,114,NNT,Gallus gallus,9031,TOP2A
sp|O42130|TOP2A_CHICK,381,NMT,Gallus gallus,9031,TOP2A
sp|O42130|TOP2A_CHICK,946,NGT,Gallus gallus,9031,TOP2A
sp|O42130|TOP2A_CHICK,995,NLT,Gallus gallus,9031,TOP2A
sp|O42130|TOP2A_CHICK,1245,NES,Gallus gallus,9031,TOP2A
sp|O42130|TOP2A_CHICK,1254,NSS,Gallus gallus,9031,TOP2A
sp|O42131|TOP2B_CHICK,35,NAS,Gallus gallus,9031,TOP2B
sp|O42131|TOP2B_CHICK,48,NDT,Gallus gallus,9031,TOP2B
sp|O42131|TOP2B_CHICK,127,NMT,Gallus gallus,9031,TOP2B
sp|O42131|TOP2B_CHICK,406,NMT,Gallus gallus,9031,TOP2B
sp|O42131|TOP2B_CHICK,971,NGT,Gallus gallus,9031,TOP2B
sp|O42131|TOP2B_CHICK,1093,NRS,Gallus gallus,9031,TOP2B
sp|O42131|TOP2B_CHICK,1153,NMS,Gallus gallus,9031,TOP2B
sp|O42220|GDF8_CHICK,71,NIS,Gallus gallus,9031,MSTN
sp|O42252|LDB1_CHICK,65,NQT,Gallus gallus,9031,LDB1
sp|O42252|LDB1_CHICK,80,NWT,Gallus gallus,9031,LDB1
sp|O42252|LDB1_CHICK,229,NIT,Gallus gallus,9031,LDB1
sp|O42252|LDB1_CHICK,237,NST,Gallus gallus,9031,LDB1
sp|O42252|LDB1_CHICK,315,NNS,Gallus gallus,9031,LDB1
sp|O42252|LDB1_CHICK,379,NNS,Gallus gallus,9031,LDB1
sp|O42254|IF2B1_CHICK,10,NES,Gallus gallus,9031,IGF2BP1
sp|O42254|IF2B1_CHICK,123,NVT,Gallus gallus,9031,IGF2BP1
sp|O42254|IF2B1_CHICK,220,NIT,Gallus gallus,9031,IGF2BP1
sp|O42254|IF2B1_CHICK,514,NLT,Gallus gallus,9031,IGF2BP1
sp|O42392|VDR_CHICK,300,NQS,Gallus gallus,9031,VDR
sp|O42406|SIX3_CHICK,68,NFS,Gallus gallus,9031,SIX3
sp|O42410|IKZF1_CHICK,93,NGS,Gallus gallus,9031,IKZF1
sp|O42410|IKZF1_CHICK,136,NRS,Gallus gallus,9031,IKZF1
sp|O42410|IKZF1_CHICK,245,NQS,Gallus gallus,9031,IKZF1
sp|O42410|IKZF1_CHICK,357,NQT,Gallus gallus,9031,IKZF1
sp|O42410|IKZF1_CHICK,362,NHT,Gallus gallus,9031,IKZF1
sp|O42414|NFASC_CHICK,241,NET,Gallus gallus,9031,NFASC
sp|O42414|NFASC_CHICK,247,NHT,Gallus gallus,9031,NFASC
sp|O42414|NFASC_CHICK,323,NVS,Gallus gallus,9031,NFASC
sp|O42414|NFASC_CHICK,427,NAS,Gallus gallus,9031,NFASC
sp|O42414|NFASC_CHICK,464,NRT,Gallus gallus,9031,NFASC
sp|O42414|NFASC_CHICK,501,NGS,Gallus gallus,9031,NFASC
sp|O42414|NFASC_CHICK,669,NNS,Gallus gallus,9031,NFASC
sp|O42414|NFASC_CHICK,692,NHS,Gallus gallus,9031,NFASC
sp|O42414|NFASC_CHICK,767,NAT,Gallus gallus,9031,NFASC
sp|O42414|NFASC_CHICK,793,NET,Gallus gallus,9031,NFASC
sp|O42414|NFASC_CHICK,853,NST,Gallus gallus,9031,NFASC
sp|O42414|NFASC_CHICK,994,NGS,Gallus gallus,9031,NFASC
sp|O42414|NFASC_CHICK,1005,NFS,Gallus gallus,9031,NFASC
sp|O42414|NFASC_CHICK,1009,NQT,Gallus gallus,9031,NFASC
sp|O42414|NFASC_CHICK,1133,NGS,Gallus gallus,9031,NFASC
sp|O42414|NFASC_CHICK,1150,NIT,Gallus gallus,9031,NFASC
sp|O42414|NFASC_CHICK,1156,NYS,Gallus gallus,9031,NFASC
sp|O42414|NFASC_CHICK,1171,NKT,Gallus gallus,9031,NFASC
sp|O42414|NFASC_CHICK,1191,NLT,Gallus gallus,9031,NFASC
sp|O42414|NFASC_CHICK,1353,NES,Gallus gallus,9031,NFASC
sp|O42422|EPHA7_CHICK,64,NYT,Gallus gallus,9031,EPHA7
sp|O42422|EPHA7_CHICK,343,NQT,Gallus gallus,9031,EPHA7
sp|O42422|EPHA7_CHICK,410,NYT,Gallus gallus,9031,EPHA7
sp|O42422|EPHA7_CHICK,525,NYS,Gallus gallus,9031,EPHA7
sp|O42422|EPHA7_CHICK,938,NFT,Gallus gallus,9031,EPHA7
sp|O57579|AMPN_CHICK,38,NKS,Gallus gallus,9031,ANPEP
sp|O57579|AMPN_CHICK,110,NSS,Gallus gallus,9031,ANPEP
sp|O57579|AMPN_CHICK,132,NYT,Gallus gallus,9031,ANPEP
sp|O57579|AMPN_CHICK,147,NGS,Gallus gallus,9031,ANPEP
sp|O57579|AMPN_CHICK,206,NVT,Gallus gallus,9031,ANPEP
sp|O57579|AMPN_CHICK,269,NVT,Gallus gallus,9031,ANPEP
sp|O57579|AMPN_CHICK,296,NNT,Gallus gallus,9031,ANPEP
sp|O57579|AMPN_CHICK,513,NNT,Gallus gallus,9031,ANPEP
sp|O57579|AMPN_CHICK,574,NST,Gallus gallus,9031,ANPEP
sp|O57579|AMPN_CHICK,584,NYT,Gallus gallus,9031,ANPEP
sp|O57579|AMPN_CHICK,628,NVS,Gallus gallus,9031,ANPEP
sp|O57579|AMPN_CHICK,684,NTT,Gallus gallus,9031,ANPEP
sp|O57579|AMPN_CHICK,742,NWT,Gallus gallus,9031,ANPEP
sp|O57579|AMPN_CHICK,785,NVS,Gallus gallus,9031,ANPEP
sp|O57604|PODXL_CHICK,187,NST,Gallus gallus,9031,PODXL
sp|O57604|PODXL_CHICK,214,NGS,Gallus gallus,9031,PODXL
sp|O57604|PODXL_CHICK,296,NAT,Gallus gallus,9031,PODXL
sp|O57604|PODXL_CHICK,354,NVS,Gallus gallus,9031,PODXL
sp|O57604|PODXL_CHICK,406,NST,Gallus gallus,9031,PODXL
sp|O57604|PODXL_CHICK,457,NVT,Gallus gallus,9031,PODXL
sp|O73700|CAC1D_CHICK,36,NSS,Gallus gallus,9031,CACNA1D
sp|O73700|CAC1D_CHICK,65,NTT,Gallus gallus,9031,CACNA1D
sp|O73700|CAC1D_CHICK,91,NTS,Gallus gallus,9031,CACNA1D
sp|O73700|CAC1D_CHICK,150,NST,Gallus gallus,9031,CACNA1D
sp|O73700|CAC1D_CHICK,324,NGT,Gallus gallus,9031,CACNA1D
sp|O73700|CAC1D_CHICK,499,NVS,Gallus gallus,9031,CACNA1D
sp|O73700|CAC1D_CHICK,1224,NST,Gallus gallus,9031,CACNA1D
sp|O73700|CAC1D_CHICK,1576,NAT,Gallus gallus,9031,CACNA1D
sp|O73700|CAC1D_CHICK,1664,NTT,Gallus gallus,9031,CACNA1D
sp|O73700|CAC1D_CHICK,1734,NTT,Gallus gallus,9031,CACNA1D
sp|O73700|CAC1D_CHICK,1781,NST,Gallus gallus,9031,CACNA1D
sp|O73700|CAC1D_CHICK,1791,NVS,Gallus gallus,9031,CACNA1D
sp|O73700|CAC1D_CHICK,2042,NGS,Gallus gallus,9031,CACNA1D
sp|O73700|CAC1D_CHICK,2069,NLT,Gallus gallus,9031,CACNA1D
sp|O73700|CAC1D_CHICK,2139,NIS,Gallus gallus,9031,CACNA1D
sp|O73700|CAC1D_CHICK,2142,NGT,Gallus gallus,9031,CACNA1D
sp|O73707|CAC1C_CHICK,90,NDT,Gallus gallus,9031,CACNA1C
sp|O73707|CAC1C_CHICK,141,NST,Gallus gallus,9031,CACNA1C
sp|O73755|GREM1_CHICK,44,NDS,Gallus gallus,9031,GREM1
sp|O73790|SPB10_CHICK,10,NFT,Gallus gallus,9031,SERPINB10
sp|O73790|SPB10_CHICK,20,NET,Gallus gallus,9031,SERPINB10
sp|O73790|SPB10_CHICK,111,NYS,Gallus gallus,9031,SERPINB10
sp|O73790|SPB10_CHICK,218,NKS,Gallus gallus,9031,SERPINB10
sp|O73790|SPB10_CHICK,394,NKS,Gallus gallus,9031,SERPINB10
sp|O73885|HSP7C_CHICK,35,NRT,Gallus gallus,9031,HSPA8
sp|O73885|HSP7C_CHICK,151,NDS,Gallus gallus,9031,HSPA8
sp|O73885|HSP7C_CHICK,360,NKS,Gallus gallus,9031,HSPA8
sp|O73885|HSP7C_CHICK,417,NTT,Gallus gallus,9031,HSPA8
sp|O73885|HSP7C_CHICK,487,NVS,Gallus gallus,9031,HSPA8
sp|O73885|HSP7C_CHICK,584,NQT,Gallus gallus,9031,HSPA8
sp|O93257|XRCC6_CHICK,200,NDS,Gallus gallus,9031,XRCC6
sp|O93257|XRCC6_CHICK,592,NGT,Gallus gallus,9031,XRCC6
sp|O93344|AL1A2_CHICK,406,NVT,Gallus gallus,9031,ALDH1A2
sp|O93344|AL1A2_CHICK,439,NNS,Gallus gallus,9031,ALDH1A2
sp|O93385|PITX2_CHICK,139,NLT,Gallus gallus,9031,PITX2
sp|O93385|PITX2_CHICK,263,NLS,Gallus gallus,9031,PITX2
sp|O93385|PITX2_CHICK,294,NSS,Gallus gallus,9031,PITX2
sp|O93385|PITX2_CHICK,321,NLS,Gallus gallus,9031,PITX2
sp|O93574|RELN_CHICK,5,NTT,Gallus gallus,9031,RELN
sp|O93574|RELN_CHICK,37,NSS,Gallus gallus,9031,RELN
sp|O93574|RELN_CHICK,53,NVS,Gallus gallus,9031,RELN
sp|O93574|RELN_CHICK,376,NYS,Gallus gallus,9031,RELN
sp|O93574|RELN_CHICK,1014,NES,Gallus gallus,9031,RELN
sp|O93574|RELN_CHICK,1195,NHS,Gallus gallus,9031,RELN
sp|O93574|RELN_CHICK,1348,NDS,Gallus gallus,9031,RELN
sp|O93574|RELN_CHICK,1669,NAT,Gallus gallus,9031,RELN
sp|O93574|RELN_CHICK,1893,NGT,Gallus gallus,9031,RELN
sp|O93574|RELN_CHICK,2017,NSS,Gallus gallus,9031,RELN
sp|O93574|RELN_CHICK,2065,NIS,Gallus gallus,9031,RELN
sp|O93574|RELN_CHICK,2272,NRS,Gallus gallus,9031,RELN
sp|O93574|RELN_CHICK,2317,NLT,Gallus gallus,9031,RELN
sp|O93574|RELN_CHICK,2710,NMT,Gallus gallus,9031,RELN
sp|O93574|RELN_CHICK,2764,NTT,Gallus gallus,9031,RELN
sp|O93574|RELN_CHICK,2821,NWS,Gallus gallus,9031,RELN
sp|O93574|RELN_CHICK,2933,NSS,Gallus gallus,9031,RELN
sp|O93574|RELN_CHICK,3160,NGT,Gallus gallus,9031,RELN
sp|O93574|RELN_CHICK,3187,NFS,Gallus gallus,9031,RELN
sp|P00356|G3P_CHICK,147,NAS,Gallus gallus,9031,GAPDH
sp|P00356|G3P_CHICK,237,NVS,Gallus gallus,9031,GAPDH
sp|P00504|AATC_CHICK,82,NAS,Gallus gallus,9031,GOT1
sp|P00504|AATC_CHICK,127,NNT,Gallus gallus,9031,GOT1
sp|P00504|AATC_CHICK,269,NLS,Gallus gallus,9031,GOT1
sp|P00508|AATM_CHICK,157,NHT,Gallus gallus,9031,GOT2
sp|P00523|SRC_CHICK,36,NKT,Gallus gallus,9031,SRC
sp|P00523|SRC_CHICK,65,NTS,Gallus gallus,9031,SRC
sp|P00523|SRC_CHICK,112,NNT,Gallus gallus,9031,SRC
sp|P00523|SRC_CHICK,287,NGT,Gallus gallus,9031,SRC
sp|P00789|CANX_CHICK,345,NLT,,,
sp|P00789|CANX_CHICK,459,NQS,,,
sp|P01005|IOVO_CHICK,34,NAT,,,
sp|P01005|IOVO_CHICK,77,NIS,,,
sp|P01005|IOVO_CHICK,93,NCS,,,
sp|P01005|IOVO_CHICK,99,NTT,,,
sp|P01005|IOVO_CHICK,182,NKT,,,
sp|P01005|IOVO_CHICK,199,NGT,,,
sp|P01012|OVAL_CHICK,293,NLT,Gallus gallus,9031,SERPINB14
sp|P01012|OVAL_CHICK,312,NLS,Gallus gallus,9031,SERPINB14
sp|P01109|MYC_CHICK,117,NQS,Gallus gallus,9031,MYC
sp|P01109|MYC_CHICK,267,NES,Gallus gallus,9031,MYC
sp|P02112|HBB_CHICK,48,NLS,Gallus gallus,9031,HBB
sp|P02457|CO1A1_CHICK,1354,NVT,Gallus gallus,9031,COL1A1
sp|P02460|CO2A1_CHICK,737,NLS,Gallus gallus,9031,COL2A1
sp|P02460|CO2A1_CHICK,760,NVT,Gallus gallus,9031,COL2A1
sp|P02467|CO1A2_CHICK,206,NGT,Gallus gallus,9031,COL1A2
sp|P02467|CO1A2_CHICK,1264,NIT,Gallus gallus,9031,COL1A2
sp|P02542|DESM_CHICK,334,NDS,Gallus gallus,9031,DES
sp|P02552|TBA1A_CHICK,380,NTT,Gallus gallus,9031,TUBA1A
sp|P02565|MYH1B_CHICK,172,NQS,Gallus gallus,9031,MYH1B
sp|P02565|MYH1B_CHICK,243,NSS,Gallus gallus,9031,MYH1B
sp|P02565|MYH1B_CHICK,482,NFT,Gallus gallus,9031,MYH1B
sp|P02565|MYH1B_CHICK,592,NIT,Gallus gallus,9031,MYH1B
sp|P02565|MYH1B_CHICK,605,NET,Gallus gallus,9031,MYH1B
sp|P02565|MYH1B_CHICK,681,NET,Gallus gallus,9031,MYH1B
sp|P02565|MYH1B_CHICK,731,NAS,Gallus gallus,9031,MYH1B
sp|P02565|MYH1B_CHICK,982,NLT,Gallus gallus,9031,MYH1B
sp|P02565|MYH1B_CHICK,1725,NTS,Gallus gallus,9031,MYH1B
sp|P02565|MYH1B_CHICK,1897,NLS,Gallus gallus,9031,MYH1B
sp|P02607|MYL6_CHICK,101,NGT,Gallus gallus,9031,MYL6
sp|P02609|MYL11_CHICK,78,NFT,Gallus gallus,9031,MYL11
sp|P02612|MLRM_CHICK,82,NFT,,,
sp|P02612|MLRM_CHICK,95,NGT,,,
sp|P02640|VILI_CHICK,69,NSS,Gallus gallus,9031,VIL1
sp|P02640|VILI_CHICK,353,NQT,Gallus gallus,9031,VIL1
sp|P02640|VILI_CHICK,501,NGS,Gallus gallus,9031,VIL1
sp|P02640|VILI_CHICK,626,NKT,Gallus gallus,9031,VIL1
sp|P02640|VILI_CHICK,667,NES,Gallus gallus,9031,VIL1
sp|P02640|VILI_CHICK,735,NAS,Gallus gallus,9031,VIL1
sp|P02701|AVID_CHICK,41,NMT,Gallus gallus,9031,AVD
sp|P02713|ACHG_CHICK,163,NCT,Gallus gallus,9031,CHRNG
sp|P02713|ACHG_CHICK,329,NVS,Gallus gallus,9031,CHRNG
sp|P02713|ACHG_CHICK,449,NAT,Gallus gallus,9031,CHRNG
sp|P02752|RBP_CHICK,53,NFT,,,
sp|P02752|RBP_CHICK,164,NGT,,,
sp|P02789|TRFE_CHICK,492,NRT,,,
sp|P02789|TRFE_CHICK,637,NGS,,,
sp|P02845|VIT2_CHICK,604,NIS,Gallus gallus,9031,VTG2
sp|P02845|VIT2_CHICK,1094,NKT,Gallus gallus,9031,VTG2
sp|P02845|VIT2_CHICK,1177,NSS,Gallus gallus,9031,VTG2
sp|P02845|VIT2_CHICK,1188,NSS,Gallus gallus,9031,VTG2
sp|P02845|VIT2_CHICK,1280,NGS,Gallus gallus,9031,VTG2
sp|P02845|VIT2_CHICK,1417,NLT,Gallus gallus,9031,VTG2
sp|P02845|VIT2_CHICK,1597,NYS,Gallus gallus,9031,VTG2
sp|P02845|VIT2_CHICK,1665,NIS,Gallus gallus,9031,VTG2
sp|P05094|ACTN1_CHICK,708,NYT,Gallus gallus,9031,ACTN1
sp|P05122|KCRB_CHICK,178,NMT,Gallus gallus,9031,CKB
sp|P05122|KCRB_CHICK,222,NKT,Gallus gallus,9031,CKB
sp|P05153|PCKGC_CHICK,573,NLT,Gallus gallus,9031,PCK1
sp|P05153|PCKGC_CHICK,579,NIS,Gallus gallus,9031,PCK1
sp|P05180|CP2H1_CHICK,417,NGT,Gallus gallus,9031,CYP2H1
sp|P05180|CP2H1_CHICK,456,NFS,Gallus gallus,9031,CYP2H1
sp|P05200|NGF_CHICK,118,NRT,Gallus gallus,9031,NGF
sp|P05300|LAMP1_CHICK,33,NLT,Gallus gallus,9031,LAMP1
sp|P05300|LAMP1_CHICK,58,NAT,Gallus gallus,9031,LAMP1
sp|P05300|LAMP1_CHICK,71,NTS,Gallus gallus,9031,LAMP1
sp|P05300|LAMP1_CHICK,90,NFS,Gallus gallus,9031,LAMP1
sp|P05300|LAMP1_CHICK,108,NLS,Gallus gallus,9031,LAMP1
sp|P05300|LAMP1_CHICK,117,NAT,Gallus gallus,9031,LAMP1
sp|P05300|LAMP1_CHICK,154,NIT,Gallus gallus,9031,LAMP1
sp|P05300|LAMP1_CHICK,159,NVT,Gallus gallus,9031,LAMP1
sp|P05300|LAMP1_CHICK,168,NDT,Gallus gallus,9031,LAMP1
sp|P05300|LAMP1_CHICK,174,NKT,Gallus gallus,9031,LAMP1
sp|P05300|LAMP1_CHICK,220,NVT,Gallus gallus,9031,LAMP1
sp|P05300|LAMP1_CHICK,225,NGT,Gallus gallus,9031,LAMP1
sp|P05300|LAMP1_CHICK,238,NIT,Gallus gallus,9031,LAMP1
sp|P05300|LAMP1_CHICK,259,NTS,Gallus gallus,9031,LAMP1
sp|P05300|LAMP1_CHICK,289,NAS,Gallus gallus,9031,LAMP1
sp|P05300|LAMP1_CHICK,301,NVS,Gallus gallus,9031,LAMP1
sp|P05300|LAMP1_CHICK,319,NDS,Gallus gallus,9031,LAMP1
sp|P05625|RAF1_CHICK,200,NIS,Gallus gallus,9031,RAF1
sp|P05625|RAF1_CHICK,241,NTS,Gallus gallus,9031,RAF1
sp|P05625|RAF1_CHICK,283,NHS,Gallus gallus,9031,RAF1
sp|P05625|RAF1_CHICK,299,NMS,Gallus gallus,9031,RAF1
sp|P05625|RAF1_CHICK,617,NRS,Gallus gallus,9031,RAF1
sp|P06212|ESR1_CHICK,47,NKT,Gallus gallus,9031,ESR1
sp|P07228|ITB1_CHICK,5,NLT,Gallus gallus,9031,ITGB1
sp|P07228|ITB1_CHICK,216,NCT,Gallus gallus,9031,ITGB1
sp|P07228|ITB1_CHICK,273,NVT,Gallus gallus,9031,ITGB1
sp|P07228|ITB1_CHICK,367,NSS,Gallus gallus,9031,ITGB1
sp|P07228|ITB1_CHICK,410,NDT,Gallus gallus,9031,ITGB1
sp|P07228|ITB1_CHICK,421,NIS,Gallus gallus,9031,ITGB1
sp|P07228|ITB1_CHICK,433,NVT,Gallus gallus,9031,ITGB1
sp|P07228|ITB1_CHICK,445,NET,Gallus gallus,9031,ITGB1
sp|P07228|ITB1_CHICK,486,NGT,Gallus gallus,9031,ITGB1
sp|P07228|ITB1_CHICK,525,NST,Gallus gallus,9031,ITGB1
sp|P07228|ITB1_CHICK,589,NFT,Gallus gallus,9031,ITGB1
sp|P07228|ITB1_CHICK,624,NCT,Gallus gallus,9031,ITGB1
sp|P07228|ITB1_CHICK,674,NMT,Gallus gallus,9031,ITGB1
sp|P07341|ALDOB_CHICK,288,NQS,Gallus gallus,9031,ALDOB
sp|P07751|SPTN1_CHICK,234,NAS,Gallus gallus,9031,SPTAN1
sp|P07751|SPTN1_CHICK,328,NAS,Gallus gallus,9031,SPTAN1
sp|P07751|SPTN1_CHICK,358,NDS,Gallus gallus,9031,SPTAN1
sp|P07751|SPTN1_CHICK,624,NQS,Gallus gallus,9031,SPTAN1
sp|P07751|SPTN1_CHICK,998,NST,Gallus gallus,9031,SPTAN1
sp|P07751|SPTN1_CHICK,1051,NQT,Gallus gallus,9031,SPTAN1
sp|P07751|SPTN1_CHICK,1143,NES,Gallus gallus,9031,SPTAN1
sp|P07751|SPTN1_CHICK,1766,NES,Gallus gallus,9031,SPTAN1
sp|P07751|SPTN1_CHICK,1951,NIT,Gallus gallus,9031,SPTAN1
sp|P07751|SPTN1_CHICK,2040,NIT,Gallus gallus,9031,SPTAN1
sp|P07751|SPTN1_CHICK,2321,NTT,Gallus gallus,9031,SPTAN1
sp|P07751|SPTN1_CHICK,2437,NLT,Gallus gallus,9031,SPTAN1
sp|P07898|PGCA_CHICK,76,NGT,Gallus gallus,9031,ACAN
sp|P07898|PGCA_CHICK,122,NHT,Gallus gallus,9031,ACAN
sp|P07898|PGCA_CHICK,330,NQT,Gallus gallus,9031,ACAN
sp|P07898|PGCA_CHICK,388,NVT,Gallus gallus,9031,ACAN
sp|P07898|PGCA_CHICK,439,NVT,Gallus gallus,9031,ACAN
sp|P07898|PGCA_CHICK,644,NAT,Gallus gallus,9031,ACAN
sp|P07898|PGCA_CHICK,700,NQT,Gallus gallus,9031,ACAN
sp|P07898|PGCA_CHICK,765,NQT,Gallus gallus,9031,ACAN
sp|P07898|PGCA_CHICK,801,NAS,Gallus gallus,9031,ACAN
sp|P07997|HEM1_CHICK,277,NIS,Gallus gallus,9031,ALAS1
sp|P07997|HEM1_CHICK,311,NDS,Gallus gallus,9031,ALAS1
sp|P08023|ACTA_CHICK,14,NGS,Gallus gallus,9031,ACTA2
sp|P08106|HSP70_CHICK,36,NRT,,,
sp|P08106|HSP70_CHICK,152,NDS,,,
sp|P08106|HSP70_CHICK,363,NKS,,,
sp|P08106|HSP70_CHICK,420,NTT,,,
sp|P08106|HSP70_CHICK,437,NQS,,,
sp|P08106|HSP70_CHICK,490,NVS,,,
sp|P08110|ENPL_CHICK,61,NAS,Gallus gallus,9031,HSP90B1
sp|P08110|ENPL_CHICK,106,NAS,Gallus gallus,9031,HSP90B1
sp|P08110|ENPL_CHICK,216,NDT,Gallus gallus,9031,HSP90B1
sp|P08110|ENPL_CHICK,444,NVS,Gallus gallus,9031,HSP90B1
sp|P08110|ENPL_CHICK,480,NDT,Gallus gallus,9031,HSP90B1
sp|P08110|ENPL_CHICK,501,NRT,Gallus gallus,9031,HSP90B1
sp|P08110|ENPL_CHICK,519,NLT,Gallus gallus,9031,HSP90B1
sp|P08125|COAA1_CHICK,611,NGS,Gallus gallus,9031,COL10A1
sp|P08641|CADH1_CHICK,291,NAT,Gallus gallus,9031,CDH1
sp|P08641|CADH1_CHICK,346,NYT,Gallus gallus,9031,CDH1
sp|P08641|CADH1_CHICK,564,NST,Gallus gallus,9031,CDH1
sp|P08641|CADH1_CHICK,643,NWT,Gallus gallus,9031,CDH1
sp|P08641|CADH1_CHICK,853,NSS,Gallus gallus,9031,CDH1
sp|P08642|RASH_CHICK,85,NNT,Gallus gallus,9031,HRAS
sp|P08836|FPPS_CHICK,18,NLS,Gallus gallus,9031,FDPS
sp|P08836|FPPS_CHICK,144,NDS,Gallus gallus,9031,FDPS
sp|P08941|ROS1_CHICK,49,NVS,Gallus gallus,9031,ROS1
sp|P08941|ROS1_CHICK,65,NAT,Gallus gallus,9031,ROS1
sp|P08941|ROS1_CHICK,77,NKT,Gallus gallus,9031,ROS1
sp|P08941|ROS1_CHICK,123,NIT,Gallus gallus,9031,ROS1
sp|P08941|ROS1_CHICK,132,NIS,Gallus gallus,9031,ROS1
sp|P08941|ROS1_CHICK,265,NST,Gallus gallus,9031,ROS1
sp|P08941|ROS1_CHICK,287,NIT,Gallus gallus,9031,ROS1
sp|P08941|ROS1_CHICK,307,NQS,Gallus gallus,9031,ROS1
sp|P08941|ROS1_CHICK,333,NIT,Gallus gallus,9031,ROS1
sp|P08941|ROS1_CHICK,377,NIT,Gallus gallus,9031,ROS1
sp|P08941|ROS1_CHICK,405,NCT,Gallus gallus,9031,ROS1
sp|P08941|ROS1_CHICK,480,NKT,Gallus gallus,9031,ROS1
sp|P08941|ROS1_CHICK,607,NWT,Gallus gallus,9031,ROS1
sp|P08941|ROS1_CHICK,628,NIT,Gallus gallus,9031,ROS1
sp|P08941|ROS1_CHICK,706,NIS,Gallus gallus,9031,ROS1
sp|P08941|ROS1_CHICK,714,NDT,Gallus gallus,9031,ROS1
sp|P08941|ROS1_CHICK,911,NQS,Gallus gallus,9031,ROS1
sp|P08941|ROS1_CHICK,940,NFS,Gallus gallus,9031,ROS1
sp|P08941|ROS1_CHICK,962,NSS,Gallus gallus,9031,ROS1
sp|P08941|ROS1_CHICK,971,NAS,Gallus gallus,9031,ROS1
sp|P08941|ROS1_CHICK,1110,NVS,Gallus gallus,9031,ROS1
sp|P08941|ROS1_CHICK,1154,NSS,Gallus gallus,9031,ROS1
sp|P08941|ROS1_CHICK,1180,NHT,Gallus gallus,9031,ROS1
sp|P08941|ROS1_CHICK,1233,NVT,Gallus gallus,9031,ROS1
sp|P08941|ROS1_CHICK,1255,NET,Gallus gallus,9031,ROS1
sp|P08941|ROS1_CHICK,1282,NST,Gallus gallus,9031,ROS1
sp|P08941|ROS1_CHICK,1316,NNT,Gallus gallus,9031,ROS1
sp|P08941|ROS1_CHICK,1470,NTS,Gallus gallus,9031,ROS1
sp|P08941|ROS1_CHICK,1509,NST,Gallus gallus,9031,ROS1
sp|P08941|ROS1_CHICK,1588,NIS,Gallus gallus,9031,ROS1
sp|P08941|ROS1_CHICK,1628,NGT,Gallus gallus,9031,ROS1
sp|P08941|ROS1_CHICK,1682,NTS,Gallus gallus,9031,ROS1
sp|P08941|ROS1_CHICK,1696,NGT,Gallus gallus,9031,ROS1
sp|P08941|ROS1_CHICK,1730,NLT,Gallus gallus,9031,ROS1
sp|P08941|ROS1_CHICK,1792,NGS,Gallus gallus,9031,ROS1
sp|P08941|ROS1_CHICK,1795,NLT,Gallus gallus,9031,ROS1
sp|P08941|ROS1_CHICK,1822,NGS,Gallus gallus,9031,ROS1
sp|P08941|ROS1_CHICK,2157,NHS,Gallus gallus,9031,ROS1
sp|P08998|SOMA_CHICK,213,NCT,Gallus gallus,9031,GH
sp|P09324|YES_CHICK,120,NNT,Gallus gallus,9031,YES1
sp|P09324|YES_CHICK,295,NGT,Gallus gallus,9031,YES1
sp|P09480|ACHA2_CHICK,54,NTS,Gallus gallus,9031,CHRNA2
sp|P09480|ACHA2_CHICK,104,NVT,Gallus gallus,9031,CHRNA2
sp|P09481|ACHA3_CHICK,46,NAS,Gallus gallus,9031,CHRNA3
sp|P09481|ACHA3_CHICK,163,NCT,Gallus gallus,9031,CHRNA3
sp|P09481|ACHA3_CHICK,375,NSS,Gallus gallus,9031,CHRNA3
sp|P09481|ACHA3_CHICK,409,NLT,Gallus gallus,9031,CHRNA3
sp|P09482|ACHA4_CHICK,52,NIS,Gallus gallus,9031,CHRNA4
sp|P09482|ACHA4_CHICK,102,NVT,Gallus gallus,9031,CHRNA4
sp|P09482|ACHA4_CHICK,388,NFT,Gallus gallus,9031,CHRNA4
sp|P09482|ACHA4_CHICK,472,NKT,Gallus gallus,9031,CHRNA4
sp|P09484|ACHB2_CHICK,44,NGS,Gallus gallus,9031,CHRNB2
sp|P09484|ACHB2_CHICK,161,NCT,Gallus gallus,9031,CHRNB2
sp|P09572|AT1A1_CHICK,213,NSS,Gallus gallus,9031,ATP1A1
sp|P09572|AT1A1_CHICK,403,NQS,Gallus gallus,9031,ATP1A1
sp|P09572|AT1A1_CHICK,481,NST,Gallus gallus,9031,ATP1A1
sp|P09572|AT1A1_CHICK,636,NET,Gallus gallus,9031,ATP1A1
sp|P09572|AT1A1_CHICK,718,NDS,Gallus gallus,9031,ATP1A1
sp|P0DJH6|CENPW_CHICK,53,NKS,Gallus gallus,9031,CENPW
sp|P0DMQ6|DHSO_CHICK,110,NLS,Gallus gallus,9031,SORD
sp|P0DMQ6|DHSO_CHICK,224,NET,Gallus gallus,9031,SORD
sp|P10039|TENA_CHICK,38,NVT,Gallus gallus,9031,TNC
sp|P10039|TENA_CHICK,168,NYS,Gallus gallus,9031,TNC
sp|P10039|TENA_CHICK,186,NCS,Gallus gallus,9031,TNC
sp|P10039|TENA_CHICK,328,NGT,Gallus gallus,9031,TNC
sp|P10039|TENA_CHICK,603,NVT,Gallus gallus,9031,TNC
sp|P10039|TENA_CHICK,643,NQT,Gallus gallus,9031,TNC
sp|P10039|TENA_CHICK,751,NVS,Gallus gallus,9031,TNC
sp|P10039|TENA_CHICK,759,NNT,Gallus gallus,9031,TNC
sp|P10039|TENA_CHICK,1050,NLS,Gallus gallus,9031,TNC
sp|P10039|TENA_CHICK,1090,NIT,Gallus gallus,9031,TNC
sp|P10039|TENA_CHICK,1101,NVT,Gallus gallus,9031,TNC
sp|P10039|TENA_CHICK,1112,NVT,Gallus gallus,9031,TNC
sp|P10039|TENA_CHICK,1153,NLS,Gallus gallus,9031,TNC
sp|P10039|TENA_CHICK,1183,NIS,Gallus gallus,9031,TNC
sp|P10039|TENA_CHICK,1416,NIT,Gallus gallus,9031,TNC
sp|P10039|TENA_CHICK,1736,NDS,Gallus gallus,9031,TNC
sp|P10039|TENA_CHICK,1769,NHS,Gallus gallus,9031,TNC
sp|P10184|IOV7_CHICK,72,NCS,Gallus gallus,9031,SPINK5
sp|P10184|IOV7_CHICK,186,NIS,Gallus gallus,9031,SPINK5
sp|P10184|IOV7_CHICK,506,NRT,Gallus gallus,9031,SPINK5
sp|P10288|CADH2_CHICK,278,NGT,Gallus gallus,9031,CDH2
sp|P10288|CADH2_CHICK,330,NET,Gallus gallus,9031,CDH2
sp|P10288|CADH2_CHICK,407,NLT,Gallus gallus,9031,CDH2
sp|P10288|CADH2_CHICK,497,NES,Gallus gallus,9031,CDH2
sp|P10288|CADH2_CHICK,578,NAT,Gallus gallus,9031,CDH2
sp|P10288|CADH2_CHICK,628,NIT,Gallus gallus,9031,CDH2
sp|P10288|CADH2_CHICK,657,NWT,Gallus gallus,9031,CDH2
sp|P10288|CADH2_CHICK,880,NSS,Gallus gallus,9031,CDH2
sp|P10360|P53_CHICK,225,NSS,Gallus gallus,9031,TP53
sp|P10587|MYH11_CHICK,244,NSS,Gallus gallus,9031,MYH11
sp|P10587|MYH11_CHICK,312,NYT,Gallus gallus,9031,MYH11
sp|P10587|MYH11_CHICK,394,NVT,Gallus gallus,9031,MYH11
sp|P10587|MYH11_CHICK,483,NYT,Gallus gallus,9031,MYH11
sp|P10587|MYH11_CHICK,494,NHT,Gallus gallus,9031,MYH11
sp|P10587|MYH11_CHICK,593,NAS,Gallus gallus,9031,MYH11
sp|P10587|MYH11_CHICK,608,NVT,Gallus gallus,9031,MYH11
sp|P10587|MYH11_CHICK,614,NQS,Gallus gallus,9031,MYH11
sp|P10587|MYH11_CHICK,1030,NLT,Gallus gallus,9031,MYH11
sp|P10587|MYH11_CHICK,1297,NVT,Gallus gallus,9031,MYH11
sp|P10587|MYH11_CHICK,1339,NVT,Gallus gallus,9031,MYH11
sp|P10587|MYH11_CHICK,1468,NIS,Gallus gallus,9031,MYH11
sp|P10587|MYH11_CHICK,1957,NAT,Gallus gallus,9031,MYH11
sp|P11029|ACAC_CHICK,261,NGS,Gallus gallus,9031,ACAC
sp|P11029|ACAC_CHICK,698,NSS,Gallus gallus,9031,ACAC
sp|P11029|ACAC_CHICK,740,NKT,Gallus gallus,9031,ACAC
sp|P11029|ACAC_CHICK,928,NIT,Gallus gallus,9031,ACAC
sp|P11029|ACAC_CHICK,1017,NKS,Gallus gallus,9031,ACAC
sp|P11029|ACAC_CHICK,1439,NNT,Gallus gallus,9031,ACAC
sp|P11029|ACAC_CHICK,1511,NES,Gallus gallus,9031,ACAC
sp|P11029|ACAC_CHICK,1934,NGS,Gallus gallus,9031,ACAC
sp|P11501|HS90A_CHICK,50,NSS,Gallus gallus,9031,HSP90AA1
sp|P11501|HS90A_CHICK,287,NKT,Gallus gallus,9031,HSP90AA1
sp|P11501|HS90A_CHICK,393,NIS,Gallus gallus,9031,HSP90AA1
sp|P11501|HS90A_CHICK,618,NST,Gallus gallus,9031,HSP90AA1
sp|P11602|LIPL_CHICK,70,NHT,Gallus gallus,9031,LPL
sp|P11602|LIPL_CHICK,354,NVT,Gallus gallus,9031,LPL
sp|P11602|LIPL_CHICK,386,NKT,Gallus gallus,9031,LPL
sp|P11722|FINC_CHICK,435,NYT,Gallus gallus,9031,FN1
sp|P11722|FINC_CHICK,533,NQT,Gallus gallus,9031,FN1
sp|P11722|FINC_CHICK,547,NCT,Gallus gallus,9031,FN1
sp|P11722|FINC_CHICK,881,NIS,Gallus gallus,9031,FN1
sp|P11722|FINC_CHICK,1011,NTT,Gallus gallus,9031,FN1
sp|P11722|FINC_CHICK,1248,NVS,Gallus gallus,9031,FN1
sp|P11722|FINC_CHICK,1295,NAS,Gallus gallus,9031,FN1
sp|P11722|FINC_CHICK,1864,NLS,Gallus gallus,9031,FN1
sp|P11722|FINC_CHICK,1908,NVS,Gallus gallus,9031,FN1
sp|P11722|FINC_CHICK,2204,NDT,Gallus gallus,9031,FN1
sp|P11799|MYLK_CHICK,632,NKT,Gallus gallus,9031,Mylk
sp|P11799|MYLK_CHICK,1007,NGS,Gallus gallus,9031,Mylk
sp|P11799|MYLK_CHICK,1025,NAT,Gallus gallus,9031,Mylk
sp|P11799|MYLK_CHICK,1278,NSS,Gallus gallus,9031,Mylk
sp|P11799|MYLK_CHICK,1311,NLT,Gallus gallus,9031,Mylk
sp|P11799|MYLK_CHICK,1584,NKT,Gallus gallus,9031,Mylk
sp|P11799|MYLK_CHICK,1656,NET,Gallus gallus,9031,Mylk
sp|P11799|MYLK_CHICK,1661,NVT,Gallus gallus,9031,Mylk
sp|P11799|MYLK_CHICK,1698,NCT,Gallus gallus,9031,Mylk
sp|P11799|MYLK_CHICK,1849,NCS,Gallus gallus,9031,Mylk
sp|P12003|VINC_CHICK,231,NFT,Gallus gallus,9031,VCL
sp|P12003|VINC_CHICK,654,NKT,Gallus gallus,9031,VCL
sp|P12003|VINC_CHICK,807,NIS,Gallus gallus,9031,VCL
sp|P12003|VINC_CHICK,1079,NIS,Gallus gallus,9031,VCL
sp|P12105|CO3A1_CHICK,292,NGS,Gallus gallus,9031,COL3A1
sp|P12105|CO3A1_CHICK,451,NGT,Gallus gallus,9031,COL3A1
sp|P12105|CO3A1_CHICK,1163,NIT,Gallus gallus,9031,COL3A1
sp|P12276|FAS_CHICK,195,NTS,Gallus gallus,9031,FASN
sp|P12276|FAS_CHICK,728,NSS,Gallus gallus,9031,FASN
sp|P12276|FAS_CHICK,981,NVT,Gallus gallus,9031,FASN
sp|P12276|FAS_CHICK,1239,NTT,Gallus gallus,9031,FASN
sp|P12276|FAS_CHICK,1288,NET,Gallus gallus,9031,FASN
sp|P12276|FAS_CHICK,1311,NLT,Gallus gallus,9031,FASN
sp|P12276|FAS_CHICK,1321,NCS,Gallus gallus,9031,FASN
sp|P12276|FAS_CHICK,1480,NLS,Gallus gallus,9031,FASN
sp|P12276|FAS_CHICK,1595,NWT,Gallus gallus,9031,FASN
sp|P12276|FAS_CHICK,1643,NWT,Gallus gallus,9031,FASN
sp|P12276|FAS_CHICK,1729,NTT,Gallus gallus,9031,FASN
sp|P12276|FAS_CHICK,1780,NNS,Gallus gallus,9031,FASN
sp|P12276|FAS_CHICK,1985,NQT,Gallus gallus,9031,FASN
sp|P12276|FAS_CHICK,2327,NAS,Gallus gallus,9031,FASN
sp|P12276|FAS_CHICK,2443,NVT,Gallus gallus,9031,FASN
sp|P12957|CALD1_CHICK,225,NDT,Gallus gallus,9031,CALD1
sp|P12957|CALD1_CHICK,613,NKS,Gallus gallus,9031,CALD1
sp|P12957|CALD1_CHICK,715,NKS,Gallus gallus,9031,CALD1
sp|P13387|EGFR_CHICK,134,NKT,Gallus gallus,9031,EGFR
sp|P13387|EGFR_CHICK,190,NLS,Gallus gallus,9031,EGFR
sp|P13387|EGFR_CHICK,200,NCT,Gallus gallus,9031,EGFR
sp|P13387|EGFR_CHICK,359,NAT,Gallus gallus,9031,EGFR
sp|P13387|EGFR_CHICK,368,NCT,Gallus gallus,9031,EGFR
sp|P13387|EGFR_CHICK,420,NAT,Gallus gallus,9031,EGFR
sp|P13387|EGFR_CHICK,573,NST,Gallus gallus,9031,EGFR
sp|P13387|EGFR_CHICK,578,NTT,Gallus gallus,9031,EGFR
sp|P13387|EGFR_CHICK,613,NDT,Gallus gallus,9031,EGFR
sp|P13387|EGFR_CHICK,633,NCT,Gallus gallus,9031,EGFR
sp|P13387|EGFR_CHICK,648,NGS,Gallus gallus,9031,EGFR
sp|P13538|MYSS_CHICK,173,NQS,,,
sp|P13538|MYSS_CHICK,243,NSS,,,
sp|P13538|MYSS_CHICK,482,NFT,,,
sp|P13538|MYSS_CHICK,592,NIS,,,
sp|P13538|MYSS_CHICK,605,NET,,,
sp|P13538|MYSS_CHICK,679,NET,,,
sp|P13538|MYSS_CHICK,729,NAS,,,
sp|P13538|MYSS_CHICK,980,NLT,,,
sp|P13538|MYSS_CHICK,1723,NTS,,,
sp|P13538|MYSS_CHICK,1895,NLS,,,
sp|P13585|AT2A1_CHICK,19,NES,Gallus gallus,9031,ATP2A1
sp|P13585|AT2A1_CHICK,421,NDS,Gallus gallus,9031,ATP2A1
sp|P13585|AT2A1_CHICK,739,NFS,Gallus gallus,9031,ATP2A1
sp|P13585|AT2A1_CHICK,919,NQS,Gallus gallus,9031,ATP2A1
sp|P13590|NCAM1_CHICK,222,NAT,Gallus gallus,9031,NCAM1
sp|P13590|NCAM1_CHICK,226,NLS,Gallus gallus,9031,NCAM1
sp|P13590|NCAM1_CHICK,315,NKT,Gallus gallus,9031,NCAM1
sp|P13590|NCAM1_CHICK,347,NIS,Gallus gallus,9031,NCAM1
sp|P13590|NCAM1_CHICK,423,NIT,Gallus gallus,9031,NCAM1
sp|P13590|NCAM1_CHICK,449,NYS,Gallus gallus,9031,NCAM1
sp|P13590|NCAM1_CHICK,478,NCT,Gallus gallus,9031,NCAM1
sp|P13590|NCAM1_CHICK,800,NET,Gallus gallus,9031,NCAM1
sp|P13590|NCAM1_CHICK,914,NLS,Gallus gallus,9031,NCAM1
sp|P13590|NCAM1_CHICK,945,NKS,Gallus gallus,9031,NCAM1
sp|P13590|NCAM1_CHICK,954,NLT,Gallus gallus,9031,NCAM1
sp|P13944|COCA1_CHICK,32,NFT,Gallus gallus,9031,COL12A1
sp|P13944|COCA1_CHICK,1006,NET,Gallus gallus,9031,COL12A1
sp|P13944|COCA1_CHICK,1032,NRS,Gallus gallus,9031,COL12A1
sp|P13944|COCA1_CHICK,1044,NAS,Gallus gallus,9031,COL12A1
sp|P13944|COCA1_CHICK,1512,NAT,Gallus gallus,9031,COL12A1
sp|P13944|COCA1_CHICK,1767,NAT,Gallus gallus,9031,COL12A1
sp|P13944|COCA1_CHICK,1971,NYS,Gallus gallus,9031,COL12A1
sp|P13944|COCA1_CHICK,2177,NLS,Gallus gallus,9031,COL12A1
sp|P13944|COCA1_CHICK,2210,NVT,Gallus gallus,9031,COL12A1
sp|P13944|COCA1_CHICK,2273,NAT,Gallus gallus,9031,COL12A1
sp|P13944|COCA1_CHICK,2532,NLT,Gallus gallus,9031,COL12A1
sp|P13944|COCA1_CHICK,2683,NIT,Gallus gallus,9031,COL12A1
sp|P14105|MYH9_CHICK,231,NSS,Gallus gallus,9031,MYH9
sp|P14105|MYH9_CHICK,381,NVT,Gallus gallus,9031,MYH9
sp|P14105|MYH9_CHICK,470,NYT,Gallus gallus,9031,MYH9
sp|P14105|MYH9_CHICK,481,NHT,Gallus gallus,9031,MYH9
sp|P14105|MYH9_CHICK,1007,NLT,Gallus gallus,9031,MYH9
sp|P14105|MYH9_CHICK,1284,NVT,Gallus gallus,9031,MYH9
sp|P14105|MYH9_CHICK,1290,NQS,Gallus gallus,9031,MYH9
sp|P14105|MYH9_CHICK,1455,NIS,Gallus gallus,9031,MYH9
sp|P14105|MYH9_CHICK,1712,NSS,Gallus gallus,9031,MYH9
sp|P14315|CAPZB_CHICK,24,NLS,Gallus gallus,9031,CAPZB
sp|P14315|CAPZB_CHICK,180,NKT,Gallus gallus,9031,CAPZB
sp|P14448|FIBA_CHICK,80,NYS,Gallus gallus,9031,FGA
sp|P14448|FIBA_CHICK,561,NRT,Gallus gallus,9031,FGA
sp|P14448|FIBA_CHICK,595,NDT,Gallus gallus,9031,FGA
sp|P14731|LMNB1_CHICK,440,NIS,Gallus gallus,9031,LMNB1
sp|P14731|LMNB1_CHICK,457,NTS,Gallus gallus,9031,LMNB1
sp|P14732|LMNB2_CHICK,111,NKS,Gallus gallus,9031,LMNB2
sp|P14732|LMNB2_CHICK,473,NNS,Gallus gallus,9031,LMNB2
sp|P14791|HMOX1_CHICK,177,NAT,Gallus gallus,9031,HMOX1
sp|P14791|HMOX1_CHICK,246,NKS,Gallus gallus,9031,HMOX1
sp|P15505|GCSP_CHICK,130,NCS,Gallus gallus,9031,GLDC
sp|P15505|GCSP_CHICK,183,NAS,Gallus gallus,9031,GLDC
sp|P15505|GCSP_CHICK,222,NYT,Gallus gallus,9031,GLDC
sp|P15505|GCSP_CHICK,270,NGT,Gallus gallus,9031,GLDC
sp|P15505|GCSP_CHICK,397,NAT,Gallus gallus,9031,GLDC
sp|P15505|GCSP_CHICK,547,NSS,Gallus gallus,9031,GLDC
sp|P15505|GCSP_CHICK,657,NGS,Gallus gallus,9031,GLDC
sp|P16039|NPM_CHICK,138,NAS,Gallus gallus,9031,NPM1
sp|P16047|TGFB3_CHICK,74,NST,Gallus gallus,9031,TGFB3
sp|P16047|TGFB3_CHICK,135,NVS,Gallus gallus,9031,TGFB3
sp|P16047|TGFB3_CHICK,142,NST,Gallus gallus,9031,TGFB3
sp|P16075|MYOD1_CHICK,30,NTS,Gallus gallus,9031,MYOD1
sp|P16075|MYOD1_CHICK,181,NCS,Gallus gallus,9031,MYOD1
sp|P16075|MYOD1_CHICK,239,NST,Gallus gallus,9031,MYOD1
sp|P16075|MYOD1_CHICK,264,NLS,Gallus gallus,9031,MYOD1
sp|P16075|MYOD1_CHICK,277,NCT,Gallus gallus,9031,MYOD1
sp|P16236|REL_CHICK,43,NKT,Gallus gallus,9031,REL
sp|P16236|REL_CHICK,161,NYT,Gallus gallus,9031,REL
sp|P16236|REL_CHICK,486,NCT,Gallus gallus,9031,REL
sp|P16236|REL_CHICK,500,NVS,Gallus gallus,9031,REL
sp|P16580|GLNA_CHICK,255,NFS,Gallus gallus,9031,GLUL
sp|P16580|GLNA_CHICK,362,NET,Gallus gallus,9031,GLUL
sp|P17785|ANXA2_CHICK,62,NRS,Gallus gallus,9031,ANXA2
sp|P17790|BASI_CHICK,69,NET,Gallus gallus,9031,BSG
sp|P17790|BASI_CHICK,87,NAT,Gallus gallus,9031,BSG
sp|P17790|BASI_CHICK,102,NLT,Gallus gallus,9031,BSG
sp|P17790|BASI_CHICK,163,NIS,Gallus gallus,9031,BSG
sp|P17790|BASI_CHICK,222,NVS,Gallus gallus,9031,BSG
sp|P17790|BASI_CHICK,280,NIS,Gallus gallus,9031,BSG
sp|P17790|BASI_CHICK,286,NKT,Gallus gallus,9031,BSG
sp|P17790|BASI_CHICK,307,NGT,Gallus gallus,9031,BSG
sp|P17790|BASI_CHICK,373,NAT,Gallus gallus,9031,BSG
sp|P17924|NFIB_CHICK,219,NVS,Gallus gallus,9031,NFIB
sp|P17924|NFIB_CHICK,416,NSS,Gallus gallus,9031,NFIB
sp|P17924|NFIB_CHICK,532,NRT,Gallus gallus,9031,NFIB
sp|P18254|IGF1_CHICK,140,NTS,Gallus gallus,9031,IGF1
sp|P18460|FGFR3_CHICK,83,NRT,Gallus gallus,9031,FGFR3
sp|P18460|FGFR3_CHICK,96,NVS,Gallus gallus,9031,FGFR3
sp|P18460|FGFR3_CHICK,118,NFT,Gallus gallus,9031,FGFR3
sp|P18460|FGFR3_CHICK,219,NYT,Gallus gallus,9031,FGFR3
sp|P18460|FGFR3_CHICK,256,NQT,Gallus gallus,9031,FGFR3
sp|P18460|FGFR3_CHICK,288,NGS,Gallus gallus,9031,FGFR3
sp|P18460|FGFR3_CHICK,309,NTT,Gallus gallus,9031,FGFR3
sp|P18460|FGFR3_CHICK,322,NVT,Gallus gallus,9031,FGFR3
sp|P18460|FGFR3_CHICK,400,NTT,Gallus gallus,9031,FGFR3
sp|P18460|FGFR3_CHICK,422,NSS,Gallus gallus,9031,FGFR3
sp|P18460|FGFR3_CHICK,447,NVS,Gallus gallus,9031,FGFR3
sp|P18460|FGFR3_CHICK,712,NCT,Gallus gallus,9031,FGFR3
sp|P18461|FGFR2_CHICK,86,NRT,Gallus gallus,9031,FGFR2
sp|P18461|FGFR2_CHICK,126,NVT,Gallus gallus,9031,FGFR2
sp|P18461|FGFR2_CHICK,148,NDS,Gallus gallus,9031,FGFR2
sp|P18461|FGFR2_CHICK,230,NYT,Gallus gallus,9031,FGFR2
sp|P18461|FGFR2_CHICK,243,NHT,Gallus gallus,9031,FGFR2
sp|P18461|FGFR2_CHICK,267,NAS,Gallus gallus,9031,FGFR2
sp|P18461|FGFR2_CHICK,299,NGS,Gallus gallus,9031,FGFR2
sp|P18461|FGFR2_CHICK,320,NTT,Gallus gallus,9031,FGFR2
sp|P18461|FGFR2_CHICK,333,NVT,Gallus gallus,9031,FGFR2
sp|P18461|FGFR2_CHICK,404,NTT,Gallus gallus,9031,FGFR2
sp|P18461|FGFR2_CHICK,729,NCT,Gallus gallus,9031,FGFR2
sp|P18461|FGFR2_CHICK,818,NGS,Gallus gallus,9031,FGFR2
sp|P18519|TNR16_CHICK,52,NQT,Gallus gallus,9031,NGFR
sp|P18519|TNR16_CHICK,280,NQT,Gallus gallus,9031,NGFR
sp|P18519|TNR16_CHICK,310,NQS,Gallus gallus,9031,NGFR
sp|P18861|CXG1_CHICK,15,NHS,Gallus gallus,9031,GJC1
sp|P18861|CXG1_CHICK,377,NKS,Gallus gallus,9031,GJC1
sp|P18946|CYB_CHICK,16,NNS,Gallus gallus,9031,MT-CYB
sp|P18946|CYB_CHICK,27,NIS,Gallus gallus,9031,MT-CYB
sp|P18946|CYB_CHICK,256,NFT,Gallus gallus,9031,MT-CYB
sp|P19019|GBRB3_CHICK,33,NMS,Gallus gallus,9031,GABRB3
sp|P19019|GBRB3_CHICK,105,NLT,Gallus gallus,9031,GABRB3
sp|P19019|GBRB3_CHICK,174,NCT,Gallus gallus,9031,GABRB3
sp|P19019|GBRB3_CHICK,392,NST,Gallus gallus,9031,GABRB3
sp|P19121|ALBU_CHICK,500,NVS,Gallus gallus,9031,ALB
sp|P19150|GBRA1_CHICK,38,NTT,Gallus gallus,9031,GABRA1
sp|P19150|GBRA1_CHICK,138,NMT,Gallus gallus,9031,GABRA1
sp|P19150|GBRA1_CHICK,365,NNT,Gallus gallus,9031,GABRA1
sp|P20111|ACTN2_CHICK,309,NRT,Gallus gallus,9031,ACTN2
sp|P20111|ACTN2_CHICK,717,NYT,Gallus gallus,9031,ACTN2
sp|P20136|GSTM2_CHICK,180,NLS,Gallus gallus,9031,GSTM2
sp|P21548|GBRG2_CHICK,51,NKT,Gallus gallus,9031,GABRG2
sp|P21548|GBRG2_CHICK,128,NST,Gallus gallus,9031,GABRG2
sp|P21548|GBRG2_CHICK,246,NTT,Gallus gallus,9031,GABRG2
sp|P21548|GBRG2_CHICK,266,NLS,Gallus gallus,9031,GABRG2
sp|P21548|GBRG2_CHICK,400,NAT,Gallus gallus,9031,GABRG2
sp|P21760|EXFAB_CHICK,158,NYT,Gallus gallus,9031,EXFABP
sp|P21804|FGFR1_CHICK,76,NRT,Gallus gallus,9031,FGFR1
sp|P21804|FGFR1_CHICK,116,NVS,Gallus gallus,9031,FGFR1
sp|P21804|FGFR1_CHICK,225,NYT,Gallus gallus,9031,FGFR1
sp|P21804|FGFR1_CHICK,238,NHT,Gallus gallus,9031,FGFR1
sp|P21804|FGFR1_CHICK,262,NKT,Gallus gallus,9031,FGFR1
sp|P21804|FGFR1_CHICK,294,NGS,Gallus gallus,9031,FGFR1
sp|P21804|FGFR1_CHICK,315,NTT,Gallus gallus,9031,FGFR1
sp|P21804|FGFR1_CHICK,328,NVS,Gallus gallus,9031,FGFR1
sp|P21804|FGFR1_CHICK,722,NCT,Gallus gallus,9031,FGFR1
sp|P21872|PUR2_CHICK,720,NLS,Gallus gallus,9031,GART
sp|P21872|PUR2_CHICK,786,NRS,Gallus gallus,9031,GART
sp|P21872|PUR2_CHICK,822,NST,Gallus gallus,9031,GART
sp|P22328|OPSD_CHICK,2,NGT,Gallus gallus,9031,RHO
sp|P22328|OPSD_CHICK,15,NKT,Gallus gallus,9031,RHO
sp|P22328|OPSD_CHICK,200,NES,Gallus gallus,9031,RHO
sp|P22329|OPSR_CHICK,31,NNT,,,
sp|P22329|OPSR_CHICK,51,NLT,,,
sp|P22329|OPSR_CHICK,356,NSS,,,
sp|P22448|RARB_CHICK,211,NSS,Gallus gallus,9031,RARB
sp|P22448|RARB_CHICK,293,NRT,Gallus gallus,9031,RARB
sp|P22448|RARB_CHICK,445,NSS,Gallus gallus,9031,RARB
sp|P22770|ACHA7_CHICK,46,NDS,Gallus gallus,9031,CHRNA7
sp|P22770|ACHA7_CHICK,90,NVS,Gallus gallus,9031,CHRNA7
sp|P22770|ACHA7_CHICK,133,NSS,Gallus gallus,9031,CHRNA7
sp|P23614|BASP1_CHICK,70,NKT,Gallus gallus,9031,BASP1
sp|P23825|GATA3_CHICK,113,NLS,Gallus gallus,9031,GATA3
sp|P23913|LBR_CHICK,123,NNT,Gallus gallus,9031,LBR
sp|P23913|LBR_CHICK,138,NDT,Gallus gallus,9031,LBR
sp|P23913|LBR_CHICK,405,NQS,Gallus gallus,9031,LBR
sp|P24045|GBRB4_CHICK,32,NIS,Gallus gallus,9031,GABRB4
sp|P24045|GBRB4_CHICK,104,NLT,Gallus gallus,9031,GABRB4
sp|P24045|GBRB4_CHICK,173,NCT,Gallus gallus,9031,GABRB4
sp|P24045|GBRB4_CHICK,195,NDS,Gallus gallus,9031,GABRB4
sp|P24797|AT1A2_CHICK,210,NSS,Gallus gallus,9031,ATP1A2
sp|P24797|AT1A2_CHICK,434,NIS,Gallus gallus,9031,ATP1A2
sp|P24797|AT1A2_CHICK,478,NST,Gallus gallus,9031,ATP1A2
sp|P24797|AT1A2_CHICK,632,NET,Gallus gallus,9031,ATP1A2
sp|P24797|AT1A2_CHICK,678,NHT,Gallus gallus,9031,ATP1A2
sp|P24797|AT1A2_CHICK,714,NDS,Gallus gallus,9031,ATP1A2
sp|P24802|PLOD1_CHICK,200,NIS,Gallus gallus,9031,PLOD1
sp|P24802|PLOD1_CHICK,403,NKS,Gallus gallus,9031,PLOD1
sp|P24802|PLOD1_CHICK,541,NYT,Gallus gallus,9031,PLOD1
sp|P24802|PLOD1_CHICK,689,NCS,Gallus gallus,9031,PLOD1
sp|P25155|FA10_CHICK,196,NAT,Gallus gallus,9031,F10
sp|P25155|FA10_CHICK,207,NGS,Gallus gallus,9031,F10
sp|P25155|FA10_CHICK,228,NGS,Gallus gallus,9031,F10
sp|P25155|FA10_CHICK,285,NQS,Gallus gallus,9031,F10
sp|P26007|ITA6_CHICK,71,NRT,Gallus gallus,9031,ITGA6
sp|P26007|ITA6_CHICK,217,NQT,Gallus gallus,9031,ITGA6
sp|P26007|ITA6_CHICK,278,NHS,Gallus gallus,9031,ITGA6
sp|P26007|ITA6_CHICK,364,NGT,Gallus gallus,9031,ITGA6
sp|P26007|ITA6_CHICK,515,NYT,Gallus gallus,9031,ITGA6
sp|P26007|ITA6_CHICK,609,NES,Gallus gallus,9031,ITGA6
sp|P26007|ITA6_CHICK,730,NGS,Gallus gallus,9031,ITGA6
sp|P26007|ITA6_CHICK,747,NVT,Gallus gallus,9031,ITGA6
sp|P26007|ITA6_CHICK,780,NST,Gallus gallus,9031,ITGA6
sp|P26007|ITA6_CHICK,957,NST,Gallus gallus,9031,ITGA6
sp|P26009|ITA8_CHICK,66,NTT,Gallus gallus,9031,ITGA8
sp|P26009|ITA8_CHICK,104,NGT,Gallus gallus,9031,ITGA8
sp|P26009|ITA8_CHICK,159,NFS,Gallus gallus,9031,ITGA8
sp|P26009|ITA8_CHICK,221,NYS,Gallus gallus,9031,ITGA8
sp|P26009|ITA8_CHICK,284,NSS,Gallus gallus,9031,ITGA8
sp|P26009|ITA8_CHICK,293,NFT,Gallus gallus,9031,ITGA8
sp|P26009|ITA8_CHICK,486,NKT,Gallus gallus,9031,ITGA8
sp|P26009|ITA8_CHICK,587,NYS,Gallus gallus,9031,ITGA8
sp|P26009|ITA8_CHICK,701,NET,Gallus gallus,9031,ITGA8
sp|P26009|ITA8_CHICK,719,NFS,Gallus gallus,9031,ITGA8
sp|P26009|ITA8_CHICK,751,NST,Gallus gallus,9031,ITGA8
sp|P26009|ITA8_CHICK,762,NIT,Gallus gallus,9031,ITGA8
sp|P26009|ITA8_CHICK,818,NNT,Gallus gallus,9031,ITGA8
sp|P26009|ITA8_CHICK,877,NST,Gallus gallus,9031,ITGA8
sp|P26009|ITA8_CHICK,904,NCT,Gallus gallus,9031,ITGA8
sp|P26009|ITA8_CHICK,952,NVS,Gallus gallus,9031,ITGA8
sp|P26009|ITA8_CHICK,986,NVS,Gallus gallus,9031,ITGA8
sp|P26009|ITA8_CHICK,1039,NKT,Gallus gallus,9031,ITGA8
sp|P26152|ACHA5_CHICK,55,NDT,Gallus gallus,9031,CHRNA5
sp|P26152|ACHA5_CHICK,169,NCS,Gallus gallus,9031,CHRNA5
sp|P26152|ACHA5_CHICK,215,NRT,Gallus gallus,9031,CHRNA5
sp|P26152|ACHA5_CHICK,368,NMS,Gallus gallus,9031,CHRNA5
sp|P26446|PARP1_CHICK,121,NRS,Gallus gallus,9031,PARP1
sp|P26446|PARP1_CHICK,627,NFT,Gallus gallus,9031,PARP1
sp|P26446|PARP1_CHICK,931,NAS,Gallus gallus,9031,PARP1
sp|P26446|PARP1_CHICK,977,NDT,Gallus gallus,9031,PARP1
sp|P27092|INHBA_CHICK,73,NIT,Gallus gallus,9031,INHBA
sp|P27092|INHBA_CHICK,85,NAT,Gallus gallus,9031,INHBA
sp|P27092|INHBA_CHICK,165,NRS,Gallus gallus,9031,INHBA
sp|P27093|INHBB_CHICK,77,NIT,Gallus gallus,9031,INHBB
sp|P27177|PRIO_CHICK,194,NIT,Gallus gallus,9031,PRNP
sp|P27177|PRIO_CHICK,209,NTS,Gallus gallus,9031,PRNP
sp|P27177|PRIO_CHICK,218,NQT,Gallus gallus,9031,PRNP
sp|P27463|AL1A1_CHICK,397,NVT,Gallus gallus,9031,ALDH1A1
sp|P27463|AL1A1_CHICK,430,NNT,Gallus gallus,9031,ALDH1A1
sp|P27607|PGH2_CHICK,53,NCT,Gallus gallus,9031,PTGS2
sp|P27607|PGH2_CHICK,90,NIS,Gallus gallus,9031,PTGS2
sp|P27607|PGH2_CHICK,130,NLS,Gallus gallus,9031,PTGS2
sp|P27607|PGH2_CHICK,396,NNS,Gallus gallus,9031,PTGS2
sp|P27607|PGH2_CHICK,579,NVS,Gallus gallus,9031,PTGS2
sp|P27731|TTHY_CHICK,121,NDS,Gallus gallus,9031,TTR
sp|P28238|MIP_CHICK,197,NFT,Gallus gallus,9031,MIP
sp|P28693|EPHB2_CHICK,266,NGT,Gallus gallus,9031,EPHB2
sp|P28693|EPHB2_CHICK,337,NET,Gallus gallus,9031,EPHB2
sp|P28693|EPHB2_CHICK,429,NIT,Gallus gallus,9031,EPHB2
sp|P28693|EPHB2_CHICK,478,NLS,Gallus gallus,9031,EPHB2
sp|P28693|EPHB2_CHICK,483,NST,Gallus gallus,9031,EPHB2
sp|P28693|EPHB2_CHICK,722,NGS,Gallus gallus,9031,EPHB2
sp|P28701|RXRG_CHICK,51,NAS,Gallus gallus,9031,RXRG
sp|P28701|RXRG_CHICK,109,NVS,Gallus gallus,9031,RXRG
sp|P29318|EPHA3_CHICK,231,NHS,Gallus gallus,9031,EPHA3
sp|P29318|EPHA3_CHICK,336,NET,Gallus gallus,9031,EPHA3
sp|P29318|EPHA3_CHICK,390,NTT,Gallus gallus,9031,EPHA3
sp|P29318|EPHA3_CHICK,403,NYT,Gallus gallus,9031,EPHA3
sp|P29318|EPHA3_CHICK,492,NVT,Gallus gallus,9031,EPHA3
sp|P29318|EPHA3_CHICK,620,NIS,Gallus gallus,9031,EPHA3
sp|P29318|EPHA3_CHICK,704,NGS,Gallus gallus,9031,EPHA3
sp|P30371|TGFB2_CHICK,72,NST,Gallus gallus,9031,TGFB2
sp|P30371|TGFB2_CHICK,139,NAS,Gallus gallus,9031,TGFB2
sp|P30371|TGFB2_CHICK,240,NKS,Gallus gallus,9031,TGFB2
sp|P30372|ACM2_CHICK,2,NNS,Gallus gallus,9031,CHRM2
sp|P30372|ACM2_CHICK,8,NSS,Gallus gallus,9031,CHRM2
sp|P30372|ACM2_CHICK,111,NAS,Gallus gallus,9031,CHRM2
sp|P30372|ACM2_CHICK,287,NDS,Gallus gallus,9031,CHRM2
sp|P30372|ACM2_CHICK,344,NTT,Gallus gallus,9031,CHRM2
sp|P30372|ACM2_CHICK,432,NST,Gallus gallus,9031,CHRM2
sp|P30372|ACM2_CHICK,444,NAT,Gallus gallus,9031,CHRM2
sp|P30997|CTNA2_CHICK,40,NTS,Gallus gallus,9031,CTNNA2
sp|P30997|CTNA2_CHICK,165,NAT,Gallus gallus,9031,CTNNA2
sp|P30997|CTNA2_CHICK,216,NAT,Gallus gallus,9031,CTNNA2
sp|P30997|CTNA2_CHICK,352,NNT,Gallus gallus,9031,CTNNA2
sp|P30997|CTNA2_CHICK,738,NTS,Gallus gallus,9031,CTNNA2
sp|P31258|HXA11_CHICK,121,NVS,Gallus gallus,9031,HOXA11
sp|P31258|HXA11_CHICK,263,NLT,Gallus gallus,9031,HOXA11
sp|P31335|PUR9_CHICK,233,NGS,Gallus gallus,9031,ATIC
sp|P31335|PUR9_CHICK,408,NKT,Gallus gallus,9031,ATIC
sp|P31395|STMN1_CHICK,92,NFS,Gallus gallus,9031,STMN1
sp|P31696|AGRIN_CHICK,130,NSS,Gallus gallus,9031,AGRN
sp|P31696|AGRIN_CHICK,508,NRT,Gallus gallus,9031,AGRN
sp|P31696|AGRIN_CHICK,777,NMT,Gallus gallus,9031,AGRN
sp|P31696|AGRIN_CHICK,882,NGS,Gallus gallus,9031,AGRN
sp|P31696|AGRIN_CHICK,932,NMT,Gallus gallus,9031,AGRN
sp|P32018|COEA1_CHICK,138,NAS,Gallus gallus,9031,COL14A1
sp|P32018|COEA1_CHICK,1398,NIS,Gallus gallus,9031,COL14A1
sp|P32882|TBB2_CHICK,184,NAT,,,
sp|P32882|TBB2_CHICK,337,NSS,,,
sp|P32882|TBB2_CHICK,370,NST,,,
sp|P33150|CAD13_CHICK,86,NVS,Gallus gallus,9031,CDH13
sp|P33150|CAD13_CHICK,382,NLT,Gallus gallus,9031,CDH13
sp|P33150|CAD13_CHICK,500,NAT,Gallus gallus,9031,CDH13
sp|P33150|CAD13_CHICK,530,NGT,Gallus gallus,9031,CDH13
sp|P33150|CAD13_CHICK,638,NNT,Gallus gallus,9031,CDH13
sp|P33150|CAD13_CHICK,671,NNT,Gallus gallus,9031,CDH13
sp|P34904|GBRG4_CHICK,35,NKT,Gallus gallus,9031,GABRG4
sp|P34904|GBRG4_CHICK,112,NST,Gallus gallus,9031,GABRG4
sp|P34904|GBRG4_CHICK,230,NTS,Gallus gallus,9031,GABRG4
sp|P35331|NRCAM_CHICK,78,NGT,,,
sp|P35331|NRCAM_CHICK,218,NHT,,,
sp|P35331|NRCAM_CHICK,290,NRT,,,
sp|P35331|NRCAM_CHICK,409,NAS,,,
sp|P35331|NRCAM_CHICK,483,NGT,,,
sp|P35331|NRCAM_CHICK,576,NLT,,,
sp|P35331|NRCAM_CHICK,581,NVT,,,
sp|P35331|NRCAM_CHICK,595,NTT,,,
sp|P35331|NRCAM_CHICK,649,NNS,,,
sp|P35331|NRCAM_CHICK,692,NYS,,,
sp|P35331|NRCAM_CHICK,778,NVS,,,
sp|P35331|NRCAM_CHICK,834,NST,,,
sp|P35331|NRCAM_CHICK,885,NKT,,,
sp|P35331|NRCAM_CHICK,969,NNT,,,
sp|P35331|NRCAM_CHICK,985,NES,,,
sp|P35331|NRCAM_CHICK,995,NYS,,,
sp|P35331|NRCAM_CHICK,1048,NVT,,,
sp|P35331|NRCAM_CHICK,1059,NIS,,,
sp|P35331|NRCAM_CHICK,1091,NGS,,,
sp|P35331|NRCAM_CHICK,1268,NES,,,
sp|P35458|DCTN1_CHICK,628,NCT,Gallus gallus,9031,DCTN1
sp|P35458|DCTN1_CHICK,1032,NQS,Gallus gallus,9031,DCTN1
sp|P38529|HSF1_CHICK,19,NVS,Gallus gallus,9031,HSF1
sp|P38529|HSF1_CHICK,141,NVT,Gallus gallus,9031,HSF1
sp|P38529|HSF1_CHICK,219,NDS,Gallus gallus,9031,HSF1
sp|P38529|HSF1_CHICK,324,NST,Gallus gallus,9031,HSF1
sp|P38530|HSF2_CHICK,168,NES,Gallus gallus,9031,HSF2
sp|P38530|HSF2_CHICK,244,NRT,Gallus gallus,9031,HSF2
sp|P38530|HSF2_CHICK,297,NCS,Gallus gallus,9031,HSF2
sp|P38530|HSF2_CHICK,355,NQS,Gallus gallus,9031,HSF2
sp|P38531|HSF3_CHICK,66,NIS,Gallus gallus,9031,HSF3
sp|P38531|HSF3_CHICK,248,NRT,Gallus gallus,9031,HSF3
sp|P38531|HSF3_CHICK,263,NAT,Gallus gallus,9031,HSF3
sp|P38531|HSF3_CHICK,349,NNS,Gallus gallus,9031,HSF3
sp|P38531|HSF3_CHICK,463,NFS,Gallus gallus,9031,HSF3
sp|P40618|HMGB3_CHICK,133,NLS,Gallus gallus,9031,HMGB3
sp|P42292|CD166_CHICK,68,NGS,Gallus gallus,9031,ALCAM
sp|P42292|CD166_CHICK,101,NYT,Gallus gallus,9031,ALCAM
sp|P42292|CD166_CHICK,173,NVT,Gallus gallus,9031,ALCAM
sp|P42292|CD166_CHICK,199,NRS,Gallus gallus,9031,ALCAM
sp|P42292|CD166_CHICK,271,NVT,Gallus gallus,9031,ALCAM
sp|P42292|CD166_CHICK,312,NAT,Gallus gallus,9031,ALCAM
sp|P42292|CD166_CHICK,366,NAT,Gallus gallus,9031,ALCAM
sp|P42292|CD166_CHICK,462,NKT,Gallus gallus,9031,ALCAM
sp|P42292|CD166_CHICK,485,NVT,Gallus gallus,9031,ALCAM
sp|P42292|CD166_CHICK,504,NVS,Gallus gallus,9031,ALCAM
sp|P42683|LCK_CHICK,39,NVS,Gallus gallus,9031,LCK
sp|P42683|LCK_CHICK,130,NLS,Gallus gallus,9031,LCK
sp|P46896|GTR1_CHICK,44,NHT,Gallus gallus,9031,SLC2A1
sp|P46896|GTR1_CHICK,181,NDS,Gallus gallus,9031,SLC2A1
sp|P46896|GTR1_CHICK,410,NWT,Gallus gallus,9031,SLC2A1
sp|P47191|SYT1_CHICK,25,NVT,Gallus gallus,9031,SYT1
sp|P47191|SYT1_CHICK,343,NES,Gallus gallus,9031,SYT1
sp|P47191|SYT1_CHICK,384,NST,Gallus gallus,9031,SYT1
sp|P47807|MYO1A_CHICK,158,NSS,Gallus gallus,9031,MYO1A
sp|P47807|MYO1A_CHICK,365,NTS,Gallus gallus,9031,MYO1A
sp|P47807|MYO1A_CHICK,518,NVT,Gallus gallus,9031,MYO1A
sp|P47807|MYO1A_CHICK,595,NDT,Gallus gallus,9031,MYO1A
sp|P47990|XDH_CHICK,179,NGT,Gallus gallus,9031,XDH
sp|P47990|XDH_CHICK,213,NVT,Gallus gallus,9031,XDH
sp|P47990|XDH_CHICK,673,NIT,Gallus gallus,9031,XDH
sp|P47990|XDH_CHICK,922,NVS,Gallus gallus,9031,XDH
sp|P47990|XDH_CHICK,933,NLS,Gallus gallus,9031,XDH
sp|P47990|XDH_CHICK,1102,NTS,Gallus gallus,9031,XDH
sp|P48143|VIP_CHICK,137,NYS,Gallus gallus,9031,VIP
sp|P48430|SOX2_CHICK,216,NGS,Gallus gallus,9031,SOX2
sp|P48430|SOX2_CHICK,307,NGT,Gallus gallus,9031,SOX2
sp|P48434|SOX9_CHICK,96,NGS,Gallus gallus,9031,SOX9
sp|P48434|SOX9_CHICK,147,NES,Gallus gallus,9031,SOX9
sp|P48984|TEAD4_CHICK,15,NDS,Gallus gallus,9031,TEAD4
sp|P48984|TEAD4_CHICK,396,NFT,Gallus gallus,9031,TEAD4
sp|P49024|PAXI_CHICK,37,NHT,Gallus gallus,9031,PXN
sp|P49024|PAXI_CHICK,59,NGT,Gallus gallus,9031,PXN
sp|P49024|PAXI_CHICK,141,NLS,Gallus gallus,9031,PXN
sp|P49024|PAXI_CHICK,176,NVT,Gallus gallus,9031,PXN
sp|P49024|PAXI_CHICK,250,NAS,Gallus gallus,9031,PXN
sp|P49024|PAXI_CHICK,479,NGS,Gallus gallus,9031,PXN
sp|P49147|PA24A_CHICK,29,NVT,Gallus gallus,9031,PLA2G4A
sp|P49147|PA24A_CHICK,72,NET,Gallus gallus,9031,PLA2G4A
sp|P49147|PA24A_CHICK,126,NVT,Gallus gallus,9031,PLA2G4A
sp|P49147|PA24A_CHICK,180,NLT,Gallus gallus,9031,PLA2G4A
sp|P49147|PA24A_CHICK,432,NDS,Gallus gallus,9031,PLA2G4A
sp|P49147|PA24A_CHICK,458,NSS,Gallus gallus,9031,PLA2G4A
sp|P49147|PA24A_CHICK,746,NHT,Gallus gallus,9031,PLA2G4A
sp|P49337|WNT4_CHICK,21,NAS,Gallus gallus,9031,WNT4
sp|P49337|WNT4_CHICK,88,NCS,Gallus gallus,9031,WNT4
sp|P49337|WNT4_CHICK,297,NKT,Gallus gallus,9031,WNT4
sp|P49339|WNT11_CHICK,40,NQT,Gallus gallus,9031,WNT11
sp|P49339|WNT11_CHICK,90,NCS,Gallus gallus,9031,WNT11
sp|P49339|WNT11_CHICK,300,NKT,Gallus gallus,9031,WNT11
sp|P49339|WNT11_CHICK,304,NGS,Gallus gallus,9031,WNT11
sp|P49581|ACHA6_CHICK,54,NVS,Gallus gallus,9031,CHRNA6
sp|P49581|ACHA6_CHICK,171,NCS,Gallus gallus,9031,CHRNA6
sp|P49581|ACHA6_CHICK,365,NIS,Gallus gallus,9031,CHRNA6
sp|P49581|ACHA6_CHICK,450,NET,Gallus gallus,9031,CHRNA6
sp|P50146|GNAI1_CHICK,141,NRS,Gallus gallus,9031,GNAI1
sp|P50146|GNAI1_CHICK,149,NDS,Gallus gallus,9031,GNAI1
sp|P50211|ISL1_CHICK,313,NFS,Gallus gallus,9031,ISL1
sp|P50211|ISL1_CHICK,322,NST,Gallus gallus,9031,ISL1
sp|P50577|DLX5_CHICK,80,NGS,Gallus gallus,9031,DLX5
sp|P50593|GPC1_CHICK,76,NKS,Gallus gallus,9031,GPC1
sp|P50593|GPC1_CHICK,113,NKS,Gallus gallus,9031,GPC1
sp|P50593|GPC1_CHICK,382,NLT,Gallus gallus,9031,GPC1
sp|P51027|NRAM1_CHICK,329,NSS,Gallus gallus,9031,SLC11A1
sp|P51027|NRAM1_CHICK,343,NET,Gallus gallus,9031,SLC11A1
sp|P51030|WNT8C_CHICK,104,NCS,Gallus gallus,9031,WNT8C
sp|P51030|WNT8C_CHICK,263,NAS,Gallus gallus,9031,WNT8C
sp|P51030|WNT8C_CHICK,282,NLS,Gallus gallus,9031,WNT8C
sp|P51030|WNT8C_CHICK,346,NHT,Gallus gallus,9031,WNT8C
sp|P51475|OPSP_CHICK,4,NSS,,,
sp|P51475|OPSP_CHICK,11,NGT,,,
sp|P51475|OPSP_CHICK,192,NNS,,,
sp|P51901|ANXA6_CHICK,19,NAS,Gallus gallus,9031,ANXA6
sp|P51901|ANXA6_CHICK,513,NLT,Gallus gallus,9031,ANXA6
sp|P51901|ANXA6_CHICK,536,NDS,Gallus gallus,9031,ANXA6
sp|P52731|PDE6C_CHICK,116,NVT,Gallus gallus,9031,PDE6C
sp|P52731|PDE6C_CHICK,201,NAS,Gallus gallus,9031,PDE6C
sp|P53352|INCE_CHICK,181,NHS,Gallus gallus,9031,INCENP
sp|P53352|INCE_CHICK,226,NKS,Gallus gallus,9031,INCENP
sp|P53352|INCE_CHICK,346,NGS,Gallus gallus,9031,INCENP
sp|P53411|LHX1_CHICK,37,NLT,Gallus gallus,9031,LHX1
sp|P53411|LHX1_CHICK,120,NNS,Gallus gallus,9031,LHX1
sp|P53411|LHX1_CHICK,160,NVS,Gallus gallus,9031,LHX1
sp|P53412|LHX3_CHICK,174,NNS,Gallus gallus,9031,LHX3
sp|P53412|LHX3_CHICK,273,NLS,Gallus gallus,9031,LHX3
sp|P54097|TECTB_CHICK,80,NKS,Gallus gallus,9031,TECTB
sp|P54097|TECTB_CHICK,104,NDS,Gallus gallus,9031,TECTB
sp|P54097|TECTB_CHICK,116,NYS,Gallus gallus,9031,TECTB
sp|P54097|TECTB_CHICK,145,NGS,Gallus gallus,9031,TECTB
sp|P54755|EPHA5_CHICK,240,NHS,Gallus gallus,9031,EPHA5
sp|P54755|EPHA5_CHICK,275,NNT,Gallus gallus,9031,EPHA5
sp|P54755|EPHA5_CHICK,345,NET,Gallus gallus,9031,EPHA5
sp|P54755|EPHA5_CHICK,399,NTS,Gallus gallus,9031,EPHA5
sp|P54755|EPHA5_CHICK,412,NYT,Gallus gallus,9031,EPHA5
sp|P54755|EPHA5_CHICK,437,NVT,Gallus gallus,9031,EPHA5
sp|P54755|EPHA5_CHICK,734,NGS,Gallus gallus,9031,EPHA5
sp|P54755|EPHA5_CHICK,923,NAS,Gallus gallus,9031,EPHA5
sp|P54939|TLN1_CHICK,188,NET,Gallus gallus,9031,TLN1
sp|P54939|TLN1_CHICK,225,NGS,Gallus gallus,9031,TLN1
sp|P54939|TLN1_CHICK,288,NMS,Gallus gallus,9031,TLN1
sp|P54939|TLN1_CHICK,500,NSS,Gallus gallus,9031,TLN1
sp|P54939|TLN1_CHICK,559,NLT,Gallus gallus,9031,TLN1
sp|P54939|TLN1_CHICK,583,NLT,Gallus gallus,9031,TLN1
sp|P54939|TLN1_CHICK,807,NVT,Gallus gallus,9031,TLN1
sp|P54939|TLN1_CHICK,1092,NST,Gallus gallus,9031,TLN1
sp|P54939|TLN1_CHICK,1114,NYT,Gallus gallus,9031,TLN1
sp|P54939|TLN1_CHICK,1140,NSS,Gallus gallus,9031,TLN1
sp|P54939|TLN1_CHICK,1231,NKT,Gallus gallus,9031,TLN1
sp|P54939|TLN1_CHICK,1249,NQS,Gallus gallus,9031,TLN1
sp|P54939|TLN1_CHICK,1533,NST,Gallus gallus,9031,TLN1
sp|P54939|TLN1_CHICK,1570,NLT,Gallus gallus,9031,TLN1
sp|P54939|TLN1_CHICK,2035,NAT,Gallus gallus,9031,TLN1
sp|P54939|TLN1_CHICK,2123,NVT,Gallus gallus,9031,TLN1
sp|P54939|TLN1_CHICK,2205,NLS,Gallus gallus,9031,TLN1
sp|P56517|HDAC1_CHICK,83,NMS,Gallus gallus,9031,HDAC1
sp|P56517|HDAC1_CHICK,275,NLT,Gallus gallus,9031,HDAC1
sp|P56517|HDAC1_CHICK,349,NMT,Gallus gallus,9031,HDAC1
sp|P56519|HDAC2_CHICK,84,NMS,Gallus gallus,9031,HDAC2
sp|P56519|HDAC2_CHICK,276,NLT,Gallus gallus,9031,HDAC2
sp|P56519|HDAC2_CHICK,350,NMT,Gallus gallus,9031,HDAC2
sp|P56520|HDAC3_CHICK,270,NLS,Gallus gallus,9031,HDAC3
sp|P56520|HDAC3_CHICK,403,NYS,Gallus gallus,9031,HDAC3
sp|P56732|AVR2_CHICK,67,NIT,Gallus gallus,9031,AVR2
sp|P56732|AVR2_CHICK,93,NFS,Gallus gallus,9031,AVR2
sp|P60706|ACTB_CHICK,12,NGS,Gallus gallus,9031,ACTB
sp|P60878|SNP25_CHICK,77,NLT,Gallus gallus,9031,SNAP25
sp|P60878|SNP25_CHICK,188,NKT,Gallus gallus,9031,SNAP25
sp|P63247|RACK1_CHICK,159,NSS,Gallus gallus,9031,RACK1
sp|P63270|ACTH_CHICK,13,NGS,Gallus gallus,9031,ACTG2
sp|P67962|KC1A_CHICK,36,NIT,Gallus gallus,9031,CSNK1A1
sp|P67962|KC1A_CHICK,167,NRT,Gallus gallus,9031,CSNK1A1
sp|P67962|KC1A_CHICK,180,NLT,Gallus gallus,9031,CSNK1A1
sp|P67962|KC1A_CHICK,215,NRT,Gallus gallus,9031,CSNK1A1
sp|P67964|VEGFA_CHICK,101,NVT,Gallus gallus,9031,VEGFA
sp|P67966|CSRP1_CHICK,104,NAS,Gallus gallus,9031,CSRP1
sp|P68034|ACTC_CHICK,14,NGS,Gallus gallus,9031,ACTC1
sp|P68139|ACTS_CHICK,14,NGS,Gallus gallus,9031,ACTA1
sp|P79761|CP1A5_CHICK,153,NFS,Gallus gallus,9031,CYP1A5
sp|P79762|ZP3_CHICK,159,NVS,Gallus gallus,9031,ZP3
sp|P79795|NRP1_CHICK,148,NFT,Gallus gallus,9031,NRP1
sp|P79795|NRP1_CHICK,259,NYS,Gallus gallus,9031,NRP1
sp|P79795|NRP1_CHICK,520,NGS,Gallus gallus,9031,NRP1
sp|P79795|NRP1_CHICK,817,NQT,Gallus gallus,9031,NRP1
sp|P79795|NRP1_CHICK,883,NLS,Gallus gallus,9031,NRP1
sp|P79987|HIRA_CHICK,244,NNS,Gallus gallus,9031,HIRA
sp|P79987|HIRA_CHICK,287,NGS,Gallus gallus,9031,HIRA
sp|P79987|HIRA_CHICK,417,NAS,Gallus gallus,9031,HIRA
sp|P79987|HIRA_CHICK,517,NTS,Gallus gallus,9031,HIRA
sp|P79987|HIRA_CHICK,543,NAT,Gallus gallus,9031,HIRA
sp|P79987|HIRA_CHICK,592,NQT,Gallus gallus,9031,HIRA
sp|P80566|SODC_CHICK,87,NVT,Gallus gallus,9031,SOD1
sp|P80566|SODC_CHICK,132,NES,Gallus gallus,9031,SOD1
sp|P83038|HDAC4_CHICK,303,NNS,Gallus gallus,9031,HDAC4
sp|P83038|HDAC4_CHICK,308,NIS,Gallus gallus,9031,HDAC4
sp|P83038|HDAC4_CHICK,352,NIT,Gallus gallus,9031,HDAC4
sp|P83038|HDAC4_CHICK,826,NVS,Gallus gallus,9031,HDAC4
sp|P83038|HDAC4_CHICK,841,NGT,Gallus gallus,9031,HDAC4
sp|P83038|HDAC4_CHICK,943,NLS,Gallus gallus,9031,HDAC4
sp|P84023|SMAD3_CHICK,207,NLS,Gallus gallus,9031,SMAD3
sp|P87498|VIT1_CHICK,163,NTT,Gallus gallus,9031,VTG1
sp|P87498|VIT1_CHICK,991,NAS,Gallus gallus,9031,VTG1
sp|P87498|VIT1_CHICK,1206,NRS,Gallus gallus,9031,VTG1
sp|P87498|VIT1_CHICK,1375,NSS,Gallus gallus,9031,VTG1
sp|P87498|VIT1_CHICK,1662,NKS,Gallus gallus,9031,VTG1
sp|P87498|VIT1_CHICK,1698,NTS,Gallus gallus,9031,VTG1
sp|P87498|VIT1_CHICK,1703,NIT,Gallus gallus,9031,VTG1
sp|P98150|NFKB2_CHICK,203,NFT,Gallus gallus,9031,NFKB2
sp|P98150|NFKB2_CHICK,371,NLS,Gallus gallus,9031,NFKB2
sp|P98150|NFKB2_CHICK,506,NIT,Gallus gallus,9031,NFKB2
sp|P98157|LRP1_CHICK,116,NCT,Gallus gallus,9031,LRP1
sp|P98157|LRP1_CHICK,138,NNS,Gallus gallus,9031,LRP1
sp|P98157|LRP1_CHICK,187,NRS,Gallus gallus,9031,LRP1
sp|P98157|LRP1_CHICK,223,NIT,Gallus gallus,9031,LRP1
sp|P98157|LRP1_CHICK,276,NIS,Gallus gallus,9031,LRP1
sp|P98157|LRP1_CHICK,359,NRT,Gallus gallus,9031,LRP1
sp|P98157|LRP1_CHICK,448,NST,Gallus gallus,9031,LRP1
sp|P98157|LRP1_CHICK,731,NGT,Gallus gallus,9031,LRP1
sp|P98157|LRP1_CHICK,926,NST,Gallus gallus,9031,LRP1
sp|P98157|LRP1_CHICK,1048,NCT,Gallus gallus,9031,LRP1
sp|P98157|LRP1_CHICK,1152,NNT,Gallus gallus,9031,LRP1
sp|P98157|LRP1_CHICK,1193,NCT,Gallus gallus,9031,LRP1
sp|P98157|LRP1_CHICK,1216,NKT,Gallus gallus,9031,LRP1
sp|P98157|LRP1_CHICK,1305,NQS,Gallus gallus,9031,LRP1
sp|P98157|LRP1_CHICK,1509,NVT,Gallus gallus,9031,LRP1
sp|P98157|LRP1_CHICK,1556,NRT,Gallus gallus,9031,LRP1
sp|P98157|LRP1_CHICK,1573,NTT,Gallus gallus,9031,LRP1
sp|P98157|LRP1_CHICK,1614,NVT,Gallus gallus,9031,LRP1
sp|P98157|LRP1_CHICK,1643,NGT,Gallus gallus,9031,LRP1
sp|P98157|LRP1_CHICK,1721,NIS,Gallus gallus,9031,LRP1
sp|P98157|LRP1_CHICK,1731,NRT,Gallus gallus,9031,LRP1
sp|P98157|LRP1_CHICK,1761,NGT,Gallus gallus,9031,LRP1
sp|P98157|LRP1_CHICK,1823,NST,Gallus gallus,9031,LRP1
sp|P98157|LRP1_CHICK,1929,NDT,Gallus gallus,9031,LRP1
sp|P98157|LRP1_CHICK,1991,NGS,Gallus gallus,9031,LRP1
sp|P98157|LRP1_CHICK,2044,NVS,Gallus gallus,9031,LRP1
sp|P98157|LRP1_CHICK,2113,NGS,Gallus gallus,9031,LRP1
sp|P98157|LRP1_CHICK,2123,NAT,Gallus gallus,9031,LRP1
sp|P98157|LRP1_CHICK,2466,NDT,Gallus gallus,9031,LRP1
sp|P98157|LRP1_CHICK,2496,NCS,Gallus gallus,9031,LRP1
sp|P98157|LRP1_CHICK,2515,NST,Gallus gallus,9031,LRP1
sp|P98157|LRP1_CHICK,2595,NKT,Gallus gallus,9031,LRP1
sp|P98157|LRP1_CHICK,2614,NSS,Gallus gallus,9031,LRP1
sp|P98157|LRP1_CHICK,2632,NCT,Gallus gallus,9031,LRP1
sp|P98157|LRP1_CHICK,2813,NNT,Gallus gallus,9031,LRP1
sp|P98157|LRP1_CHICK,2903,NDS,Gallus gallus,9031,LRP1
sp|P98157|LRP1_CHICK,3045,NYT,Gallus gallus,9031,LRP1
sp|P98157|LRP1_CHICK,3086,NGS,Gallus gallus,9031,LRP1
sp|P98157|LRP1_CHICK,3176,NRS,Gallus gallus,9031,LRP1
sp|P98157|LRP1_CHICK,3261,NKT,Gallus gallus,9031,LRP1
sp|P98157|LRP1_CHICK,3330,NCT,Gallus gallus,9031,LRP1
sp|P98157|LRP1_CHICK,3485,NCT,Gallus gallus,9031,LRP1
sp|P98157|LRP1_CHICK,3659,NNT,Gallus gallus,9031,LRP1
sp|P98157|LRP1_CHICK,3786,NTT,Gallus gallus,9031,LRP1
sp|P98157|LRP1_CHICK,3837,NNT,Gallus gallus,9031,LRP1
sp|P98157|LRP1_CHICK,3952,NIS,Gallus gallus,9031,LRP1
sp|P98157|LRP1_CHICK,4074,NGT,Gallus gallus,9031,LRP1
sp|P98157|LRP1_CHICK,4124,NLT,Gallus gallus,9031,LRP1
sp|P98157|LRP1_CHICK,4178,NGT,Gallus gallus,9031,LRP1
sp|P98157|LRP1_CHICK,4278,NGS,Gallus gallus,9031,LRP1
sp|P98157|LRP1_CHICK,4500,NFT,Gallus gallus,9031,LRP1
sp|Q00944|FAK1_CHICK,11,NHT,Gallus gallus,9031,PTK2
sp|Q00944|FAK1_CHICK,45,NSS,Gallus gallus,9031,PTK2
sp|Q00944|FAK1_CHICK,458,NCT,Gallus gallus,9031,PTK2
sp|Q00944|FAK1_CHICK,928,NVT,Gallus gallus,9031,PTK2
sp|Q01406|SRC8_CHICK,354,NKT,Gallus gallus,9031,CTTN1
sp|Q01406|SRC8_CHICK,444,NSS,Gallus gallus,9031,CTTN1
sp|Q01635|LAMB1_CHICK,52,NVT,Gallus gallus,9031,LAMB1
sp|Q01635|LAMB1_CHICK,288,NTS,Gallus gallus,9031,LAMB1
sp|Q01841|TGM2_CHICK,425,NIS,Gallus gallus,9031,TGM2
sp|Q01841|TGM2_CHICK,485,NGS,Gallus gallus,9031,TGM2
sp|Q01841|TGM2_CHICK,497,NDT,Gallus gallus,9031,TGM2
sp|Q01841|TGM2_CHICK,531,NLS,Gallus gallus,9031,TGM2
sp|Q01841|TGM2_CHICK,554,NLT,Gallus gallus,9031,TGM2
sp|Q02020|FIBB_CHICK,367,NRT,Gallus gallus,9031,FGB
sp|Q02092|GHR_CHICK,16,NDS,Gallus gallus,9031,GHR
sp|Q02092|GHR_CHICK,86,NTS,Gallus gallus,9031,GHR
sp|Q02092|GHR_CHICK,127,NWT,Gallus gallus,9031,GHR
sp|Q02092|GHR_CHICK,132,NTS,Gallus gallus,9031,GHR
sp|Q02092|GHR_CHICK,171,NET,Gallus gallus,9031,GHR
sp|Q02092|GHR_CHICK,496,NFT,Gallus gallus,9031,GHR
sp|Q02092|GHR_CHICK,580,NAT,Gallus gallus,9031,GHR
sp|Q02092|GHR_CHICK,592,NMS,Gallus gallus,9031,GHR
sp|Q02440|MYO5A_CHICK,156,NQS,Gallus gallus,9031,MYO5A
sp|Q02440|MYO5A_CHICK,216,NSS,Gallus gallus,9031,MYO5A
sp|Q02440|MYO5A_CHICK,652,NAT,Gallus gallus,9031,MYO5A
sp|Q02440|MYO5A_CHICK,981,NAT,Gallus gallus,9031,MYO5A
sp|Q02440|MYO5A_CHICK,1121,NES,Gallus gallus,9031,MYO5A
sp|Q02440|MYO5A_CHICK,1424,NIS,Gallus gallus,9031,MYO5A
sp|Q02440|MYO5A_CHICK,1696,NVS,Gallus gallus,9031,MYO5A
sp|Q02977|YRK_CHICK,112,NNT,Gallus gallus,9031,YRK
sp|Q02977|YRK_CHICK,290,NGT,Gallus gallus,9031,YRK
sp|Q03669|AT2A2_CHICK,19,NES,Gallus gallus,9031,ATP2A2
sp|Q03669|AT2A2_CHICK,421,NDS,Gallus gallus,9031,ATP2A2
sp|Q03669|AT2A2_CHICK,589,NLT,Gallus gallus,9031,ATP2A2
sp|Q03669|AT2A2_CHICK,738,NFS,Gallus gallus,9031,ATP2A2
sp|Q03669|AT2A2_CHICK,918,NQS,Gallus gallus,9031,ATP2A2
sp|Q03669|AT2A2_CHICK,962,NVT,Gallus gallus,9031,ATP2A2
sp|Q03669|AT2A2_CHICK,1035,NFS,Gallus gallus,9031,ATP2A2
sp|Q04619|HS90B_CHICK,46,NAS,Gallus gallus,9031,HSP90AB1
sp|Q04619|HS90B_CHICK,284,NKT,Gallus gallus,9031,HSP90AB1
sp|Q04619|HS90B_CHICK,390,NIS,Gallus gallus,9031,HSP90AB1
sp|Q04619|HS90B_CHICK,615,NST,Gallus gallus,9031,HSP90AB1
sp|Q04861|NFKB1_CHICK,30,NNT,Gallus gallus,9031,NFKB1
sp|Q04861|NFKB1_CHICK,251,NAS,Gallus gallus,9031,NFKB1
sp|Q04861|NFKB1_CHICK,327,NIT,Gallus gallus,9031,NFKB1
sp|Q04861|NFKB1_CHICK,374,NFS,Gallus gallus,9031,NFKB1
sp|Q04861|NFKB1_CHICK,434,NST,Gallus gallus,9031,NFKB1
sp|Q04861|NFKB1_CHICK,811,NES,Gallus gallus,9031,NFKB1
sp|Q04861|NFKB1_CHICK,830,NWS,Gallus gallus,9031,NFKB1
sp|Q04929|CRK_CHICK,271,NMS,Gallus gallus,9031,CRK
sp|Q04982|BRAF_CHICK,105,NGT,Gallus gallus,9031,BRAF
sp|Q04982|BRAF_CHICK,486,NVT,Gallus gallus,9031,BRAF
sp|Q05063|LYOX_CHICK,78,NGS,Gallus gallus,9031,LOX
sp|Q05199|NRG1_CHICK,21,NSS,Gallus gallus,9031,NRG1
sp|Q05199|NRG1_CHICK,113,NDS,Gallus gallus,9031,NRG1
sp|Q05199|NRG1_CHICK,126,NAT,Gallus gallus,9031,NRG1
sp|Q05199|NRG1_CHICK,572,NRT,Gallus gallus,9031,NRG1
sp|Q05437|PRRX1_CHICK,33,NFS,Gallus gallus,9031,PRRX1
sp|Q05437|PRRX1_CHICK,97,NRT,Gallus gallus,9031,PRRX1
sp|Q05437|PRRX1_CHICK,102,NSS,Gallus gallus,9031,PRRX1
sp|Q05437|PRRX1_CHICK,132,NLT,Gallus gallus,9031,PRRX1
sp|Q05437|PRRX1_CHICK,161,NAS,Gallus gallus,9031,PRRX1
sp|Q05437|PRRX1_CHICK,211,NAS,Gallus gallus,9031,PRRX1
sp|Q05438|BMR1B_CHICK,44,NST,Gallus gallus,9031,BMPR1B
sp|Q05438|BMR1B_CHICK,284,NGS,Gallus gallus,9031,BMPR1B
sp|Q05438|BMR1B_CHICK,343,NGT,Gallus gallus,9031,BMPR1B
sp|Q05744|CATD_CHICK,133,NGT,Gallus gallus,9031,CTSD
sp|Q05744|CATD_CHICK,251,NVT,Gallus gallus,9031,CTSD
sp|Q05744|CATD_CHICK,389,NDS,Gallus gallus,9031,CTSD
sp|Q05826|CEBPB_CHICK,208,NLS,Gallus gallus,9031,CEBPB
sp|Q05876|FYN_CHICK,68,NSS,Gallus gallus,9031,FYN
sp|Q05876|FYN_CHICK,113,NSS,Gallus gallus,9031,FYN
sp|Q05876|FYN_CHICK,241,NLT,Gallus gallus,9031,FYN
sp|Q05876|FYN_CHICK,248,NNT,Gallus gallus,9031,FYN
sp|Q05917|HME2_CHICK,240,NES,Gallus gallus,9031,EN2
sp|Q05917|HME2_CHICK,276,NHS,Gallus gallus,9031,EN2
sp|Q06066|YBOX1_CHICK,33,NGS,Gallus gallus,9031,YBX1
sp|Q06066|YBOX1_CHICK,75,NDT,Gallus gallus,9031,YBX1
sp|Q06066|YBOX1_CHICK,121,NVT,Gallus gallus,9031,YBX1
sp|Q06066|YBOX1_CHICK,309,NTS,Gallus gallus,9031,YBX1
sp|Q06A37|CHD7_CHICK,294,NFS,Gallus gallus,9031,CHD7
sp|Q06A37|CHD7_CHICK,308,NNS,Gallus gallus,9031,CHD7
sp|Q06A37|CHD7_CHICK,327,NNT,Gallus gallus,9031,CHD7
sp|Q06A37|CHD7_CHICK,339,NNT,Gallus gallus,9031,CHD7
sp|Q06A37|CHD7_CHICK,344,NQS,Gallus gallus,9031,CHD7
sp|Q06A37|CHD7_CHICK,633,NLS,Gallus gallus,9031,CHD7
sp|Q06A37|CHD7_CHICK,689,NTT,Gallus gallus,9031,CHD7
sp|Q06A37|CHD7_CHICK,786,NTS,Gallus gallus,9031,CHD7
sp|Q06A37|CHD7_CHICK,833,NFS,Gallus gallus,9031,CHD7
sp|Q06A37|CHD7_CHICK,1375,NLT,Gallus gallus,9031,CHD7
sp|Q06A37|CHD7_CHICK,1448,NAT,Gallus gallus,9031,CHD7
sp|Q06A37|CHD7_CHICK,1520,NRT,Gallus gallus,9031,CHD7
sp|Q06A37|CHD7_CHICK,1682,NHS,Gallus gallus,9031,CHD7
sp|Q06A37|CHD7_CHICK,1905,NTS,Gallus gallus,9031,CHD7
sp|Q06A37|CHD7_CHICK,2275,NAS,Gallus gallus,9031,CHD7
sp|Q06A37|CHD7_CHICK,2395,NLS,Gallus gallus,9031,CHD7
sp|Q06A37|CHD7_CHICK,2459,NFS,Gallus gallus,9031,CHD7
sp|Q06A37|CHD7_CHICK,2471,NVS,Gallus gallus,9031,CHD7
sp|Q06A37|CHD7_CHICK,2501,NGS,Gallus gallus,9031,CHD7
sp|Q06A37|CHD7_CHICK,2828,NAT,Gallus gallus,9031,CHD7
sp|Q06A37|CHD7_CHICK,2873,NGS,Gallus gallus,9031,CHD7
sp|Q07212|THY1_CHICK,42,NKT,Gallus gallus,9031,THY1
sp|Q07212|THY1_CHICK,78,NVT,Gallus gallus,9031,THY1
sp|Q07212|THY1_CHICK,118,NIT,Gallus gallus,9031,THY1
sp|Q07212|THY1_CHICK,138,NTS,Gallus gallus,9031,THY1
sp|Q07494|EPHB1_CHICK,315,NET,Gallus gallus,9031,EPHB1
sp|Q07494|EPHB1_CHICK,395,NKS,Gallus gallus,9031,EPHB1
sp|Q07494|EPHB1_CHICK,407,NIT,Gallus gallus,9031,EPHB1
sp|Q07494|EPHB1_CHICK,480,NSS,Gallus gallus,9031,EPHB1
sp|Q07496|EPHA4_CHICK,235,NNS,Gallus gallus,9031,EPHA4
sp|Q07496|EPHA4_CHICK,340,NET,Gallus gallus,9031,EPHA4
sp|Q07496|EPHA4_CHICK,408,NYT,Gallus gallus,9031,EPHA4
sp|Q07496|EPHA4_CHICK,704,NGS,Gallus gallus,9031,EPHA4
sp|Q07496|EPHA4_CHICK,931,NFT,Gallus gallus,9031,EPHA4
sp|Q07497|EPHB5_CHICK,446,NVS,Gallus gallus,9031,EPHB5
sp|Q07497|EPHB5_CHICK,515,NLS,Gallus gallus,9031,EPHB5
sp|Q07497|EPHB5_CHICK,720,NGS,Gallus gallus,9031,EPHB5
sp|Q07498|EPHB3_CHICK,323,NET,Gallus gallus,9031,EPHB3
sp|Q07498|EPHB3_CHICK,418,NIT,Gallus gallus,9031,EPHB3
sp|Q07498|EPHB3_CHICK,577,NST,Gallus gallus,9031,EPHB3
sp|Q07498|EPHB3_CHICK,981,NQT,Gallus gallus,9031,EPHB3
sp|Q07598|SCP2_CHICK,191,NHS,Gallus gallus,9031,SCP2
sp|Q07816|B2CL1_CHICK,33,NRT,Gallus gallus,9031,BCL2L1
sp|Q07816|B2CL1_CHICK,48,NGS,Gallus gallus,9031,BCL2L1
sp|Q08156|KIT_CHICK,76,NAT,Gallus gallus,9031,KIT
sp|Q08156|KIT_CHICK,135,NFT,Gallus gallus,9031,KIT
sp|Q08156|KIT_CHICK,149,NMT,Gallus gallus,9031,KIT
sp|Q08156|KIT_CHICK,269,NDS,Gallus gallus,9031,KIT
sp|Q08156|KIT_CHICK,286,NAT,Gallus gallus,9031,KIT
sp|Q08156|KIT_CHICK,306,NTT,Gallus gallus,9031,KIT
sp|Q08156|KIT_CHICK,318,NLT,Gallus gallus,9031,KIT
sp|Q08156|KIT_CHICK,338,NET,Gallus gallus,9031,KIT
sp|Q08156|KIT_CHICK,343,NSS,Gallus gallus,9031,KIT
sp|Q08156|KIT_CHICK,356,NNS,Gallus gallus,9031,KIT
sp|Q08156|KIT_CHICK,453,NSS,Gallus gallus,9031,KIT
sp|Q08156|KIT_CHICK,469,NAS,Gallus gallus,9031,KIT
sp|Q08156|KIT_CHICK,804,NDS,Gallus gallus,9031,KIT
sp|Q08156|KIT_CHICK,923,NFS,Gallus gallus,9031,KIT
sp|Q08156|KIT_CHICK,933,NAT,Gallus gallus,9031,KIT
sp|Q0GGW5|STK11_CHICK,187,NGT,Gallus gallus,9031,STK11
sp|Q0GGW5|STK11_CHICK,247,NIT,Gallus gallus,9031,STK11
sp|Q0GGW5|STK11_CHICK,397,NGT,Gallus gallus,9031,STK11
sp|Q0ZM14|PCD15_CHICK,52,NGT,Gallus gallus,9031,Pcdh15
sp|Q0ZM14|PCD15_CHICK,97,NST,Gallus gallus,9031,Pcdh15
sp|Q0ZM14|PCD15_CHICK,201,NRT,Gallus gallus,9031,Pcdh15
sp|Q0ZM14|PCD15_CHICK,272,NNT,Gallus gallus,9031,Pcdh15
sp|Q0ZM14|PCD15_CHICK,341,NLT,Gallus gallus,9031,Pcdh15
sp|Q0ZM14|PCD15_CHICK,419,NLT,Gallus gallus,9031,Pcdh15
sp|Q0ZM14|PCD15_CHICK,511,NIS,Gallus gallus,9031,Pcdh15
sp|Q0ZM14|PCD15_CHICK,610,NQS,Gallus gallus,9031,Pcdh15
sp|Q0ZM14|PCD15_CHICK,662,NLS,Gallus gallus,9031,Pcdh15
sp|Q0ZM14|PCD15_CHICK,724,NLS,Gallus gallus,9031,Pcdh15
sp|Q0ZM14|PCD15_CHICK,768,NGS,Gallus gallus,9031,Pcdh15
sp|Q0ZM14|PCD15_CHICK,821,NAS,Gallus gallus,9031,Pcdh15
sp|Q0ZM14|PCD15_CHICK,851,NVT,Gallus gallus,9031,Pcdh15
sp|Q0ZM14|PCD15_CHICK,1018,NTT,Gallus gallus,9031,Pcdh15
sp|Q0ZM14|PCD15_CHICK,1064,NQT,Gallus gallus,9031,Pcdh15
sp|Q0ZM14|PCD15_CHICK,1084,NRT,Gallus gallus,9031,Pcdh15
sp|Q0ZM14|PCD15_CHICK,1175,NYS,Gallus gallus,9031,Pcdh15
sp|Q0ZM14|PCD15_CHICK,1481,NGS,Gallus gallus,9031,Pcdh15
sp|Q0ZM14|PCD15_CHICK,1494,NIT,Gallus gallus,9031,Pcdh15
sp|Q0ZM14|PCD15_CHICK,1880,NLS,Gallus gallus,9031,Pcdh15
sp|Q10751|ACE_CHICK,42,NST,Gallus gallus,9031,ACE
sp|Q10751|ACE_CHICK,62,NLT,Gallus gallus,9031,ACE
sp|Q10751|ACE_CHICK,80,NFT,Gallus gallus,9031,ACE
sp|Q10751|ACE_CHICK,99,NFS,Gallus gallus,9031,ACE
sp|Q10751|ACE_CHICK,148,NGT,Gallus gallus,9031,ACE
sp|Q10751|ACE_CHICK,304,NAT,Gallus gallus,9031,ACE
sp|Q10751|ACE_CHICK,495,NES,Gallus gallus,9031,ACE
sp|Q10751|ACE_CHICK,535,NHT,Gallus gallus,9031,ACE
sp|Q10751|ACE_CHICK,573,NLT,Gallus gallus,9031,ACE
sp|Q10751|ACE_CHICK,601,NKT,Gallus gallus,9031,ACE
sp|Q10751|ACE_CHICK,643,NST,Gallus gallus,9031,ACE
sp|Q10751|ACE_CHICK,663,NIT,Gallus gallus,9031,ACE
sp|Q10751|ACE_CHICK,746,NNT,Gallus gallus,9031,ACE
sp|Q10751|ACE_CHICK,1177,NMS,Gallus gallus,9031,ACE
sp|Q11200|SIA4A_CHICK,81,NST,Gallus gallus,9031,ST3GAL1
sp|Q11200|SIA4A_CHICK,116,NDT,Gallus gallus,9031,ST3GAL1
sp|Q11200|SIA4A_CHICK,203,NVS,Gallus gallus,9031,ST3GAL1
sp|Q11200|SIA4A_CHICK,229,NFT,Gallus gallus,9031,ST3GAL1
sp|Q11200|SIA4A_CHICK,306,NAS,Gallus gallus,9031,ST3GAL1
sp|Q11200|SIA4A_CHICK,325,NVT,Gallus gallus,9031,ST3GAL1
sp|Q1G7G9|TALD3_CHICK,189,NAS,Gallus gallus,9031,TALPID3
sp|Q1G7G9|TALD3_CHICK,420,NSS,Gallus gallus,9031,TALPID3
sp|Q1G7G9|TALD3_CHICK,632,NIS,Gallus gallus,9031,TALPID3
sp|Q1G7G9|TALD3_CHICK,893,NFT,Gallus gallus,9031,TALPID3
sp|Q1G7G9|TALD3_CHICK,1282,NLT,Gallus gallus,9031,TALPID3
sp|Q1PRL4|LIN41_CHICK,28,NSS,Gallus gallus,9031,TRIM71
sp|Q1PRL4|LIN41_CHICK,553,NGT,Gallus gallus,9031,TRIM71
sp|Q1PRL4|LIN41_CHICK,832,NGS,Gallus gallus,9031,TRIM71
sp|Q1XA76|ASIC1_CHICK,367,NVT,Gallus gallus,9031,ASIC1
sp|Q1XA76|ASIC1_CHICK,394,NKS,Gallus gallus,9031,ASIC1
sp|Q1XA76|ASIC1_CHICK,477,NNT,Gallus gallus,9031,ASIC1
sp|Q2AB83|T2R40_CHICK,24,NGT,Gallus gallus,9031,TAS2R40
sp|Q2AB83|T2R40_CHICK,158,NFT,Gallus gallus,9031,TAS2R40
sp|Q2AB83|T2R40_CHICK,167,NSS,Gallus gallus,9031,TAS2R40
sp|Q2AB83|T2R40_CHICK,218,NAT,Gallus gallus,9031,TAS2R40
sp|Q2LMP1|WNT3A_CHICK,87,NCT,Gallus gallus,9031,WNT3A
sp|Q2LMP1|WNT3A_CHICK,92,NDS,Gallus gallus,9031,WNT3A
sp|Q2LMP1|WNT3A_CHICK,298,NVT,Gallus gallus,9031,WNT3A
sp|Q2VRL0|PLCZ1_CHICK,404,NNS,Gallus gallus,9031,PLCZ1
sp|Q2VRL0|PLCZ1_CHICK,496,NST,Gallus gallus,9031,PLCZ1
sp|Q2VRL0|PLCZ1_CHICK,527,NLS,Gallus gallus,9031,PLCZ1
sp|Q3KTM2|GDPD5_CHICK,301,NWT,Gallus gallus,9031,GDPD5
sp|Q3KTM2|GDPD5_CHICK,336,NQS,Gallus gallus,9031,GDPD5
sp|Q3KTM2|GDPD5_CHICK,352,NTS,Gallus gallus,9031,GDPD5
sp|Q3KTM2|GDPD5_CHICK,374,NIT,Gallus gallus,9031,GDPD5
sp|Q3KTM2|GDPD5_CHICK,448,NLS,Gallus gallus,9031,GDPD5
sp|Q3V6R6|CETP_CHICK,68,NIT,Gallus gallus,9031,CETP
sp|Q3V6R6|CETP_CHICK,114,NVT,Gallus gallus,9031,CETP
sp|Q3V6R6|CETP_CHICK,266,NYS,Gallus gallus,9031,CETP
sp|Q3V6R6|CETP_CHICK,344,NDS,Gallus gallus,9031,CETP
sp|Q3V6R6|CETP_CHICK,422,NCT,Gallus gallus,9031,CETP
sp|Q3YK19|FANCJ_CHICK,137,NNT,Gallus gallus,9031,BRIP1
sp|Q3YK19|FANCJ_CHICK,213,NTS,Gallus gallus,9031,BRIP1
sp|Q3YK19|FANCJ_CHICK,494,NIS,Gallus gallus,9031,BRIP1
sp|Q3YK19|FANCJ_CHICK,998,NKT,Gallus gallus,9031,BRIP1
sp|Q3YK19|FANCJ_CHICK,1078,NFS,Gallus gallus,9031,BRIP1
sp|Q3YK19|FANCJ_CHICK,1189,NTS,Gallus gallus,9031,BRIP1
sp|Q3YK19|FANCJ_CHICK,1203,NST,Gallus gallus,9031,BRIP1
sp|Q4JIM4|PSN1_CHICK,280,NET,Gallus gallus,9031,PSEN1
sp|Q4JIM4|PSN1_CHICK,313,NST,Gallus gallus,9031,PSEN1
sp|Q4JIM4|PSN1_CHICK,323,NQS,Gallus gallus,9031,PSEN1
sp|Q4JIM4|PSN1_CHICK,406,NTT,Gallus gallus,9031,PSEN1
sp|Q4W5Z4|DNM3A_CHICK,238,NTS,Gallus gallus,9031,DNMT3A
sp|Q4W5Z4|DNM3A_CHICK,466,NVT,Gallus gallus,9031,DNMT3A
sp|Q4W5Z4|DNM3A_CHICK,654,NVT,Gallus gallus,9031,DNMT3A
sp|Q4W5Z4|DNM3A_CHICK,844,NMS,Gallus gallus,9031,DNMT3A
sp|Q5F356|PI42A_CHICK,45,NHS,Gallus gallus,9031,PIP4K2A
sp|Q5F356|PI42A_CHICK,123,NDS,Gallus gallus,9031,PIP4K2A
sp|Q5F356|PI42A_CHICK,321,NSS,Gallus gallus,9031,PIP4K2A
sp|Q5F364|MRP1_CHICK,19,NLT,Gallus gallus,9031,ABCC1
sp|Q5F364|MRP1_CHICK,354,NKS,Gallus gallus,9031,ABCC1
sp|Q5F364|MRP1_CHICK,645,NAT,Gallus gallus,9031,ABCC1
sp|Q5F364|MRP1_CHICK,662,NFT,Gallus gallus,9031,ABCC1
sp|Q5F364|MRP1_CHICK,716,NAT,Gallus gallus,9031,ABCC1
sp|Q5F364|MRP1_CHICK,730,NES,Gallus gallus,9031,ABCC1
sp|Q5F364|MRP1_CHICK,764,NLS,Gallus gallus,9031,ABCC1
sp|Q5F364|MRP1_CHICK,816,NKT,Gallus gallus,9031,ABCC1
sp|Q5F364|MRP1_CHICK,909,NSS,Gallus gallus,9031,ABCC1
sp|Q5F364|MRP1_CHICK,1000,NGT,Gallus gallus,9031,ABCC1
sp|Q5F364|MRP1_CHICK,1150,NET,Gallus gallus,9031,ABCC1
sp|Q5F364|MRP1_CHICK,1308,NIT,Gallus gallus,9031,ABCC1
sp|Q5F364|MRP1_CHICK,1423,NLS,Gallus gallus,9031,ABCC1
sp|Q5F3L1|KS6A5_CHICK,26,NLT,Gallus gallus,9031,RPS6KA5
sp|Q5F3L1|KS6A5_CHICK,645,NVS,Gallus gallus,9031,RPS6KA5
sp|Q5F3L9|RIPR2_CHICK,41,NSS,Gallus gallus,9031,RIPOR2
sp|Q5F3L9|RIPR2_CHICK,62,NST,Gallus gallus,9031,RIPOR2
sp|Q5F3L9|RIPR2_CHICK,180,NRS,Gallus gallus,9031,RIPOR2
sp|Q5F3L9|RIPR2_CHICK,329,NVS,Gallus gallus,9031,RIPOR2
sp|Q5F3L9|RIPR2_CHICK,369,NGT,Gallus gallus,9031,RIPOR2
sp|Q5F3L9|RIPR2_CHICK,511,NIT,Gallus gallus,9031,RIPOR2
sp|Q5F407|MGT4A_CHICK,5,NGT,Gallus gallus,9031,MGAT4A
sp|Q5F407|MGT4A_CHICK,77,NGS,Gallus gallus,9031,MGAT4A
sp|Q5F407|MGT4A_CHICK,85,NFS,Gallus gallus,9031,MGAT4A
sp|Q5F407|MGT4A_CHICK,458,NTT,Gallus gallus,9031,MGAT4A
sp|Q5F468|S38A2_CHICK,80,NLS,Gallus gallus,9031,SLC38A2
sp|Q5F468|S38A2_CHICK,254,NAT,Gallus gallus,9031,SLC38A2
sp|Q5F468|S38A2_CHICK,259,NAT,Gallus gallus,9031,SLC38A2
sp|Q5F468|S38A2_CHICK,269,NIT,Gallus gallus,9031,SLC38A2
sp|Q5F468|S38A2_CHICK,321,NVS,Gallus gallus,9031,SLC38A2
sp|Q5F470|RAB8A_CHICK,34,NAT,Gallus gallus,9031,RAB8A
sp|Q5F499|OPA1_CHICK,524,NSS,Gallus gallus,9031,OPA1
sp|Q5F499|OPA1_CHICK,560,NLS,Gallus gallus,9031,OPA1
sp|Q5F499|OPA1_CHICK,667,NTT,Gallus gallus,9031,OPA1
sp|Q5F499|OPA1_CHICK,806,NET,Gallus gallus,9031,OPA1
sp|Q5MNV6|ZNT7_CHICK,45,NLS,Gallus gallus,9031,SLC30A7
sp|Q5ZIA0|MET16_CHICK,4,NKS,Gallus gallus,9031,METTL16
sp|Q5ZIA0|MET16_CHICK,150,NLS,Gallus gallus,9031,METTL16
sp|Q5ZIA0|MET16_CHICK,495,NLT,Gallus gallus,9031,METTL16
sp|Q5ZID6|5NT3A_CHICK,149,NKS,Gallus gallus,9031,NT5C3A
sp|Q5ZIN0|ABD12_CHICK,5,NES,Gallus gallus,9031,ABHD12
sp|Q5ZIN0|ABD12_CHICK,106,NHT,Gallus gallus,9031,ABHD12
sp|Q5ZIT5|RAB10_CHICK,35,NTT,Gallus gallus,9031,RAB10
sp|Q5ZIT5|RAB10_CHICK,99,NIS,Gallus gallus,9031,RAB10
sp|Q5ZIT9|MFSD1_CHICK,233,NFS,Gallus gallus,9031,MFSD1
sp|Q5ZIT9|MFSD1_CHICK,422,NWS,Gallus gallus,9031,MFSD1
sp|Q5ZIU3|DYRK2_CHICK,215,NFT,Gallus gallus,9031,DYRK2
sp|Q5ZIZ4|5NTC_CHICK,38,NRS,Gallus gallus,9031,NT5C2
sp|Q5ZIZ4|5NTC_CHICK,508,NRT,Gallus gallus,9031,NT5C2
sp|Q5ZJB4|IKKA_CHICK,209,NKS,Gallus gallus,9031,CHUK
sp|Q5ZJB4|IKKA_CHICK,331,NMT,Gallus gallus,9031,CHUK
sp|Q5ZJB4|IKKA_CHICK,747,NNS,Gallus gallus,9031,CHUK
sp|Q5ZJK4|STK4_CHICK,117,NKT,Gallus gallus,9031,STK4
sp|Q5ZJK4|STK4_CHICK,413,NVS,Gallus gallus,9031,STK4
sp|Q5ZJK4|STK4_CHICK,420,NSS,Gallus gallus,9031,STK4
sp|Q5ZJL9|SAMH1_CHICK,592,NRS,Gallus gallus,9031,SAMHD1
sp|Q5ZJM7|DCK2_CHICK,151,NET,Gallus gallus,9031,DCK2
sp|Q5ZJN2|RB11A_CHICK,124,NKS,Gallus gallus,9031,RAB11A
sp|Q5ZJR8|ELOV6_CHICK,2,NMS,Gallus gallus,9031,ELOVL6
sp|Q5ZJT0|SUV3_CHICK,660,NIT,Gallus gallus,9031,SUPV3L1
sp|Q5ZJV9|CNOT7_CHICK,102,NLT,Gallus gallus,9031,CNOT7
sp|Q5ZJV9|CNOT7_CHICK,271,NGT,Gallus gallus,9031,CNOT7
sp|Q5ZK40|SNF5_CHICK,138,NSS,Gallus gallus,9031,SMARCB1
sp|Q5ZK40|SNF5_CHICK,180,NAS,Gallus gallus,9031,SMARCB1
sp|Q5ZK40|SNF5_CHICK,273,NIS,Gallus gallus,9031,SMARCB1
sp|Q5ZK43|TM38A_CHICK,83,NNS,Gallus gallus,9031,TMEM38A
sp|Q5ZK92|SPAST_CHICK,210,NDS,Gallus gallus,9031,SPAST
sp|Q5ZK92|SPAST_CHICK,397,NAT,Gallus gallus,9031,SPAST
sp|Q5ZK92|SPAST_CHICK,402,NIS,Gallus gallus,9031,SPAST
sp|Q5ZK92|SPAST_CHICK,568,NMS,Gallus gallus,9031,SPAST
sp|Q5ZKC9|1433Z_CHICK,108,NAS,Gallus gallus,9031,YWHAZ
sp|Q5ZKC9|1433Z_CHICK,173,NFS,Gallus gallus,9031,YWHAZ
sp|Q5ZKC9|1433Z_CHICK,224,NLT,Gallus gallus,9031,YWHAZ
sp|Q5ZKD1|CEPT1_CHICK,144,NSS,Gallus gallus,9031,CEPT1
sp|Q5ZKD1|CEPT1_CHICK,277,NGS,Gallus gallus,9031,CEPT1
sp|Q5ZKE7|KCY_CHICK,105,NKT,Gallus gallus,9031,CMPK
sp|Q5ZKG3|DNA2_CHICK,143,NLS,Gallus gallus,9031,DNA2
sp|Q5ZKG3|DNA2_CHICK,212,NKT,Gallus gallus,9031,DNA2
sp|Q5ZKG3|DNA2_CHICK,519,NLS,Gallus gallus,9031,DNA2
sp|Q5ZKG3|DNA2_CHICK,546,NLS,Gallus gallus,9031,DNA2
sp|Q5ZKG3|DNA2_CHICK,824,NAT,Gallus gallus,9031,DNA2
sp|Q5ZKL6|MBOA2_CHICK,500,NNS,Gallus gallus,9031,mboat2
sp|Q5ZKU5|RAB14_CHICK,7,NYS,Gallus gallus,9031,RAB14
sp|Q5ZKU5|RAB14_CHICK,111,NLT,Gallus gallus,9031,RAB14
sp|Q5ZKX9|ERD22_CHICK,60,NTS,Gallus gallus,9031,KDELR2
sp|Q5ZL13|NUD19_CHICK,265,NFS,Gallus gallus,9031,NUDT19
sp|Q5ZL18|P20D1_CHICK,84,NTT,Gallus gallus,9031,PM20D1
sp|Q5ZL18|P20D1_CHICK,261,NFT,Gallus gallus,9031,PM20D1
sp|Q5ZL18|P20D1_CHICK,455,NVT,Gallus gallus,9031,PM20D1
sp|Q5ZL19|STX6_CHICK,108,NSS,Gallus gallus,9031,STX6
sp|Q5ZL19|STX6_CHICK,184,NMS,Gallus gallus,9031,STX6
sp|Q5ZL72|CH60_CHICK,103,NNT,Gallus gallus,9031,HSPD1
sp|Q5ZL72|CH60_CHICK,426,NAT,Gallus gallus,9031,HSPD1
sp|Q5ZLC7|MARE1_CHICK,14,NLS,Gallus gallus,9031,MAPRE1
sp|Q5ZLC7|MARE1_CHICK,25,NES,Gallus gallus,9031,MAPRE1
sp|Q5ZLF4|ZNT5_CHICK,726,NLT,Gallus gallus,9031,SLC30A5
sp|Q5ZLL8|GPAT3_CHICK,186,NGS,Gallus gallus,9031,GPAT3
sp|Q5ZLL8|GPAT3_CHICK,231,NHT,Gallus gallus,9031,GPAT3
sp|Q5ZLL8|GPAT3_CHICK,311,NNT,Gallus gallus,9031,GPAT3
sp|Q5ZLL8|GPAT3_CHICK,346,NSS,Gallus gallus,9031,GPAT3
sp|Q5ZLL8|GPAT3_CHICK,425,NYS,Gallus gallus,9031,GPAT3
sp|Q5ZLL8|GPAT3_CHICK,433,NGS,Gallus gallus,9031,GPAT3
sp|Q5ZLV4|NSUN2_CHICK,130,NLS,Gallus gallus,9031,NSUN2
sp|Q5ZLV4|NSUN2_CHICK,157,NIS,Gallus gallus,9031,NSUN2
sp|Q5ZLV4|NSUN2_CHICK,569,NNS,Gallus gallus,9031,NSUN2
sp|Q5ZLV4|NSUN2_CHICK,766,NKS,Gallus gallus,9031,NSUN2
sp|Q5ZM14|NHRF1_CHICK,184,NGT,Gallus gallus,9031,NHERF1
sp|Q5ZM36|IF4A3_CHICK,302,NFT,Gallus gallus,9031,EIF4A3
sp|Q5ZM39|BCL6_CHICK,171,NGS,Gallus gallus,9031,BCL6
sp|Q5ZM39|BCL6_CHICK,390,NQS,Gallus gallus,9031,BCL6
sp|Q5ZM39|BCL6_CHICK,454,NRS,Gallus gallus,9031,BCL6
sp|Q5ZM44|CHP1_CHICK,43,NGT,Gallus gallus,9031,CHP1
sp|Q5ZM44|CHP1_CHICK,146,NIS,Gallus gallus,9031,CHP1
sp|Q5ZMF3|DCK_CHICK,142,NET,Gallus gallus,9031,DCK
sp|Q5ZMG1|UFL1_CHICK,116,NES,Gallus gallus,9031,UFL1
sp|Q5ZMG1|UFL1_CHICK,226,NTS,Gallus gallus,9031,UFL1
sp|Q5ZMG1|UFL1_CHICK,352,NSS,Gallus gallus,9031,UFL1
sp|Q5ZMG1|UFL1_CHICK,599,NYS,Gallus gallus,9031,UFL1
sp|Q5ZMG1|UFL1_CHICK,752,NKT,Gallus gallus,9031,UFL1
sp|Q5ZMQ2|ACTG_CHICK,12,NGS,Gallus gallus,9031,ACTG1
sp|Q5ZMT0|1433E_CHICK,176,NFS,Gallus gallus,9031,YWHAE
sp|Q5ZMT0|1433E_CHICK,227,NLT,Gallus gallus,9031,YWHAE
sp|Q5ZQU2|NPAS2_CHICK,15,NKS,Gallus gallus,9031,NPAS2
sp|Q5ZQU2|NPAS2_CHICK,202,NST,Gallus gallus,9031,NPAS2
sp|Q65Z91|TSK_CHICK,76,NES,Gallus gallus,9031,TSKU
sp|Q65Z91|TSK_CHICK,189,NLS,Gallus gallus,9031,TSKU
sp|Q65Z91|TSK_CHICK,284,NLS,Gallus gallus,9031,TSKU
sp|Q66PG3|LARG1_CHICK,97,NHS,Gallus gallus,9031,LARGE1
sp|Q66PG3|LARG1_CHICK,122,NSS,Gallus gallus,9031,LARGE1
sp|Q66PG3|LARG1_CHICK,148,NAS,Gallus gallus,9031,LARGE1
sp|Q66PG3|LARG1_CHICK,272,NQS,Gallus gallus,9031,LARGE1
sp|Q66PG3|LARG1_CHICK,754,NNS,Gallus gallus,9031,LARGE1
sp|Q679P3|PDLI7_CHICK,113,NKT,Gallus gallus,9031,PDLIM7
sp|Q679P3|PDLI7_CHICK,220,NRS,Gallus gallus,9031,PDLIM7
sp|Q6B3N0|HXA5_CHICK,76,NST,Gallus gallus,9031,HOXA5
sp|Q6B3N0|HXA5_CHICK,124,NSS,Gallus gallus,9031,HOXA5
sp|Q6B3N0|HXA5_CHICK,131,NSS,Gallus gallus,9031,HOXA5
sp|Q6DV79|STAT3_CHICK,192,NQS,Gallus gallus,9031,STAT3
sp|Q6DV79|STAT3_CHICK,401,NGS,Gallus gallus,9031,STAT3
sp|Q6DV79|STAT3_CHICK,538,NYS,Gallus gallus,9031,STAT3
sp|Q6DV79|STAT3_CHICK,740,NSS,Gallus gallus,9031,STAT3
sp|Q6JHU7|P3H2_CHICK,446,NGT,Gallus gallus,9031,P3H2
sp|Q6JHU7|P3H2_CHICK,535,NST,Gallus gallus,9031,P3H2
sp|Q6JHU8|P3H1_CHICK,82,NAT,Gallus gallus,9031,P3H1
sp|Q6JHU8|P3H1_CHICK,460,NGS,Gallus gallus,9031,P3H1
sp|Q6JHU8|P3H1_CHICK,533,NVT,Gallus gallus,9031,P3H1
sp|Q6PZ02|ATG4B_CHICK,185,NFS,Gallus gallus,9031,ATG4B
sp|Q6PZ02|ATG4B_CHICK,366,NLT,Gallus gallus,9031,ATG4B
sp|Q6QLQ5|CTHL1_CHICK,67,NFT,Gallus gallus,9031,CATHL1
sp|Q6XUX0|DUSTY_CHICK,595,NSS,Gallus gallus,9031,DSTYK
sp|Q75R65|JAK2_CHICK,26,NTS,Gallus gallus,9031,JAK2
sp|Q75R65|JAK2_CHICK,124,NGT,Gallus gallus,9031,JAK2
sp|Q75R65|JAK2_CHICK,416,NQT,Gallus gallus,9031,JAK2
sp|Q75R65|JAK2_CHICK,443,NAT,Gallus gallus,9031,JAK2
sp|Q75R65|JAK2_CHICK,461,NLS,Gallus gallus,9031,JAK2
sp|Q75R65|JAK2_CHICK,528,NVS,Gallus gallus,9031,JAK2
sp|Q75R65|JAK2_CHICK,586,NYS,Gallus gallus,9031,JAK2
sp|Q75R65|JAK2_CHICK,773,NWT,Gallus gallus,9031,JAK2
sp|Q76I89|NDC80_CHICK,114,NVT,Gallus gallus,9031,NDC80
sp|Q76I89|NDC80_CHICK,469,NQT,Gallus gallus,9031,NDC80
sp|Q76KB1|HS2ST_CHICK,108,NTT,Gallus gallus,9031,HS2ST1
sp|Q76KB1|HS2ST_CHICK,127,NVT,Gallus gallus,9031,HS2ST1
sp|Q7T2T1|CELF2_CHICK,215,NLT,Gallus gallus,9031,CELF2
sp|Q7T2T1|CELF2_CHICK,301,NST,Gallus gallus,9031,CELF2
sp|Q7T2T1|CELF2_CHICK,350,NGT,Gallus gallus,9031,CELF2
sp|Q7T2T1|CELF2_CHICK,437,NLS,Gallus gallus,9031,CELF2
sp|Q7T2T1|CELF2_CHICK,479,NDS,Gallus gallus,9031,CELF2
sp|Q7ZT11|ANKR1_CHICK,297,NGT,Gallus gallus,9031,ANKRD1
sp|Q7ZT11|ANKR1_CHICK,308,NNS,Gallus gallus,9031,ANKRD1
sp|Q8AV57|SDK2_CHICK,198,NKT,Gallus gallus,9031,SDK2
sp|Q8AV57|SDK2_CHICK,228,NTS,Gallus gallus,9031,SDK2
sp|Q8AV57|SDK2_CHICK,408,NIT,Gallus gallus,9031,SDK2
sp|Q8AV57|SDK2_CHICK,582,NDS,Gallus gallus,9031,SDK2
sp|Q8AV57|SDK2_CHICK,614,NLT,Gallus gallus,9031,SDK2
sp|Q8AV57|SDK2_CHICK,709,NQS,Gallus gallus,9031,SDK2
sp|Q8AV57|SDK2_CHICK,748,NIT,Gallus gallus,9031,SDK2
sp|Q8AV57|SDK2_CHICK,809,NST,Gallus gallus,9031,SDK2
sp|Q8AV57|SDK2_CHICK,941,NRT,Gallus gallus,9031,SDK2
sp|Q8AV57|SDK2_CHICK,953,NVT,Gallus gallus,9031,SDK2
sp|Q8AV57|SDK2_CHICK,1107,NVT,Gallus gallus,9031,SDK2
sp|Q8AV57|SDK2_CHICK,1210,NVS,Gallus gallus,9031,SDK2
sp|Q8AV57|SDK2_CHICK,1261,NTS,Gallus gallus,9031,SDK2
sp|Q8AV57|SDK2_CHICK,1346,NTT,Gallus gallus,9031,SDK2
sp|Q8AV57|SDK2_CHICK,1462,NAT,Gallus gallus,9031,SDK2
sp|Q8AV57|SDK2_CHICK,1580,NLS,Gallus gallus,9031,SDK2
sp|Q8AV57|SDK2_CHICK,1593,NLS,Gallus gallus,9031,SDK2
sp|Q8AV57|SDK2_CHICK,1675,NES,Gallus gallus,9031,SDK2
sp|Q8AV57|SDK2_CHICK,1694,NLT,Gallus gallus,9031,SDK2
sp|Q8AV57|SDK2_CHICK,1746,NVS,Gallus gallus,9031,SDK2
sp|Q8AV57|SDK2_CHICK,1820,NIT,Gallus gallus,9031,SDK2
sp|Q8AV57|SDK2_CHICK,1973,NGS,Gallus gallus,9031,SDK2
sp|Q8AV57|SDK2_CHICK,2122,NST,Gallus gallus,9031,SDK2
sp|Q8AV58|SDK1_CHICK,93,NDS,Gallus gallus,9031,SDK1
sp|Q8AV58|SDK1_CHICK,223,NKT,Gallus gallus,9031,SDK1
sp|Q8AV58|SDK1_CHICK,253,NKS,Gallus gallus,9031,SDK1
sp|Q8AV58|SDK1_CHICK,502,NYT,Gallus gallus,9031,SDK1
sp|Q8AV58|SDK1_CHICK,524,NRT,Gallus gallus,9031,SDK1
sp|Q8AV58|SDK1_CHICK,534,NST,Gallus gallus,9031,SDK1
sp|Q8AV58|SDK1_CHICK,607,NDS,Gallus gallus,9031,SDK1
sp|Q8AV58|SDK1_CHICK,631,NSS,Gallus gallus,9031,SDK1
sp|Q8AV58|SDK1_CHICK,662,NNS,Gallus gallus,9031,SDK1
sp|Q8AV58|SDK1_CHICK,734,NQS,Gallus gallus,9031,SDK1
sp|Q8AV58|SDK1_CHICK,773,NIT,Gallus gallus,9031,SDK1
sp|Q8AV58|SDK1_CHICK,834,NST,Gallus gallus,9031,SDK1
sp|Q8AV58|SDK1_CHICK,967,NES,Gallus gallus,9031,SDK1
sp|Q8AV58|SDK1_CHICK,977,NTT,Gallus gallus,9031,SDK1
sp|Q8AV58|SDK1_CHICK,1032,NIS,Gallus gallus,9031,SDK1
sp|Q8AV58|SDK1_CHICK,1089,NLT,Gallus gallus,9031,SDK1
sp|Q8AV58|SDK1_CHICK,1234,NVS,Gallus gallus,9031,SDK1
sp|Q8AV58|SDK1_CHICK,1285,NHT,Gallus gallus,9031,SDK1
sp|Q8AV58|SDK1_CHICK,1606,NSS,Gallus gallus,9031,SDK1
sp|Q8AV58|SDK1_CHICK,1700,NDT,Gallus gallus,9031,SDK1
sp|Q8AV58|SDK1_CHICK,1719,NLT,Gallus gallus,9031,SDK1
sp|Q8AV58|SDK1_CHICK,1771,NVS,Gallus gallus,9031,SDK1
sp|Q8AV58|SDK1_CHICK,1845,NVT,Gallus gallus,9031,SDK1
sp|Q8AV58|SDK1_CHICK,1992,NCS,Gallus gallus,9031,SDK1
sp|Q8AV58|SDK1_CHICK,2033,NGT,Gallus gallus,9031,SDK1
sp|Q8AWC3|ARC_CHICK,5,NVT,Gallus gallus,9031,ARC
sp|Q8AWC3|ARC_CHICK,390,NGT,Gallus gallus,9031,ARC
sp|Q8AXY6|MUSK_CHICK,222,NIT,Gallus gallus,9031,MUSK
sp|Q8AXY6|MUSK_CHICK,338,NSS,Gallus gallus,9031,MUSK
sp|Q8AXY6|MUSK_CHICK,460,NIT,Gallus gallus,9031,MUSK
sp|Q8AXY6|MUSK_CHICK,478,NVT,Gallus gallus,9031,MUSK
sp|Q8AYD0|CADH5_CHICK,27,NFS,Gallus gallus,9031,CDH5
sp|Q8AYD0|CADH5_CHICK,31,NNT,Gallus gallus,9031,CDH5
sp|Q8AYD0|CADH5_CHICK,121,NRS,Gallus gallus,9031,CDH5
sp|Q8AYD0|CADH5_CHICK,150,NGS,Gallus gallus,9031,CDH5
sp|Q8AYD0|CADH5_CHICK,263,NIS,Gallus gallus,9031,CDH5
sp|Q8AYD0|CADH5_CHICK,437,NIT,Gallus gallus,9031,CDH5
sp|Q8AYD0|CADH5_CHICK,519,NFS,Gallus gallus,9031,CDH5
sp|Q8AYD0|CADH5_CHICK,531,NIT,Gallus gallus,9031,CDH5
sp|Q8AYD0|CADH5_CHICK,686,NTT,Gallus gallus,9031,CDH5
sp|Q8AYS8|KCMA1_CHICK,224,NRS,Gallus gallus,9031,KCNMA1
sp|Q8AYS8|KCMA1_CHICK,404,NIS,Gallus gallus,9031,KCNMA1
sp|Q8AYS8|KCMA1_CHICK,681,NSS,Gallus gallus,9031,KCNMA1
sp|Q8AYS8|KCMA1_CHICK,908,NDS,Gallus gallus,9031,KCNMA1
sp|Q8AYS8|KCMA1_CHICK,1118,NRT,Gallus gallus,9031,KCNMA1
sp|Q8JG30|ST1B1_CHICK,240,NYS,Gallus gallus,9031,SULT1B1
sp|Q8JH64|BTK_CHICK,171,NGS,Gallus gallus,9031,BTK
sp|Q8JH64|BTK_CHICK,282,NIT,Gallus gallus,9031,BTK
sp|Q8JH64|BTK_CHICK,449,NLS,Gallus gallus,9031,BTK
sp|Q8JH64|BTK_CHICK,600,NNS,Gallus gallus,9031,BTK
sp|Q8JIR8|IMPG1_CHICK,143,NFS,Gallus gallus,9031,IMPG1
sp|Q8JIR8|IMPG1_CHICK,203,NGT,Gallus gallus,9031,IMPG1
sp|Q8JIR8|IMPG1_CHICK,212,NET,Gallus gallus,9031,IMPG1
sp|Q8JIR8|IMPG1_CHICK,756,NRS,Gallus gallus,9031,IMPG1
sp|Q8JIR8|IMPG1_CHICK,780,NLT,Gallus gallus,9031,IMPG1
sp|Q8JIR8|IMPG1_CHICK,794,NGS,Gallus gallus,9031,IMPG1
sp|Q8JIR8|IMPG1_CHICK,812,NIT,Gallus gallus,9031,IMPG1
sp|Q8JIS3|DER_CHICK,135,NVS,Gallus gallus,9031,DER
sp|Q8JIS3|DER_CHICK,192,NWS,Gallus gallus,9031,DER
sp|Q8QFP8|LIMK1_CHICK,228,NGT,Gallus gallus,9031,LIMK1
sp|Q8QFP8|LIMK1_CHICK,478,NKS,Gallus gallus,9031,LIMK1
sp|Q8QG61|CRY1_CHICK,279,NSS,Gallus gallus,9031,CRY1
sp|Q8QGH3|CAD20_CHICK,47,NLS,Gallus gallus,9031,CDH20
sp|Q8QGH3|CAD20_CHICK,260,NIT,Gallus gallus,9031,CDH20
sp|Q8QGH3|CAD20_CHICK,419,NNS,Gallus gallus,9031,CDH20
sp|Q8QGH3|CAD20_CHICK,460,NIT,Gallus gallus,9031,CDH20
sp|Q8QGH3|CAD20_CHICK,541,NFT,Gallus gallus,9031,CDH20
sp|Q8QGH3|CAD20_CHICK,750,NGS,Gallus gallus,9031,CDH20
sp|Q8QGQ6|CLOCK_CHICK,40,NKS,Gallus gallus,9031,CLOCK
sp|Q8QGQ6|CLOCK_CHICK,596,NFS,Gallus gallus,9031,CLOCK
sp|Q8QGQ6|CLOCK_CHICK,606,NSS,Gallus gallus,9031,CLOCK
sp|Q8QGQ6|CLOCK_CHICK,626,NQT,Gallus gallus,9031,CLOCK
sp|Q8QGQ6|CLOCK_CHICK,825,NQS,Gallus gallus,9031,CLOCK
sp|Q8QGX4|PRKDC_CHICK,184,NNS,Gallus gallus,9031,PRKDC
sp|Q8QGX4|PRKDC_CHICK,226,NFT,Gallus gallus,9031,PRKDC
sp|Q8QGX4|PRKDC_CHICK,591,NET,Gallus gallus,9031,PRKDC
sp|Q8QGX4|PRKDC_CHICK,1197,NNS,Gallus gallus,9031,PRKDC
sp|Q8QGX4|PRKDC_CHICK,1329,NYS,Gallus gallus,9031,PRKDC
sp|Q8QGX4|PRKDC_CHICK,1661,NTS,Gallus gallus,9031,PRKDC
sp|Q8QGX4|PRKDC_CHICK,1700,NLS,Gallus gallus,9031,PRKDC
sp|Q8QGX4|PRKDC_CHICK,2482,NYS,Gallus gallus,9031,PRKDC
sp|Q8QGX4|PRKDC_CHICK,2618,NSS,Gallus gallus,9031,PRKDC
sp|Q8QGX4|PRKDC_CHICK,2649,NVS,Gallus gallus,9031,PRKDC
sp|Q8QGX4|PRKDC_CHICK,2880,NVS,Gallus gallus,9031,PRKDC
sp|Q8QGX4|PRKDC_CHICK,3034,NKT,Gallus gallus,9031,PRKDC
sp|Q8QGX4|PRKDC_CHICK,3210,NDS,Gallus gallus,9031,PRKDC
sp|Q8QGX4|PRKDC_CHICK,3677,NKT,Gallus gallus,9031,PRKDC
sp|Q8QGX4|PRKDC_CHICK,3867,NAS,Gallus gallus,9031,PRKDC
sp|Q8QHL3|VGFR1_CHICK,48,NLT,Gallus gallus,9031,FLT1
sp|Q8QHL3|VGFR1_CHICK,73,NVT,Gallus gallus,9031,FLT1
sp|Q8QHL3|VGFR1_CHICK,82,NGT,Gallus gallus,9031,FLT1
sp|Q8QHL3|VGFR1_CHICK,98,NDT,Gallus gallus,9031,FLT1
sp|Q8QHL3|VGFR1_CHICK,125,NDT,Gallus gallus,9031,FLT1
sp|Q8QHL3|VGFR1_CHICK,247,NCT,Gallus gallus,9031,FLT1
sp|Q8QHL3|VGFR1_CHICK,319,NTT,Gallus gallus,9031,FLT1
sp|Q8QHL3|VGFR1_CHICK,383,NYS,Gallus gallus,9031,FLT1
sp|Q8QHL3|VGFR1_CHICK,398,NYT,Gallus gallus,9031,FLT1
sp|Q8QHL3|VGFR1_CHICK,409,NLS,Gallus gallus,9031,FLT1
sp|Q8QHL3|VGFR1_CHICK,413,NLT,Gallus gallus,9031,FLT1
sp|Q8QHL3|VGFR1_CHICK,470,NHS,Gallus gallus,9031,FLT1
sp|Q8QHL3|VGFR1_CHICK,512,NKT,Gallus gallus,9031,FLT1
sp|Q8QHL3|VGFR1_CHICK,543,NVS,Gallus gallus,9031,FLT1
sp|Q8QHL3|VGFR1_CHICK,593,NQT,Gallus gallus,9031,FLT1
sp|Q8QHL3|VGFR1_CHICK,615,NVS,Gallus gallus,9031,FLT1
sp|Q8QHL3|VGFR1_CHICK,663,NTS,Gallus gallus,9031,FLT1
sp|Q8QHL3|VGFR1_CHICK,908,NLS,Gallus gallus,9031,FLT1
sp|Q8UUW7|KHDR1_CHICK,407,NGT,Gallus gallus,9031,KHDRBS1
sp|Q8UVD9|FUBP2_CHICK,113,NNS,Gallus gallus,9031,KHSRP
sp|Q8UVD9|FUBP2_CHICK,295,NGT,Gallus gallus,9031,KHSRP
sp|Q8UW59|PARK7_CHICK,81,NLS,Gallus gallus,9031,PARK7
sp|Q8UW76|TBX20_CHICK,336,NLS,Gallus gallus,9031,TBX20
sp|Q90584|COHA1_CHICK,58,NSS,Gallus gallus,9031,COL17A1
sp|Q90584|COHA1_CHICK,101,NSS,Gallus gallus,9031,COL17A1
sp|Q90584|COHA1_CHICK,198,NTT,Gallus gallus,9031,COL17A1
sp|Q90584|COHA1_CHICK,270,NLS,Gallus gallus,9031,COL17A1
sp|Q90584|COHA1_CHICK,279,NAS,Gallus gallus,9031,COL17A1
sp|Q90584|COHA1_CHICK,291,NTS,Gallus gallus,9031,COL17A1
sp|Q90584|COHA1_CHICK,299,NST,Gallus gallus,9031,COL17A1
sp|Q90584|COHA1_CHICK,474,NHS,Gallus gallus,9031,COL17A1
sp|Q90584|COHA1_CHICK,1424,NVT,Gallus gallus,9031,COL17A1
sp|Q90597|MX_CHICK,7,NFS,Gallus gallus,9031,MX
sp|Q90597|MX_CHICK,179,NAS,Gallus gallus,9031,MX
sp|Q90597|MX_CHICK,198,NGS,Gallus gallus,9031,MX
sp|Q90607|SEM3A_CHICK,53,NSS,Gallus gallus,9031,SEMA3A
sp|Q90607|SEM3A_CHICK,125,NQT,Gallus gallus,9031,SEMA3A
sp|Q90607|SEM3A_CHICK,591,NSS,Gallus gallus,9031,SEMA3A
sp|Q90611|MMP2_CHICK,22,NKT,Gallus gallus,9031,MMP2
sp|Q90617|LAMP2_CHICK,37,NFT,Gallus gallus,9031,LAMP2
sp|Q90617|LAMP2_CHICK,56,NSS,Gallus gallus,9031,LAMP2
sp|Q90617|LAMP2_CHICK,62,NAS,Gallus gallus,9031,LAMP2
sp|Q90617|LAMP2_CHICK,74,NGS,Gallus gallus,9031,LAMP2
sp|Q90617|LAMP2_CHICK,100,NFT,Gallus gallus,9031,LAMP2
sp|Q90617|LAMP2_CHICK,105,NET,Gallus gallus,9031,LAMP2
sp|Q90617|LAMP2_CHICK,120,NDT,Gallus gallus,9031,LAMP2
sp|Q90617|LAMP2_CHICK,163,NVT,Gallus gallus,9031,LAMP2
sp|Q90617|LAMP2_CHICK,170,NVT,Gallus gallus,9031,LAMP2
sp|Q90617|LAMP2_CHICK,179,NGT,Gallus gallus,9031,LAMP2
sp|Q90617|LAMP2_CHICK,206,NVT,Gallus gallus,9031,LAMP2
sp|Q90617|LAMP2_CHICK,232,NYS,Gallus gallus,9031,LAMP2
sp|Q90617|LAMP2_CHICK,239,NKT,Gallus gallus,9031,LAMP2
sp|Q90617|LAMP2_CHICK,252,NIS,Gallus gallus,9031,LAMP2
sp|Q90617|LAMP2_CHICK,276,NTS,Gallus gallus,9031,LAMP2
sp|Q90617|LAMP2_CHICK,287,NRT,Gallus gallus,9031,LAMP2
sp|Q90617|LAMP2_CHICK,298,NAS,Gallus gallus,9031,LAMP2
sp|Q90617|LAMP2_CHICK,312,NVT,Gallus gallus,9031,LAMP2
sp|Q90617|LAMP2_CHICK,320,NGS,Gallus gallus,9031,LAMP2
sp|Q90617|LAMP2_CHICK,331,NLS,Gallus gallus,9031,LAMP2
sp|Q90623|MYPT1_CHICK,311,NQT,Gallus gallus,9031,PPP1R12A
sp|Q90623|MYPT1_CHICK,330,NAS,Gallus gallus,9031,PPP1R12A
sp|Q90623|MYPT1_CHICK,381,NTT,Gallus gallus,9031,PPP1R12A
sp|Q90623|MYPT1_CHICK,547,NTS,Gallus gallus,9031,PPP1R12A
sp|Q90623|MYPT1_CHICK,590,NTT,Gallus gallus,9031,PPP1R12A
sp|Q90640|KIF4_CHICK,81,NAT,Gallus gallus,9031,KIF4
sp|Q90640|KIF4_CHICK,230,NSS,Gallus gallus,9031,KIF4
sp|Q90640|KIF4_CHICK,395,NQS,Gallus gallus,9031,KIF4
sp|Q90640|KIF4_CHICK,552,NDS,Gallus gallus,9031,KIF4
sp|Q90640|KIF4_CHICK,898,NCS,Gallus gallus,9031,KIF4
sp|Q90640|KIF4_CHICK,1210,NTS,Gallus gallus,9031,KIF4
sp|Q90669|AVR2A_CHICK,43,NRS,Gallus gallus,9031,ACVR2A
sp|Q90669|AVR2A_CHICK,66,NIS,Gallus gallus,9031,ACVR2A
sp|Q90669|AVR2A_CHICK,333,NLT,Gallus gallus,9031,ACVR2A
sp|Q90670|AVR2B_CHICK,42,NQS,Gallus gallus,9031,ACVR2B
sp|Q90670|AVR2B_CHICK,65,NNS,Gallus gallus,9031,ACVR2B
sp|Q90670|AVR2B_CHICK,486,NGT,Gallus gallus,9031,ACVR2B
sp|Q90674|LSHR_CHICK,169,NES,Gallus gallus,9031,LHCGR
sp|Q90674|LSHR_CHICK,190,NGT,Gallus gallus,9031,LHCGR
sp|Q90674|LSHR_CHICK,294,NFS,Gallus gallus,9031,LHCGR
sp|Q90674|LSHR_CHICK,318,NTS,Gallus gallus,9031,LHCGR
sp|Q90674|LSHR_CHICK,425,NLS,Gallus gallus,9031,LHCGR
sp|Q90674|LSHR_CHICK,690,NGS,Gallus gallus,9031,LHCGR
sp|Q90688|MYPC3_CHICK,161,NIT,Gallus gallus,9031,MYBPC3
sp|Q90688|MYPC3_CHICK,220,NMT,Gallus gallus,9031,MYBPC3
sp|Q90688|MYPC3_CHICK,290,NFS,Gallus gallus,9031,MYBPC3
sp|Q90688|MYPC3_CHICK,514,NES,Gallus gallus,9031,MYBPC3
sp|Q90688|MYPC3_CHICK,623,NLS,Gallus gallus,9031,MYBPC3
sp|Q90688|MYPC3_CHICK,705,NSS,Gallus gallus,9031,MYBPC3
sp|Q90688|MYPC3_CHICK,1021,NSS,Gallus gallus,9031,MYBPC3
sp|Q90688|MYPC3_CHICK,1049,NMT,Gallus gallus,9031,MYBPC3
sp|Q90688|MYPC3_CHICK,1187,NRS,Gallus gallus,9031,MYBPC3
sp|Q90688|MYPC3_CHICK,1195,NTT,Gallus gallus,9031,MYBPC3
sp|Q90703|NOS2_CHICK,16,NQS,Gallus gallus,9031,NOS2
sp|Q90703|NOS2_CHICK,89,NGS,Gallus gallus,9031,NOS2
sp|Q90703|NOS2_CHICK,427,NVT,Gallus gallus,9031,NOS2
sp|Q90703|NOS2_CHICK,573,NIS,Gallus gallus,9031,NOS2
sp|Q90703|NOS2_CHICK,951,NET,Gallus gallus,9031,NOS2
sp|Q90703|NOS2_CHICK,1101,NHT,Gallus gallus,9031,NOS2
sp|Q90722|FGF8_CHICK,31,NFT,Gallus gallus,9031,FGF8
sp|Q90722|FGF8_CHICK,137,NYT,Gallus gallus,9031,FGF8
sp|Q90722|FGF8_CHICK,207,NSS,Gallus gallus,9031,FGF8
sp|Q90733|COT2_CHICK,106,NLS,Gallus gallus,9031,NR2F2
sp|Q90738|AFAP1_CHICK,250,NCT,Gallus gallus,9031,AFAP1
sp|Q90738|AFAP1_CHICK,508,NGS,Gallus gallus,9031,AFAP1
sp|Q90738|AFAP1_CHICK,708,NNS,Gallus gallus,9031,AFAP1
sp|Q90738|AFAP1_CHICK,727,NGT,Gallus gallus,9031,AFAP1
sp|Q90744|NAGAB_CHICK,161,NST,Gallus gallus,9031,NAGA
sp|Q90744|NAGAB_CHICK,185,NYT,Gallus gallus,9031,NAGA
sp|Q90744|NAGAB_CHICK,369,NFT,Gallus gallus,9031,NAGA
sp|Q90752|BMP4_CHICK,144,NLS,Gallus gallus,9031,BMP4
sp|Q90752|BMP4_CHICK,208,NVT,Gallus gallus,9031,BMP4
sp|Q90752|BMP4_CHICK,347,NST,Gallus gallus,9031,BMP4
sp|Q90752|BMP4_CHICK,362,NSS,Gallus gallus,9031,BMP4
sp|Q90762|CADH6_CHICK,165,NAS,Gallus gallus,9031,CDH6
sp|Q90762|CADH6_CHICK,255,NIT,Gallus gallus,9031,CDH6
sp|Q90762|CADH6_CHICK,437,NGS,Gallus gallus,9031,CDH6
sp|Q90762|CADH6_CHICK,455,NIT,Gallus gallus,9031,CDH6
sp|Q90762|CADH6_CHICK,536,NFT,Gallus gallus,9031,CDH6
sp|Q90762|CADH6_CHICK,723,NDT,Gallus gallus,9031,CDH6
sp|Q90762|CADH6_CHICK,743,NGS,Gallus gallus,9031,CDH6
sp|Q90763|CADH7_CHICK,449,NIT,Gallus gallus,9031,CDH7
sp|Q90763|CADH7_CHICK,530,NFT,Gallus gallus,9031,CDH7
sp|Q90763|CADH7_CHICK,738,NGS,Gallus gallus,9031,CDH7
sp|Q90788|NKX25_CHICK,218,NVS,Gallus gallus,9031,NKX-2.5
sp|Q90788|NKX25_CHICK,245,NCS,Gallus gallus,9031,NKX-2.5
sp|Q90788|NKX25_CHICK,265,NFS,Gallus gallus,9031,NKX-2.5
sp|Q90844|FST_CHICK,123,NIT,Gallus gallus,9031,FST
sp|Q90844|FST_CHICK,287,NTT,Gallus gallus,9031,FST
sp|Q90845|GBRA6_CHICK,31,NIT,Gallus gallus,9031,GABRA6
sp|Q90845|GBRA6_CHICK,128,NMT,Gallus gallus,9031,GABRA6
sp|Q90845|GBRA6_CHICK,141,NGT,Gallus gallus,9031,GABRA6
sp|Q90891|MP2K2_CHICK,363,NHT,Gallus gallus,9031,MAP2K2
sp|Q90922|NET1_CHICK,97,NAS,Gallus gallus,9031,NTN1
sp|Q90922|NET1_CHICK,118,NLT,Gallus gallus,9031,NTN1
sp|Q90922|NET1_CHICK,133,NVT,Gallus gallus,9031,NTN1
sp|Q90922|NET1_CHICK,419,NQT,Gallus gallus,9031,NTN1
sp|Q90935|NEUS_CHICK,157,NHT,Gallus gallus,9031,SERPINI1
sp|Q90935|NEUS_CHICK,401,NTS,Gallus gallus,9031,SERPINI1
sp|Q90953|CSPG2_CHICK,163,NFT,Gallus gallus,9031,VCAN
sp|Q90953|CSPG2_CHICK,235,NET,Gallus gallus,9031,VCAN
sp|Q90953|CSPG2_CHICK,329,NQT,Gallus gallus,9031,VCAN
sp|Q90953|CSPG2_CHICK,529,NQT,Gallus gallus,9031,VCAN
sp|Q90953|CSPG2_CHICK,709,NET,Gallus gallus,9031,VCAN
sp|Q90953|CSPG2_CHICK,948,NMT,Gallus gallus,9031,VCAN
sp|Q90953|CSPG2_CHICK,1409,NDT,Gallus gallus,9031,VCAN
sp|Q90953|CSPG2_CHICK,1479,NTT,Gallus gallus,9031,VCAN
sp|Q90953|CSPG2_CHICK,1523,NVT,Gallus gallus,9031,VCAN
sp|Q90953|CSPG2_CHICK,1530,NET,Gallus gallus,9031,VCAN
sp|Q90953|CSPG2_CHICK,1625,NES,Gallus gallus,9031,VCAN
sp|Q90953|CSPG2_CHICK,1751,NST,Gallus gallus,9031,VCAN
sp|Q90953|CSPG2_CHICK,1988,NTT,Gallus gallus,9031,VCAN
sp|Q90953|CSPG2_CHICK,2088,NNS,Gallus gallus,9031,VCAN
sp|Q90953|CSPG2_CHICK,2507,NGT,Gallus gallus,9031,VCAN
sp|Q90953|CSPG2_CHICK,2642,NRT,Gallus gallus,9031,VCAN
sp|Q90953|CSPG2_CHICK,2679,NVS,Gallus gallus,9031,VCAN
sp|Q90953|CSPG2_CHICK,2748,NFS,Gallus gallus,9031,VCAN
sp|Q90953|CSPG2_CHICK,2762,NLS,Gallus gallus,9031,VCAN
sp|Q90953|CSPG2_CHICK,3069,NAT,Gallus gallus,9031,VCAN
sp|Q90953|CSPG2_CHICK,3194,NNT,Gallus gallus,9031,VCAN
sp|Q90953|CSPG2_CHICK,3232,NGS,Gallus gallus,9031,VCAN
sp|Q90953|CSPG2_CHICK,3545,NSS,Gallus gallus,9031,VCAN
sp|Q90955|TEBP_CHICK,48,NES,Gallus gallus,9031,PTGES3
sp|Q90964|FOXG1_CHICK,32,NHS,Gallus gallus,9031,FOXG1
sp|Q90964|FOXG1_CHICK,194,NLS,Gallus gallus,9031,FOXG1
sp|Q90964|FOXG1_CHICK,290,NGT,Gallus gallus,9031,FOXG1
sp|Q90964|FOXG1_CHICK,315,NHS,Gallus gallus,9031,FOXG1
sp|Q90966|RARA_CHICK,4,NSS,Gallus gallus,9031,RARA
sp|Q90966|RARA_CHICK,211,NNS,Gallus gallus,9031,RARA
sp|Q90966|RARA_CHICK,293,NRT,Gallus gallus,9031,RARA
sp|Q90972|RNF13_CHICK,43,NGT,Gallus gallus,9031,RNF13
sp|Q90972|RNF13_CHICK,88,NSS,Gallus gallus,9031,RNF13
sp|Q90972|RNF13_CHICK,334,NMT,Gallus gallus,9031,RNF13
sp|Q90997|TFR1_CHICK,261,NGT,Gallus gallus,9031,TFRC
sp|Q90997|TFR1_CHICK,326,NHT,Gallus gallus,9031,TFRC
sp|Q90997|TFR1_CHICK,391,NNS,Gallus gallus,9031,TFRC
sp|Q90997|TFR1_CHICK,738,NRS,Gallus gallus,9031,TFRC
sp|Q90999|TGFR2_CHICK,62,NIT,Gallus gallus,9031,TGFBR2
sp|Q90999|TGFR2_CHICK,84,NVT,Gallus gallus,9031,TGFBR2
sp|Q90999|TGFR2_CHICK,256,NTS,Gallus gallus,9031,TGFBR2
sp|Q90WR8|SP3_CHICK,33,NAS,Gallus gallus,9031,SP3
sp|Q90WR8|SP3_CHICK,153,NGT,Gallus gallus,9031,SP3
sp|Q90WR8|SP3_CHICK,185,NSS,Gallus gallus,9031,SP3
sp|Q90WR8|SP3_CHICK,202,NQT,Gallus gallus,9031,SP3
sp|Q90WR8|SP3_CHICK,254,NIT,Gallus gallus,9031,SP3
sp|Q90WR8|SP3_CHICK,346,NLT,Gallus gallus,9031,SP3
sp|Q90WR8|SP3_CHICK,742,NTS,Gallus gallus,9031,SP3
sp|Q90WR8|SP3_CHICK,767,NET,Gallus gallus,9031,SP3
sp|Q90WU3|DDX1_CHICK,360,NLS,Gallus gallus,9031,DDX1
sp|Q90WU3|DDX1_CHICK,589,NVT,Gallus gallus,9031,DDX1
sp|Q90WU3|DDX1_CHICK,667,NCT,Gallus gallus,9031,DDX1
sp|Q90YK5|HPSE_CHICK,141,NTT,Gallus gallus,9031,HPSE
sp|Q90YK5|HPSE_CHICK,196,NIS,Gallus gallus,9031,HPSE
sp|Q90YK5|HPSE_CHICK,436,NLS,Gallus gallus,9031,HPSE
sp|Q90YK5|HPSE_CHICK,439,NVT,Gallus gallus,9031,HPSE
sp|Q90Z16|OPTN_CHICK,180,NRT,Gallus gallus,9031,OPTN
sp|Q90Z16|OPTN_CHICK,189,NSS,Gallus gallus,9031,OPTN
sp|Q90Z16|OPTN_CHICK,228,NET,Gallus gallus,9031,OPTN
sp|Q90Z16|OPTN_CHICK,252,NET,Gallus gallus,9031,OPTN
sp|Q90Z16|OPTN_CHICK,528,NIS,Gallus gallus,9031,OPTN
sp|Q90Z72|NFIL3_CHICK,112,NAT,Gallus gallus,9031,NFIL3
sp|Q90Z72|NFIL3_CHICK,262,NRS,Gallus gallus,9031,NFIL3
sp|Q90Z72|NFIL3_CHICK,315,NSS,Gallus gallus,9031,NFIL3
sp|Q90Z72|NFIL3_CHICK,420,NVS,Gallus gallus,9031,NFIL3
sp|Q90Z72|NFIL3_CHICK,435,NLS,Gallus gallus,9031,NFIL3
sp|Q90ZK6|ACVR1_CHICK,94,NIT,Gallus gallus,9031,ACVR1
sp|Q90ZK6|ACVR1_CHICK,269,NSS,Gallus gallus,9031,ACVR1
sp|Q91009|NTRK1_CHICK,100,NLS,Gallus gallus,9031,NTRK1
sp|Q91009|NTRK1_CHICK,130,NCS,Gallus gallus,9031,NTRK1
sp|Q91009|NTRK1_CHICK,143,NGS,Gallus gallus,9031,NTRK1
sp|Q91009|NTRK1_CHICK,151,NQS,Gallus gallus,9031,NTRK1
sp|Q91009|NTRK1_CHICK,194,NLT,Gallus gallus,9031,NTRK1
sp|Q91009|NTRK1_CHICK,234,NIS,Gallus gallus,9031,NTRK1
sp|Q91009|NTRK1_CHICK,262,NVT,Gallus gallus,9031,NTRK1
sp|Q91009|NTRK1_CHICK,300,NGS,Gallus gallus,9031,NTRK1
sp|Q91009|NTRK1_CHICK,320,NST,Gallus gallus,9031,NTRK1
sp|Q91009|NTRK1_CHICK,340,NYT,Gallus gallus,9031,NTRK1
sp|Q91009|NTRK1_CHICK,384,NSS,Gallus gallus,9031,NTRK1
sp|Q91009|NTRK1_CHICK,434,NRS,Gallus gallus,9031,NTRK1
sp|Q91018|PROX1_CHICK,131,NSS,Gallus gallus,9031,PROX1
sp|Q91018|PROX1_CHICK,273,NLS,Gallus gallus,9031,PROX1
sp|Q91018|PROX1_CHICK,445,NSS,Gallus gallus,9031,PROX1
sp|Q91029|WNT1_CHICK,27,NNS,Gallus gallus,9031,WNT1
sp|Q91029|WNT1_CHICK,314,NSS,Gallus gallus,9031,WNT1
sp|Q91029|WNT1_CHICK,344,NCT,Gallus gallus,9031,WNT1
sp|Q91029|WNT1_CHICK,357,NCT,Gallus gallus,9031,WNT1
sp|Q91035|SHH_CHICK,282,NQS,Gallus gallus,9031,SHH
sp|Q91044|NTRK3_CHICK,68,NTS,Gallus gallus,9031,NTRK3
sp|Q91044|NTRK3_CHICK,72,NIT,Gallus gallus,9031,NTRK3
sp|Q91044|NTRK3_CHICK,79,NIT,Gallus gallus,9031,NTRK3
sp|Q91044|NTRK3_CHICK,163,NCS,Gallus gallus,9031,NTRK3
sp|Q91044|NTRK3_CHICK,203,NIT,Gallus gallus,9031,NTRK3
sp|Q91044|NTRK3_CHICK,218,NLT,Gallus gallus,9031,NTRK3
sp|Q91044|NTRK3_CHICK,232,NGS,Gallus gallus,9031,NTRK3
sp|Q91044|NTRK3_CHICK,259,NWT,Gallus gallus,9031,NTRK3
sp|Q91044|NTRK3_CHICK,267,NLT,Gallus gallus,9031,NTRK3
sp|Q91044|NTRK3_CHICK,272,NVT,Gallus gallus,9031,NTRK3
sp|Q91044|NTRK3_CHICK,294,NAS,Gallus gallus,9031,NTRK3
sp|Q91044|NTRK3_CHICK,375,NYT,Gallus gallus,9031,NTRK3
sp|Q91044|NTRK3_CHICK,388,NQT,Gallus gallus,9031,NTRK3
sp|Q91044|NTRK3_CHICK,561,NLS,Gallus gallus,9031,NTRK3
sp|Q91987|NTRK2_CHICK,66,NVT,Gallus gallus,9031,NTRK2
sp|Q91987|NTRK2_CHICK,94,NLT,Gallus gallus,9031,NTRK2
sp|Q91987|NTRK2_CHICK,120,NLS,Gallus gallus,9031,NTRK2
sp|Q91987|NTRK2_CHICK,199,NLS,Gallus gallus,9031,NTRK2
sp|Q91987|NTRK2_CHICK,204,NIT,Gallus gallus,9031,NTRK2
sp|Q91987|NTRK2_CHICK,226,NVS,Gallus gallus,9031,NTRK2
sp|Q91987|NTRK2_CHICK,253,NVS,Gallus gallus,9031,NTRK2
sp|Q91987|NTRK2_CHICK,287,NIT,Gallus gallus,9031,NTRK2
sp|Q91987|NTRK2_CHICK,324,NES,Gallus gallus,9031,NTRK2
sp|Q91987|NTRK2_CHICK,337,NQS,Gallus gallus,9031,NTRK2
sp|Q91987|NTRK2_CHICK,408,NNS,Gallus gallus,9031,NTRK2
sp|Q91987|NTRK2_CHICK,482,NGS,Gallus gallus,9031,NTRK2
sp|Q92058|PPBT_CHICK,139,NTT,Gallus gallus,9031,ALPL
sp|Q92058|PPBT_CHICK,229,NTS,Gallus gallus,9031,ALPL
sp|Q92058|PPBT_CHICK,278,NVS,Gallus gallus,9031,ALPL
sp|Q92058|PPBT_CHICK,302,NET,Gallus gallus,9031,ALPL
sp|Q92058|PPBT_CHICK,429,NVS,Gallus gallus,9031,ALPL
sp|Q92072|DNMT1_CHICK,639,NKS,Gallus gallus,9031,DNMT1
sp|Q92072|DNMT1_CHICK,1268,NIT,Gallus gallus,9031,DNMT1
sp|Q92075|SCNNA_CHICK,57,NTT,Gallus gallus,9031,SCNN1A
sp|Q92075|SCNNA_CHICK,157,NMS,Gallus gallus,9031,SCNN1A
sp|Q92075|SCNNA_CHICK,280,NYT,Gallus gallus,9031,SCNN1A
sp|Q92075|SCNNA_CHICK,298,NSS,Gallus gallus,9031,SCNN1A
sp|Q92075|SCNNA_CHICK,499,NIT,Gallus gallus,9031,SCNN1A
sp|Q92177|CAN3_CHICK,77,NET,Gallus gallus,9031,CAPN3
sp|Q92177|CAN3_CHICK,111,NRT,Gallus gallus,9031,CAPN3
sp|Q92177|CAN3_CHICK,217,NTT,Gallus gallus,9031,CAPN3
sp|Q92177|CAN3_CHICK,408,NLT,Gallus gallus,9031,CAPN3
sp|Q92177|CAN3_CHICK,521,NAS,Gallus gallus,9031,CAPN3
sp|Q92178|CAN2_CHICK,189,NGS,Gallus gallus,9031,CAPN2
sp|Q92178|CAN2_CHICK,303,NWS,Gallus gallus,9031,CAPN2
sp|Q92178|CAN2_CHICK,342,NLT,Gallus gallus,9031,CAPN2
sp|Q92178|CAN2_CHICK,508,NST,Gallus gallus,9031,CAPN2
sp|Q92182|SIAT1_CHICK,129,NVT,Gallus gallus,9031,ST6GAL1
sp|Q92182|SIAT1_CHICK,155,NVT,Gallus gallus,9031,ST6GAL1
sp|Q92182|SIAT1_CHICK,167,NSS,Gallus gallus,9031,ST6GAL1
sp|Q92182|SIAT1_CHICK,181,NET,Gallus gallus,9031,ST6GAL1
sp|Q92183|SIA7A_CHICK,66,NYS,Gallus gallus,9031,ST6GALNAC1
sp|Q92183|SIA7A_CHICK,132,NTT,Gallus gallus,9031,ST6GALNAC1
sp|Q92183|SIA7A_CHICK,192,NST,Gallus gallus,9031,ST6GALNAC1
sp|Q92183|SIA7A_CHICK,275,NIT,Gallus gallus,9031,ST6GALNAC1
sp|Q92183|SIA7A_CHICK,286,NVS,Gallus gallus,9031,ST6GALNAC1
sp|Q92183|SIA7A_CHICK,306,NYS,Gallus gallus,9031,ST6GALNAC1
sp|Q92183|SIA7A_CHICK,329,NSS,Gallus gallus,9031,ST6GALNAC1
sp|Q92183|SIA7A_CHICK,333,NVS,Gallus gallus,9031,ST6GALNAC1
sp|Q92183|SIA7A_CHICK,350,NNS,Gallus gallus,9031,ST6GALNAC1
sp|Q98917|PMEL_CHICK,111,NCT,Gallus gallus,9031,PMEL
sp|Q98917|PMEL_CHICK,115,NGT,Gallus gallus,9031,PMEL
sp|Q98917|PMEL_CHICK,346,NLT,Gallus gallus,9031,PMEL
sp|Q98917|PMEL_CHICK,651,NQS,Gallus gallus,9031,PMEL
sp|Q98917|PMEL_CHICK,659,NVS,Gallus gallus,9031,PMEL
sp|Q98930|SORL_CHICK,6,NDS,Gallus gallus,9031,SORL1
sp|Q98930|SORL_CHICK,65,NSS,Gallus gallus,9031,SORL1
sp|Q98930|SORL_CHICK,275,NRT,Gallus gallus,9031,SORL1
sp|Q98930|SORL_CHICK,337,NGS,Gallus gallus,9031,SORL1
sp|Q98930|SORL_CHICK,523,NTS,Gallus gallus,9031,SORL1
sp|Q98930|SORL_CHICK,581,NCS,Gallus gallus,9031,SORL1
sp|Q98930|SORL_CHICK,725,NGS,Gallus gallus,9031,SORL1
sp|Q98930|SORL_CHICK,778,NSS,Gallus gallus,9031,SORL1
sp|Q98930|SORL_CHICK,975,NNT,Gallus gallus,9031,SORL1
sp|Q98930|SORL_CHICK,1098,NCT,Gallus gallus,9031,SORL1
sp|Q98930|SORL_CHICK,1152,NGT,Gallus gallus,9031,SORL1
sp|Q98930|SORL_CHICK,1366,NVT,Gallus gallus,9031,SORL1
sp|Q98930|SORL_CHICK,1454,NCT,Gallus gallus,9031,SORL1
sp|Q98930|SORL_CHICK,1514,NKT,Gallus gallus,9031,SORL1
sp|Q98938|IHH_CHICK,278,NAS,Gallus gallus,9031,IHH
sp|Q98949|TYRO3_CHICK,51,NCS,Gallus gallus,9031,TYRO3
sp|Q98949|TYRO3_CHICK,179,NVS,Gallus gallus,9031,TYRO3
sp|Q98949|TYRO3_CHICK,184,NQS,Gallus gallus,9031,TYRO3
sp|Q98949|TYRO3_CHICK,218,NVT,Gallus gallus,9031,TYRO3
sp|Q98949|TYRO3_CHICK,228,NAS,Gallus gallus,9031,TYRO3
sp|Q98949|TYRO3_CHICK,281,NYS,Gallus gallus,9031,TYRO3
sp|Q98949|TYRO3_CHICK,353,NVT,Gallus gallus,9031,TYRO3
sp|Q98949|TYRO3_CHICK,367,NLT,Gallus gallus,9031,TYRO3
sp|Q98949|TYRO3_CHICK,655,NVS,Gallus gallus,9031,TYRO3
sp|Q98949|TYRO3_CHICK,858,NKS,Gallus gallus,9031,TYRO3
sp|Q98SN7|WNT2B_CHICK,111,NCS,Gallus gallus,9031,WNT2B
sp|Q98UI9|MUC5B_CHICK,69,NDS,Gallus gallus,9031,MUC5B
sp|Q98UI9|MUC5B_CHICK,262,NSS,Gallus gallus,9031,MUC5B
sp|Q98UI9|MUC5B_CHICK,381,NCT,Gallus gallus,9031,MUC5B
sp|Q98UI9|MUC5B_CHICK,528,NRT,Gallus gallus,9031,MUC5B
sp|Q98UI9|MUC5B_CHICK,599,NTS,Gallus gallus,9031,MUC5B
sp|Q98UI9|MUC5B_CHICK,673,NYS,Gallus gallus,9031,MUC5B
sp|Q98UI9|MUC5B_CHICK,680,NQS,Gallus gallus,9031,MUC5B
sp|Q98UI9|MUC5B_CHICK,772,NCS,Gallus gallus,9031,MUC5B
sp|Q98UI9|MUC5B_CHICK,855,NCT,Gallus gallus,9031,MUC5B
sp|Q98UI9|MUC5B_CHICK,1036,NMT,Gallus gallus,9031,MUC5B
sp|Q98UI9|MUC5B_CHICK,1219,NET,Gallus gallus,9031,MUC5B
sp|Q98UI9|MUC5B_CHICK,1291,NVS,Gallus gallus,9031,MUC5B
sp|Q98UI9|MUC5B_CHICK,1297,NIS,Gallus gallus,9031,MUC5B
sp|Q98UI9|MUC5B_CHICK,1308,NAS,Gallus gallus,9031,MUC5B
sp|Q98UI9|MUC5B_CHICK,1345,NAT,Gallus gallus,9031,MUC5B
sp|Q98UI9|MUC5B_CHICK,1371,NES,Gallus gallus,9031,MUC5B
sp|Q98UI9|MUC5B_CHICK,1452,NCT,Gallus gallus,9031,MUC5B
sp|Q98UI9|MUC5B_CHICK,1567,NNT,Gallus gallus,9031,MUC5B
sp|Q98UI9|MUC5B_CHICK,1639,NLT,Gallus gallus,9031,MUC5B
sp|Q98UI9|MUC5B_CHICK,1732,NNT,Gallus gallus,9031,MUC5B
sp|Q98UI9|MUC5B_CHICK,1792,NIS,Gallus gallus,9031,MUC5B
sp|Q98UI9|MUC5B_CHICK,1807,NCT,Gallus gallus,9031,MUC5B
sp|Q98UI9|MUC5B_CHICK,1841,NKT,Gallus gallus,9031,MUC5B
sp|Q98UI9|MUC5B_CHICK,1964,NCT,Gallus gallus,9031,MUC5B
sp|Q9DDD0|NRX1A_CHICK,49,NYT,Gallus gallus,9031,NRXN1
sp|Q9DDD0|NRX1A_CHICK,646,NSS,Gallus gallus,9031,NRXN1
sp|Q9DDD0|NRX1A_CHICK,1079,NAT,Gallus gallus,9031,NRXN1
sp|Q9DDT2|BCAP_CHICK,62,NRS,Gallus gallus,9031,PIK3AP1
sp|Q9DDT2|BCAP_CHICK,220,NSS,Gallus gallus,9031,PIK3AP1
sp|Q9DDT2|BCAP_CHICK,242,NLT,Gallus gallus,9031,PIK3AP1
sp|Q9DDT2|BCAP_CHICK,354,NLT,Gallus gallus,9031,PIK3AP1
sp|Q9DDT2|BCAP_CHICK,725,NRS,Gallus gallus,9031,PIK3AP1
sp|Q9DE07|NBN_CHICK,77,NGS,Gallus gallus,9031,NBN
sp|Q9DE07|NBN_CHICK,284,NWT,Gallus gallus,9031,NBN
sp|Q9DE07|NBN_CHICK,418,NRT,Gallus gallus,9031,NBN
sp|Q9DER5|TEN2_CHICK,78,NFT,Gallus gallus,9031,TENM2
sp|Q9DER5|TEN2_CHICK,161,NKS,Gallus gallus,9031,TENM2
sp|Q9DER5|TEN2_CHICK,232,NTS,Gallus gallus,9031,TENM2
sp|Q9DER5|TEN2_CHICK,285,NHS,Gallus gallus,9031,TENM2
sp|Q9DER5|TEN2_CHICK,471,NSS,Gallus gallus,9031,TENM2
sp|Q9DER5|TEN2_CHICK,510,NIS,Gallus gallus,9031,TENM2
sp|Q9DER5|TEN2_CHICK,953,NSS,Gallus gallus,9031,TENM2
sp|Q9DER5|TEN2_CHICK,976,NVS,Gallus gallus,9031,TENM2
sp|Q9DER5|TEN2_CHICK,1295,NVT,Gallus gallus,9031,TENM2
sp|Q9DER5|TEN2_CHICK,1644,NFT,Gallus gallus,9031,TENM2
sp|Q9DER5|TEN2_CHICK,1740,NVT,Gallus gallus,9031,TENM2
sp|Q9DER5|TEN2_CHICK,1777,NLS,Gallus gallus,9031,TENM2
sp|Q9DER5|TEN2_CHICK,1801,NGT,Gallus gallus,9031,TENM2
sp|Q9DER5|TEN2_CHICK,1835,NIS,Gallus gallus,9031,TENM2
sp|Q9DER5|TEN2_CHICK,1920,NVS,Gallus gallus,9031,TENM2
sp|Q9DER5|TEN2_CHICK,2021,NAS,Gallus gallus,9031,TENM2
sp|Q9DER5|TEN2_CHICK,2225,NTT,Gallus gallus,9031,TENM2
sp|Q9DER5|TEN2_CHICK,2365,NHS,Gallus gallus,9031,TENM2
sp|Q9DER5|TEN2_CHICK,2676,NVT,Gallus gallus,9031,TENM2
sp|Q9DF58|ILK_CHICK,158,NLT,Gallus gallus,9031,ILK
sp|Q9DF58|ILK_CHICK,179,NGT,Gallus gallus,9031,ILK
sp|Q9DF58|ILK_CHICK,202,NQS,Gallus gallus,9031,ILK
sp|Q9DF69|CSPG5_CHICK,26,NGS,Gallus gallus,9031,CSPG5
sp|Q9DF69|CSPG5_CHICK,44,NST,Gallus gallus,9031,CSPG5
sp|Q9DF69|CSPG5_CHICK,413,NSS,Gallus gallus,9031,CSPG5
sp|Q9DF69|CSPG5_CHICK,425,NSS,Gallus gallus,9031,CSPG5
sp|Q9DF69|CSPG5_CHICK,530,NFS,Gallus gallus,9031,CSPG5
sp|Q9DG23|POPD1_CHICK,20,NAT,Gallus gallus,9031,BVES
sp|Q9DG23|POPD1_CHICK,27,NET,Gallus gallus,9031,BVES
sp|Q9DGG6|ADCY9_CHICK,398,NKS,Gallus gallus,9031,ADCY9
sp|Q9DGG6|ADCY9_CHICK,642,NST,Gallus gallus,9031,ADCY9
sp|Q9DGG6|ADCY9_CHICK,937,NLS,Gallus gallus,9031,ADCY9
sp|Q9DGG6|ADCY9_CHICK,946,NSS,Gallus gallus,9031,ADCY9
sp|Q9DGG6|ADCY9_CHICK,979,NRS,Gallus gallus,9031,ADCY9
sp|Q9DGG6|ADCY9_CHICK,1048,NFS,Gallus gallus,9031,ADCY9
sp|Q9DGG6|ADCY9_CHICK,1103,NTS,Gallus gallus,9031,ADCY9
sp|Q9DGG6|ADCY9_CHICK,1329,NVS,Gallus gallus,9031,ADCY9
sp|Q9I8D1|MYO6_CHICK,62,NCS,Gallus gallus,9031,MYO6
sp|Q9I8D1|MYO6_CHICK,201,NNS,Gallus gallus,9031,MYO6
sp|Q9I8D1|MYO6_CHICK,1038,NGT,Gallus gallus,9031,MYO6
sp|Q9I8D1|MYO6_CHICK,1090,NTS,Gallus gallus,9031,MYO6
sp|Q9I8T7|BMAL1_CHICK,188,NYS,Gallus gallus,9031,BMAL1
sp|Q9I8T7|BMAL1_CHICK,317,NLS,Gallus gallus,9031,BMAL1
sp|Q9I8T7|BMAL1_CHICK,530,NIT,Gallus gallus,9031,BMAL1
sp|Q9I8T7|BMAL1_CHICK,576,NSS,Gallus gallus,9031,BMAL1
sp|Q9I920|BLM_CHICK,68,NVS,Gallus gallus,9031,BLM
sp|Q9I920|BLM_CHICK,221,NSS,Gallus gallus,9031,BLM
sp|Q9I920|BLM_CHICK,230,NQT,Gallus gallus,9031,BLM
sp|Q9I920|BLM_CHICK,279,NGS,Gallus gallus,9031,BLM
sp|Q9I920|BLM_CHICK,325,NDT,Gallus gallus,9031,BLM
sp|Q9I920|BLM_CHICK,836,NCS,Gallus gallus,9031,BLM
sp|Q9I920|BLM_CHICK,847,NVT,Gallus gallus,9031,BLM
sp|Q9I920|BLM_CHICK,965,NAS,Gallus gallus,9031,BLM
sp|Q9I9E0|TAOK3_CHICK,236,NDS,Gallus gallus,9031,TAOK3
sp|Q9I9E0|TAOK3_CHICK,336,NLS,Gallus gallus,9031,TAOK3
sp|Q9I9E0|TAOK3_CHICK,347,NHS,Gallus gallus,9031,TAOK3
sp|Q9I9E0|TAOK3_CHICK,389,NST,Gallus gallus,9031,TAOK3
sp|Q9I9E0|TAOK3_CHICK,502,NNS,Gallus gallus,9031,TAOK3
sp|Q9IA05|FZD4_CHICK,47,NVT,Gallus gallus,9031,FZD4
sp|Q9IA05|FZD4_CHICK,132,NCS,Gallus gallus,9031,FZD4
sp|Q9IA05|FZD4_CHICK,521,NET,Gallus gallus,9031,FZD4
sp|Q9IA88|SIK2_CHICK,327,NSS,Gallus gallus,9031,SIK2
sp|Q9IA88|SIK2_CHICK,430,NRS,Gallus gallus,9031,SIK2
sp|Q9IA88|SIK2_CHICK,469,NTS,Gallus gallus,9031,SIK2
sp|Q9IA88|SIK2_CHICK,514,NDS,Gallus gallus,9031,SIK2
sp|Q9IA88|SIK2_CHICK,750,NVS,Gallus gallus,9031,SIK2
sp|Q9IA95|SFRP3_CHICK,41,NMT,Gallus gallus,9031,FRZB
sp|Q9IA95|SFRP3_CHICK,71,NCS,Gallus gallus,9031,FRZB
sp|Q9IAK4|NOE1_CHICK,33,NTT,Gallus gallus,9031,OLFM1
sp|Q9IAK4|NOE1_CHICK,103,NMS,Gallus gallus,9031,OLFM1
sp|Q9IAK4|NOE1_CHICK,187,NLT,Gallus gallus,9031,OLFM1
sp|Q9IAK4|NOE1_CHICK,288,NFT,Gallus gallus,9031,OLFM1
sp|Q9IAK4|NOE1_CHICK,307,NGS,Gallus gallus,9031,OLFM1
sp|Q9IAK4|NOE1_CHICK,394,NTS,Gallus gallus,9031,OLFM1
sp|Q9IAK4|NOE1_CHICK,431,NAS,Gallus gallus,9031,OLFM1
sp|Q9IAK4|NOE1_CHICK,473,NVT,Gallus gallus,9031,OLFM1
sp|Q9IAL7|NCKX2_CHICK,112,NAT,Gallus gallus,9031,SLC24A2
sp|Q9IAL7|NCKX2_CHICK,234,NLT,Gallus gallus,9031,SLC24A2
sp|Q9IAL7|NCKX2_CHICK,582,NFS,Gallus gallus,9031,SLC24A2
sp|Q9IAL8|NCKX1_CHICK,59,NKT,Gallus gallus,9031,SLC24A1
sp|Q9IAL8|NCKX1_CHICK,66,NVT,Gallus gallus,9031,SLC24A1
sp|Q9IAL8|NCKX1_CHICK,100,NES,Gallus gallus,9031,SLC24A1
sp|Q9IAL8|NCKX1_CHICK,279,NVS,Gallus gallus,9031,SLC24A1
sp|Q9IAM7|MRE11_CHICK,34,NDT,Gallus gallus,9031,MRE11
sp|Q9IAM7|MRE11_CHICK,219,NRS,Gallus gallus,9031,MRE11
sp|Q9IAM7|MRE11_CHICK,594,NTS,Gallus gallus,9031,MRE11
sp|Q9IAM7|MRE11_CHICK,613,NSS,Gallus gallus,9031,MRE11
sp|Q9IAX2|IOD2_CHICK,83,NSS,Gallus gallus,9031,DIO2
sp|Q9IAX2|IOD2_CHICK,97,NSS,Gallus gallus,9031,DIO2
sp|Q9IAX2|IOD2_CHICK,260,NFS,Gallus gallus,9031,DIO2
sp|Q9PRS8|OC17_CHICK,59,NAS,,,
sp|Q9PTR5|LIS1_CHICK,194,NVS,Gallus gallus,9031,PAFAH1B1
sp|Q9PU47|PDLI3_CHICK,59,NMT,Gallus gallus,9031,PDLIM3
sp|Q9PU47|PDLI3_CHICK,169,NAS,Gallus gallus,9031,PDLIM3
sp|Q9PU53|TERF2_CHICK,627,NSS,Gallus gallus,9031,TERF2
sp|Q9PU53|TERF2_CHICK,656,NNS,Gallus gallus,9031,TERF2
sp|Q9PU53|TERF2_CHICK,699,NRT,Gallus gallus,9031,TERF2
sp|Q9PUF6|PGFRA_CHICK,44,NFT,Gallus gallus,9031,PDGFRA
sp|Q9PUF6|PGFRA_CHICK,75,NNS,Gallus gallus,9031,PDGFRA
sp|Q9PUF6|PGFRA_CHICK,88,NAS,Gallus gallus,9031,PDGFRA
sp|Q9PUF6|PGFRA_CHICK,102,NHT,Gallus gallus,9031,PDGFRA
sp|Q9PUF6|PGFRA_CHICK,353,NVT,Gallus gallus,9031,PDGFRA
sp|Q9PUF6|PGFRA_CHICK,359,NLT,Gallus gallus,9031,PDGFRA
sp|Q9PUF6|PGFRA_CHICK,458,NDT,Gallus gallus,9031,PDGFRA
sp|Q9PUF6|PGFRA_CHICK,468,NIS,Gallus gallus,9031,PDGFRA
sp|Q9PW38|GEPH_CHICK,121,NVT,Gallus gallus,9031,GPHN
sp|Q9PW38|GEPH_CHICK,526,NRS,Gallus gallus,9031,GPHN
sp|Q9PWB0|CER1_CHICK,116,NFS,Gallus gallus,9031,CER1
sp|Q9PWB0|CER1_CHICK,228,NCT,Gallus gallus,9031,CER1
sp|Q9PWE8|TBX5_CHICK,270,NHS,Gallus gallus,9031,TBX5
sp|Q9PWE8|TBX5_CHICK,365,NTS,Gallus gallus,9031,TBX5
sp|Q9PWE8|TBX5_CHICK,444,NHT,Gallus gallus,9031,TBX5
sp|Q9PWH2|FZD10_CHICK,52,NMT,Gallus gallus,9031,FZD10
sp|Q9PWH2|FZD10_CHICK,157,NGS,Gallus gallus,9031,FZD10
sp|Q9PWH2|FZD10_CHICK,354,NSS,Gallus gallus,9031,FZD10
sp|Q9PWH2|FZD10_CHICK,489,NQT,Gallus gallus,9031,FZD10
sp|Q9PWH2|FZD10_CHICK,499,NNS,Gallus gallus,9031,FZD10
sp|Q9W6V5|PTPRJ_CHICK,36,NVT,Gallus gallus,9031,PTPRJ
sp|Q9W6V5|PTPRJ_CHICK,52,NAT,Gallus gallus,9031,PTPRJ
sp|Q9W6V5|PTPRJ_CHICK,97,NLT,Gallus gallus,9031,PTPRJ
sp|Q9W6V5|PTPRJ_CHICK,103,NDT,Gallus gallus,9031,PTPRJ
sp|Q9W6V5|PTPRJ_CHICK,118,NGS,Gallus gallus,9031,PTPRJ
sp|Q9W6V5|PTPRJ_CHICK,124,NKT,Gallus gallus,9031,PTPRJ
sp|Q9W6V5|PTPRJ_CHICK,186,NLT,Gallus gallus,9031,PTPRJ
sp|Q9W6V5|PTPRJ_CHICK,192,NDT,Gallus gallus,9031,PTPRJ
sp|Q9W6V5|PTPRJ_CHICK,243,NRT,Gallus gallus,9031,PTPRJ
sp|Q9W6V5|PTPRJ_CHICK,275,NLT,Gallus gallus,9031,PTPRJ
sp|Q9W6V5|PTPRJ_CHICK,281,NGT,Gallus gallus,9031,PTPRJ
sp|Q9W6V5|PTPRJ_CHICK,296,NAT,Gallus gallus,9031,PTPRJ
sp|Q9W6V5|PTPRJ_CHICK,302,NET,Gallus gallus,9031,PTPRJ
sp|Q9W6V5|PTPRJ_CHICK,331,NNT,Gallus gallus,9031,PTPRJ
sp|Q9W6V5|PTPRJ_CHICK,364,NLT,Gallus gallus,9031,PTPRJ
sp|Q9W6V5|PTPRJ_CHICK,385,NGS,Gallus gallus,9031,PTPRJ
sp|Q9W6V5|PTPRJ_CHICK,391,NKT,Gallus gallus,9031,PTPRJ
sp|Q9W6V5|PTPRJ_CHICK,453,NLT,Gallus gallus,9031,PTPRJ
sp|Q9W6V5|PTPRJ_CHICK,459,NDT,Gallus gallus,9031,PTPRJ
sp|Q9W6V5|PTPRJ_CHICK,484,NVT,Gallus gallus,9031,PTPRJ
sp|Q9W6V5|PTPRJ_CHICK,500,NFT,Gallus gallus,9031,PTPRJ
sp|Q9W6V5|PTPRJ_CHICK,510,NRT,Gallus gallus,9031,PTPRJ
sp|Q9W6V5|PTPRJ_CHICK,547,NDT,Gallus gallus,9031,PTPRJ
sp|Q9W6V5|PTPRJ_CHICK,568,NKT,Gallus gallus,9031,PTPRJ
sp|Q9W6V5|PTPRJ_CHICK,630,NLT,Gallus gallus,9031,PTPRJ
sp|Q9W6V5|PTPRJ_CHICK,636,NDT,Gallus gallus,9031,PTPRJ
sp|Q9W6V5|PTPRJ_CHICK,651,NGS,Gallus gallus,9031,PTPRJ
sp|Q9W6V5|PTPRJ_CHICK,657,NKT,Gallus gallus,9031,PTPRJ
sp|Q9W6V5|PTPRJ_CHICK,719,NLT,Gallus gallus,9031,PTPRJ
sp|Q9W6V5|PTPRJ_CHICK,745,NET,Gallus gallus,9031,PTPRJ
sp|Q9W6V5|PTPRJ_CHICK,750,NVT,Gallus gallus,9031,PTPRJ
sp|Q9W6V5|PTPRJ_CHICK,766,NFT,Gallus gallus,9031,PTPRJ
sp|Q9W6V5|PTPRJ_CHICK,776,NQT,Gallus gallus,9031,PTPRJ
sp|Q9W6V5|PTPRJ_CHICK,804,NMS,Gallus gallus,9031,PTPRJ
sp|Q9W6V5|PTPRJ_CHICK,828,NGT,Gallus gallus,9031,PTPRJ
sp|Q9W6V5|PTPRJ_CHICK,1010,NFT,Gallus gallus,9031,PTPRJ
sp|Q9W6V5|PTPRJ_CHICK,1382,NTT,Gallus gallus,9031,PTPRJ
sp|Q9W6V5|PTPRJ_CHICK,1391,NFT,Gallus gallus,9031,PTPRJ
sp|Q9W6V6|TEN1_CHICK,414,NIS,Gallus gallus,9031,TENM1
sp|Q9W6V6|TEN1_CHICK,878,NVS,Gallus gallus,9031,TENM1
sp|Q9W6V6|TEN1_CHICK,1057,NKT,Gallus gallus,9031,TENM1
sp|Q9W6V6|TEN1_CHICK,1530,NGT,Gallus gallus,9031,TENM1
sp|Q9W6V6|TEN1_CHICK,1547,NFT,Gallus gallus,9031,TENM1
sp|Q9W6V6|TEN1_CHICK,1643,NAT,Gallus gallus,9031,TENM1
sp|Q9W6V6|TEN1_CHICK,1679,NFS,Gallus gallus,9031,TENM1
sp|Q9W6V6|TEN1_CHICK,1737,NIS,Gallus gallus,9031,TENM1
sp|Q9W6V6|TEN1_CHICK,1761,NIS,Gallus gallus,9031,TENM1
sp|Q9W6V6|TEN1_CHICK,1822,NIT,Gallus gallus,9031,TENM1
sp|Q9W6V6|TEN1_CHICK,2036,NET,Gallus gallus,9031,TENM1
sp|Q9W6V6|TEN1_CHICK,2125,NIT,Gallus gallus,9031,TENM1
sp|Q9W6V6|TEN1_CHICK,2265,NHS,Gallus gallus,9031,TENM1
sp|Q9W6V6|TEN1_CHICK,2582,NVT,Gallus gallus,9031,TENM1
sp|Q9W734|SMAD6_CHICK,35,NAT,Gallus gallus,9031,SMAD6
sp|Q9W734|SMAD6_CHICK,244,NVT,Gallus gallus,9031,SMAD6
sp|Q9W734|SMAD6_CHICK,309,NRS,Gallus gallus,9031,SMAD6
sp|Q9W734|SMAD6_CHICK,338,NRS,Gallus gallus,9031,SMAD6
sp|Q9YGC1|BLNK_CHICK,28,NES,Gallus gallus,9031,BLNK
sp|Q9YGC1|BLNK_CHICK,141,NRT,Gallus gallus,9031,BLNK
sp|Q9YGC1|BLNK_CHICK,321,NHS,Gallus gallus,9031,BLNK
sp|Q9YGC1|BLNK_CHICK,537,NNT,Gallus gallus,9031,BLNK
sp|Q9YGL6|PALM_CHICK,99,NSS,Gallus gallus,9031,PALM
sp|Q9YGL6|PALM_CHICK,273,NST,Gallus gallus,9031,PALM
sp|Q9YGL6|PALM_CHICK,300,NET,Gallus gallus,9031,PALM
sp|Q9YGL6|PALM_CHICK,337,NGT,Gallus gallus,9031,PALM
sp|Q9YGL6|PALM_CHICK,362,NAT,Gallus gallus,9031,PALM
sp|Q9YGX2|RPE65_CHICK,199,NFS,Gallus gallus,9031,RPE65
sp|Q9YGX2|RPE65_CHICK,221,NKS,Gallus gallus,9031,RPE65
sp|Q9YGX2|RPE65_CHICK,282,NET,Gallus gallus,9031,RPE65
sp|Q9YH06|HMGB1_CHICK,37,NFS,Gallus gallus,9031,HMGB1
sp|Q9YH06|HMGB1_CHICK,134,NNT,Gallus gallus,9031,HMGB1
sp|Q9YH18|QKI_CHICK,58,NDT,Gallus gallus,9031,QKI
sp|Q9YH18|QKI_CHICK,62,NGS,Gallus gallus,9031,QKI
sp|Q9YH18|QKI_CHICK,201,NGT,Gallus gallus,9031,QKI
sp|Q9YH18|QKI_CHICK,264,NGT,Gallus gallus,9031,QKI
sp|Q9YH58|FTCD_CHICK,10,NFS,Gallus gallus,9031,FTCD
sp|Q9YH58|FTCD_CHICK,45,NRT,Gallus gallus,9031,FTCD
sp|Q9YH58|FTCD_CHICK,98,NIS,Gallus gallus,9031,FTCD
sp|Q9YH85|TECTA_CHICK,34,NDT,Gallus gallus,9031,TECTA
sp|Q9YH85|TECTA_CHICK,215,NIS,Gallus gallus,9031,TECTA
sp|Q9YH85|TECTA_CHICK,258,NLS,Gallus gallus,9031,TECTA
sp|Q9YH85|TECTA_CHICK,277,NCS,Gallus gallus,9031,TECTA
sp|Q9YH85|TECTA_CHICK,445,NGT,Gallus gallus,9031,TECTA
sp|Q9YH85|TECTA_CHICK,496,NCS,Gallus gallus,9031,TECTA
sp|Q9YH85|TECTA_CHICK,666,NTS,Gallus gallus,9031,TECTA
sp|Q9YH85|TECTA_CHICK,792,NGT,Gallus gallus,9031,TECTA
sp|Q9YH85|TECTA_CHICK,822,NCT,Gallus gallus,9031,TECTA
sp|Q9YH85|TECTA_CHICK,834,NDS,Gallus gallus,9031,TECTA
sp|Q9YH85|TECTA_CHICK,877,NDS,Gallus gallus,9031,TECTA
sp|Q9YH85|TECTA_CHICK,899,NSS,Gallus gallus,9031,TECTA
sp|Q9YH85|TECTA_CHICK,907,NVS,Gallus gallus,9031,TECTA
sp|Q9YH85|TECTA_CHICK,928,NQS,Gallus gallus,9031,TECTA
sp|Q9YH85|TECTA_CHICK,1025,NQT,Gallus gallus,9031,TECTA
sp|Q9YH85|TECTA_CHICK,1041,NGS,Gallus gallus,9031,TECTA
sp|Q9YH85|TECTA_CHICK,1207,NLT,Gallus gallus,9031,TECTA
sp|Q9YH85|TECTA_CHICK,1337,NFT,Gallus gallus,9031,TECTA
sp|Q9YH85|TECTA_CHICK,1511,NLT,Gallus gallus,9031,TECTA
sp|Q9YH85|TECTA_CHICK,1537,NGS,Gallus gallus,9031,TECTA
sp|Q9YH85|TECTA_CHICK,1723,NCS,Gallus gallus,9031,TECTA
sp|Q9YH85|TECTA_CHICK,1739,NRT,Gallus gallus,9031,TECTA
sp|Q9YH85|TECTA_CHICK,1761,NTT,Gallus gallus,9031,TECTA
sp|Q9YH85|TECTA_CHICK,1818,NNT,Gallus gallus,9031,TECTA
sp|Q9YH85|TECTA_CHICK,1831,NST,Gallus gallus,9031,TECTA
sp|Q9YH85|TECTA_CHICK,1847,NNT,Gallus gallus,9031,TECTA
sp|Q9YH85|TECTA_CHICK,1887,NLT,Gallus gallus,9031,TECTA
sp|Q9YH85|TECTA_CHICK,1906,NSS,Gallus gallus,9031,TECTA
sp|Q9YHT1|SDHA_CHICK,43,NAS,Gallus gallus,9031,SDHA
sp|Q9YHT2|SDHB_CHICK,258,NCT,Gallus gallus,9031,SDHB
sp|Q9YHY9|OTC_CHICK,47,NYT,Gallus gallus,9031,OTC
sp|Q9YHY9|OTC_CHICK,121,NES,Gallus gallus,9031,OTC
sp|Q9YHY9|OTC_CHICK,297,NWT,Gallus gallus,9031,OTC
sp|A0A1D5NVS8|MSL2_CHICK,5,NAT,Gallus gallus,9031,MSL2
sp|A0A1D5NVS8|MSL2_CHICK,59,NST,Gallus gallus,9031,MSL2
sp|A0A1D5NVS8|MSL2_CHICK,232,NSS,Gallus gallus,9031,MSL2
sp|A0A1D5NVS8|MSL2_CHICK,299,NVT,Gallus gallus,9031,MSL2
sp|A0A1D5NVS8|MSL2_CHICK,407,NKS,Gallus gallus,9031,MSL2
sp|A0A1D5NVS8|MSL2_CHICK,532,NVT,Gallus gallus,9031,MSL2
sp|A0A1D5NVS8|MSL2_CHICK,540,NAS,Gallus gallus,9031,MSL2
sp|A0A1D5NVS8|MSL2_CHICK,549,NVT,Gallus gallus,9031,MSL2
sp|A0A1D5P556|DAAM2_CHICK,186,NNS,Gallus gallus,9031,DAAM2
sp|A0A1D5P556|DAAM2_CHICK,321,NAT,Gallus gallus,9031,DAAM2
sp|A0A1D5P556|DAAM2_CHICK,848,NIT,Gallus gallus,9031,DAAM2
sp|A7Y7W2|PO5F3_CHICK,328,NES,Gallus gallus,9031,POU5F3
sp|A7Y7W2|PO5F3_CHICK,338,NQS,Gallus gallus,9031,POU5F3
sp|A7Y7W2|PO5F3_CHICK,385,NNS,Gallus gallus,9031,POU5F3
sp|B6ZI38|DRAXI_CHICK,125,NQS,Gallus gallus,9031,DRAXIN
sp|B6ZI38|DRAXI_CHICK,264,NET,Gallus gallus,9031,DRAXIN
sp|D0PRN3|NRX3A_CHICK,58,NVS,,,
sp|D0PRN3|NRX3A_CHICK,105,NDS,,,
sp|D0PRN3|NRX3A_CHICK,776,NAS,,,
sp|D0PRN3|NRX3A_CHICK,1208,NAT,,,
sp|D0PRN3|NRX3A_CHICK,1306,NGS,,,
sp|D0PRN3|NRX3A_CHICK,1350,NRS,,,
sp|D0PRN3|NRX3A_CHICK,1666,NGT,,,
sp|D0PRN4|NRX3B_CHICK,183,NAT,Gallus gallus,9031,NRXN3
sp|D0PRN4|NRX3B_CHICK,281,NGS,Gallus gallus,9031,NRXN3
sp|D0PRN4|NRX3B_CHICK,325,NRS,Gallus gallus,9031,NRXN3
sp|D0PRN4|NRX3B_CHICK,641,NGT,Gallus gallus,9031,NRXN3
sp|E1BRE2|SIR5_CHICK,170,NVT,Gallus gallus,9031,SIRT5
sp|E1BUG7|SPT2_CHICK,114,NVS,Gallus gallus,9031,SPTY2D1
sp|E1BUG7|SPT2_CHICK,304,NSS,Gallus gallus,9031,SPTY2D1
sp|E1BUG7|SPT2_CHICK,372,NSS,Gallus gallus,9031,SPTY2D1
sp|E1BUG7|SPT2_CHICK,480,NST,Gallus gallus,9031,SPTY2D1
sp|E1BYA3|PTSS2_CHICK,159,NES,Gallus gallus,9031,PTDSS1
sp|E1BYA3|PTSS2_CHICK,215,NFS,Gallus gallus,9031,PTDSS1
sp|E1BYJ2|MSH6_CHICK,6,NLS,Gallus gallus,9031,MSH6
sp|E1BYJ2|MSH6_CHICK,55,NVS,Gallus gallus,9031,MSH6
sp|E1BYJ2|MSH6_CHICK,59,NRS,Gallus gallus,9031,MSH6
sp|E1BYJ2|MSH6_CHICK,286,NVS,Gallus gallus,9031,MSH6
sp|E1BYJ2|MSH6_CHICK,577,NLT,Gallus gallus,9031,MSH6
sp|E1BYJ2|MSH6_CHICK,725,NGT,Gallus gallus,9031,MSH6
sp|E1BYJ2|MSH6_CHICK,728,NGT,Gallus gallus,9031,MSH6
sp|E1BYJ2|MSH6_CHICK,1042,NYS,Gallus gallus,9031,MSH6
sp|E1BYJ2|MSH6_CHICK,1250,NES,Gallus gallus,9031,MSH6
sp|E1C213|UBP37_CHICK,173,NSS,Gallus gallus,9031,USP37
sp|E1C213|UBP37_CHICK,226,NDS,Gallus gallus,9031,USP37
sp|E1C213|UBP37_CHICK,231,NNT,Gallus gallus,9031,USP37
sp|E1C213|UBP37_CHICK,244,NSS,Gallus gallus,9031,USP37
sp|E1C213|UBP37_CHICK,259,NRT,Gallus gallus,9031,USP37
sp|E1C213|UBP37_CHICK,451,NKT,Gallus gallus,9031,USP37
sp|E1C213|UBP37_CHICK,678,NSS,Gallus gallus,9031,USP37
sp|E1C213|UBP37_CHICK,777,NFT,Gallus gallus,9031,USP37
sp|E1C213|UBP37_CHICK,791,NKT,Gallus gallus,9031,USP37
sp|E1C213|UBP37_CHICK,852,NSS,Gallus gallus,9031,USP37
sp|E1C231|LTN1_CHICK,781,NES,Gallus gallus,9031,LTN1
sp|E1C231|LTN1_CHICK,889,NQS,Gallus gallus,9031,LTN1
sp|E1C231|LTN1_CHICK,950,NRT,Gallus gallus,9031,LTN1
sp|E1C231|LTN1_CHICK,1069,NTT,Gallus gallus,9031,LTN1
sp|E1C231|LTN1_CHICK,1172,NSS,Gallus gallus,9031,LTN1
sp|E1C231|LTN1_CHICK,1261,NYS,Gallus gallus,9031,LTN1
sp|E1C231|LTN1_CHICK,1691,NGS,Gallus gallus,9031,LTN1
sp|E1C231|LTN1_CHICK,1726,NYS,Gallus gallus,9031,LTN1
sp|E1C231|LTN1_CHICK,1754,NKS,Gallus gallus,9031,LTN1
sp|E1C2U2|RIF1_CHICK,248,NET,Gallus gallus,9031,RIF1
sp|E1C2U2|RIF1_CHICK,416,NSS,Gallus gallus,9031,RIF1
sp|E1C2U2|RIF1_CHICK,579,NGT,Gallus gallus,9031,RIF1
sp|E1C2U2|RIF1_CHICK,663,NRT,Gallus gallus,9031,RIF1
sp|E1C2U2|RIF1_CHICK,782,NRS,Gallus gallus,9031,RIF1
sp|E1C2U2|RIF1_CHICK,938,NTT,Gallus gallus,9031,RIF1
sp|E1C2U2|RIF1_CHICK,1214,NTS,Gallus gallus,9031,RIF1
sp|E1C2U2|RIF1_CHICK,1525,NRS,Gallus gallus,9031,RIF1
sp|E1C2U2|RIF1_CHICK,1596,NKS,Gallus gallus,9031,RIF1
sp|E1C2U2|RIF1_CHICK,1626,NLS,Gallus gallus,9031,RIF1
sp|E1C2U2|RIF1_CHICK,1631,NES,Gallus gallus,9031,RIF1
sp|E1C2U2|RIF1_CHICK,1678,NVS,Gallus gallus,9031,RIF1
sp|E1C2U2|RIF1_CHICK,1732,NTS,Gallus gallus,9031,RIF1
sp|E1C2U2|RIF1_CHICK,1995,NKS,Gallus gallus,9031,RIF1
sp|E1C2U2|RIF1_CHICK,2014,NGS,Gallus gallus,9031,RIF1
sp|E1C2W7|RN152_CHICK,189,NMS,Gallus gallus,9031,RNF152
sp|E1C5V0|SMYD2_CHICK,209,NHS,Gallus gallus,9031,SMYD2
sp|E1C656|HACE1_CHICK,27,NET,Gallus gallus,9031,HACE1
sp|E1C656|HACE1_CHICK,194,NVS,Gallus gallus,9031,HACE1
sp|E1C656|HACE1_CHICK,349,NKT,Gallus gallus,9031,HACE1
sp|E1C656|HACE1_CHICK,375,NFT,Gallus gallus,9031,HACE1
sp|E1C656|HACE1_CHICK,383,NQT,Gallus gallus,9031,HACE1
sp|E1C656|HACE1_CHICK,419,NIT,Gallus gallus,9031,HACE1
sp|E1C656|HACE1_CHICK,663,NSS,Gallus gallus,9031,HACE1
sp|E1C656|HACE1_CHICK,890,NFT,Gallus gallus,9031,HACE1
sp|F1N9S8|CARME_CHICK,120,NRT,Gallus gallus,9031,CARNMT1
sp|F1N9S8|CARME_CHICK,323,NFS,Gallus gallus,9031,CARNMT1
sp|F1NBT0|STK10_CHICK,468,NGS,Gallus gallus,9031,STK10
sp|F1NBT0|STK10_CHICK,525,NKT,Gallus gallus,9031,STK10
sp|F1NBT0|STK10_CHICK,713,NIT,Gallus gallus,9031,STK10
sp|F1NPG5|CENPT_CHICK,70,NAT,Gallus gallus,9031,CENPT
sp|F1NPG5|CENPT_CHICK,245,NNT,Gallus gallus,9031,CENPT
sp|F1NPG5|CENPT_CHICK,278,NTS,Gallus gallus,9031,CENPT
sp|F1NTD6|ASCC3_CHICK,15,NVT,Gallus gallus,9031,ascc3
sp|F1NTD6|ASCC3_CHICK,132,NAT,Gallus gallus,9031,ascc3
sp|F1NTD6|ASCC3_CHICK,240,NES,Gallus gallus,9031,ascc3
sp|F1NTD6|ASCC3_CHICK,294,NRS,Gallus gallus,9031,ascc3
sp|F1NTD6|ASCC3_CHICK,735,NAT,Gallus gallus,9031,ascc3
sp|F1NTD6|ASCC3_CHICK,1120,NLS,Gallus gallus,9031,ascc3
sp|F1NTD6|ASCC3_CHICK,1154,NLT,Gallus gallus,9031,ascc3
sp|F1NTD6|ASCC3_CHICK,1210,NIT,Gallus gallus,9031,ascc3
sp|F1NTD6|ASCC3_CHICK,1449,NRS,Gallus gallus,9031,ascc3
sp|F1NTD6|ASCC3_CHICK,1783,NVS,Gallus gallus,9031,ascc3
sp|F1NTD6|ASCC3_CHICK,1816,NRT,Gallus gallus,9031,ascc3
sp|F1NTD6|ASCC3_CHICK,1951,NIT,Gallus gallus,9031,ascc3
sp|F1NTD6|ASCC3_CHICK,2047,NVS,Gallus gallus,9031,ascc3
sp|F1NW29|TYDP2_CHICK,104,NTS,Gallus gallus,9031,TDP2
sp|F1NW29|TYDP2_CHICK,221,NIS,Gallus gallus,9031,TDP2
sp|F1NW29|TYDP2_CHICK,286,NIT,Gallus gallus,9031,TDP2
sp|F1NXU8|NCLX_CHICK,58,NSS,Gallus gallus,9031,SLC8B1
sp|F1NXU8|NCLX_CHICK,123,NLS,Gallus gallus,9031,SLC8B1
sp|F1P065|FARP1_CHICK,152,NDT,Gallus gallus,9031,FARP1
sp|F1P065|FARP1_CHICK,285,NSS,Gallus gallus,9031,FARP1
sp|F1P065|FARP1_CHICK,496,NMS,Gallus gallus,9031,FARP1
sp|F1P065|FARP1_CHICK,502,NLS,Gallus gallus,9031,FARP1
sp|F1P065|FARP1_CHICK,878,NKS,Gallus gallus,9031,FARP1
sp|F1P065|FARP1_CHICK,910,NTT,Gallus gallus,9031,FARP1
sp|F1P065|FARP1_CHICK,920,NTS,Gallus gallus,9031,FARP1
sp|F1P4W9|CFA65_CHICK,278,NMS,Gallus gallus,9031,CFAP65
sp|F1P4W9|CFA65_CHICK,385,NVS,Gallus gallus,9031,CFAP65
sp|F1P4W9|CFA65_CHICK,573,NHT,Gallus gallus,9031,CFAP65
sp|F1P4W9|CFA65_CHICK,800,NCT,Gallus gallus,9031,CFAP65
sp|F1P4W9|CFA65_CHICK,845,NVT,Gallus gallus,9031,CFAP65
sp|F1P4W9|CFA65_CHICK,1123,NLS,Gallus gallus,9031,CFAP65
sp|F1P4W9|CFA65_CHICK,1366,NIS,Gallus gallus,9031,CFAP65
sp|F1P4W9|CFA65_CHICK,1537,NFT,Gallus gallus,9031,CFAP65
sp|K9JA28|INLR1_CHICK,29,NVT,Gallus gallus,9031,IFNLR1
sp|K9JA28|INLR1_CHICK,83,NLT,Gallus gallus,9031,IFNLR1
sp|K9JA28|INLR1_CHICK,141,NAT,Gallus gallus,9031,IFNLR1
sp|K9JA28|INLR1_CHICK,302,NKT,Gallus gallus,9031,IFNLR1
sp|K9JA28|INLR1_CHICK,452,NSS,Gallus gallus,9031,IFNLR1
sp|K9JA28|INLR1_CHICK,524,NFT,Gallus gallus,9031,IFNLR1
sp|O12944|RAD54_CHICK,295,NQT,Gallus gallus,9031,RAD54L
sp|O12944|RAD54_CHICK,432,NVS,Gallus gallus,9031,RAD54L
sp|O12944|RAD54_CHICK,510,NYT,Gallus gallus,9031,RAD54L
sp|O12944|RAD54_CHICK,657,NET,Gallus gallus,9031,RAD54L
sp|O12972|RFNG_CHICK,2,NSS,Gallus gallus,9031,RFNG
sp|O12972|RFNG_CHICK,159,NCS,Gallus gallus,9031,RFNG
sp|O13035|SAP_CHICK,81,NGT,Gallus gallus,9031,PSAP
sp|O13035|SAP_CHICK,214,NAT,Gallus gallus,9031,PSAP
sp|O13035|SAP_CHICK,328,NKT,Gallus gallus,9031,PSAP
sp|O13035|SAP_CHICK,420,NAT,Gallus gallus,9031,PSAP
sp|O13156|GFRA1_CHICK,62,NFS,Gallus gallus,9031,GFRA1
sp|O13156|GFRA1_CHICK,163,NDT,Gallus gallus,9031,GFRA1
sp|O13156|GFRA1_CHICK,346,NGT,Gallus gallus,9031,GFRA1
sp|O13156|GFRA1_CHICK,388,NDS,Gallus gallus,9031,GFRA1
sp|O13156|GFRA1_CHICK,405,NES,Gallus gallus,9031,GFRA1
sp|O13157|GFRA2_CHICK,355,NGT,Gallus gallus,9031,GFRA2
sp|O13157|GFRA2_CHICK,360,NLS,Gallus gallus,9031,GFRA2
sp|O13157|GFRA2_CHICK,387,NDS,Gallus gallus,9031,GFRA2
sp|O13157|GFRA2_CHICK,412,NKS,Gallus gallus,9031,GFRA2
sp|O42184|CLIP1_CHICK,136,NGT,Gallus gallus,9031,CLIP1
sp|O42184|CLIP1_CHICK,190,NLS,Gallus gallus,9031,CLIP1
sp|O42184|CLIP1_CHICK,201,NLS,Gallus gallus,9031,CLIP1
sp|O42184|CLIP1_CHICK,592,NES,Gallus gallus,9031,CLIP1
sp|O42184|CLIP1_CHICK,804,NLT,Gallus gallus,9031,CLIP1
sp|O42184|CLIP1_CHICK,822,NLS,Gallus gallus,9031,CLIP1
sp|O42184|CLIP1_CHICK,885,NLT,Gallus gallus,9031,CLIP1
sp|O42184|CLIP1_CHICK,1254,NAS,Gallus gallus,9031,CLIP1
sp|O42224|SMO_CHICK,25,NAS,Gallus gallus,9031,SMO
sp|O42224|SMO_CHICK,158,NSS,Gallus gallus,9031,SMO
sp|O42224|SMO_CHICK,278,NET,Gallus gallus,9031,SMO
sp|O42224|SMO_CHICK,415,NET,Gallus gallus,9031,SMO
sp|O42224|SMO_CHICK,462,NVT,Gallus gallus,9031,SMO
sp|O42230|GBX2_CHICK,189,NFS,Gallus gallus,9031,GBX2
sp|O42230|GBX2_CHICK,301,NAS,Gallus gallus,9031,GBX2
sp|O42236|SEM3C_CHICK,81,NIS,Gallus gallus,9031,SEMA3C
sp|O42236|SEM3C_CHICK,123,NRT,Gallus gallus,9031,SEMA3C
sp|O42236|SEM3C_CHICK,268,NDT,Gallus gallus,9031,SEMA3C
sp|O42236|SEM3C_CHICK,465,NFS,Gallus gallus,9031,SEMA3C
sp|O42236|SEM3C_CHICK,585,NNT,Gallus gallus,9031,SEMA3C
sp|O42237|SEM3E_CHICK,48,NRT,Gallus gallus,9031,SEMA3E
sp|O42237|SEM3E_CHICK,130,NRT,Gallus gallus,9031,SEMA3E
sp|O42237|SEM3E_CHICK,600,NST,Gallus gallus,9031,SEMA3E
sp|O42280|WNT9A_CHICK,95,NCT,Gallus gallus,9031,WNT9A
sp|O42281|PRPH2_CHICK,229,NNS,Gallus gallus,9031,PRPH2
sp|O42290|MAFA_CHICK,111,NLT,Gallus gallus,9031,MAFA
sp|O42393|RAPSN_CHICK,20,NQT,Gallus gallus,9031,RAPSN
sp|O42393|RAPSN_CHICK,394,NGT,Gallus gallus,9031,RAPSN
sp|O42398|CAC1S_CHICK,81,NQS,Gallus gallus,9031,CACNA1S
sp|O42400|AXIN1_CHICK,54,NET,Gallus gallus,9031,AXIN1
sp|O42400|AXIN1_CHICK,319,NDS,Gallus gallus,9031,AXIN1
sp|O42400|AXIN1_CHICK,585,NYS,Gallus gallus,9031,AXIN1
sp|O42412|IOD3_CHICK,200,NAS,Gallus gallus,9031,DIO3
sp|O42479|HEMH_CHICK,271,NHS,Gallus gallus,9031,FECH
sp|O57328|FZD1_CHICK,84,NQT,Gallus gallus,9031,FZD1
sp|O57328|FZD1_CHICK,185,NAS,Gallus gallus,9031,FZD1
sp|O57328|FZD1_CHICK,533,NHS,Gallus gallus,9031,FZD1
sp|O57329|FZD7_CHICK,61,NQT,Gallus gallus,9031,FZD7
sp|O57329|FZD7_CHICK,162,NTS,Gallus gallus,9031,FZD7
sp|O57337|HES1_CHICK,52,NES,Gallus gallus,9031,HES1
sp|O57405|TYRP1_CHICK,95,NQT,Gallus gallus,9031,TYRP1
sp|O57405|TYRP1_CHICK,103,NFS,Gallus gallus,9031,TYRP1
sp|O57405|TYRP1_CHICK,180,NIS,Gallus gallus,9031,TYRP1
sp|O57405|TYRP1_CHICK,303,NST,Gallus gallus,9031,TYRP1
sp|O57405|TYRP1_CHICK,349,NST,Gallus gallus,9031,TYRP1
sp|O57405|TYRP1_CHICK,384,NGT,Gallus gallus,9031,TYRP1
sp|O57424|HYAS2_CHICK,82,NKT,Gallus gallus,9031,HAS2
sp|O57424|HYAS2_CHICK,178,NKS,Gallus gallus,9031,HAS2
sp|O57425|HYAS3_CHICK,483,NKS,Gallus gallus,9031,HAS3
sp|O57429|UBP2_CHICK,58,NNS,Gallus gallus,9031,USP2
sp|O57429|UBP2_CHICK,83,NDS,Gallus gallus,9031,USP2
sp|O57429|UBP2_CHICK,300,NHS,Gallus gallus,9031,USP2
sp|O57429|UBP2_CHICK,326,NDS,Gallus gallus,9031,USP2
sp|O73606|KCNG2_CHICK,315,NSS,Gallus gallus,9031,KCNG2
sp|O73612|EFNB1_CHICK,135,NGT,Gallus gallus,9031,EFNB1
sp|O73691|EGR1_CHICK,32,NFS,Gallus gallus,9031,EGR1
sp|O73691|EGR1_CHICK,170,NFS,Gallus gallus,9031,EGR1
sp|O73718|TBX3_CHICK,214,NIS,Gallus gallus,9031,TBX3
sp|O73884|PHOP1_CHICK,39,NES,Gallus gallus,9031,PHOSPHO1
sp|O73895|TPSN_CHICK,78,NVS,Gallus gallus,9031,TAPBP
sp|O93295|ENTP8_CHICK,65,NGT,Gallus gallus,9031,ENTPD8
sp|O93295|ENTP8_CHICK,79,NGS,Gallus gallus,9031,ENTPD8
sp|O93295|ENTP8_CHICK,133,NST,Gallus gallus,9031,ENTPD8
sp|O93295|ENTP8_CHICK,223,NTS,Gallus gallus,9031,ENTPD8
sp|O93295|ENTP8_CHICK,234,NYS,Gallus gallus,9031,ENTPD8
sp|O93295|ENTP8_CHICK,267,NIS,Gallus gallus,9031,ENTPD8
sp|O93295|ENTP8_CHICK,324,NLT,Gallus gallus,9031,ENTPD8
sp|O93295|ENTP8_CHICK,330,NRT,Gallus gallus,9031,ENTPD8
sp|O93295|ENTP8_CHICK,361,NLT,Gallus gallus,9031,ENTPD8
sp|O93295|ENTP8_CHICK,372,NAT,Gallus gallus,9031,ENTPD8
sp|O93295|ENTP8_CHICK,382,NWS,Gallus gallus,9031,ENTPD8
sp|O93295|ENTP8_CHICK,445,NLT,Gallus gallus,9031,ENTPD8
sp|O93319|CAD11_CHICK,455,NIS,Gallus gallus,9031,CDH11
sp|O93319|CAD11_CHICK,536,NFS,Gallus gallus,9031,CDH11
sp|O93319|CAD11_CHICK,594,NGS,Gallus gallus,9031,CDH11
sp|O93367|TLX3_CHICK,91,NLS,Gallus gallus,9031,TLX3
sp|O93367|TLX3_CHICK,166,NRT,Gallus gallus,9031,TLX3
sp|O93367|TLX3_CHICK,259,NES,Gallus gallus,9031,TLX3
sp|O93367|TLX3_CHICK,271,NSS,Gallus gallus,9031,TLX3
sp|O93436|STAM2_CHICK,21,NNS,Gallus gallus,9031,STAM2
sp|O93436|STAM2_CHICK,156,NGS,Gallus gallus,9031,STAM2
sp|O93436|STAM2_CHICK,364,NET,Gallus gallus,9031,STAM2
sp|O93436|STAM2_CHICK,434,NSS,Gallus gallus,9031,STAM2
sp|O93505|TYRP2_CHICK,94,NQS,Gallus gallus,9031,DCT
sp|O93505|TYRP2_CHICK,180,NCS,Gallus gallus,9031,DCT
sp|O93505|TYRP2_CHICK,239,NES,Gallus gallus,9031,DCT
sp|O93505|TYRP2_CHICK,302,NGS,Gallus gallus,9031,DCT
sp|O93505|TYRP2_CHICK,343,NSS,Gallus gallus,9031,DCT
sp|O93505|TYRP2_CHICK,378,NGT,Gallus gallus,9031,DCT
sp|O93510|GELS_CHICK,670,NKS,Gallus gallus,9031,GSN
sp|O93525|NOGG_CHICK,61,NET,Gallus gallus,9031,NOG
sp|P00337|LDHB_CHICK,130,NCT,Gallus gallus,9031,LDHB
sp|P00368|DHE3_CHICK,138,NYT,Gallus gallus,9031,GLUD1
sp|P00368|DHE3_CHICK,171,NMS,Gallus gallus,9031,GLUD1
sp|P00368|DHE3_CHICK,232,NAS,Gallus gallus,9031,GLUD1
sp|P00548|KPYM_CHICK,74,NFS,Gallus gallus,9031,PKM
sp|P00565|KCRM_CHICK,222,NKT,Gallus gallus,9031,CKM
sp|P00793|PEPA_CHICK,113,NET,Gallus gallus,9031,PGA
sp|P00793|PEPA_CHICK,218,NYT,Gallus gallus,9031,PGA
sp|P01014|OVALY_CHICK,95,NAT,Gallus gallus,9031,SERPINB14B
sp|P01014|OVALY_CHICK,215,NNS,Gallus gallus,9031,SERPINB14B
sp|P01014|OVALY_CHICK,293,NLT,Gallus gallus,9031,SERPINB14B
sp|P01014|OVALY_CHICK,312,NLT,Gallus gallus,9031,SERPINB14B
sp|P01103|MYB_CHICK,58,NGT,Gallus gallus,9031,MYB
sp|P01103|MYB_CHICK,72,NRT,Gallus gallus,9031,MYB
sp|P01103|MYB_CHICK,186,NST,Gallus gallus,9031,MYB
sp|P01103|MYB_CHICK,319,NHT,Gallus gallus,9031,MYB
sp|P01103|MYB_CHICK,405,NTS,Gallus gallus,9031,MYB
sp|P01295|GRP_CHICK,106,NKS,Gallus gallus,9031,GRP
sp|P02001|HBAD_CHICK,75,NLS,Gallus gallus,9031,HBAD
sp|P02127|HBRH_CHICK,48,NLS,,,
sp|P02128|HBE_CHICK,48,NLS,Gallus gallus,9031,HBE
sp|P02272|H2AV_CHICK,72,NAS,Gallus gallus,9031,H2AZ2
sp|P02521|ARLY1_CHICK,407,NLT,Gallus gallus,9031,ASL1
sp|P02604|MLE1_CHICK,142,NGT,,,
sp|P02605|MLE3_CHICK,100,NGT,,,
sp|P02659|APOV1_CHICK,79,NET,,,
sp|P02707|LECH_CHICK,67,NFS,,,
sp|P02717|ACHD_CHICK,88,NTS,Gallus gallus,9031,CHRND
sp|P02717|ACHD_CHICK,161,NCT,Gallus gallus,9031,CHRND
sp|P05083|ARLY2_CHICK,25,NSS,Gallus gallus,9031,ASL2
sp|P05099|MATN1_CHICK,74,NST,Gallus gallus,9031,MATN1
sp|P07322|ENOB_CHICK,70,NKT,Gallus gallus,9031,ENO3
sp|P07322|ENOB_CHICK,102,NKS,Gallus gallus,9031,ENO3
sp|P07354|HPLN1_CHICK,21,NSS,Gallus gallus,9031,HAPLN1
sp|P07354|HPLN1_CHICK,56,NVT,Gallus gallus,9031,HAPLN1
sp|P07850|SUOX_CHICK,275,NGT,Gallus gallus,9031,SUOX
sp|P08070|TBA2_CHICK,335,NRS,,,
sp|P08070|TBA2_CHICK,377,NTT,,,
sp|P08267|FRIH_CHICK,111,NQS,Gallus gallus,9031,FTH
sp|P08284|H101_CHICK,77,NNS,,,
sp|P08286|H110_CHICK,77,NNS,,,
sp|P08287|H11L_CHICK,81,NNS,,,
sp|P09203|TBB1_CHICK,184,NAT,,,
sp|P09203|TBB1_CHICK,337,NSS,,,
sp|P09203|TBB1_CHICK,370,NST,,,
sp|P09206|TBB3_CHICK,184,NAT,,,
sp|P09206|TBB3_CHICK,337,NSS,,,
sp|P09206|TBB3_CHICK,370,NST,,,
sp|P09207|TBB6_CHICK,39,NAS,,,
sp|P09207|TBB6_CHICK,337,NSS,,,
sp|P09207|TBB6_CHICK,370,NNT,,,
sp|P09244|TBB7_CHICK,184,NAT,,,
sp|P09244|TBB7_CHICK,337,NSS,,,
sp|P09244|TBB7_CHICK,370,NST,,,
sp|P09479|ACHA_CHICK,160,NCS,Gallus gallus,9031,CHRNA1
sp|P09531|TGFB1_CHICK,71,NST,Gallus gallus,9031,TGFB1
sp|P09531|TGFB1_CHICK,126,NVS,Gallus gallus,9031,TGFB1
sp|P09531|TGFB1_CHICK,171,NAS,Gallus gallus,9031,TGFB1
sp|P09642|TBA3_CHICK,255,NTT,,,
sp|P09643|TBA4_CHICK,255,NTT,,,
sp|P09644|TBA5_CHICK,380,NTT,,,
sp|P09645|TBA8_CHICK,255,NTT,,,
sp|P09648|CATL1_CHICK,109,NDT,Gallus gallus,9031,CTSL
sp|P09652|TBB4_CHICK,184,NAT,,,
sp|P09652|TBB4_CHICK,337,NSS,,,
sp|P09652|TBB4_CHICK,370,NST,,,
sp|P09653|TBB5_CHICK,52,NES,,,
sp|P09653|TBB5_CHICK,184,NAT,,,
sp|P09653|TBB5_CHICK,337,NSS,,,
sp|P09653|TBB5_CHICK,370,NST,,,
sp|P09654|VIME_CHICK,8,NSS,Gallus gallus,9031,VIM
sp|P09654|VIME_CHICK,93,NRT,Gallus gallus,9031,VIM
sp|P09654|VIME_CHICK,206,NAS,Gallus gallus,9031,VIM
sp|P09654|VIME_CHICK,331,NES,Gallus gallus,9031,VIM
sp|P09654|VIME_CHICK,450,NET,Gallus gallus,9031,VIM
sp|P09987|H1_CHICK,77,NNS,,,
sp|P0C597|DUS29_CHICK,159,NMT,Gallus gallus,9031,DUSP29
sp|P0C597|DUS29_CHICK,210,NST,Gallus gallus,9031,DUSP29
sp|P0CB05|CEP63_CHICK,219,NDT,Gallus gallus,9031,CEP63
sp|P0CF65|CRBN_CHICK,371,NLS,Gallus gallus,9031,CRBN
sp|P0DJJ2|ASTL_CHICK,28,NST,Gallus gallus,9031,ASTL
sp|P0DJJ2|ASTL_CHICK,247,NTT,Gallus gallus,9031,ASTL
sp|P0DJJ2|ASTL_CHICK,283,NCS,Gallus gallus,9031,ASTL
sp|P0DJJ2|ASTL_CHICK,306,NYS,Gallus gallus,9031,ASTL
sp|P10157|ETS2_CHICK,196,NNS,Gallus gallus,9031,ETS2
sp|P11009|KCRS_CHICK,212,NMS,Gallus gallus,9031,CKMT2
sp|P11183|GCSH_CHICK,126,NKS,Gallus gallus,9031,GCSH
sp|P11533|DMD_CHICK,162,NFT,Gallus gallus,9031,DMD
sp|P11533|DMD_CHICK,757,NLS,Gallus gallus,9031,DMD
sp|P11533|DMD_CHICK,1002,NTT,Gallus gallus,9031,DMD
sp|P11533|DMD_CHICK,1057,NDT,Gallus gallus,9031,DMD
sp|P11533|DMD_CHICK,1692,NVT,Gallus gallus,9031,DMD
sp|P11533|DMD_CHICK,2166,NVT,Gallus gallus,9031,DMD
sp|P11533|DMD_CHICK,2274,NET,Gallus gallus,9031,DMD
sp|P11533|DMD_CHICK,2536,NKT,Gallus gallus,9031,DMD
sp|P11533|DMD_CHICK,2664,NAT,Gallus gallus,9031,DMD
sp|P11533|DMD_CHICK,2896,NVT,Gallus gallus,9031,DMD
sp|P11533|DMD_CHICK,3122,NLS,Gallus gallus,9031,DMD
sp|P11533|DMD_CHICK,3426,NGS,Gallus gallus,9031,DMD
sp|P11533|DMD_CHICK,3431,NDS,Gallus gallus,9031,DMD
sp|P11533|DMD_CHICK,3437,NES,Gallus gallus,9031,DMD
sp|P11533|DMD_CHICK,3582,NGT,Gallus gallus,9031,DMD
sp|P11533|DMD_CHICK,3639,NNS,Gallus gallus,9031,DMD
sp|P12394|CP17A_CHICK,190,NSS,Gallus gallus,9031,CYP17A1
sp|P12394|CP17A_CHICK,280,NNS,Gallus gallus,9031,CYP17A1
sp|P13648|LMNA_CHICK,280,NSS,Gallus gallus,9031,LMNA
sp|P13648|LMNA_CHICK,457,NKS,Gallus gallus,9031,LMNA
sp|P13731|SERPH_CHICK,107,NST,Gallus gallus,9031,SERPINH1
sp|P13731|SERPH_CHICK,112,NVT,Gallus gallus,9031,SERPINH1
sp|P14154|CXA1_CHICK,293,NNS,Gallus gallus,9031,GJA1
sp|P14154|CXA1_CHICK,311,NYS,Gallus gallus,9031,GJA1
sp|P14781|CNTN1_CHICK,200,NYS,Gallus gallus,9031,CNTN1
sp|P14781|CNTN1_CHICK,249,NVT,Gallus gallus,9031,CNTN1
sp|P14781|CNTN1_CHICK,329,NDT,Gallus gallus,9031,CNTN1
sp|P14781|CNTN1_CHICK,448,NGS,Gallus gallus,9031,CNTN1
sp|P14781|CNTN1_CHICK,464,NVT,Gallus gallus,9031,CNTN1
sp|P14781|CNTN1_CHICK,485,NST,Gallus gallus,9031,CNTN1
sp|P14781|CNTN1_CHICK,512,NAT,Gallus gallus,9031,CNTN1
sp|P14781|CNTN1_CHICK,582,NSS,Gallus gallus,9031,CNTN1
sp|P14781|CNTN1_CHICK,621,NHS,Gallus gallus,9031,CNTN1
sp|P14781|CNTN1_CHICK,924,NES,Gallus gallus,9031,CNTN1
sp|P15120|UROK_CHICK,228,NKS,Gallus gallus,9031,PLAU
sp|P15575|B3AT_CHICK,653,NGT,Gallus gallus,9031,SLC4A1
sp|P15979|HA1F_CHICK,59,NST,,,
sp|P15979|HA1F_CHICK,107,NQT,,,
sp|P15988|CO6A2_CHICK,141,NMT,Gallus gallus,9031,COL6A2
sp|P15988|CO6A2_CHICK,215,NYT,Gallus gallus,9031,COL6A2
sp|P15988|CO6A2_CHICK,327,NGT,Gallus gallus,9031,COL6A2
sp|P15988|CO6A2_CHICK,630,NFT,Gallus gallus,9031,COL6A2
sp|P15988|CO6A2_CHICK,897,NLT,Gallus gallus,9031,COL6A2
sp|P15989|CO6A3_CHICK,201,NFT,Gallus gallus,9031,COL6A3
sp|P15989|CO6A3_CHICK,2084,NGT,Gallus gallus,9031,COL6A3
sp|P15989|CO6A3_CHICK,2436,NLT,Gallus gallus,9031,COL6A3
sp|P15989|CO6A3_CHICK,2563,NNT,Gallus gallus,9031,COL6A3
sp|P15989|CO6A3_CHICK,2581,NDT,Gallus gallus,9031,COL6A3
sp|P15989|CO6A3_CHICK,2683,NSS,Gallus gallus,9031,COL6A3
sp|P15989|CO6A3_CHICK,2867,NGT,Gallus gallus,9031,COL6A3
sp|P15989|CO6A3_CHICK,2920,NAT,Gallus gallus,9031,COL6A3
sp|P15989|CO6A3_CHICK,3003,NVT,Gallus gallus,9031,COL6A3
sp|P15989|CO6A3_CHICK,3126,NIS,Gallus gallus,9031,COL6A3
sp|P16527|MARCS_CHICK,59,NGS,Gallus gallus,9031,MARCKS
sp|P17200|ACM4_CHICK,3,NLS,Gallus gallus,9031,CHRM4
sp|P17200|ACM4_CHICK,15,NLT,Gallus gallus,9031,CHRM4
sp|P17200|ACM4_CHICK,20,NVT,Gallus gallus,9031,CHRM4
sp|P17200|ACM4_CHICK,25,NRS,Gallus gallus,9031,CHRM4
sp|P17200|ACM4_CHICK,127,NAS,Gallus gallus,9031,CHRM4
sp|P17200|ACM4_CHICK,265,NNS,Gallus gallus,9031,CHRM4
sp|P17200|ACM4_CHICK,304,NES,Gallus gallus,9031,CHRM4
sp|P17200|ACM4_CHICK,456,NST,Gallus gallus,9031,CHRM4
sp|P17200|ACM4_CHICK,468,NAT,Gallus gallus,9031,CHRM4
sp|P17251|PTHR_CHICK,110,NKS,Gallus gallus,9031,PTHLH
sp|P17251|PTHR_CHICK,157,NVT,Gallus gallus,9031,PTHLH
sp|P17923|NFIA_CHICK,243,NFS,Gallus gallus,9031,NFIA
sp|P17923|NFIA_CHICK,433,NGS,Gallus gallus,9031,NFIA
sp|P17926|NFIC_CHICK,246,NFS,Gallus gallus,9031,NFIC
sp|P17926|NFIC_CHICK,312,NWT,Gallus gallus,9031,NFIC
sp|P18080|HEM0_CHICK,66,NRT,Gallus gallus,9031,ALAS2
sp|P18080|HEM0_CHICK,194,NDT,Gallus gallus,9031,ALAS2
sp|P18302|DREB_CHICK,117,NAS,Gallus gallus,9031,DBN1
sp|P18302|DREB_CHICK,355,NLS,Gallus gallus,9031,DBN1
sp|P18652|KS6AA_CHICK,63,NIT,Gallus gallus,9031,RPS6KA
sp|P18652|KS6AA_CHICK,723,NSS,Gallus gallus,9031,RPS6KA
sp|P18870|JUN_CHICK,15,NAS,Gallus gallus,9031,JUN
sp|P18870|JUN_CHICK,41,NLS,Gallus gallus,9031,JUN
sp|P18870|JUN_CHICK,102,NVT,Gallus gallus,9031,JUN
sp|P18870|JUN_CHICK,154,NTS,Gallus gallus,9031,JUN
sp|P18870|JUN_CHICK,166,NLS,Gallus gallus,9031,JUN
sp|P18908|ANF_CHICK,29,NLS,Gallus gallus,9031,NPPA
sp|P18908|ANF_CHICK,135,NGS,Gallus gallus,9031,NPPA
sp|P18943|COX1_CHICK,100,NMS,Gallus gallus,9031,MT-CO1
sp|P18943|COX1_CHICK,216,NTT,Gallus gallus,9031,MT-CO1
sp|P18943|COX1_CHICK,360,NSS,Gallus gallus,9031,MT-CO1
sp|P18943|COX1_CHICK,422,NLT,Gallus gallus,9031,MT-CO1
sp|P18944|COX2_CHICK,3,NHS,Gallus gallus,9031,MT-CO2
sp|P18944|COX2_CHICK,179,NQT,Gallus gallus,9031,MT-CO2
sp|P18944|COX2_CHICK,202,NHS,Gallus gallus,9031,MT-CO2
sp|P19098|CP19A_CHICK,77,NKT,Gallus gallus,9031,CYP19A1
sp|P19179|PLSI_CHICK,4,NVT,Gallus gallus,9031,PLS1
sp|P19179|PLSI_CHICK,170,NFS,Gallus gallus,9031,PLS1
sp|P19179|PLSI_CHICK,290,NFS,Gallus gallus,9031,PLS1
sp|P19179|PLSI_CHICK,384,NSS,Gallus gallus,9031,PLS1
sp|P19179|PLSI_CHICK,528,NQT,Gallus gallus,9031,PLS1
sp|P20678|CP2H2_CHICK,417,NGT,Gallus gallus,9031,CYP2H2
sp|P20678|CP2H2_CHICK,456,NFS,Gallus gallus,9031,CYP2H2
sp|P20740|OVOS_CHICK,67,NQT,,,
sp|P20740|OVOS_CHICK,82,NTT,,,
sp|P20740|OVOS_CHICK,89,NTT,,,
sp|P20740|OVOS_CHICK,191,NVT,,,
sp|P20740|OVOS_CHICK,342,NLT,,,
sp|P20740|OVOS_CHICK,403,NFT,,,
sp|P20740|OVOS_CHICK,527,NGT,,,
sp|P20740|OVOS_CHICK,588,NVS,,,
sp|P20740|OVOS_CHICK,757,NST,,,
sp|P20740|OVOS_CHICK,1141,NIT,,,
sp|P20740|OVOS_CHICK,1221,NRS,,,
sp|P20740|OVOS_CHICK,1315,NGT,,,
sp|P20740|OVOS_CHICK,1347,NAS,,,
sp|P20785|CO6A1_CHICK,212,NFT,Gallus gallus,9031,COL6A1
sp|P20785|CO6A1_CHICK,514,NGT,Gallus gallus,9031,COL6A1
sp|P20785|CO6A1_CHICK,535,NGT,Gallus gallus,9031,COL6A1
sp|P20785|CO6A1_CHICK,666,NNT,Gallus gallus,9031,COL6A1
sp|P20785|CO6A1_CHICK,799,NIT,Gallus gallus,9031,COL6A1
sp|P20785|CO6A1_CHICK,887,NYT,Gallus gallus,9031,COL6A1
sp|P21265|PUR8_CHICK,30,NFS,Gallus gallus,9031,ADSL
sp|P21265|PUR8_CHICK,358,NIS,Gallus gallus,9031,ADSL
sp|P21868|CSK21_CHICK,58,NIT,Gallus gallus,9031,CSNK2A1
sp|P21868|CSK21_CHICK,117,NNT,Gallus gallus,9031,CSNK2A1
sp|P21869|CSK22_CHICK,59,NIT,,,
sp|P21869|CSK22_CHICK,118,NNT,,,
sp|P22451|RL5_CHICK,230,NIT,Gallus gallus,9031,RPL5
sp|P22451|RL5_CHICK,267,NST,Gallus gallus,9031,RPL5
sp|P23007|CISY_CHICK,212,NFT,Gallus gallus,9031,CS
sp|P23007|CISY_CHICK,242,NVS,Gallus gallus,9031,CS
sp|P24271|RAG1_CHICK,58,NIT,Gallus gallus,9031,RAG1
sp|P24271|RAG1_CHICK,198,NST,Gallus gallus,9031,RAG1
sp|P24271|RAG1_CHICK,526,NVS,Gallus gallus,9031,RAG1
sp|P24271|RAG1_CHICK,801,NAT,Gallus gallus,9031,RAG1
sp|P24271|RAG1_CHICK,962,NES,Gallus gallus,9031,RAG1
sp|P24271|RAG1_CHICK,1036,NDS,Gallus gallus,9031,RAG1
sp|P24343|HXD12_CHICK,32,NGS,Gallus gallus,9031,HOXD12
sp|P24343|HXD12_CHICK,169,NLT,Gallus gallus,9031,HOXD12
sp|P24343|HXD12_CHICK,236,NLS,Gallus gallus,9031,HOXD12
sp|P24367|PPIB_CHICK,139,NGS,Gallus gallus,9031,PPIB
sp|P24503|CADH4_CHICK,280,NGS,Gallus gallus,9031,CDH4
sp|P24503|CADH4_CHICK,409,NLT,Gallus gallus,9031,CDH4
sp|P24503|CADH4_CHICK,554,NAT,Gallus gallus,9031,CDH4
sp|P24503|CADH4_CHICK,629,NIT,Gallus gallus,9031,CDH4
sp|P24503|CADH4_CHICK,658,NWT,Gallus gallus,9031,CDH4
sp|P24503|CADH4_CHICK,699,NTS,Gallus gallus,9031,CDH4
sp|P24503|CADH4_CHICK,881,NSS,Gallus gallus,9031,CDH4
sp|P24798|AT1A3_CHICK,202,NSS,Gallus gallus,9031,ATP1A3
sp|P24798|AT1A3_CHICK,228,NIT,Gallus gallus,9031,ATP1A3
sp|P24798|AT1A3_CHICK,470,NST,Gallus gallus,9031,ATP1A3
sp|P24798|AT1A3_CHICK,625,NET,Gallus gallus,9031,ATP1A3
sp|P24798|AT1A3_CHICK,671,NHT,Gallus gallus,9031,ATP1A3
sp|P24798|AT1A3_CHICK,707,NDS,Gallus gallus,9031,ATP1A3
sp|P25207|NFYB_CHICK,44,NGS,Gallus gallus,9031,NFYB
sp|P25324|THTR_CHICK,91,NDT,Gallus gallus,9031,TST
sp|P25429|BDNF_CHICK,120,NMS,Gallus gallus,9031,BDNF
sp|P25433|NTF3_CHICK,131,NRT,Gallus gallus,9031,NTF3
sp|P26008|ITAV_CHICK,62,NTS,Gallus gallus,9031,ITGAV
sp|P26008|ITAV_CHICK,278,NMS,Gallus gallus,9031,ITGAV
sp|P26008|ITAV_CHICK,284,NFT,Gallus gallus,9031,ITGAV
sp|P26008|ITAV_CHICK,540,NMT,Gallus gallus,9031,ITGAV
sp|P26008|ITAV_CHICK,601,NMS,Gallus gallus,9031,ITGAV
sp|P26008|ITAV_CHICK,690,NQT,Gallus gallus,9031,ITGAV
sp|P26008|ITAV_CHICK,741,NLS,Gallus gallus,9031,ITGAV
sp|P26008|ITAV_CHICK,821,NYT,Gallus gallus,9031,ITGAV
sp|P26008|ITAV_CHICK,837,NCT,Gallus gallus,9031,ITGAV
sp|P26008|ITAV_CHICK,860,NET,Gallus gallus,9031,ITGAV
sp|P26008|ITAV_CHICK,931,NHS,Gallus gallus,9031,ITGAV
sp|P26008|ITAV_CHICK,951,NLS,Gallus gallus,9031,ITGAV
sp|P26008|ITAV_CHICK,959,NST,Gallus gallus,9031,ITGAV
sp|P26008|ITAV_CHICK,966,NIT,Gallus gallus,9031,ITGAV
sp|P26153|ACHB4_CHICK,29,NSS,Gallus gallus,9031,CHRNB4
sp|P26153|ACHB4_CHICK,118,NGS,Gallus gallus,9031,CHRNB4
sp|P26153|ACHB4_CHICK,146,NCT,Gallus gallus,9031,CHRNB4
sp|P26153|ACHB4_CHICK,332,NNS,Gallus gallus,9031,CHRNB4
sp|P26153|ACHB4_CHICK,360,NST,Gallus gallus,9031,CHRNB4
sp|P26153|ACHB4_CHICK,383,NVS,Gallus gallus,9031,CHRNB4
sp|P26261|SDC3_CHICK,391,NVT,Gallus gallus,9031,SDC3
sp|P26652|TIMP3_CHICK,208,NAT,Gallus gallus,9031,TIMP3
sp|P26932|CNN1_CHICK,116,NHT,Gallus gallus,9031,CNN1
sp|P26932|CNN1_CHICK,285,NHS,Gallus gallus,9031,CNN1
sp|P27921|JUND_CHICK,182,NLS,Gallus gallus,9031,JUND
sp|P28173|PUR1_CHICK,178,NET,Gallus gallus,9031,PPAT
sp|P28568|GTR3_CHICK,44,NRT,Gallus gallus,9031,SLC2A3
sp|P28568|GTR3_CHICK,408,NWT,Gallus gallus,9031,SLC2A3
sp|P28682|OPSB_CHICK,24,NIT,,,
sp|P28682|OPSB_CHICK,152,NFT,,,
sp|P28682|OPSB_CHICK,207,NES,,,
sp|P28683|OPSG_CHICK,2,NGT,Gallus gallus,9031,PRA1
sp|P28683|OPSG_CHICK,15,NKT,Gallus gallus,9031,PRA1
sp|P28683|OPSG_CHICK,200,NES,Gallus gallus,9031,PRA1
sp|P28684|OPSV_CHICK,12,NGS,,,
sp|P28684|OPSV_CHICK,73,NIS,,,
sp|P28685|CNTN2_CHICK,71,NGT,Gallus gallus,9031,CNTN2
sp|P28685|CNTN2_CHICK,199,NYS,Gallus gallus,9031,CNTN2
sp|P28685|CNTN2_CHICK,456,NSS,Gallus gallus,9031,CNTN2
sp|P28685|CNTN2_CHICK,472,NIS,Gallus gallus,9031,CNTN2
sp|P28685|CNTN2_CHICK,493,NST,Gallus gallus,9031,CNTN2
sp|P28685|CNTN2_CHICK,520,NLT,Gallus gallus,9031,CNTN2
sp|P28685|CNTN2_CHICK,629,NHS,Gallus gallus,9031,CNTN2
sp|P28685|CNTN2_CHICK,725,NWT,Gallus gallus,9031,CNTN2
sp|P28685|CNTN2_CHICK,770,NES,Gallus gallus,9031,CNTN2
sp|P28685|CNTN2_CHICK,900,NIT,Gallus gallus,9031,CNTN2
sp|P28685|CNTN2_CHICK,914,NIS,Gallus gallus,9031,CNTN2
sp|P28686|CCN3_CHICK,274,NCT,Gallus gallus,9031,CCN3
sp|P29332|CCNB2_CHICK,361,NLT,Gallus gallus,9031,CCNB2
sp|P29616|MYSC_CHICK,143,NLT,,,
sp|P29616|MYSC_CHICK,154,NIS,,,
sp|P29616|MYSC_CHICK,423,NET,,,
sp|P29616|MYSC_CHICK,886,NTS,,,
sp|P30352|SRSF2_CHICK,20,NLT,Gallus gallus,9031,SRSF2
sp|P30985|HTF4_CHICK,36,NDS,Gallus gallus,9031,TCF12
sp|P30985|HTF4_CHICK,236,NTS,Gallus gallus,9031,TCF12
sp|P30985|HTF4_CHICK,265,NGS,Gallus gallus,9031,TCF12
sp|P30985|HTF4_CHICK,420,NSS,Gallus gallus,9031,TCF12
sp|P31043|CD28_CHICK,33,NRT,Gallus gallus,9031,CD28
sp|P31043|CD28_CHICK,41,NYT,Gallus gallus,9031,CD28
sp|P31043|CD28_CHICK,45,NGT,Gallus gallus,9031,CD28
sp|P31043|CD28_CHICK,71,NMT,Gallus gallus,9031,CD28
sp|P31043|CD28_CHICK,100,NMS,Gallus gallus,9031,CD28
sp|P31043|CD28_CHICK,128,NGT,Gallus gallus,9031,CD28
sp|P31043|CD28_CHICK,190,NMT,Gallus gallus,9031,CD28
sp|P32017|CO9A3_CHICK,479,NGT,Gallus gallus,9031,COL9A3
sp|P33005|KALM_CHICK,65,NGS,Gallus gallus,9031,ANOS1
sp|P33005|KALM_CHICK,203,NIS,Gallus gallus,9031,ANOS1
sp|P33005|KALM_CHICK,294,NIS,Gallus gallus,9031,ANOS1
sp|P33005|KALM_CHICK,465,NDT,Gallus gallus,9031,ANOS1
sp|P33005|KALM_CHICK,548,NLS,Gallus gallus,9031,ANOS1
sp|P33005|KALM_CHICK,559,NIT,Gallus gallus,9031,ANOS1
sp|P33145|CADHK_CHICK,137,NAT,Gallus gallus,9031,K-CAM
sp|P33145|CADHK_CHICK,410,NST,Gallus gallus,9031,K-CAM
sp|P33145|CADHK_CHICK,456,NRS,Gallus gallus,9031,K-CAM
sp|P33145|CADHK_CHICK,698,NSS,Gallus gallus,9031,K-CAM
sp|P34822|DSL1_CHICK,71,NLS,Gallus gallus,9031,DSL1
sp|P34822|DSL1_CHICK,136,NIS,Gallus gallus,9031,DSL1
sp|P34822|DSL1_CHICK,265,NGT,Gallus gallus,9031,DSL1
sp|P34822|DSL1_CHICK,292,NDS,Gallus gallus,9031,DSL1
sp|P34822|DSL1_CHICK,365,NVT,Gallus gallus,9031,DSL1
sp|P34996|P2RY1_CHICK,11,NGT,Gallus gallus,9031,P2RY1
sp|P34996|P2RY1_CHICK,26,NAT,Gallus gallus,9031,P2RY1
sp|P34996|P2RY1_CHICK,102,NKT,Gallus gallus,9031,P2RY1
sp|P34996|P2RY1_CHICK,186,NKT,Gallus gallus,9031,P2RY1
sp|P35915|HMGCL_CHICK,113,NCS,Gallus gallus,9031,HMGCL
sp|P35915|HMGCL_CHICK,152,NIS,Gallus gallus,9031,HMGCL
sp|P36196|ACES_CHICK,285,NET,Gallus gallus,9031,ACHE
sp|P36196|ACES_CHICK,536,NES,Gallus gallus,9031,ACHE
sp|P36196|ACES_CHICK,650,NYT,Gallus gallus,9031,ACHE
sp|P36196|ACES_CHICK,725,NAT,Gallus gallus,9031,ACHE
sp|P36197|ZEB1_CHICK,19,NVT,Gallus gallus,9031,ZEB1
sp|P36197|ZEB1_CHICK,160,NGT,Gallus gallus,9031,ZEB1
sp|P36197|ZEB1_CHICK,199,NFS,Gallus gallus,9031,ZEB1
sp|P36197|ZEB1_CHICK,365,NCS,Gallus gallus,9031,ZEB1
sp|P36197|ZEB1_CHICK,408,NLS,Gallus gallus,9031,ZEB1
sp|P36197|ZEB1_CHICK,446,NAS,Gallus gallus,9031,ZEB1
sp|P36197|ZEB1_CHICK,476,NYS,Gallus gallus,9031,ZEB1
sp|P36197|ZEB1_CHICK,527,NDS,Gallus gallus,9031,ZEB1
sp|P36197|ZEB1_CHICK,581,NLS,Gallus gallus,9031,ZEB1
sp|P36197|ZEB1_CHICK,666,NES,Gallus gallus,9031,ZEB1
sp|P36197|ZEB1_CHICK,672,NST,Gallus gallus,9031,ZEB1
sp|P36197|ZEB1_CHICK,675,NNS,Gallus gallus,9031,ZEB1
sp|P36197|ZEB1_CHICK,682,NTS,Gallus gallus,9031,ZEB1
sp|P36197|ZEB1_CHICK,696,NGS,Gallus gallus,9031,ZEB1
sp|P36197|ZEB1_CHICK,709,NLS,Gallus gallus,9031,ZEB1
sp|P36197|ZEB1_CHICK,769,NLT,Gallus gallus,9031,ZEB1
sp|P36197|ZEB1_CHICK,864,NGS,Gallus gallus,9031,ZEB1
sp|P36197|ZEB1_CHICK,885,NDS,Gallus gallus,9031,ZEB1
sp|P42165|IFNA1_CHICK,65,NAS,Gallus gallus,9031,IFNA1
sp|P42165|IFNA1_CHICK,71,NDT,Gallus gallus,9031,IFNA1
sp|P42165|IFNA1_CHICK,108,NDS,Gallus gallus,9031,IFNA1
sp|P42165|IFNA1_CHICK,186,NLT,Gallus gallus,9031,IFNA1
sp|P43031|INHA_CHICK,135,NHS,Gallus gallus,9031,INHA
sp|P43031|INHA_CHICK,248,NIS,Gallus gallus,9031,INHA
sp|P43233|CATB_CHICK,38,NTT,Gallus gallus,9031,CTSB
sp|P43233|CATB_CHICK,192,NGS,Gallus gallus,9031,CTSB
sp|P43233|CATB_CHICK,290,NGT,Gallus gallus,9031,CTSB
sp|P43449|CCNA2_CHICK,193,NET,Gallus gallus,9031,CCNA2
sp|P43679|ACHB3_CHICK,48,NDT,Gallus gallus,9031,CHRNB3
sp|P43679|ACHB3_CHICK,163,NCS,Gallus gallus,9031,CHRNB3
sp|P43679|ACHB3_CHICK,452,NST,Gallus gallus,9031,CHRNB3
sp|P43692|GATA5_CHICK,127,NGS,Gallus gallus,9031,GATA5
sp|P43692|GATA5_CHICK,246,NTT,Gallus gallus,9031,GATA5
sp|P43692|GATA5_CHICK,292,NIT,Gallus gallus,9031,GATA5
sp|P46936|YAP1_CHICK,209,NVT,Gallus gallus,9031,YAP1
sp|P46936|YAP1_CHICK,324,NSS,Gallus gallus,9031,YAP1
sp|P48433|SOX3_CHICK,304,NGT,Gallus gallus,9031,SOX3
sp|P49140|SKI_CHICK,250,NRT,Gallus gallus,9031,SKI
sp|P49140|SKI_CHICK,382,NKS,Gallus gallus,9031,SKI
sp|P49140|SKI_CHICK,544,NSS,Gallus gallus,9031,SKI
sp|P49140|SKI_CHICK,653,NES,Gallus gallus,9031,SKI
sp|P49140|SKI_CHICK,743,NTT,Gallus gallus,9031,SKI
sp|P49285|MTR1A_CHICK,4,NGS,,,
sp|P49285|MTR1A_CHICK,9,NGT,,,
sp|P49285|MTR1A_CHICK,120,NIT,,,
sp|P49288|MTR1C_CHICK,7,NGS,,,
sp|P49288|MTR1C_CHICK,114,NIT,,,
sp|P49416|SDC4_CHICK,124,NLS,Gallus gallus,9031,SDC4
sp|P49416|SDC4_CHICK,136,NSS,Gallus gallus,9031,SDC4
sp|P49578|ACM3_CHICK,16,NYT,Gallus gallus,9031,CHRM3
sp|P49578|ACM3_CHICK,44,NNS,Gallus gallus,9031,CHRM3
sp|P49578|ACM3_CHICK,54,NVS,Gallus gallus,9031,CHRM3
sp|P49578|ACM3_CHICK,97,NSS,Gallus gallus,9031,CHRM3
sp|P49578|ACM3_CHICK,101,NAT,Gallus gallus,9031,CHRM3
sp|P49578|ACM3_CHICK,201,NAS,Gallus gallus,9031,CHRM3
sp|P49578|ACM3_CHICK,427,NST,Gallus gallus,9031,CHRM3
sp|P49578|ACM3_CHICK,438,NES,Gallus gallus,9031,CHRM3
sp|P49578|ACM3_CHICK,585,NST,Gallus gallus,9031,CHRM3
sp|P49708|IFNG_CHICK,42,NSS,Gallus gallus,9031,IFNG
sp|P49708|IFNG_CHICK,61,NWT,Gallus gallus,9031,IFNG
sp|P50147|GNAI2_CHICK,142,NRS,Gallus gallus,9031,GNAI2
sp|P50147|GNAI2_CHICK,150,NDS,Gallus gallus,9031,GNAI2
sp|P50478|AMPH_CHICK,208,NVS,Gallus gallus,9031,AMPH
sp|P50478|AMPH_CHICK,333,NVT,Gallus gallus,9031,AMPH
sp|P50478|AMPH_CHICK,414,NVT,Gallus gallus,9031,AMPH
sp|P50478|AMPH_CHICK,556,NES,Gallus gallus,9031,AMPH
sp|P50478|AMPH_CHICK,676,NFT,Gallus gallus,9031,AMPH
sp|P51641|CNTFR_CHICK,58,NGT,Gallus gallus,9031,CNTFR
sp|P51641|CNTFR_CHICK,68,NGS,Gallus gallus,9031,CNTFR
sp|P51641|CNTFR_CHICK,140,NIS,Gallus gallus,9031,CNTFR
sp|P51641|CNTFR_CHICK,188,NST,Gallus gallus,9031,CNTFR
sp|P51890|LUM_CHICK,91,NVT,Gallus gallus,9031,LUM
sp|P51890|LUM_CHICK,130,NLT,Gallus gallus,9031,LUM
sp|P51890|LUM_CHICK,165,NLT,Gallus gallus,9031,LUM
sp|P51890|LUM_CHICK,257,NIT,Gallus gallus,9031,LUM
sp|P51890|LUM_CHICK,320,NLT,Gallus gallus,9031,LUM
sp|P52186|KCNJ2_CHICK,190,NET,Gallus gallus,9031,KCNJ2
sp|P52802|EFNA2_CHICK,36,NRS,Gallus gallus,9031,EFNA2
sp|P52802|EFNA2_CHICK,161,NDS,Gallus gallus,9031,EFNA2
sp|P52802|EFNA2_CHICK,175,NNS,Gallus gallus,9031,EFNA2
sp|P52804|EFNA5_CHICK,37,NST,Gallus gallus,9031,EFNA5
sp|P53478|ACT5_CHICK,13,NGS,,,
sp|P53666|LIMK2_CHICK,625,NVS,Gallus gallus,9031,LIMK2
sp|P53666|LIMK2_CHICK,640,NTT,Gallus gallus,9031,LIMK2
sp|P53760|LCAT_CHICK,42,NST,Gallus gallus,9031,LCAT
sp|P53760|LCAT_CHICK,106,NRT,Gallus gallus,9031,LCAT
sp|P53760|LCAT_CHICK,294,NYT,Gallus gallus,9031,LCAT
sp|P53760|LCAT_CHICK,406,NLT,Gallus gallus,9031,LCAT
sp|P55024|TYRO_CHICK,86,NRT,Gallus gallus,9031,TYR
sp|P55024|TYRO_CHICK,111,NCT,Gallus gallus,9031,TYR
sp|P55024|TYRO_CHICK,161,NGS,Gallus gallus,9031,TYR
sp|P55024|TYRO_CHICK,230,NFT,Gallus gallus,9031,TYR
sp|P55024|TYRO_CHICK,290,NAT,Gallus gallus,9031,TYR
sp|P55024|TYRO_CHICK,337,NYS,Gallus gallus,9031,TYR
sp|P55024|TYRO_CHICK,356,NIS,Gallus gallus,9031,TYR
sp|P55024|TYRO_CHICK,371,NGS,Gallus gallus,9031,TYR
sp|P55024|TYRO_CHICK,522,NVS,Gallus gallus,9031,TYR
sp|P55169|CCND1_CHICK,266,NVS,Gallus gallus,9031,CCND1
sp|P55806|NRT1_CHICK,63,NIT,,,
sp|P55806|NRT1_CHICK,237,NFS,,,
sp|P55807|NRT2_CHICK,294,NCS,,,
sp|P55878|GLI1_CHICK,356,NAS,Gallus gallus,9031,GLI1
sp|P55878|GLI1_CHICK,365,NRT,Gallus gallus,9031,GLI1
sp|P55878|GLI1_CHICK,479,NDS,Gallus gallus,9031,GLI1
sp|P56673|PITX1_CHICK,126,NLT,Gallus gallus,9031,PITX1
sp|P56673|PITX1_CHICK,245,NIS,Gallus gallus,9031,PITX1
sp|P56673|PITX1_CHICK,277,NSS,Gallus gallus,9031,PITX1
sp|P56734|AVR4_CHICK,67,NIT,Gallus gallus,9031,AVR4
sp|P56734|AVR4_CHICK,93,NFS,Gallus gallus,9031,AVR4
sp|P56734|AVR4_CHICK,141,NFT,Gallus gallus,9031,AVR4
sp|P58270|DPF3_CHICK,350,NMT,Gallus gallus,9031,DPF3
sp|P59101|SCX_CHICK,27,NGS,Gallus gallus,9031,SCX
sp|P62149|CALM_CHICK,61,NGT,Gallus gallus,9031,CALM
sp|P62303|RUXE_CHICK,27,NRS,Gallus gallus,9031,SNRPE
sp|P62303|RUXE_CHICK,83,NIT,Gallus gallus,9031,SNRPE
sp|P70079|KCRU_CHICK,66,NLT,Gallus gallus,9031,CKMT1
sp|P79763|FSHR_CHICK,47,NAT,Gallus gallus,9031,FSHR
sp|P79763|FSHR_CHICK,191,NGT,Gallus gallus,9031,FSHR
sp|P79763|FSHR_CHICK,199,NLS,Gallus gallus,9031,FSHR
sp|P79763|FSHR_CHICK,268,NFT,Gallus gallus,9031,FSHR
sp|P79763|FSHR_CHICK,380,NTT,Gallus gallus,9031,FSHR
sp|P79784|ENTP2_CHICK,62,NDT,Gallus gallus,9031,ENTPD2
sp|P79784|ENTP2_CHICK,297,NTT,Gallus gallus,9031,ENTPD2
sp|P79784|ENTP2_CHICK,418,NRS,Gallus gallus,9031,ENTPD2
sp|P79784|ENTP2_CHICK,444,NLT,Gallus gallus,9031,ENTPD2
sp|P79785|AGTR1_CHICK,4,NYS,Gallus gallus,9031,AGTR1
sp|P79785|AGTR1_CHICK,176,NMT,Gallus gallus,9031,AGTR1
sp|P79785|AGTR1_CHICK,187,NNT,Gallus gallus,9031,AGTR1
sp|P79785|AGTR1_CHICK,231,NKT,Gallus gallus,9031,AGTR1
sp|P79785|AGTR1_CHICK,323,NVS,Gallus gallus,9031,AGTR1
sp|P79880|GUC1A_CHICK,46,NLS,Gallus gallus,9031,GUCA1A
sp|P79995|CAD10_CHICK,256,NIT,Gallus gallus,9031,CDH10
sp|P79995|CAD10_CHICK,438,NGS,Gallus gallus,9031,CDH10
sp|P79995|CAD10_CHICK,456,NLS,Gallus gallus,9031,CDH10
sp|P79995|CAD10_CHICK,534,NFT,Gallus gallus,9031,CDH10
sp|P79995|CAD10_CHICK,741,NDS,Gallus gallus,9031,CDH10
sp|P79996|MK09_CHICK,63,NQT,Gallus gallus,9031,MAPK9
sp|P84173|PHB1_CHICK,89,NIT,Gallus gallus,9031,PHB1
sp|P84173|PHB1_CHICK,256,NIT,Gallus gallus,9031,PHB1
sp|P98165|VLDLR_CHICK,169,NVT,Gallus gallus,9031,VLDLR
sp|P98165|VLDLR_CHICK,773,NIS,Gallus gallus,9031,VLDLR
sp|Q00546|TENR_CHICK,53,NCS,Gallus gallus,9031,TNR
sp|Q00546|TENR_CHICK,179,NFS,Gallus gallus,9031,TNR
sp|Q00546|TENR_CHICK,197,NCS,Gallus gallus,9031,TNR
sp|Q00546|TENR_CHICK,277,NGT,Gallus gallus,9031,TNR
sp|Q00546|TENR_CHICK,391,NVS,Gallus gallus,9031,TNR
sp|Q00546|TENR_CHICK,469,NQT,Gallus gallus,9031,TNR
sp|Q00546|TENR_CHICK,580,NES,Gallus gallus,9031,TNR
sp|Q00546|TENR_CHICK,734,NES,Gallus gallus,9031,TNR
sp|Q00546|TENR_CHICK,790,NIT,Gallus gallus,9031,TNR
sp|Q00546|TENR_CHICK,872,NIT,Gallus gallus,9031,TNR
sp|Q00546|TENR_CHICK,960,NIT,Gallus gallus,9031,TNR
sp|Q00546|TENR_CHICK,1031,NFT,Gallus gallus,9031,TNR
sp|Q00546|TENR_CHICK,1041,NLT,Gallus gallus,9031,TNR
sp|Q00546|TENR_CHICK,1256,NGT,Gallus gallus,9031,TNR
sp|Q00546|TENR_CHICK,1342,NIS,Gallus gallus,9031,TNR
sp|Q02391|GSLG1_CHICK,128,NLT,Gallus gallus,9031,GLG1
sp|Q02391|GSLG1_CHICK,173,NIT,Gallus gallus,9031,GLG1
sp|Q02391|GSLG1_CHICK,544,NET,Gallus gallus,9031,GLG1
sp|Q02391|GSLG1_CHICK,640,NLT,Gallus gallus,9031,GLG1
sp|Q02391|GSLG1_CHICK,749,NDT,Gallus gallus,9031,GLG1
sp|Q02960|MIF_CHICK,73,NKT,Gallus gallus,9031,MIF
sp|Q02960|MIF_CHICK,110,NGS,Gallus gallus,9031,MIF
sp|Q03696|NGCA_CHICK,97,NAT,,,
sp|Q03696|NGCA_CHICK,288,NKT,,,
sp|Q03696|NGCA_CHICK,390,NDS,,,
sp|Q03696|NGCA_CHICK,434,NQT,,,
sp|Q03696|NGCA_CHICK,472,NGS,,,
sp|Q03696|NGCA_CHICK,498,NGS,,,
sp|Q03696|NGCA_CHICK,712,NET,,,
sp|Q03696|NGCA_CHICK,819,NSS,,,
sp|Q03696|NGCA_CHICK,1061,NKS,,,
sp|Q03696|NGCA_CHICK,1075,NSS,,,
sp|Q03696|NGCA_CHICK,1100,NRS,,,
sp|Q03696|NGCA_CHICK,1116,NGT,,,
sp|Q04205|TENS1_CHICK,113,NLS,Gallus gallus,9031,TNS1
sp|Q04205|TENS1_CHICK,186,NIS,Gallus gallus,9031,TNS1
sp|Q04205|TENS1_CHICK,382,NTS,Gallus gallus,9031,TNS1
sp|Q04205|TENS1_CHICK,476,NST,Gallus gallus,9031,TNS1
sp|Q04584|ZYX_CHICK,18,NIS,Gallus gallus,9031,ZYX
sp|Q04584|ZYX_CHICK,249,NST,Gallus gallus,9031,ZYX
sp|Q04584|ZYX_CHICK,277,NFT,Gallus gallus,9031,ZYX
sp|Q04594|PRLR_CHICK,59,NYT,Gallus gallus,9031,PRLR
sp|Q04594|PRLR_CHICK,91,NHT,Gallus gallus,9031,PRLR
sp|Q04594|PRLR_CHICK,100,NIT,Gallus gallus,9031,PRLR
sp|Q04594|PRLR_CHICK,112,NSS,Gallus gallus,9031,PRLR
sp|Q04594|PRLR_CHICK,132,NLT,Gallus gallus,9031,PRLR
sp|Q04594|PRLR_CHICK,262,NYT,Gallus gallus,9031,PRLR
sp|Q04594|PRLR_CHICK,303,NIT,Gallus gallus,9031,PRLR
sp|Q04594|PRLR_CHICK,315,NSS,Gallus gallus,9031,PRLR
sp|Q04594|PRLR_CHICK,335,NVT,Gallus gallus,9031,PRLR
sp|Q04594|PRLR_CHICK,647,NTT,Gallus gallus,9031,PRLR
sp|Q04594|PRLR_CHICK,701,NRS,Gallus gallus,9031,PRLR
sp|Q04594|PRLR_CHICK,800,NMS,Gallus gallus,9031,PRLR
sp|Q06637|BFSP1_CHICK,168,NAT,Gallus gallus,9031,BFSP1
sp|Q09108|SCF_CHICK,100,NYS,Gallus gallus,9031,KITLG
sp|Q09108|SCF_CHICK,106,NLT,Gallus gallus,9031,KITLG
sp|Q09108|SCF_CHICK,149,NST,Gallus gallus,9031,KITLG
sp|Q09108|SCF_CHICK,178,NDS,Gallus gallus,9031,KITLG
sp|Q09108|SCF_CHICK,200,NDS,Gallus gallus,9031,KITLG
sp|Q09108|SCF_CHICK,206,NTS,Gallus gallus,9031,KITLG
sp|Q09108|SCF_CHICK,260,NET,Gallus gallus,9031,KITLG
sp|Q1HGK7|KTNA1_CHICK,273,NVS,Gallus gallus,9031,KATNA1
sp|Q1HGK7|KTNA1_CHICK,448,NLS,Gallus gallus,9031,KATNA1
sp|Q1XI86|IMPG2_CHICK,150,NFS,Gallus gallus,9031,IMPG2
sp|Q1XI86|IMPG2_CHICK,325,NAT,Gallus gallus,9031,IMPG2
sp|Q1XI86|IMPG2_CHICK,375,NTS,Gallus gallus,9031,IMPG2
sp|Q1XI86|IMPG2_CHICK,496,NQT,Gallus gallus,9031,IMPG2
sp|Q1XI86|IMPG2_CHICK,676,NDS,Gallus gallus,9031,IMPG2
sp|Q1XI86|IMPG2_CHICK,1076,NST,Gallus gallus,9031,IMPG2
sp|Q1XI86|IMPG2_CHICK,1128,NLT,Gallus gallus,9031,IMPG2
sp|Q1XI86|IMPG2_CHICK,1142,NGS,Gallus gallus,9031,IMPG2
sp|Q1XI86|IMPG2_CHICK,1160,NVT,Gallus gallus,9031,IMPG2
sp|Q25BN1|DICER_CHICK,285,NIS,Gallus gallus,9031,DICER1
sp|Q25BN1|DICER_CHICK,1139,NRT,Gallus gallus,9031,DICER1
sp|Q25BN1|DICER_CHICK,1249,NRS,Gallus gallus,9031,DICER1
sp|Q25BN1|DICER_CHICK,1270,NLS,Gallus gallus,9031,DICER1
sp|Q25BN1|DICER_CHICK,1281,NTS,Gallus gallus,9031,DICER1
sp|Q25BN1|DICER_CHICK,1306,NAS,Gallus gallus,9031,DICER1
sp|Q25BN1|DICER_CHICK,1615,NLS,Gallus gallus,9031,DICER1
sp|Q25BN1|DICER_CHICK,1673,NYS,Gallus gallus,9031,DICER1
sp|Q25BN1|DICER_CHICK,1740,NNT,Gallus gallus,9031,DICER1
sp|Q2HZ96|AT1B4_CHICK,43,NKT,Gallus gallus,9031,ATP1B4
sp|Q2HZ96|AT1B4_CHICK,132,NVS,Gallus gallus,9031,ATP1B4
sp|Q2HZ96|AT1B4_CHICK,176,NDS,Gallus gallus,9031,ATP1B4
sp|Q2HZ96|AT1B4_CHICK,193,NCS,Gallus gallus,9031,ATP1B4
sp|Q2HZ96|AT1B4_CHICK,239,NES,Gallus gallus,9031,ATP1B4
sp|Q2HZ96|AT1B4_CHICK,252,NGT,Gallus gallus,9031,ATP1B4
sp|Q2HZ96|AT1B4_CHICK,270,NYT,Gallus gallus,9031,ATP1B4
sp|Q2IAL7|CTHL2_CHICK,67,NFT,Gallus gallus,9031,CATHL2
sp|Q2LK54|COL12_CHICK,67,NVT,Gallus gallus,9031,COLEC12
sp|Q2LK54|COL12_CHICK,168,NKT,Gallus gallus,9031,COLEC12
sp|Q2LK54|COL12_CHICK,210,NLT,Gallus gallus,9031,COLEC12
sp|Q2LK54|COL12_CHICK,271,NNS,Gallus gallus,9031,COLEC12
sp|Q2LK54|COL12_CHICK,280,NDT,Gallus gallus,9031,COLEC12
sp|Q2LK54|COL12_CHICK,299,NIS,Gallus gallus,9031,COLEC12
sp|Q2LK54|COL12_CHICK,323,NRT,Gallus gallus,9031,COLEC12
sp|Q2LK54|COL12_CHICK,349,NIS,Gallus gallus,9031,COLEC12
sp|Q2LK54|COL12_CHICK,386,NST,Gallus gallus,9031,COLEC12
sp|Q2LK54|COL12_CHICK,416,NLS,Gallus gallus,9031,COLEC12
sp|Q2LK54|COL12_CHICK,437,NFT,Gallus gallus,9031,COLEC12
sp|Q2LK54|COL12_CHICK,613,NYT,Gallus gallus,9031,COLEC12
sp|Q2VB19|PUM1_CHICK,104,NNS,Gallus gallus,9031,PUM1
sp|Q2VB19|PUM1_CHICK,317,NGS,Gallus gallus,9031,PUM1
sp|Q2VB19|PUM1_CHICK,649,NNS,Gallus gallus,9031,PUM1
sp|Q2VB19|PUM1_CHICK,671,NTS,Gallus gallus,9031,PUM1
sp|Q2VB19|PUM1_CHICK,780,NGS,Gallus gallus,9031,PUM1
sp|Q2YHT7|MOR1A_CHICK,45,NIS,Gallus gallus,9031,CD200R1A
sp|Q2YHT7|MOR1A_CHICK,76,NCS,Gallus gallus,9031,CD200R1A
sp|Q2YHT7|MOR1A_CHICK,105,NYT,Gallus gallus,9031,CD200R1A
sp|Q2YHT7|MOR1A_CHICK,161,NST,Gallus gallus,9031,CD200R1A
sp|Q2YHT7|MOR1A_CHICK,171,NGT,Gallus gallus,9031,CD200R1A
sp|Q2YHT7|MOR1A_CHICK,200,NET,Gallus gallus,9031,CD200R1A
sp|Q2YHT7|MOR1A_CHICK,206,NCS,Gallus gallus,9031,CD200R1A
sp|Q3L254|WNT7B_CHICK,83,NCS,Gallus gallus,9031,WNT7B
sp|Q3L254|WNT7B_CHICK,127,NLS,Gallus gallus,9031,WNT7B
sp|Q3L254|WNT7B_CHICK,295,NRT,Gallus gallus,9031,WNT7B
sp|Q45KJ5|LN28A_CHICK,27,NES,Gallus gallus,9031,LIN28A
sp|Q4KWZ7|REV1_CHICK,47,NSS,Gallus gallus,9031,REV1
sp|Q4KWZ7|REV1_CHICK,302,NSS,Gallus gallus,9031,REV1
sp|Q4KWZ7|REV1_CHICK,410,NVS,Gallus gallus,9031,REV1
sp|Q4KWZ7|REV1_CHICK,821,NIS,Gallus gallus,9031,REV1
sp|Q4KWZ7|REV1_CHICK,913,NVS,Gallus gallus,9031,REV1
sp|Q4KWZ7|REV1_CHICK,937,NLS,Gallus gallus,9031,REV1
sp|Q56I99|SMAD5_CHICK,159,NLS,Gallus gallus,9031,SMAD5
sp|Q56I99|SMAD5_CHICK,170,NAT,Gallus gallus,9031,SMAD5
sp|Q56I99|SMAD5_CHICK,181,NST,Gallus gallus,9031,SMAD5
sp|Q56I99|SMAD5_CHICK,254,NIS,Gallus gallus,9031,SMAD5
sp|Q56I99|SMAD5_CHICK,320,NST,Gallus gallus,9031,SMAD5
sp|Q58NQ5|PLAG1_CHICK,257,NVS,Gallus gallus,9031,PLAG1
sp|Q5F336|MBLC2_CHICK,201,NVS,Gallus gallus,9031,MBLAC2
sp|Q5F349|SG196_CHICK,69,NCS,Gallus gallus,9031,POMK
sp|Q5F349|SG196_CHICK,163,NET,Gallus gallus,9031,POMK
sp|Q5F349|SG196_CHICK,237,NRS,Gallus gallus,9031,POMK
sp|Q5F352|RASN_CHICK,85,NNS,Gallus gallus,9031,NRAS
sp|Q5F362|CC50A_CHICK,4,NYS,Gallus gallus,9031,TMEM30A
sp|Q5F362|CC50A_CHICK,105,NVS,Gallus gallus,9031,TMEM30A
sp|Q5F362|CC50A_CHICK,119,NFT,Gallus gallus,9031,TMEM30A
sp|Q5F362|CC50A_CHICK,159,NSS,Gallus gallus,9031,TMEM30A
sp|Q5F362|CC50A_CHICK,192,NDT,Gallus gallus,9031,TMEM30A
sp|Q5F362|CC50A_CHICK,202,NDT,Gallus gallus,9031,TMEM30A
sp|Q5F362|CC50A_CHICK,233,NLT,Gallus gallus,9031,TMEM30A
sp|Q5F362|CC50A_CHICK,305,NIT,Gallus gallus,9031,TMEM30A
sp|Q5F362|CC50A_CHICK,365,NTS,Gallus gallus,9031,TMEM30A
sp|Q5F378|CTHB1_CHICK,244,NVT,Gallus gallus,9031,CATHB1
sp|Q5F383|SPP2B_CHICK,93,NCT,Gallus gallus,9031,SPPL2B
sp|Q5F383|SPP2B_CHICK,125,NRS,Gallus gallus,9031,SPPL2B
sp|Q5F383|SPP2B_CHICK,399,NSS,Gallus gallus,9031,SPPL2B
sp|Q5F383|SPP2B_CHICK,558,NDT,Gallus gallus,9031,SPPL2B
sp|Q5F389|WWOX_CHICK,110,NST,Gallus gallus,9031,WWOX
sp|Q5F389|WWOX_CHICK,157,NMS,Gallus gallus,9031,WWOX
sp|Q5F389|WWOX_CHICK,294,NRS,Gallus gallus,9031,WWOX
sp|Q5F398|MAEA_CHICK,185,NKS,Gallus gallus,9031,MAEA
sp|Q5F398|MAEA_CHICK,282,NNS,Gallus gallus,9031,MAEA
sp|Q5F398|MAEA_CHICK,386,NFS,Gallus gallus,9031,MAEA
sp|Q5F3B1|MTG16_CHICK,70,NGS,Gallus gallus,9031,CBFA2T3
sp|Q5F3B1|MTG16_CHICK,149,NST,Gallus gallus,9031,CBFA2T3
sp|Q5F3B1|MTG16_CHICK,214,NAS,Gallus gallus,9031,CBFA2T3
sp|Q5F3B1|MTG16_CHICK,402,NSS,Gallus gallus,9031,CBFA2T3
sp|Q5F3E8|BACD2_CHICK,167,NRS,Gallus gallus,9031,TNFAIP1
sp|Q5F3K4|WDR48_CHICK,156,NNT,Gallus gallus,9031,WDR48
sp|Q5F3K4|WDR48_CHICK,544,NET,Gallus gallus,9031,WDR48
sp|Q5F3K4|WDR48_CHICK,610,NES,Gallus gallus,9031,WDR48
sp|Q5F3N6|BAP1_CHICK,479,NES,Gallus gallus,9031,BAP1
sp|Q5F3N6|BAP1_CHICK,666,NIS,Gallus gallus,9031,BAP1
sp|Q5F3R2|KDM5B_CHICK,1296,NRT,Gallus gallus,9031,KDM5B
sp|Q5F3W3|MK06_CHICK,208,NYT,Gallus gallus,9031,MAPK6
sp|Q5F3W3|MK06_CHICK,553,NSS,Gallus gallus,9031,MAPK6
sp|Q5F3W5|SUV92_CHICK,37,NKS,Gallus gallus,9031,SUV39H2
sp|Q5F3W5|SUV92_CHICK,320,NVS,Gallus gallus,9031,SUV39H2
sp|Q5F3W5|SUV92_CHICK,326,NHS,Gallus gallus,9031,SUV39H2
sp|Q5F448|GPHR_CHICK,67,NSS,Gallus gallus,9031,GPR89
sp|Q5F448|GPHR_CHICK,180,NVT,Gallus gallus,9031,GPR89
sp|Q5F448|GPHR_CHICK,243,NLS,Gallus gallus,9031,GPR89
sp|Q5F450|PAN2_CHICK,114,NSS,Gallus gallus,9031,PAN2
sp|Q5F450|PAN2_CHICK,512,NKT,Gallus gallus,9031,PAN2
sp|Q5F450|PAN2_CHICK,663,NCS,Gallus gallus,9031,PAN2
sp|Q5F450|PAN2_CHICK,746,NSS,Gallus gallus,9031,PAN2
sp|Q5F450|PAN2_CHICK,826,NWS,Gallus gallus,9031,PAN2
sp|Q5F452|MTMR8_CHICK,530,NAS,Gallus gallus,9031,MTMR8
sp|Q5F452|MTMR8_CHICK,589,NVT,Gallus gallus,9031,MTMR8
sp|Q5F452|MTMR8_CHICK,611,NDS,Gallus gallus,9031,MTMR8
sp|Q5F480|ITPK1_CHICK,70,NDS,Gallus gallus,9031,ITPK1
sp|Q5F480|ITPK1_CHICK,217,NFS,Gallus gallus,9031,ITPK1
sp|Q5F480|ITPK1_CHICK,234,NVS,Gallus gallus,9031,ITPK1
sp|Q5F480|ITPK1_CHICK,286,NQT,Gallus gallus,9031,ITPK1
sp|Q5F480|ITPK1_CHICK,331,NRS,Gallus gallus,9031,ITPK1
sp|Q5F480|ITPK1_CHICK,372,NSS,Gallus gallus,9031,ITPK1
sp|Q5F485|DDX42_CHICK,676,NNS,Gallus gallus,9031,DDX42
sp|Q5F485|DDX42_CHICK,791,NNS,Gallus gallus,9031,DDX42
sp|Q5F485|DDX42_CHICK,796,NAS,Gallus gallus,9031,DDX42
sp|Q5F485|DDX42_CHICK,901,NIS,Gallus gallus,9031,DDX42
sp|Q5F485|DDX42_CHICK,908,NES,Gallus gallus,9031,DDX42
sp|Q5F485|DDX42_CHICK,924,NKT,Gallus gallus,9031,DDX42
sp|Q5F4B1|PGP_CHICK,64,NNS,Gallus gallus,9031,PGP
sp|Q5NDE8|PMGT2_CHICK,98,NSS,Gallus gallus,9031,POMGNT2
sp|Q5NDE8|PMGT2_CHICK,275,NVS,Gallus gallus,9031,POMGNT2
sp|Q5NDE8|PMGT2_CHICK,335,NAS,Gallus gallus,9031,POMGNT2
sp|Q5NDE8|PMGT2_CHICK,540,NHT,Gallus gallus,9031,POMGNT2
sp|Q5QJC2|DCR1C_CHICK,128,NGT,Gallus gallus,9031,DCLRE1C
sp|Q5QJC2|DCR1C_CHICK,218,NLS,Gallus gallus,9031,DCLRE1C
sp|Q5QJC2|DCR1C_CHICK,278,NGT,Gallus gallus,9031,DCLRE1C
sp|Q5QJC2|DCR1C_CHICK,383,NLS,Gallus gallus,9031,DCLRE1C
sp|Q5QJC2|DCR1C_CHICK,427,NES,Gallus gallus,9031,DCLRE1C
sp|Q5QJC2|DCR1C_CHICK,553,NSS,Gallus gallus,9031,DCLRE1C
sp|Q5QJC3|DCR1B_CHICK,2,NGT,Gallus gallus,9031,DCLRE1B
sp|Q5QJC4|DCR1A_CHICK,58,NST,Gallus gallus,9031,DCLRE1A
sp|Q5QJC4|DCR1A_CHICK,174,NST,Gallus gallus,9031,DCLRE1A
sp|Q5QJC4|DCR1A_CHICK,233,NIT,Gallus gallus,9031,DCLRE1A
sp|Q5QJC4|DCR1A_CHICK,358,NTS,Gallus gallus,9031,DCLRE1A
sp|Q5QJC4|DCR1A_CHICK,602,NVT,Gallus gallus,9031,DCLRE1A
sp|Q5QJC4|DCR1A_CHICK,913,NIT,Gallus gallus,9031,DCLRE1A
sp|Q5R1T0|CAF1A_CHICK,155,NST,Gallus gallus,9031,CHAF1A
sp|Q5R1T0|CAF1A_CHICK,204,NQS,Gallus gallus,9031,CHAF1A
sp|Q5R1T0|CAF1A_CHICK,244,NET,Gallus gallus,9031,CHAF1A
sp|Q5R1T0|CAF1A_CHICK,259,NSS,Gallus gallus,9031,CHAF1A
sp|Q5R1T0|CAF1A_CHICK,281,NTS,Gallus gallus,9031,CHAF1A
sp|Q5R1T0|CAF1A_CHICK,503,NSS,Gallus gallus,9031,CHAF1A
sp|Q5R1T0|CAF1A_CHICK,669,NDS,Gallus gallus,9031,CHAF1A
sp|Q5R1T0|CAF1A_CHICK,725,NGS,Gallus gallus,9031,CHAF1A
sp|Q5R1T0|CAF1A_CHICK,761,NTS,Gallus gallus,9031,CHAF1A
sp|Q5S7W5|NTAL_CHICK,157,NST,Gallus gallus,9031,LAT2
sp|Q5ZHQ5|CHPT1_CHICK,112,NSS,Gallus gallus,9031,CHPT1
sp|Q5ZHQ5|CHPT1_CHICK,245,NGS,Gallus gallus,9031,CHPT1
sp|Q5ZHS1|ELP3_CHICK,102,NFT,Gallus gallus,9031,ELP3
sp|Q5ZHT1|ACD11_CHICK,329,NAS,Gallus gallus,9031,ACAD11
sp|Q5ZHT1|ACD11_CHICK,364,NTS,Gallus gallus,9031,ACAD11
sp|Q5ZHT1|ACD11_CHICK,555,NSS,Gallus gallus,9031,ACAD11
sp|Q5ZHW4|RAB5B_CHICK,208,NKS,Gallus gallus,9031,RAB5B
sp|Q5ZHZ0|DX39B_CHICK,182,NKS,Gallus gallus,9031,DDX39B
sp|Q5ZHZ0|DX39B_CHICK,410,NIS,Gallus gallus,9031,DDX39B
sp|Q5ZHZ4|HAKAI_CHICK,12,NSS,Gallus gallus,9031,CBLL1
sp|Q5ZHZ4|HAKAI_CHICK,36,NKT,Gallus gallus,9031,CBLL1
sp|Q5ZHZ4|HAKAI_CHICK,417,NVS,Gallus gallus,9031,CBLL1
sp|Q5ZI23|GLO2_CHICK,173,NSS,Gallus gallus,9031,HAGH
sp|Q5ZI23|GLO2_CHICK,240,NVS,Gallus gallus,9031,HAGH
sp|Q5ZI74|DHX30_CHICK,378,NMT,Gallus gallus,9031,DHX30
sp|Q5ZI74|DHX30_CHICK,429,NLS,Gallus gallus,9031,DHX30
sp|Q5ZI87|TBCD_CHICK,592,NLT,Gallus gallus,9031,TBCD
sp|Q5ZI87|TBCD_CHICK,643,NRS,Gallus gallus,9031,TBCD
sp|Q5ZI87|TBCD_CHICK,711,NDS,Gallus gallus,9031,TBCD
sp|Q5ZIB9|ANM7_CHICK,293,NCT,Gallus gallus,9031,PRMT7
sp|Q5ZIB9|ANM7_CHICK,387,NRT,Gallus gallus,9031,PRMT7
sp|Q5ZID5|UBP28_CHICK,129,NRS,Gallus gallus,9031,USP28
sp|Q5ZID5|UBP28_CHICK,367,NQS,Gallus gallus,9031,USP28
sp|Q5ZID5|UBP28_CHICK,505,NSS,Gallus gallus,9031,USP28
sp|Q5ZID5|UBP28_CHICK,640,NAS,Gallus gallus,9031,USP28
sp|Q5ZID5|UBP28_CHICK,823,NLS,Gallus gallus,9031,USP28
sp|Q5ZID5|UBP28_CHICK,897,NTT,Gallus gallus,9031,USP28
sp|Q5ZID5|UBP28_CHICK,910,NES,Gallus gallus,9031,USP28
sp|Q5ZIK0|P4K2B_CHICK,216,NYS,Gallus gallus,9031,PI4K2B
sp|Q5ZIK0|P4K2B_CHICK,320,NLS,Gallus gallus,9031,PI4K2B
sp|Q5ZIK0|P4K2B_CHICK,425,NLT,Gallus gallus,9031,PI4K2B
sp|Q5ZIU9|S39A9_CHICK,29,NFS,Gallus gallus,9031,SLC39A9
sp|Q5ZIU9|S39A9_CHICK,239,NAT,Gallus gallus,9031,SLC39A9
sp|Q5ZIV1|MTMR2_CHICK,150,NES,Gallus gallus,9031,MTMR2
sp|Q5ZIV1|MTMR2_CHICK,548,NRS,Gallus gallus,9031,MTMR2
sp|Q5ZIV5|PDC10_CHICK,37,NLS,Gallus gallus,9031,PDCD10
sp|Q5ZIV5|PDC10_CHICK,75,NFT,Gallus gallus,9031,PDCD10
sp|Q5ZIV7|DESI2_CHICK,58,NAS,Gallus gallus,9031,DESI2
sp|Q5ZIV9|SCIN_CHICK,496,NGT,Gallus gallus,9031,SCIN
sp|Q5ZIV9|SCIN_CHICK,547,NNT,Gallus gallus,9031,SCIN
sp|Q5ZIV9|SCIN_CHICK,621,NKT,Gallus gallus,9031,SCIN
sp|Q5ZIV9|SCIN_CHICK,663,NET,Gallus gallus,9031,SCIN
sp|Q5ZIW1|PEO1_CHICK,357,NLT,Gallus gallus,9031,TWNK
sp|Q5ZIX8|KDM3A_CHICK,351,NLT,Gallus gallus,9031,KDM3A
sp|Q5ZIX8|KDM3A_CHICK,400,NIS,Gallus gallus,9031,KDM3A
sp|Q5ZIX8|KDM3A_CHICK,426,NSS,Gallus gallus,9031,KDM3A
sp|Q5ZIX8|KDM3A_CHICK,435,NSS,Gallus gallus,9031,KDM3A
sp|Q5ZIX8|KDM3A_CHICK,501,NES,Gallus gallus,9031,KDM3A
sp|Q5ZIX8|KDM3A_CHICK,830,NIT,Gallus gallus,9031,KDM3A
sp|Q5ZIX8|KDM3A_CHICK,883,NNT,Gallus gallus,9031,KDM3A
sp|Q5ZIX8|KDM3A_CHICK,893,NSS,Gallus gallus,9031,KDM3A
sp|Q5ZIX8|KDM3A_CHICK,920,NRT,Gallus gallus,9031,KDM3A
sp|Q5ZIX8|KDM3A_CHICK,962,NES,Gallus gallus,9031,KDM3A
sp|Q5ZIX8|KDM3A_CHICK,1318,NES,Gallus gallus,9031,KDM3A
sp|Q5ZIY4|SBDS_CHICK,59,NVS,Gallus gallus,9031,SBDS
sp|Q5ZIY4|SBDS_CHICK,147,NKS,Gallus gallus,9031,SBDS
sp|Q5ZIZ2|SMYD5_CHICK,321,NHS,Gallus gallus,9031,SMYD5
sp|Q5ZJ58|PI51B_CHICK,43,NLT,Gallus gallus,9031,PIP5K1B
sp|Q5ZJ58|PI51B_CHICK,71,NLT,Gallus gallus,9031,PIP5K1B
sp|Q5ZJ58|PI51B_CHICK,199,NFT,Gallus gallus,9031,PIP5K1B
sp|Q5ZJ58|PI51B_CHICK,290,NAS,Gallus gallus,9031,PIP5K1B
sp|Q5ZJ58|PI51B_CHICK,532,NAS,Gallus gallus,9031,PIP5K1B
sp|Q5ZJ66|SYEM_CHICK,399,NYS,Gallus gallus,9031,EARS2
sp|Q5ZJD8|DIESL_CHICK,5,NES,Gallus gallus,9031,TMEM68
sp|Q5ZJD8|DIESL_CHICK,67,NTS,Gallus gallus,9031,TMEM68
sp|Q5ZJD8|DIESL_CHICK,289,NIT,Gallus gallus,9031,TMEM68
sp|Q5ZJH6|ULK3_CHICK,132,NIS,Gallus gallus,9031,ULK3
sp|Q5ZJJ2|RFA1_CHICK,144,NLS,Gallus gallus,9031,RPA1
sp|Q5ZJJ2|RFA1_CHICK,279,NET,Gallus gallus,9031,RPA1
sp|Q5ZJL4|CLP1_CHICK,377,NIS,Gallus gallus,9031,CLP1
sp|Q5ZJL5|PURA2_CHICK,268,NCT,Gallus gallus,9031,ADSS2
sp|Q5ZJN4|UBP10_CHICK,35,NET,Gallus gallus,9031,USP10
sp|Q5ZJN4|UBP10_CHICK,68,NNT,Gallus gallus,9031,USP10
sp|Q5ZJN4|UBP10_CHICK,168,NSS,Gallus gallus,9031,USP10
sp|Q5ZJN4|UBP10_CHICK,413,NAT,Gallus gallus,9031,USP10
sp|Q5ZJN4|UBP10_CHICK,574,NKS,Gallus gallus,9031,USP10
sp|Q5ZJS0|KC1G1_CHICK,385,NTS,Gallus gallus,9031,CSNK1G1
sp|Q5ZJT1|HMCES_CHICK,253,NDT,Gallus gallus,9031,HMCES
sp|Q5ZJW4|SC22B_CHICK,172,NLS,Gallus gallus,9031,SEC22B
sp|Q5ZJW8|DTL_CHICK,81,NTT,Gallus gallus,9031,DTL
sp|Q5ZJW8|DTL_CHICK,286,NCT,Gallus gallus,9031,DTL
sp|Q5ZJW8|DTL_CHICK,296,NMT,Gallus gallus,9031,DTL
sp|Q5ZJW8|DTL_CHICK,313,NST,Gallus gallus,9031,DTL
sp|Q5ZJW8|DTL_CHICK,653,NSS,Gallus gallus,9031,DTL
sp|Q5ZJW8|DTL_CHICK,702,NTS,Gallus gallus,9031,DTL
sp|Q5ZJY5|SMC5_CHICK,61,NGT,Gallus gallus,9031,SMC5
sp|Q5ZJY5|SMC5_CHICK,124,NTS,Gallus gallus,9031,SMC5
sp|Q5ZJY5|SMC5_CHICK,943,NFT,Gallus gallus,9031,SMC5
sp|Q5ZJY5|SMC5_CHICK,1023,NLT,Gallus gallus,9031,SMC5
sp|Q5ZK10|NSF1C_CHICK,351,NQT,Gallus gallus,9031,NSFL1C
sp|Q5ZK33|LETM1_CHICK,278,NVT,Gallus gallus,9031,LETM1
sp|Q5ZK33|LETM1_CHICK,317,NLT,Gallus gallus,9031,LETM1
sp|Q5ZK90|ARSK_CHICK,53,NQT,Gallus gallus,9031,ARSK
sp|Q5ZK90|ARSK_CHICK,163,NLT,Gallus gallus,9031,ARSK
sp|Q5ZK90|ARSK_CHICK,194,NLT,Gallus gallus,9031,ARSK
sp|Q5ZK90|ARSK_CHICK,263,NCT,Gallus gallus,9031,ARSK
sp|Q5ZK90|ARSK_CHICK,376,NLS,Gallus gallus,9031,ARSK
sp|Q5ZK90|ARSK_CHICK,414,NAS,Gallus gallus,9031,ARSK
sp|Q5ZK90|ARSK_CHICK,499,NYS,Gallus gallus,9031,ARSK
sp|Q5ZKA6|WASH1_CHICK,166,NIS,Gallus gallus,9031,WASHC1
sp|Q5ZKA6|WASH1_CHICK,177,NTT,Gallus gallus,9031,WASHC1
sp|Q5ZKB9|DDX6_CHICK,53,NGT,Gallus gallus,9031,DDX6
sp|Q5ZKB9|DDX6_CHICK,142,NGT,Gallus gallus,9031,DDX6
sp|Q5ZKB9|DDX6_CHICK,335,NQS,Gallus gallus,9031,DDX6
sp|Q5ZKB9|DDX6_CHICK,342,NSS,Gallus gallus,9031,DDX6
sp|Q5ZKH4|NDEL1_CHICK,292,NSS,Gallus gallus,9031,NDEL1
sp|Q5ZKH4|NDEL1_CHICK,299,NGT,Gallus gallus,9031,NDEL1
sp|Q5ZKK7|ERCC3_CHICK,68,NAS,Gallus gallus,9031,ERCC3
sp|Q5ZKK7|ERCC3_CHICK,296,NDS,Gallus gallus,9031,ERCC3
sp|Q5ZKM1|SPB1_CHICK,135,NLT,Gallus gallus,9031,FTSJ3
sp|Q5ZKM1|SPB1_CHICK,188,NES,Gallus gallus,9031,FTSJ3
sp|Q5ZKM1|SPB1_CHICK,282,NHS,Gallus gallus,9031,FTSJ3
sp|Q5ZKM1|SPB1_CHICK,333,NLS,Gallus gallus,9031,FTSJ3
sp|Q5ZKN1|CDK9_CHICK,332,NQS,Gallus gallus,9031,CDK9
sp|Q5ZKN1|CDK9_CHICK,364,NQT,Gallus gallus,9031,CDK9
sp|Q5ZKN2|PGRC1_CHICK,31,NLS,Gallus gallus,9031,PGRMC1
sp|Q5ZKN2|PGRC1_CHICK,144,NAT,Gallus gallus,9031,PGRMC1
sp|Q5ZKP6|ADA_CHICK,175,NNS,Gallus gallus,9031,ADA
sp|Q5ZKP6|ADA_CHICK,288,NYS,Gallus gallus,9031,ADA
sp|Q5ZKR5|NCBP2_CHICK,49,NLS,Gallus gallus,9031,NCBP2
sp|Q5ZKR5|NCBP2_CHICK,105,NGT,Gallus gallus,9031,NCBP2
sp|Q5ZKR7|ACBG2_CHICK,38,NSS,Gallus gallus,9031,ACSBG2
sp|Q5ZKR7|ACBG2_CHICK,63,NKT,Gallus gallus,9031,ACSBG2
sp|Q5ZKR7|ACBG2_CHICK,200,NCS,Gallus gallus,9031,ACSBG2
sp|Q5ZKR7|ACBG2_CHICK,210,NHT,Gallus gallus,9031,ACSBG2
sp|Q5ZKR7|ACBG2_CHICK,297,NLT,Gallus gallus,9031,ACSBG2
sp|Q5ZKS6|BECN1_CHICK,108,NLS,Gallus gallus,9031,BECN1
sp|Q5ZKS6|BECN1_CHICK,150,NIT,Gallus gallus,9031,BECN1
sp|Q5ZKS6|BECN1_CHICK,268,NAT,Gallus gallus,9031,BECN1
sp|Q5ZKS6|BECN1_CHICK,332,NHS,Gallus gallus,9031,BECN1
sp|Q5ZKS8|UBIA1_CHICK,227,NNT,Gallus gallus,9031,UBIAD1
sp|Q5ZKV8|KIF2A_CHICK,36,NES,Gallus gallus,9031,KIF2A
sp|Q5ZKV8|KIF2A_CHICK,103,NDT,Gallus gallus,9031,KIF2A
sp|Q5ZKV8|KIF2A_CHICK,133,NGT,Gallus gallus,9031,KIF2A
sp|Q5ZKV8|KIF2A_CHICK,271,NQT,Gallus gallus,9031,KIF2A
sp|Q5ZKV8|KIF2A_CHICK,482,NKS,Gallus gallus,9031,KIF2A
sp|Q5ZL34|CPSF6_CHICK,87,NLT,Gallus gallus,9031,CPSF6
sp|Q5ZL36|ZFY27_CHICK,214,NST,Gallus gallus,9031,ZFYVE27
sp|Q5ZL43|MTND_CHICK,60,NYS,Gallus gallus,9031,ADI1
sp|Q5ZL67|NF2L1_CHICK,331,NNT,Gallus gallus,9031,NFE2L1
sp|Q5ZL67|NF2L1_CHICK,340,NGT,Gallus gallus,9031,NFE2L1
sp|Q5ZL67|NF2L1_CHICK,362,NVS,Gallus gallus,9031,NFE2L1
sp|Q5ZL67|NF2L1_CHICK,402,NST,Gallus gallus,9031,NFE2L1
sp|Q5ZL67|NF2L1_CHICK,407,NTT,Gallus gallus,9031,NFE2L1
sp|Q5ZL67|NF2L1_CHICK,414,NFS,Gallus gallus,9031,NFE2L1
sp|Q5ZL67|NF2L1_CHICK,425,NST,Gallus gallus,9031,NFE2L1
sp|Q5ZL67|NF2L1_CHICK,429,NET,Gallus gallus,9031,NFE2L1
sp|Q5ZL67|NF2L1_CHICK,574,NHT,Gallus gallus,9031,NFE2L1
sp|Q5ZLA6|MYO1C_CHICK,21,NFT,Gallus gallus,9031,MYO1C
sp|Q5ZLA6|MYO1C_CHICK,159,NSS,Gallus gallus,9031,MYO1C
sp|Q5ZLA6|MYO1C_CHICK,363,NKS,Gallus gallus,9031,MYO1C
sp|Q5ZLA6|MYO1C_CHICK,928,NLT,Gallus gallus,9031,MYO1C
sp|Q5ZLG4|AGO3_CHICK,284,NVT,Gallus gallus,9031,AGO3
sp|Q5ZLG4|AGO3_CHICK,360,NQT,Gallus gallus,9031,AGO3
sp|Q5ZLG4|AGO3_CHICK,425,NRT,Gallus gallus,9031,AGO3
sp|Q5ZLK5|P4HA2_CHICK,115,NLT,Gallus gallus,9031,P4HA2
sp|Q5ZLK5|P4HA2_CHICK,263,NKT,Gallus gallus,9031,P4HA2
sp|Q5ZLL1|KC1E_CHICK,172,NLT,Gallus gallus,9031,CSNK1E
sp|Q5ZLL1|KC1E_CHICK,361,NTS,Gallus gallus,9031,CSNK1E
sp|Q5ZLL1|KC1E_CHICK,387,NVS,Gallus gallus,9031,CSNK1E
sp|Q5ZLP8|IF2B3_CHICK,12,NVS,Gallus gallus,9031,IGF2BP3
sp|Q5ZLP8|IF2B3_CHICK,123,NVT,Gallus gallus,9031,IGF2BP3
sp|Q5ZLP8|IF2B3_CHICK,146,NYS,Gallus gallus,9031,IGF2BP3
sp|Q5ZLP8|IF2B3_CHICK,221,NIT,Gallus gallus,9031,IGF2BP3
sp|Q5ZLP8|IF2B3_CHICK,519,NLT,Gallus gallus,9031,IGF2BP3
sp|Q5ZLQ6|1433B_CHICK,108,NAT,Gallus gallus,9031,YWHAB
sp|Q5ZLQ6|1433B_CHICK,173,NFS,Gallus gallus,9031,YWHAB
sp|Q5ZLQ6|1433B_CHICK,224,NLT,Gallus gallus,9031,YWHAB
sp|Q5ZLS7|GLYR1_CHICK,103,NSS,Gallus gallus,9031,GLYR1
sp|Q5ZLS7|GLYR1_CHICK,112,NSS,Gallus gallus,9031,GLYR1
sp|Q5ZLS7|GLYR1_CHICK,260,NGS,Gallus gallus,9031,GLYR1
sp|Q5ZLS7|GLYR1_CHICK,297,NRT,Gallus gallus,9031,GLYR1
sp|Q5ZLX2|IF2A_CHICK,217,NCS,Gallus gallus,9031,EIF2S1
sp|Q5ZM57|HACD3_CHICK,79,NIT,Gallus gallus,9031,HACD3
sp|Q5ZM57|HACD3_CHICK,167,NMT,Gallus gallus,9031,HACD3
sp|Q5ZM57|HACD3_CHICK,319,NVT,Gallus gallus,9031,HACD3
sp|Q5ZM98|GRP75_CHICK,200,NDS,Gallus gallus,9031,HSPA9
sp|Q5ZM98|GRP75_CHICK,463,NTT,Gallus gallus,9031,HSPA9
sp|Q5ZMA2|PRP19_CHICK,37,NGT,Gallus gallus,9031,PRPF19
sp|Q5ZMA2|PRP19_CHICK,296,NAS,Gallus gallus,9031,PRPF19
sp|Q5ZMC2|MYO1G_CHICK,158,NSS,Gallus gallus,9031,MYO1G
sp|Q5ZMC2|MYO1G_CHICK,361,NAS,Gallus gallus,9031,MYO1G
sp|Q5ZMC2|MYO1G_CHICK,871,NKS,Gallus gallus,9031,MYO1G
sp|Q5ZML0|BABA2_CHICK,164,NWT,Gallus gallus,9031,BABAM2
sp|Q5ZML9|SETD3_CHICK,27,NLT,Gallus gallus,9031,SETD3
sp|Q5ZML9|SETD3_CHICK,154,NIT,Gallus gallus,9031,SETD3
sp|Q5ZML9|SETD3_CHICK,229,NAS,Gallus gallus,9031,SETD3
sp|Q5ZML9|SETD3_CHICK,278,NHT,Gallus gallus,9031,SETD3
sp|Q5ZML9|SETD3_CHICK,331,NNS,Gallus gallus,9031,SETD3
sp|Q5ZML9|SETD3_CHICK,559,NGT,Gallus gallus,9031,SETD3
sp|Q5ZMM1|RIOX1_CHICK,336,NLT,Gallus gallus,9031,RIOX1
sp|Q5ZMN2|MCM3_CHICK,332,NGS,Gallus gallus,9031,MCM3
sp|Q5ZMQ9|PEX5_CHICK,118,NWT,Gallus gallus,9031,PEX5
sp|Q5ZMQ9|PEX5_CHICK,214,NSS,Gallus gallus,9031,PEX5
sp|Q5ZMQ9|PEX5_CHICK,271,NLS,Gallus gallus,9031,PEX5
sp|Q5ZMQ9|PEX5_CHICK,407,NLT,Gallus gallus,9031,PEX5
sp|Q5ZMQ9|PEX5_CHICK,420,NES,Gallus gallus,9031,PEX5
sp|Q5ZMQ9|PEX5_CHICK,452,NAS,Gallus gallus,9031,PEX5
sp|Q5ZMQ9|PEX5_CHICK,505,NLS,Gallus gallus,9031,PEX5
sp|Q5ZMQ9|PEX5_CHICK,542,NRS,Gallus gallus,9031,PEX5
sp|Q5ZMS3|IF2G_CHICK,76,NIT,Gallus gallus,9031,EIF2S3
sp|Q5ZMS3|IF2G_CHICK,162,NES,Gallus gallus,9031,EIF2S3
sp|Q5ZMV3|NC2B_CHICK,59,NKS,Gallus gallus,9031,DR1
sp|Q5ZMV9|WDR24_CHICK,154,NTT,Gallus gallus,9031,WDR24
sp|Q5ZMV9|WDR24_CHICK,385,NHS,Gallus gallus,9031,WDR24
sp|Q5ZMV9|WDR24_CHICK,606,NIS,Gallus gallus,9031,WDR24
sp|Q5ZMV9|WDR24_CHICK,633,NCS,Gallus gallus,9031,WDR24
sp|Q5ZMW5|RHG26_CHICK,52,NLS,Gallus gallus,9031,ARHGAP26
sp|Q5ZMW5|RHG26_CHICK,107,NAS,Gallus gallus,9031,ARHGAP26
sp|Q5ZMW5|RHG26_CHICK,150,NLS,Gallus gallus,9031,ARHGAP26
sp|Q5ZMW5|RHG26_CHICK,262,NIS,Gallus gallus,9031,ARHGAP26
sp|Q5ZMW5|RHG26_CHICK,377,NQS,Gallus gallus,9031,ARHGAP26
sp|Q5ZMW5|RHG26_CHICK,621,NSS,Gallus gallus,9031,ARHGAP26
sp|Q5ZMW5|RHG26_CHICK,647,NSS,Gallus gallus,9031,ARHGAP26
sp|Q66PG4|LARG2_CHICK,105,NRT,Gallus gallus,9031,LARGE2
sp|Q66PG4|LARG2_CHICK,131,NAS,Gallus gallus,9031,LARGE2
sp|Q66PG4|LARG2_CHICK,217,NLS,Gallus gallus,9031,LARGE2
sp|Q66PG4|LARG2_CHICK,255,NQS,Gallus gallus,9031,LARGE2
sp|Q6EE31|TCPQ_CHICK,175,NES,Gallus gallus,9031,CCT8
sp|Q6EE31|TCPQ_CHICK,267,NFS,Gallus gallus,9031,CCT8
sp|Q6IVA4|UBA5_CHICK,143,NIT,Gallus gallus,9031,UBA5
sp|Q6IVA4|UBA5_CHICK,373,NLT,Gallus gallus,9031,UBA5
sp|Q6U1I9|SGK1_CHICK,252,NGT,Gallus gallus,9031,SGK1
sp|Q6U1I9|SGK1_CHICK,320,NIT,Gallus gallus,9031,SGK1
sp|Q6U1I9|SGK1_CHICK,376,NVS,Gallus gallus,9031,SGK1
sp|Q6U7I1|UBP7_CHICK,53,NNT,Gallus gallus,9031,USP7
sp|Q6U7I1|UBP7_CHICK,599,NST,Gallus gallus,9031,USP7
sp|Q6U7I1|UBP7_CHICK,608,NLS,Gallus gallus,9031,USP7
sp|Q6U7I1|UBP7_CHICK,630,NGT,Gallus gallus,9031,USP7
sp|Q6U7I1|UBP7_CHICK,645,NKT,Gallus gallus,9031,USP7
sp|Q6U7I1|UBP7_CHICK,741,NLT,Gallus gallus,9031,USP7
sp|Q6U7I1|UBP7_CHICK,775,NDS,Gallus gallus,9031,USP7
sp|Q6U7I1|UBP7_CHICK,1069,NMS,Gallus gallus,9031,USP7
sp|Q6VYA3|SOSD1_CHICK,47,NST,Gallus gallus,9031,SOSTDC1
sp|Q6VYA3|SOSD1_CHICK,173,NES,Gallus gallus,9031,SOSTDC1
sp|Q6XL41|RHCG_CHICK,56,NLT,Gallus gallus,9031,RHCG
sp|Q6XL41|RHCG_CHICK,293,NAT,Gallus gallus,9031,RHCG
sp|Q6YI48|PTPRU_CHICK,74,NAS,Gallus gallus,9031,PTPRU
sp|Q6YI48|PTPRU_CHICK,94,NDT,Gallus gallus,9031,PTPRU
sp|Q6YI48|PTPRU_CHICK,133,NAS,Gallus gallus,9031,PTPRU
sp|Q6YI48|PTPRU_CHICK,204,NAT,Gallus gallus,9031,PTPRU
sp|Q6YI48|PTPRU_CHICK,409,NLT,Gallus gallus,9031,PTPRU
sp|Q6YI48|PTPRU_CHICK,431,NQT,Gallus gallus,9031,PTPRU
sp|Q6YI48|PTPRU_CHICK,547,NET,Gallus gallus,9031,PTPRU
sp|Q6YI48|PTPRU_CHICK,585,NIS,Gallus gallus,9031,PTPRU
sp|Q6YI48|PTPRU_CHICK,684,NQT,Gallus gallus,9031,PTPRU
sp|Q6YI48|PTPRU_CHICK,776,NMT,Gallus gallus,9031,PTPRU
sp|Q6YI48|PTPRU_CHICK,820,NYS,Gallus gallus,9031,PTPRU
sp|Q6YI48|PTPRU_CHICK,833,NES,Gallus gallus,9031,PTPRU
sp|Q6YI48|PTPRU_CHICK,1160,NSS,Gallus gallus,9031,PTPRU
sp|Q6YI48|PTPRU_CHICK,1195,NRS,Gallus gallus,9031,PTPRU
sp|Q6YI48|PTPRU_CHICK,1244,NTT,Gallus gallus,9031,PTPRU
sp|Q6YI48|PTPRU_CHICK,1268,NQS,Gallus gallus,9031,PTPRU
sp|Q6YI48|PTPRU_CHICK,1313,NIT,Gallus gallus,9031,PTPRU
sp|Q76I90|NUF2_CHICK,30,NLT,Gallus gallus,9031,NUF2
sp|Q76I90|NUF2_CHICK,409,NES,Gallus gallus,9031,NUF2
sp|Q76KB2|H6ST1_CHICK,169,NRT,Gallus gallus,9031,HS6ST1
sp|Q76KB2|H6ST1_CHICK,261,NMS,Gallus gallus,9031,HS6ST1
sp|Q76KB2|H6ST1_CHICK,317,NST,Gallus gallus,9031,HS6ST1
sp|Q76KB2|H6ST1_CHICK,328,NDT,Gallus gallus,9031,HS6ST1
sp|Q76LW2|H6ST2_CHICK,64,NFS,Gallus gallus,9031,HS6ST2
sp|Q76LW2|H6ST2_CHICK,259,NLS,Gallus gallus,9031,HS6ST2
sp|Q76LW2|H6ST2_CHICK,315,NST,Gallus gallus,9031,HS6ST2
sp|Q76LW2|H6ST2_CHICK,389,NSS,Gallus gallus,9031,HS6ST2
sp|Q789F3|MAF_CHICK,119,NSS,Gallus gallus,9031,MAF
sp|Q789F3|MAF_CHICK,345,NGS,Gallus gallus,9031,MAF
sp|Q7T2H2|FGRL1_CHICK,105,NYT,Gallus gallus,9031,FGFRL1
sp|Q7T2H2|FGRL1_CHICK,225,NAT,Gallus gallus,9031,FGFRL1
sp|Q7T2H2|FGRL1_CHICK,249,NTT,Gallus gallus,9031,FGFRL1
sp|Q7T2H2|FGRL1_CHICK,287,NST,Gallus gallus,9031,FGFRL1
sp|Q7T2Z5|UNC5C_CHICK,236,NYT,Gallus gallus,9031,UNC5C
sp|Q7T2Z5|UNC5C_CHICK,361,NCT,Gallus gallus,9031,UNC5C
sp|Q7T2Z5|UNC5C_CHICK,483,NTS,Gallus gallus,9031,UNC5C
sp|Q7T2Z5|UNC5C_CHICK,512,NET,Gallus gallus,9031,UNC5C
sp|Q7T2Z5|UNC5C_CHICK,519,NQS,Gallus gallus,9031,UNC5C
sp|Q7T2Z5|UNC5C_CHICK,643,NFT,Gallus gallus,9031,UNC5C
sp|Q7T2Z5|UNC5C_CHICK,812,NCS,Gallus gallus,9031,UNC5C
sp|Q7T2Z5|UNC5C_CHICK,905,NLS,Gallus gallus,9031,UNC5C
sp|Q7T3T4|SMS1_CHICK,42,NLT,Gallus gallus,9031,SGMS1
sp|Q7T3T4|SMS1_CHICK,94,NNT,Gallus gallus,9031,SGMS1
sp|Q7T3T4|SMS1_CHICK,415,NDT,Gallus gallus,9031,SGMS1
sp|Q7ZUA6|LMBR1_CHICK,100,NGS,Gallus gallus,9031,LMBR1
sp|Q7ZUA6|LMBR1_CHICK,259,NQT,Gallus gallus,9031,LMBR1
sp|Q7ZUA6|LMBR1_CHICK,336,NAS,Gallus gallus,9031,LMBR1
sp|Q804X6|FA9_CHICK,194,NIT,Gallus gallus,9031,F9
sp|Q804X6|FA9_CHICK,232,NDT,Gallus gallus,9031,F9
sp|Q804X6|FA9_CHICK,284,NVT,Gallus gallus,9031,F9
sp|Q804X6|FA9_CHICK,316,NRT,Gallus gallus,9031,F9
sp|Q805F9|DDB1_CHICK,267,NGS,Gallus gallus,9031,DDB1
sp|Q805F9|DDB1_CHICK,497,NIS,Gallus gallus,9031,DDB1
sp|Q805F9|DDB1_CHICK,530,NCT,Gallus gallus,9031,DDB1
sp|Q805F9|DDB1_CHICK,695,NNS,Gallus gallus,9031,DDB1
sp|Q805F9|DDB1_CHICK,885,NST,Gallus gallus,9031,DDB1
sp|Q8AV28|PCM1_CHICK,22,NES,Gallus gallus,9031,PCM1
sp|Q8AV28|PCM1_CHICK,30,NNT,Gallus gallus,9031,PCM1
sp|Q8AV28|PCM1_CHICK,42,NRS,Gallus gallus,9031,PCM1
sp|Q8AV28|PCM1_CHICK,108,NFS,Gallus gallus,9031,PCM1
sp|Q8AV28|PCM1_CHICK,118,NKS,Gallus gallus,9031,PCM1
sp|Q8AV28|PCM1_CHICK,293,NSS,Gallus gallus,9031,PCM1
sp|Q8AV28|PCM1_CHICK,337,NNS,Gallus gallus,9031,PCM1
sp|Q8AV28|PCM1_CHICK,392,NES,Gallus gallus,9031,PCM1
sp|Q8AV28|PCM1_CHICK,503,NRS,Gallus gallus,9031,PCM1
sp|Q8AV28|PCM1_CHICK,602,NAS,Gallus gallus,9031,PCM1
sp|Q8AV28|PCM1_CHICK,792,NRT,Gallus gallus,9031,PCM1
sp|Q8AV28|PCM1_CHICK,834,NDS,Gallus gallus,9031,PCM1
sp|Q8AV28|PCM1_CHICK,882,NIS,Gallus gallus,9031,PCM1
sp|Q8AV28|PCM1_CHICK,1038,NIS,Gallus gallus,9031,PCM1
sp|Q8AV28|PCM1_CHICK,1078,NAS,Gallus gallus,9031,PCM1
sp|Q8AV28|PCM1_CHICK,1121,NDS,Gallus gallus,9031,PCM1
sp|Q8AV28|PCM1_CHICK,1151,NQS,Gallus gallus,9031,PCM1
sp|Q8AV28|PCM1_CHICK,1211,NSS,Gallus gallus,9031,PCM1
sp|Q8AV28|PCM1_CHICK,1302,NES,Gallus gallus,9031,PCM1
sp|Q8AV28|PCM1_CHICK,1398,NGS,Gallus gallus,9031,PCM1
sp|Q8AV28|PCM1_CHICK,1593,NNS,Gallus gallus,9031,PCM1
sp|Q8AV28|PCM1_CHICK,1786,NET,Gallus gallus,9031,PCM1
sp|Q8AV28|PCM1_CHICK,1798,NKS,Gallus gallus,9031,PCM1
sp|Q8AV28|PCM1_CHICK,1830,NVS,Gallus gallus,9031,PCM1
sp|Q8AXL1|SAT1_CHICK,112,NLS,Gallus gallus,9031,SAT1
sp|Q8JG54|RGMA_CHICK,96,NCS,Gallus gallus,9031,RGMA
sp|Q8JG54|RGMA_CHICK,140,NYT,Gallus gallus,9031,RGMA
sp|Q8JGM4|QSOX1_CHICK,254,NGS,Gallus gallus,9031,QSOX1
sp|Q8JGM4|QSOX1_CHICK,288,NVT,Gallus gallus,9031,QSOX1
sp|Q8JGM4|QSOX1_CHICK,295,NET,Gallus gallus,9031,QSOX1
sp|Q8JGM4|QSOX1_CHICK,371,NWT,Gallus gallus,9031,QSOX1
sp|Q8JGM4|QSOX1_CHICK,401,NVT,Gallus gallus,9031,QSOX1
sp|Q8JJC0|ZIC1_CHICK,93,NST,Gallus gallus,9031,ZIC1
sp|Q8JJC0|ZIC1_CHICK,240,NKT,Gallus gallus,9031,ZIC1
sp|Q8JJC0|ZIC1_CHICK,342,NSS,Gallus gallus,9031,ZIC1
sp|Q8JJC0|ZIC1_CHICK,413,NQT,Gallus gallus,9031,ZIC1
sp|Q8QFP1|NSG1_CHICK,7,NFS,Gallus gallus,9031,NSG1
sp|Q8QG60|CRY2_CHICK,288,NST,Gallus gallus,9031,CRY2
sp|Q8QGH2|SUMO1_CHICK,74,NHT,Gallus gallus,9031,SUMO1
sp|Q8QGP3|CBPZ_CHICK,278,NNT,Gallus gallus,9031,CPZ
sp|Q8QGQ7|BMAL2_CHICK,51,NNS,Gallus gallus,9031,BMAL2
sp|Q8QGQ7|BMAL2_CHICK,324,NSS,Gallus gallus,9031,BMAL2
sp|Q8QGQ7|BMAL2_CHICK,453,NNT,Gallus gallus,9031,BMAL2
sp|Q8QGQ7|BMAL2_CHICK,461,NES,Gallus gallus,9031,BMAL2
sp|Q8QGQ7|BMAL2_CHICK,539,NCS,Gallus gallus,9031,BMAL2
sp|Q90592|GTR2_CHICK,64,NTS,Gallus gallus,9031,SLC2A2
sp|Q90592|GTR2_CHICK,69,NAT,Gallus gallus,9031,SLC2A2
sp|Q90600|RB_CHICK,237,NGS,Gallus gallus,9031,RB1
sp|Q90600|RB_CHICK,396,NCT,Gallus gallus,9031,RB1
sp|Q90600|RB_CHICK,462,NFS,Gallus gallus,9031,RB1
sp|Q90600|RB_CHICK,591,NHT,Gallus gallus,9031,RB1
sp|Q90600|RB_CHICK,682,NES,Gallus gallus,9031,RB1
sp|Q90600|RB_CHICK,913,NDT,Gallus gallus,9031,RB1
sp|Q90631|KTN1_CHICK,202,NVS,Gallus gallus,9031,KTN1
sp|Q90631|KTN1_CHICK,267,NET,Gallus gallus,9031,KTN1
sp|Q90631|KTN1_CHICK,623,NLT,Gallus gallus,9031,KTN1
sp|Q90631|KTN1_CHICK,638,NLS,Gallus gallus,9031,KTN1
sp|Q90631|KTN1_CHICK,704,NKT,Gallus gallus,9031,KTN1
sp|Q90631|KTN1_CHICK,775,NSS,Gallus gallus,9031,KTN1
sp|Q90631|KTN1_CHICK,976,NES,Gallus gallus,9031,KTN1
sp|Q90631|KTN1_CHICK,1061,NKT,Gallus gallus,9031,KTN1
sp|Q90631|KTN1_CHICK,1088,NVS,Gallus gallus,9031,KTN1
sp|Q90631|KTN1_CHICK,1094,NVS,Gallus gallus,9031,KTN1
sp|Q90632|MOT3_CHICK,355,NYT,Gallus gallus,9031,SLC16A8
sp|Q90647|VATA_CHICK,123,NVS,Gallus gallus,9031,ATP6V1A
sp|Q90647|VATA_CHICK,314,NTS,Gallus gallus,9031,ATP6V1A
sp|Q90647|VATA_CHICK,573,NMS,Gallus gallus,9031,ATP6V1A
sp|Q90660|BIR_CHICK,121,NLS,Gallus gallus,9031,ITA
sp|Q90660|BIR_CHICK,253,NVS,Gallus gallus,9031,ITA
sp|Q90660|BIR_CHICK,256,NVT,Gallus gallus,9031,ITA
sp|Q90660|BIR_CHICK,351,NSS,Gallus gallus,9031,ITA
sp|Q90663|SEM3D_CHICK,127,NRT,Gallus gallus,9031,SEMA3D
sp|Q90663|SEM3D_CHICK,595,NST,Gallus gallus,9031,SEMA3D
sp|Q90687|PTN11_CHICK,10,NIT,Gallus gallus,9031,PTPN11
sp|Q90687|PTN11_CHICK,217,NTT,Gallus gallus,9031,PTPN11
sp|Q90687|PTN11_CHICK,319,NNS,Gallus gallus,9031,PTPN11
sp|Q90693|PTC1_CHICK,141,NYT,Gallus gallus,9031,PTCH1
sp|Q90693|PTC1_CHICK,312,NST,Gallus gallus,9031,PTCH1
sp|Q90693|PTC1_CHICK,349,NSS,Gallus gallus,9031,PTCH1
sp|Q90693|PTC1_CHICK,414,NST,Gallus gallus,9031,PTCH1
sp|Q90693|PTC1_CHICK,555,NVT,Gallus gallus,9031,PTCH1
sp|Q90693|PTC1_CHICK,827,NVT,Gallus gallus,9031,PTCH1
sp|Q90693|PTC1_CHICK,874,NGS,Gallus gallus,9031,PTCH1
sp|Q90693|PTC1_CHICK,999,NYT,Gallus gallus,9031,PTCH1
sp|Q90693|PTC1_CHICK,1215,NGS,Gallus gallus,9031,PTCH1
sp|Q90705|EF2_CHICK,3,NFT,Gallus gallus,9031,EEF2
sp|Q90705|EF2_CHICK,21,NMS,Gallus gallus,9031,EEF2
sp|Q90705|EF2_CHICK,433,NYT,Gallus gallus,9031,EEF2
sp|Q90705|EF2_CHICK,791,NES,Gallus gallus,9031,EEF2
sp|Q90734|ACTN4_CHICK,719,NYT,Gallus gallus,9031,ACTN4
sp|Q90734|ACTN4_CHICK,814,NGS,Gallus gallus,9031,ACTN4
sp|Q90751|BMP2_CHICK,91,NLT,Gallus gallus,9031,BMP2
sp|Q90751|BMP2_CHICK,121,NSS,Gallus gallus,9031,BMP2
sp|Q90751|BMP2_CHICK,157,NAS,Gallus gallus,9031,BMP2
sp|Q90751|BMP2_CHICK,295,NST,Gallus gallus,9031,BMP2
sp|Q90773|CEPU1_CHICK,42,NVT,,,
sp|Q90773|CEPU1_CHICK,68,NRS,,,
sp|Q90773|CEPU1_CHICK,150,NVS,,,
sp|Q90773|CEPU1_CHICK,282,NVS,,,
sp|Q90773|CEPU1_CHICK,290,NYT,,,
sp|Q90773|CEPU1_CHICK,303,NAS,,,
sp|Q90812|CRFR1_CHICK,43,NHT,Gallus gallus,9031,CRHR1
sp|Q90812|CRFR1_CHICK,50,NAS,Gallus gallus,9031,CRHR1
sp|Q90812|CRFR1_CHICK,83,NTT,Gallus gallus,9031,CRHR1
sp|Q90812|CRFR1_CHICK,95,NGS,Gallus gallus,9031,CRHR1
sp|Q90812|CRFR1_CHICK,103,NYS,Gallus gallus,9031,CRHR1
sp|Q90812|CRFR1_CHICK,171,NAT,Gallus gallus,9031,CRHR1
sp|Q90827|NEL_CHICK,53,NGS,Gallus gallus,9031,NEL
sp|Q90827|NEL_CHICK,225,NRT,Gallus gallus,9031,NEL
sp|Q90827|NEL_CHICK,293,NCT,Gallus gallus,9031,NEL
sp|Q90827|NEL_CHICK,298,NGT,Gallus gallus,9031,NEL
sp|Q90827|NEL_CHICK,517,NGT,Gallus gallus,9031,NEL
sp|Q90827|NEL_CHICK,615,NDT,Gallus gallus,9031,NEL
sp|Q90827|NEL_CHICK,635,NCT,Gallus gallus,9031,NEL
sp|Q90828|DC1L1_CHICK,21,NAS,Gallus gallus,9031,DYNC1LI1
sp|Q90828|DC1L1_CHICK,202,NTS,Gallus gallus,9031,DYNC1LI1
sp|Q90828|DC1L1_CHICK,400,NRS,Gallus gallus,9031,DYNC1LI1
sp|Q90835|EF1A_CHICK,222,NAS,Gallus gallus,9031,EEF1A
sp|Q90835|EF1A_CHICK,284,NVT,Gallus gallus,9031,EEF1A
sp|Q90835|EF1A_CHICK,314,NVS,Gallus gallus,9031,EEF1A
sp|Q90850|HIC1_CHICK,383,NST,Gallus gallus,9031,HIC1
sp|Q90854|KCNJ3_CHICK,375,NNS,Gallus gallus,9031,KCNJ3
sp|Q90867|HNF1A_CHICK,94,NLS,Gallus gallus,9031,HNF1A
sp|Q90867|HNF1A_CHICK,143,NQS,Gallus gallus,9031,HNF1A
sp|Q90867|HNF1A_CHICK,288,NFS,Gallus gallus,9031,HNF1A
sp|Q90867|HNF1A_CHICK,304,NSS,Gallus gallus,9031,HNF1A
sp|Q90867|HNF1A_CHICK,342,NSS,Gallus gallus,9031,HNF1A
sp|Q90867|HNF1A_CHICK,489,NQS,Gallus gallus,9031,HNF1A
sp|Q90867|HNF1A_CHICK,533,NLS,Gallus gallus,9031,HNF1A
sp|Q90867|HNF1A_CHICK,539,NLT,Gallus gallus,9031,HNF1A
sp|Q90871|IRF8_CHICK,87,NKS,Gallus gallus,9031,IRF8
sp|Q90871|IRF8_CHICK,126,NGS,Gallus gallus,9031,IRF8
sp|Q90873|IFNB_CHICK,37,NFS,Gallus gallus,9031,IFNB
sp|Q90873|IFNB_CHICK,160,NYS,Gallus gallus,9031,IFNB
sp|Q90888|MAFB_CHICK,101,NLT,Gallus gallus,9031,MAFB
sp|Q90923|NET3_CHICK,88,NMT,Gallus gallus,9031,NTN3
sp|Q90923|NET3_CHICK,103,NVT,Gallus gallus,9031,NTN3
sp|Q90923|NET3_CHICK,394,NQT,Gallus gallus,9031,NTN3
sp|Q90923|NET3_CHICK,540,NST,Gallus gallus,9031,NTN3
sp|Q90932|NFIX_CHICK,223,NVT,Gallus gallus,9031,NFIX
sp|Q90932|NFIX_CHICK,242,NFS,Gallus gallus,9031,NFIX
sp|Q90932|NFIX_CHICK,256,NIS,Gallus gallus,9031,NFIX
sp|Q90944|EPYC_CHICK,296,NLS,Gallus gallus,9031,EPYC
sp|Q90952|PON2_CHICK,29,NAT,Gallus gallus,9031,PON2
sp|Q90952|PON2_CHICK,226,NIS,Gallus gallus,9031,PON2
sp|Q90952|PON2_CHICK,254,NLT,Gallus gallus,9031,PON2
sp|Q90952|PON2_CHICK,269,NLS,Gallus gallus,9031,PON2
sp|Q90952|PON2_CHICK,323,NGS,Gallus gallus,9031,PON2
sp|Q90965|RAB2A_CHICK,119,NKS,Gallus gallus,9031,RAB2A
sp|Q90965|RAB2A_CHICK,195,NAT,Gallus gallus,9031,RAB2A
sp|Q90980|CNG3_CHICK,54,NNS,,,
sp|Q90980|CNG3_CHICK,131,NWT,,,
sp|Q90980|CNG3_CHICK,288,NTS,,,
sp|Q90980|CNG3_CHICK,377,NVS,,,
sp|Q90987|STMN2_CHICK,126,NFS,Gallus gallus,9031,STMN2
sp|Q90988|SMC2_CHICK,34,NGS,Gallus gallus,9031,SMC2
sp|Q90988|SMC2_CHICK,53,NLS,Gallus gallus,9031,SMC2
sp|Q90988|SMC2_CHICK,121,NAS,Gallus gallus,9031,SMC2
sp|Q90988|SMC2_CHICK,390,NDS,Gallus gallus,9031,SMC2
sp|Q90988|SMC2_CHICK,1081,NLT,Gallus gallus,9031,SMC2
sp|Q90W79|CNTN5_CHICK,65,NGT,Gallus gallus,9031,CNTN5
sp|Q90W79|CNTN5_CHICK,123,NFS,Gallus gallus,9031,CNTN5
sp|Q90W79|CNTN5_CHICK,324,NDT,Gallus gallus,9031,CNTN5
sp|Q90W79|CNTN5_CHICK,376,NIS,Gallus gallus,9031,CNTN5
sp|Q90W79|CNTN5_CHICK,467,NAS,Gallus gallus,9031,CNTN5
sp|Q90W79|CNTN5_CHICK,624,NHS,Gallus gallus,9031,CNTN5
sp|Q90W79|CNTN5_CHICK,706,NVS,Gallus gallus,9031,CNTN5
sp|Q90W79|CNTN5_CHICK,743,NGT,Gallus gallus,9031,CNTN5
sp|Q90W79|CNTN5_CHICK,858,NES,Gallus gallus,9031,CNTN5
sp|Q90W79|CNTN5_CHICK,929,NES,Gallus gallus,9031,CNTN5
sp|Q90X07|PSN2_CHICK,6,NNS,Gallus gallus,9031,PSEN2
sp|Q90X07|PSN2_CHICK,333,NHS,Gallus gallus,9031,PSEN2
sp|Q90X07|PSN2_CHICK,394,NTT,Gallus gallus,9031,PSEN2
sp|Q90YB1|DNLI4_CHICK,221,NVT,Gallus gallus,9031,LIG4
sp|Q90YB1|DNLI4_CHICK,906,NET,Gallus gallus,9031,LIG4
sp|Q90YI0|IL6_CHICK,2,NFT,Gallus gallus,9031,IL6
sp|Q91025|VIT3_CHICK,80,NKT,Gallus gallus,9031,VTG3
sp|Q91025|VIT3_CHICK,208,NSS,Gallus gallus,9031,VTG3
sp|Q91048|PTK7_CHICK,103,NAS,Gallus gallus,9031,PTK7
sp|Q91048|PTK7_CHICK,202,NFT,Gallus gallus,9031,PTK7
sp|Q91048|PTK7_CHICK,255,NRS,Gallus gallus,9031,PTK7
sp|Q91048|PTK7_CHICK,264,NGS,Gallus gallus,9031,PTK7
sp|Q91048|PTK7_CHICK,444,NGT,Gallus gallus,9031,PTK7
sp|Q91048|PTK7_CHICK,548,NYT,Gallus gallus,9031,PTK7
sp|Q91048|PTK7_CHICK,627,NGS,Gallus gallus,9031,PTK7
sp|Q91348|F26L_CHICK,133,NTT,,,
sp|Q91974|IKBA_CHICK,113,NLS,Gallus gallus,9031,NFKBIA
sp|Q91974|IKBA_CHICK,266,NAS,Gallus gallus,9031,NFKBIA
sp|Q92179|CHST3_CHICK,62,NET,Gallus gallus,9031,CHST3
sp|Q92179|CHST3_CHICK,73,NGS,Gallus gallus,9031,CHST3
sp|Q92179|CHST3_CHICK,95,NVT,Gallus gallus,9031,CHST3
sp|Q92179|CHST3_CHICK,236,NIT,Gallus gallus,9031,CHST3
sp|Q92179|CHST3_CHICK,399,NSS,Gallus gallus,9031,CHST3
sp|Q92179|CHST3_CHICK,443,NRS,Gallus gallus,9031,CHST3
sp|Q92184|SIA7B_CHICK,161,NTS,Gallus gallus,9031,ST6GALNAC2
sp|Q92184|SIA7B_CHICK,191,NGS,Gallus gallus,9031,ST6GALNAC2
sp|Q98907|P2RY3_CHICK,5,NFT,Gallus gallus,9031,P2RY3
sp|Q98907|P2RY3_CHICK,80,NYT,Gallus gallus,9031,P2RY3
sp|Q98907|P2RY3_CHICK,168,NRT,Gallus gallus,9031,P2RY3
sp|Q98931|LRP8_CHICK,158,NKT,Gallus gallus,9031,LRP8
sp|Q98931|LRP8_CHICK,196,NNS,Gallus gallus,9031,LRP8
sp|Q98931|LRP8_CHICK,532,NKT,Gallus gallus,9031,LRP8
sp|Q98931|LRP8_CHICK,628,NGS,Gallus gallus,9031,LRP8
sp|Q98931|LRP8_CHICK,782,NTT,Gallus gallus,9031,LRP8
sp|Q98931|LRP8_CHICK,820,NLS,Gallus gallus,9031,LRP8
sp|Q98936|PTPRG_CHICK,109,NES,Gallus gallus,9031,PTPRG
sp|Q98936|PTPRG_CHICK,113,NKT,Gallus gallus,9031,PTPRG
sp|Q98936|PTPRG_CHICK,156,NGS,Gallus gallus,9031,PTPRG
sp|Q98936|PTPRG_CHICK,359,NRT,Gallus gallus,9031,PTPRG
sp|Q98936|PTPRG_CHICK,444,NTT,Gallus gallus,9031,PTPRG
sp|Q98936|PTPRG_CHICK,620,NST,Gallus gallus,9031,PTPRG
sp|Q98936|PTPRG_CHICK,632,NWT,Gallus gallus,9031,PTPRG
sp|Q98936|PTPRG_CHICK,640,NKT,Gallus gallus,9031,PTPRG
sp|Q98936|PTPRG_CHICK,728,NSS,Gallus gallus,9031,PTPRG
sp|Q98936|PTPRG_CHICK,790,NES,Gallus gallus,9031,PTPRG
sp|Q98936|PTPRG_CHICK,840,NIT,Gallus gallus,9031,PTPRG
sp|Q98936|PTPRG_CHICK,1158,NSS,Gallus gallus,9031,PTPRG
sp|Q98936|PTPRG_CHICK,1184,NAS,Gallus gallus,9031,PTPRG
sp|Q98936|PTPRG_CHICK,1229,NQS,Gallus gallus,9031,PTPRG
sp|Q98SH2|AT2B1_CHICK,6,NNS,Gallus gallus,9031,ATP2B1
sp|Q98SH2|AT2B1_CHICK,453,NAT,Gallus gallus,9031,ATP2B1
sp|Q98SH2|AT2B1_CHICK,528,NKT,Gallus gallus,9031,ATP2B1
sp|Q98SH2|AT2B1_CHICK,819,NFT,Gallus gallus,9031,ATP2B1
sp|Q98SH2|AT2B1_CHICK,1161,NST,Gallus gallus,9031,ATP2B1
sp|Q98SH2|AT2B1_CHICK,1186,NKS,Gallus gallus,9031,ATP2B1
sp|Q98ST7|MOXD1_CHICK,114,NST,Gallus gallus,9031,MOXD1
sp|Q98ST7|MOXD1_CHICK,247,NDS,Gallus gallus,9031,MOXD1
sp|Q98ST7|MOXD1_CHICK,476,NLT,Gallus gallus,9031,MOXD1
sp|Q98ST7|MOXD1_CHICK,517,NLS,Gallus gallus,9031,MOXD1
sp|Q98TX3|PDCD4_CHICK,17,NLS,Gallus gallus,9031,PDCD4
sp|Q98TX3|PDCD4_CHICK,65,NSS,Gallus gallus,9031,PDCD4
sp|Q9DD78|TLR21_CHICK,3,NQS,Gallus gallus,9031,TLR2-1
sp|Q9DD78|TLR21_CHICK,48,NCS,Gallus gallus,9031,TLR2-1
sp|Q9DD78|TLR21_CHICK,120,NNS,Gallus gallus,9031,TLR2-1
sp|Q9DD78|TLR21_CHICK,161,NLS,Gallus gallus,9031,TLR2-1
sp|Q9DD78|TLR21_CHICK,195,NLS,Gallus gallus,9031,TLR2-1
sp|Q9DD78|TLR21_CHICK,254,NST,Gallus gallus,9031,TLR2-1
sp|Q9DD78|TLR21_CHICK,325,NMT,Gallus gallus,9031,TLR2-1
sp|Q9DD78|TLR21_CHICK,402,NLS,Gallus gallus,9031,TLR2-1
sp|Q9DD78|TLR21_CHICK,451,NLS,Gallus gallus,9031,TLR2-1
sp|Q9DD78|TLR21_CHICK,659,NDS,Gallus gallus,9031,TLR2-1
sp|Q9DEE9|ARP6_CHICK,101,NFS,Gallus gallus,9031,ACTR6
sp|Q9DER7|TLL1_CHICK,121,NNT,Gallus gallus,9031,TLL1
sp|Q9DER7|TLL1_CHICK,165,NFT,Gallus gallus,9031,TLL1
sp|Q9DER7|TLL1_CHICK,355,NFS,Gallus gallus,9031,TLL1
sp|Q9DER7|TLL1_CHICK,386,NFT,Gallus gallus,9031,TLL1
sp|Q9DER7|TLL1_CHICK,621,NGT,Gallus gallus,9031,TLL1
sp|Q9DGB6|TLR22_CHICK,37,NCS,Gallus gallus,9031,TLR2-2
sp|Q9DGB6|TLR22_CHICK,109,NNS,Gallus gallus,9031,TLR2-2
sp|Q9DGB6|TLR22_CHICK,150,NLS,Gallus gallus,9031,TLR2-2
sp|Q9DGB6|TLR22_CHICK,184,NLS,Gallus gallus,9031,TLR2-2
sp|Q9DGB6|TLR22_CHICK,301,NQS,Gallus gallus,9031,TLR2-2
sp|Q9DGB6|TLR22_CHICK,313,NLS,Gallus gallus,9031,TLR2-2
sp|Q9DGB6|TLR22_CHICK,390,NLS,Gallus gallus,9031,TLR2-2
sp|Q9DGB6|TLR22_CHICK,439,NLS,Gallus gallus,9031,TLR2-2
sp|Q9DGB6|TLR22_CHICK,647,NDS,Gallus gallus,9031,TLR2-2
sp|Q9I8D8|CD40L_CHICK,124,NET,Gallus gallus,9031,CD40LG
sp|Q9I8D8|CD40L_CHICK,146,NTT,Gallus gallus,9031,CD40LG
sp|Q9I8D8|CD40L_CHICK,251,NVT,Gallus gallus,9031,CD40LG
sp|Q9I8G9|RBBP7_CHICK,258,NTT,Gallus gallus,9031,RBBP7
sp|Q9I8G9|RBBP7_CHICK,327,NET,Gallus gallus,9031,RBBP7
sp|Q9I8Q3|CFC1_CHICK,38,NDT,Gallus gallus,9031,CFC1
sp|Q9I8Q3|CFC1_CHICK,60,NQS,Gallus gallus,9031,CFC1
sp|Q9I946|PDGFC_CHICK,55,NGS,Gallus gallus,9031,PDGFC
sp|Q9I946|PDGFC_CHICK,254,NFS,Gallus gallus,9031,PDGFC
sp|Q9I969|TXLNB_CHICK,40,NQT,Gallus gallus,9031,TXLNB
sp|Q9I969|TXLNB_CHICK,223,NKT,Gallus gallus,9031,TXLNB
sp|Q9I969|TXLNB_CHICK,573,NMT,Gallus gallus,9031,TXLNB
sp|Q9I969|TXLNB_CHICK,629,NTS,Gallus gallus,9031,TXLNB
sp|Q9I9K9|GATM_CHICK,374,NET,Gallus gallus,9031,GATM
sp|Q9I9R0|HABP4_CHICK,52,NLS,Gallus gallus,9031,HABP4
sp|Q9I9R0|HABP4_CHICK,172,NKS,Gallus gallus,9031,HABP4
sp|Q9IA06|FZD2_CHICK,20,NQT,Gallus gallus,9031,FZD2
sp|Q9IA06|FZD2_CHICK,121,NHS,Gallus gallus,9031,FZD2
sp|Q9IA31|GLI3_CHICK,25,NRT,Gallus gallus,9031,GLI3
sp|Q9IA31|GLI3_CHICK,322,NNS,Gallus gallus,9031,GLI3
sp|Q9IA31|GLI3_CHICK,591,NAS,Gallus gallus,9031,GLI3
sp|Q9IA31|GLI3_CHICK,600,NRT,Gallus gallus,9031,GLI3
sp|Q9IA31|GLI3_CHICK,682,NST,Gallus gallus,9031,GLI3
sp|Q9IA31|GLI3_CHICK,724,NYS,Gallus gallus,9031,GLI3
sp|Q9IA31|GLI3_CHICK,770,NMT,Gallus gallus,9031,GLI3
sp|Q9IA31|GLI3_CHICK,812,NGT,Gallus gallus,9031,GLI3
sp|Q9IA31|GLI3_CHICK,817,NSS,Gallus gallus,9031,GLI3
sp|Q9IA31|GLI3_CHICK,852,NTS,Gallus gallus,9031,GLI3
sp|Q9IA31|GLI3_CHICK,890,NVS,Gallus gallus,9031,GLI3
sp|Q9IA31|GLI3_CHICK,1003,NGT,Gallus gallus,9031,GLI3
sp|Q9IA31|GLI3_CHICK,1018,NLS,Gallus gallus,9031,GLI3
sp|Q9IA31|GLI3_CHICK,1051,NCT,Gallus gallus,9031,GLI3
sp|Q9IA31|GLI3_CHICK,1074,NVT,Gallus gallus,9031,GLI3
sp|Q9IA31|GLI3_CHICK,1221,NGS,Gallus gallus,9031,GLI3
sp|Q9IA31|GLI3_CHICK,1332,NQS,Gallus gallus,9031,GLI3
sp|Q9IA31|GLI3_CHICK,1366,NQS,Gallus gallus,9031,GLI3
sp|Q9IA31|GLI3_CHICK,1382,NYS,Gallus gallus,9031,GLI3
sp|Q9IA31|GLI3_CHICK,1407,NQT,Gallus gallus,9031,GLI3
sp|Q9IA31|GLI3_CHICK,1432,NYS,Gallus gallus,9031,GLI3
sp|Q9IA31|GLI3_CHICK,1471,NSS,Gallus gallus,9031,GLI3
sp|Q9IA31|GLI3_CHICK,1526,NLS,Gallus gallus,9031,GLI3
sp|Q9IA31|GLI3_CHICK,1530,NSS,Gallus gallus,9031,GLI3
sp|Q9PT84|KCNH6_CHICK,309,NST,Gallus gallus,9031,KCNH6
sp|Q9PT84|KCNH6_CHICK,362,NVT,Gallus gallus,9031,KCNH6
sp|Q9PT84|KCNH6_CHICK,437,NCS,Gallus gallus,9031,KCNH6
sp|Q9PT84|KCNH6_CHICK,594,NDS,Gallus gallus,9031,KCNH6
sp|Q9PT84|KCNH6_CHICK,626,NVS,Gallus gallus,9031,KCNH6
sp|Q9PT84|KCNH6_CHICK,655,NVS,Gallus gallus,9031,KCNH6
sp|Q9PT84|KCNH6_CHICK,730,NRT,Gallus gallus,9031,KCNH6
sp|Q9PTD5|MTFR1_CHICK,43,NLS,Gallus gallus,9031,MTFR1
sp|Q9PTD5|MTFR1_CHICK,172,NLT,Gallus gallus,9031,MTFR1
sp|Q9PTJ6|CTDSL_CHICK,30,NIS,Gallus gallus,9031,NFI1
sp|Q9PTJ6|CTDSL_CHICK,60,NST,Gallus gallus,9031,NFI1
sp|Q9PTQ7|DMRT1_CHICK,219,NYS,Gallus gallus,9031,DMRT1
sp|Q9PTU5|ESR2_CHICK,84,NGS,Gallus gallus,9031,ESR2
sp|Q9PTU5|ESR2_CHICK,360,NSS,Gallus gallus,9031,ESR2
sp|Q9PU36|PCLO_CHICK,1418,NDT,Gallus gallus,9031,PCLO
sp|Q9PU36|PCLO_CHICK,1589,NST,Gallus gallus,9031,PCLO
sp|Q9PU36|PCLO_CHICK,1747,NLS,Gallus gallus,9031,PCLO
sp|Q9PU36|PCLO_CHICK,1886,NGT,Gallus gallus,9031,PCLO
sp|Q9PU36|PCLO_CHICK,2256,NLT,Gallus gallus,9031,PCLO
sp|Q9PU36|PCLO_CHICK,2483,NKS,Gallus gallus,9031,PCLO
sp|Q9PU36|PCLO_CHICK,2687,NLS,Gallus gallus,9031,PCLO
sp|Q9PU36|PCLO_CHICK,2764,NLS,Gallus gallus,9031,PCLO
sp|Q9PU36|PCLO_CHICK,2909,NLS,Gallus gallus,9031,PCLO
sp|Q9PU36|PCLO_CHICK,3749,NNT,Gallus gallus,9031,PCLO
sp|Q9PU36|PCLO_CHICK,4160,NIT,Gallus gallus,9031,PCLO
sp|Q9PU36|PCLO_CHICK,4667,NAS,Gallus gallus,9031,PCLO
sp|Q9PU36|PCLO_CHICK,4688,NQT,Gallus gallus,9031,PCLO
sp|Q9PU36|PCLO_CHICK,4695,NIS,Gallus gallus,9031,PCLO
sp|Q9PU36|PCLO_CHICK,5013,NIT,Gallus gallus,9031,PCLO
sp|Q9PU36|PCLO_CHICK,5035,NVS,Gallus gallus,9031,PCLO
sp|Q9PU36|PCLO_CHICK,5059,NET,Gallus gallus,9031,PCLO
sp|Q9PUU8|CNMD_CHICK,256,NET,Gallus gallus,9031,CNMD
sp|Q9PW71|DUS4_CHICK,208,NVS,Gallus gallus,9031,DUSP4
sp|Q9PW71|DUS4_CHICK,301,NFS,Gallus gallus,9031,DUSP4
sp|Q9PWR1|KCAB1_CHICK,196,NNT,Gallus gallus,9031,KCNAB1
sp|Q9W689|ATX3_CHICK,275,NAS,Gallus gallus,9031,ATXN3
sp|Q9W689|ATX3_CHICK,324,NSS,Gallus gallus,9031,ATXN3
sp|Q9W689|ATX3_CHICK,347,NMS,Gallus gallus,9031,ATXN3
sp|Q9W6S3|SIN1_CHICK,112,NTS,Gallus gallus,9031,MAPKAP1
sp|Q9W6S3|SIN1_CHICK,226,NVS,Gallus gallus,9031,MAPKAP1
sp|Q9W6S3|SIN1_CHICK,355,NSS,Gallus gallus,9031,MAPKAP1
sp|Q9W6U8|MEF2A_CHICK,49,NSS,Gallus gallus,9031,MEF2A
sp|Q9W6U8|MEF2A_CHICK,137,NFS,Gallus gallus,9031,MEF2A
sp|Q9W6U8|MEF2A_CHICK,188,NVS,Gallus gallus,9031,MEF2A
sp|Q9W6U8|MEF2A_CHICK,390,NLS,Gallus gallus,9031,MEF2A
sp|Q9W6U8|MEF2A_CHICK,414,NSS,Gallus gallus,9031,MEF2A
sp|Q9W6V2|NEGR1_CHICK,71,NRS,Gallus gallus,9031,NEGR1
sp|Q9W6V2|NEGR1_CHICK,153,NVT,Gallus gallus,9031,NEGR1
sp|Q9W6V2|NEGR1_CHICK,273,NYS,Gallus gallus,9031,NEGR1
sp|Q9W6V2|NEGR1_CHICK,284,NVT,Gallus gallus,9031,NEGR1
sp|Q9W6V2|NEGR1_CHICK,292,NYT,Gallus gallus,9031,NEGR1
sp|Q9W6V2|NEGR1_CHICK,305,NAS,Gallus gallus,9031,NEGR1
sp|Q9W7I5|RBBP4_CHICK,188,NLS,Gallus gallus,9031,RBBP4
sp|Q9W7I5|RBBP4_CHICK,260,NNT,Gallus gallus,9031,RBBP4
sp|Q9W7I5|RBBP4_CHICK,329,NET,Gallus gallus,9031,RBBP4
sp|Q9W7R5|SOX21_CHICK,243,NCS,Gallus gallus,9031,SOX21
sp|Q9W7R6|SOX14_CHICK,203,NCT,Gallus gallus,9031,SOX14
sp|Q9YGI5|DNAS1_CHICK,38,NQT,Gallus gallus,9031,DNASE1
sp|Q9YGL9|AT2A3_CHICK,275,NIS,Gallus gallus,9031,ATP2A3
sp|Q9YGL9|AT2A3_CHICK,421,NDS,Gallus gallus,9031,ATP2A3
sp|Q9YGL9|AT2A3_CHICK,428,NES,Gallus gallus,9031,ATP2A3
sp|Q9YGL9|AT2A3_CHICK,590,NLT,Gallus gallus,9031,ATP2A3
sp|Q9YGL9|AT2A3_CHICK,739,NFS,Gallus gallus,9031,ATP2A3
sp|Q9YGL9|AT2A3_CHICK,919,NQS,Gallus gallus,9031,ATP2A3
sp|Q9YIB9|HIF1A_CHICK,206,NQT,Gallus gallus,9031,HIF1A
sp|Q9YIB9|HIF1A_CHICK,416,NES,Gallus gallus,9031,HIF1A
sp|Q9YIB9|HIF1A_CHICK,634,NDT,Gallus gallus,9031,HIF1A
sp|Q9YIB9|HIF1A_CHICK,647,NRS,Gallus gallus,9031,HIF1A
sp|Q9YIB9|HIF1A_CHICK,732,NAS,Gallus gallus,9031,HIF1A
sp|U3NEE3|HNMTL_CHICK,314,NLS,,,
sp|A0A3Q2UEI8|R51A1_CHICK,13,NYS,Gallus gallus,9031,RAD51AP1
sp|A0A3Q2UEI8|R51A1_CHICK,83,NVT,Gallus gallus,9031,RAD51AP1
sp|A0A3Q2UEI8|R51A1_CHICK,201,NNT,Gallus gallus,9031,RAD51AP1
sp|A0A8V0YY16|FOXI3_CHICK,8,NFS,Gallus gallus,9031,FOXI3
sp|A0A8V0YY16|FOXI3_CHICK,182,NLS,Gallus gallus,9031,FOXI3
sp|A0A8V0YY16|FOXI3_CHICK,323,NFS,Gallus gallus,9031,FOXI3
sp|A0A8V0YY16|FOXI3_CHICK,380,NFT,Gallus gallus,9031,FOXI3
sp|A0A8V0ZLT4|TSN18_CHICK,111,NLT,Gallus gallus,9031,TSPAN18
sp|A0A8V0ZLT4|TSN18_CHICK,129,NDT,Gallus gallus,9031,TSPAN18
sp|A7XYH5|SOBP_CHICK,63,NYS,Gallus gallus,9031,SOBP
sp|A7XYH5|SOBP_CHICK,99,NTS,Gallus gallus,9031,SOBP
sp|A7XYH5|SOBP_CHICK,339,NCS,Gallus gallus,9031,SOBP
sp|A7XYH5|SOBP_CHICK,547,NDS,Gallus gallus,9031,SOBP
sp|A7XYH5|SOBP_CHICK,566,NSS,Gallus gallus,9031,SOBP
sp|A7XYH5|SOBP_CHICK,577,NSS,Gallus gallus,9031,SOBP
sp|A7XYH5|SOBP_CHICK,690,NCS,Gallus gallus,9031,SOBP
sp|A7XYH5|SOBP_CHICK,697,NCS,Gallus gallus,9031,SOBP
sp|A7XYH5|SOBP_CHICK,738,NGT,Gallus gallus,9031,SOBP
sp|E1BW58|MIEAP_CHICK,59,NET,Gallus gallus,9031,SPATA18
sp|E1BW58|MIEAP_CHICK,254,NAS,Gallus gallus,9031,SPATA18
sp|E1BW58|MIEAP_CHICK,463,NRS,Gallus gallus,9031,SPATA18
sp|E1BXS0|SFR1_CHICK,96,NCT,Gallus gallus,9031,SFR1
sp|E1BXS0|SFR1_CHICK,161,NLS,Gallus gallus,9031,SFR1
sp|E1BZ85|MARF1_CHICK,4,NRT,Gallus gallus,9031,MARF1
sp|E1BZ85|MARF1_CHICK,11,NRS,Gallus gallus,9031,MARF1
sp|E1BZ85|MARF1_CHICK,353,NCS,Gallus gallus,9031,MARF1
sp|E1BZ85|MARF1_CHICK,410,NAT,Gallus gallus,9031,MARF1
sp|E1BZ85|MARF1_CHICK,582,NET,Gallus gallus,9031,MARF1
sp|E1BZ85|MARF1_CHICK,602,NRS,Gallus gallus,9031,MARF1
sp|E1BZ85|MARF1_CHICK,673,NNS,Gallus gallus,9031,MARF1
sp|E1BZ85|MARF1_CHICK,759,NLS,Gallus gallus,9031,MARF1
sp|E1BZ85|MARF1_CHICK,762,NRS,Gallus gallus,9031,MARF1
sp|E1BZ85|MARF1_CHICK,773,NHT,Gallus gallus,9031,MARF1
sp|E1BZ85|MARF1_CHICK,870,NKS,Gallus gallus,9031,MARF1
sp|E1BZ85|MARF1_CHICK,957,NCS,Gallus gallus,9031,MARF1
sp|E1BZ85|MARF1_CHICK,1610,NQT,Gallus gallus,9031,MARF1
sp|E1BZ85|MARF1_CHICK,1621,NTS,Gallus gallus,9031,MARF1
sp|E1BZ85|MARF1_CHICK,1697,NTS,Gallus gallus,9031,MARF1
sp|E1BZ85|MARF1_CHICK,1732,NFS,Gallus gallus,9031,MARF1
sp|E1BZR9|TCPR1_CHICK,405,NQT,Gallus gallus,9031,TECPR1
sp|E1BZR9|TCPR1_CHICK,429,NLS,Gallus gallus,9031,TECPR1
sp|E1BZR9|TCPR1_CHICK,1147,NAS,Gallus gallus,9031,TECPR1
sp|E1C065|CEP41_CHICK,116,NGT,Gallus gallus,9031,CEP41
sp|E1C1R4|UBP47_CHICK,84,NGT,Gallus gallus,9031,USP47
sp|E1C1R4|UBP47_CHICK,96,NVT,Gallus gallus,9031,USP47
sp|E1C1R4|UBP47_CHICK,738,NQT,Gallus gallus,9031,USP47
sp|E1C1R4|UBP47_CHICK,1098,NET,Gallus gallus,9031,USP47
sp|E1C1R4|UBP47_CHICK,1201,NIS,Gallus gallus,9031,USP47
sp|E1C1U1|RLBP1_CHICK,53,NET,Gallus gallus,9031,RLBP1
sp|E1C1U1|RLBP1_CHICK,129,NLT,Gallus gallus,9031,RLBP1
sp|E1C2Q8|AMER2_CHICK,21,NKT,Gallus gallus,9031,AMER2
sp|E1C2V1|LMBL1_CHICK,49,NAT,Gallus gallus,9031,L3MBTL1
sp|E1C3S7|TDRD7_CHICK,65,NQT,Gallus gallus,9031,TDRD7
sp|E1C3S7|TDRD7_CHICK,189,NHS,Gallus gallus,9031,TDRD7
sp|E1C3S7|TDRD7_CHICK,204,NAS,Gallus gallus,9031,TDRD7
sp|E1C3S7|TDRD7_CHICK,221,NIS,Gallus gallus,9031,TDRD7
sp|E1C3S7|TDRD7_CHICK,309,NVT,Gallus gallus,9031,TDRD7
sp|E1C3S7|TDRD7_CHICK,408,NVT,Gallus gallus,9031,TDRD7
sp|E1C3S7|TDRD7_CHICK,492,NST,Gallus gallus,9031,TDRD7
sp|E1C3S7|TDRD7_CHICK,618,NAT,Gallus gallus,9031,TDRD7
sp|E1C3S7|TDRD7_CHICK,686,NVS,Gallus gallus,9031,TDRD7
sp|E1C3S7|TDRD7_CHICK,1030,NES,Gallus gallus,9031,TDRD7
sp|E1C6Q1|PCH2_CHICK,30,NST,Gallus gallus,9031,TRIP13
sp|E1C6Q1|PCH2_CHICK,300,NIT,Gallus gallus,9031,TRIP13
sp|E1C6Q1|PCH2_CHICK,365,NVS,Gallus gallus,9031,TRIP13
sp|E1C760|UVSSA_CHICK,213,NST,Gallus gallus,9031,UVSSA
sp|E1C760|UVSSA_CHICK,392,NIS,Gallus gallus,9031,UVSSA
sp|E1C760|UVSSA_CHICK,488,NES,Gallus gallus,9031,UVSSA
sp|E1C760|UVSSA_CHICK,678,NLT,Gallus gallus,9031,UVSSA
sp|F1N8V3|PHAR4_CHICK,219,NVS,Gallus gallus,9031,PHACTR4
sp|F1N8V3|PHAR4_CHICK,235,NCS,Gallus gallus,9031,PHACTR4
sp|F1N8V3|PHAR4_CHICK,280,NSS,Gallus gallus,9031,PHACTR4
sp|F1N8V3|PHAR4_CHICK,371,NST,Gallus gallus,9031,PHACTR4
sp|F1N8V3|PHAR4_CHICK,461,NGT,Gallus gallus,9031,PHACTR4
sp|F1N8V3|PHAR4_CHICK,554,NST,Gallus gallus,9031,PHACTR4
sp|F1N8V3|PHAR4_CHICK,573,NTT,Gallus gallus,9031,PHACTR4
sp|F1NB38|ECHD1_CHICK,50,NLS,Gallus gallus,9031,ECHDC1
sp|F1NB38|ECHD1_CHICK,64,NNS,Gallus gallus,9031,ECHDC1
sp|F1NEA7|DMBX1_CHICK,182,NLT,Gallus gallus,9031,DMBX1
sp|F1NNL1|TM231_CHICK,195,NVS,Gallus gallus,9031,TMEM231
sp|F1NNL1|TM231_CHICK,200,NGT,Gallus gallus,9031,TMEM231
sp|F1NNL1|TM231_CHICK,222,NVT,Gallus gallus,9031,TMEM231
sp|F1NNL1|TM231_CHICK,247,NAT,Gallus gallus,9031,TMEM231
sp|F1NZI4|PGGHG_CHICK,297,NGT,Gallus gallus,9031,PGGHG
sp|F1NZI4|PGGHG_CHICK,574,NIT,Gallus gallus,9031,PGGHG
sp|F1P3Y5|CF144_CHICK,95,NTT,Gallus gallus,9031,CFAP144
sp|O13153|AVR1_CHICK,54,NGT,Gallus gallus,9031,AVR1
sp|O13153|AVR1_CHICK,67,NIT,Gallus gallus,9031,AVR1
sp|O13153|AVR1_CHICK,93,NFS,Gallus gallus,9031,AVR1
sp|O13270|TBP_CHICK,4,NNS,Gallus gallus,9031,TBP
sp|O42101|NR5A2_CHICK,35,NYS,Gallus gallus,9031,NR5A2
sp|O42101|NR5A2_CHICK,186,NHT,Gallus gallus,9031,NR5A2
sp|O42101|NR5A2_CHICK,292,NRS,Gallus gallus,9031,NR5A2
sp|O42163|COCH_CHICK,218,NFT,Gallus gallus,9031,COCH
sp|O42204|ITM2B_CHICK,165,NTS,Gallus gallus,9031,ITM2B
sp|O42235|KERA_CHICK,94,NAT,Gallus gallus,9031,KERA
sp|O42235|KERA_CHICK,168,NLT,Gallus gallus,9031,KERA
sp|O42235|KERA_CHICK,223,NNS,Gallus gallus,9031,KERA
sp|O42235|KERA_CHICK,261,NVS,Gallus gallus,9031,KERA
sp|O42235|KERA_CHICK,299,NGT,Gallus gallus,9031,KERA
sp|O42265|PSA1_CHICK,208,NVS,Gallus gallus,9031,PSMA1
sp|O42395|CNBP_CHICK,144,NCS,Gallus gallus,9031,CNBP
sp|O42401|MATN3_CHICK,295,NGS,Gallus gallus,9031,MATN3
sp|O42411|IOD1_CHICK,200,NLS,Gallus gallus,9031,DIO1
sp|O57340|TSHB_CHICK,43,NTT,Gallus gallus,9031,TSHB
sp|O57391|ENOG_CHICK,70,NST,Gallus gallus,9031,ENO2
sp|O57391|ENOG_CHICK,102,NKS,Gallus gallus,9031,ENO2
sp|O57401|SOX1_CHICK,365,NGT,Gallus gallus,9031,SOX1
sp|O57415|RREB1_CHICK,133,NST,Gallus gallus,9031,RREB1
sp|O57415|RREB1_CHICK,443,NES,Gallus gallus,9031,RREB1
sp|O57415|RREB1_CHICK,870,NLS,Gallus gallus,9031,RREB1
sp|O57415|RREB1_CHICK,1141,NGT,Gallus gallus,9031,RREB1
sp|O57415|RREB1_CHICK,1265,NKS,Gallus gallus,9031,RREB1
sp|O57415|RREB1_CHICK,1497,NES,Gallus gallus,9031,RREB1
sp|O57601|HMX3_CHICK,248,NLS,Gallus gallus,9031,HMX3
sp|O73590|ZFHX4_CHICK,44,NSS,Gallus gallus,9031,ZFHX4
sp|O73590|ZFHX4_CHICK,112,NES,Gallus gallus,9031,ZFHX4
sp|O73590|ZFHX4_CHICK,126,NLT,Gallus gallus,9031,ZFHX4
sp|O73590|ZFHX4_CHICK,213,NTS,Gallus gallus,9031,ZFHX4
sp|O73590|ZFHX4_CHICK,504,NQS,Gallus gallus,9031,ZFHX4
sp|O73590|ZFHX4_CHICK,547,NVT,Gallus gallus,9031,ZFHX4
sp|O73590|ZFHX4_CHICK,551,NYS,Gallus gallus,9031,ZFHX4
sp|O73590|ZFHX4_CHICK,575,NET,Gallus gallus,9031,ZFHX4
sp|O73590|ZFHX4_CHICK,701,NYS,Gallus gallus,9031,ZFHX4
sp|O73590|ZFHX4_CHICK,709,NLS,Gallus gallus,9031,ZFHX4
sp|O73590|ZFHX4_CHICK,1063,NLS,Gallus gallus,9031,ZFHX4
sp|O73590|ZFHX4_CHICK,1312,NKS,Gallus gallus,9031,ZFHX4
sp|O73590|ZFHX4_CHICK,1479,NFT,Gallus gallus,9031,ZFHX4
sp|O73590|ZFHX4_CHICK,1582,NIS,Gallus gallus,9031,ZFHX4
sp|O73590|ZFHX4_CHICK,1814,NES,Gallus gallus,9031,ZFHX4
sp|O73590|ZFHX4_CHICK,1974,NTT,Gallus gallus,9031,ZFHX4
sp|O73590|ZFHX4_CHICK,2094,NNS,Gallus gallus,9031,ZFHX4
sp|O73590|ZFHX4_CHICK,2137,NFS,Gallus gallus,9031,ZFHX4
sp|O73590|ZFHX4_CHICK,2306,NCT,Gallus gallus,9031,ZFHX4
sp|O73590|ZFHX4_CHICK,2358,NET,Gallus gallus,9031,ZFHX4
sp|O73590|ZFHX4_CHICK,2496,NSS,Gallus gallus,9031,ZFHX4
sp|O73590|ZFHX4_CHICK,2532,NCS,Gallus gallus,9031,ZFHX4
sp|O73590|ZFHX4_CHICK,2739,NKT,Gallus gallus,9031,ZFHX4
sp|O73590|ZFHX4_CHICK,2943,NQT,Gallus gallus,9031,ZFHX4
sp|O73590|ZFHX4_CHICK,3316,NSS,Gallus gallus,9031,ZFHX4
sp|O73590|ZFHX4_CHICK,3457,NTT,Gallus gallus,9031,ZFHX4
sp|O73590|ZFHX4_CHICK,3469,NNT,Gallus gallus,9031,ZFHX4
sp|O73705|CAC1A_CHICK,22,NLS,Gallus gallus,9031,CACNA1A
sp|O73706|CAC1B_CHICK,13,NLS,Gallus gallus,9031,CACNA1B
sp|O73775|FBLN1_CHICK,96,NST,Gallus gallus,9031,FBLN1
sp|O73775|FBLN1_CHICK,536,NCS,Gallus gallus,9031,FBLN1
sp|O73775|FBLN1_CHICK,540,NET,Gallus gallus,9031,FBLN1
sp|O93307|SIX6_CHICK,8,NFS,Gallus gallus,9031,SIX6
sp|O93307|SIX6_CHICK,50,NES,Gallus gallus,9031,SIX6
sp|O93353|HXA3_CHICK,27,NAS,Gallus gallus,9031,HOXA3
sp|O93353|HXA3_CHICK,112,NAS,Gallus gallus,9031,HOXA3
sp|O93353|HXA3_CHICK,121,NST,Gallus gallus,9031,HOXA3
sp|O93353|HXA3_CHICK,152,NSS,Gallus gallus,9031,HOXA3
sp|O93353|HXA3_CHICK,211,NLT,Gallus gallus,9031,HOXA3
sp|O93366|TLX1_CHICK,26,NTS,Gallus gallus,9031,TLX1
sp|O93366|TLX1_CHICK,162,NRT,Gallus gallus,9031,TLX1
sp|O93366|TLX1_CHICK,267,NSS,Gallus gallus,9031,TLX1
sp|O93388|STMN3_CHICK,127,NFS,Gallus gallus,9031,STMN3
sp|O93512|GFRA4_CHICK,180,NRS,Gallus gallus,9031,GFRA4
sp|O93512|GFRA4_CHICK,296,NST,Gallus gallus,9031,GFRA4
sp|O93512|GFRA4_CHICK,308,NAS,Gallus gallus,9031,GFRA4
sp|O93512|GFRA4_CHICK,339,NGT,Gallus gallus,9031,GFRA4
sp|O93526|FGL1L_CHICK,137,NVT,,,
sp|O93567|ZBT7A_CHICK,337,NES,Gallus gallus,9031,ZBTB7A
sp|O93602|ATF2_CHICK,42,NDS,Gallus gallus,9031,ATF2
sp|P00174|CYB5_CHICK,26,NNS,Gallus gallus,9031,CYB5A
sp|P00174|CYB5_CHICK,111,NSS,Gallus gallus,9031,CYB5A
sp|P01013|OVALX_CHICK,59,NNS,Gallus gallus,9031,SERPINB14C
sp|P01013|OVALX_CHICK,137,NLT,Gallus gallus,9031,SERPINB14C
sp|P01013|OVALX_CHICK,156,NLT,Gallus gallus,9031,SERPINB14C
sp|P02606|MLEC_CHICK,144,NGT,,,
sp|P02610|MLRA_CHICK,78,NFT,,,
sp|P02611|MLRB_CHICK,77,NFT,,,
sp|P07031|ACYP2_CHICK,46,NTS,Gallus gallus,9031,ACYP2
sp|P07032|ACYP1_CHICK,42,NTS,Gallus gallus,9031,ACYP1
sp|P07090|CALB2_CHICK,247,NLS,Gallus gallus,9031,CALB2
sp|P08251|AT1B1_CHICK,159,NCS,Gallus gallus,9031,ATP1B1
sp|P08251|AT1B1_CHICK,194,NES,Gallus gallus,9031,ATP1B1
sp|P08251|AT1B1_CHICK,266,NLT,Gallus gallus,9031,ATP1B1
sp|P08288|H11R_CHICK,78,NNS,,,
sp|P08938|PURP_CHICK,60,NIS,,,
sp|P0C7A1|ENASE_CHICK,245,NLS,Gallus gallus,9031,ENGASE
sp|P0C7A1|ENASE_CHICK,343,NKS,Gallus gallus,9031,ENGASE
sp|P0C7A1|ENASE_CHICK,424,NLS,Gallus gallus,9031,ENGASE
sp|P10741|MOS_CHICK,148,NVT,Gallus gallus,9031,MOS
sp|P11682|APOB_CHICK,158,NFS,Gallus gallus,9031,APOB
sp|P12902|HM14A_CHICK,79,NHS,,,
sp|P13216|ADX_CHICK,121,NMT,Gallus gallus,9031,FDX1
sp|P13854|MGF_CHICK,123,NHT,,,
sp|P13854|MGF_CHICK,137,NLS,,,
sp|P14092|ATP6_CHICK,2,NLS,Gallus gallus,9031,MT-ATP6
sp|P14092|ATP6_CHICK,164,NLT,Gallus gallus,9031,MT-ATP6
sp|P14840|HXB4_CHICK,31,NHS,Gallus gallus,9031,HOXB4
sp|P14840|HXB4_CHICK,116,NQS,Gallus gallus,9031,HOXB4
sp|P14840|HXB4_CHICK,121,NSS,Gallus gallus,9031,HOXB4
sp|P14840|HXB4_CHICK,144,NYS,Gallus gallus,9031,HOXB4
sp|P15143|PO2F1_CHICK,327,NLS,Gallus gallus,9031,POU2F1
sp|P15143|PO2F1_CHICK,349,NLS,Gallus gallus,9031,POU2F1
sp|P15143|PO2F1_CHICK,499,NNT,Gallus gallus,9031,POU2F1
sp|P15143|PO2F1_CHICK,582,NAS,Gallus gallus,9031,POU2F1
sp|P15143|PO2F1_CHICK,629,NST,Gallus gallus,9031,POU2F1
sp|P15143|PO2F1_CHICK,677,NLS,Gallus gallus,9031,POU2F1
sp|P15771|NUCL_CHICK,263,NKS,Gallus gallus,9031,NCL
sp|P15771|NUCL_CHICK,287,NLT,Gallus gallus,9031,NCL
sp|P15771|NUCL_CHICK,467,NLS,Gallus gallus,9031,NCL
sp|P15771|NUCL_CHICK,519,NNT,Gallus gallus,9031,NCL
sp|P16476|PEPE_CHICK,132,NLS,,,
sp|P16476|PEPE_CHICK,204,NES,,,
sp|P16476|PEPE_CHICK,309,NCS,,,
sp|P16476|PEPE_CHICK,350,NSS,,,
sp|P16924|P4HA1_CHICK,97,NMT,Gallus gallus,9031,P4HA1
sp|P16924|P4HA1_CHICK,243,NKS,Gallus gallus,9031,P4HA1
sp|P17277|HXA4_CHICK,203,NYS,Gallus gallus,9031,HOXA4
sp|P17278|HXD4_CHICK,54,NYS,Gallus gallus,9031,HOXD4
sp|P17278|HXD4_CHICK,138,NYS,Gallus gallus,9031,HOXD4
sp|P18444|MYCN_CHICK,283,NTT,Gallus gallus,9031,MYCN
sp|P18936|NU1M_CHICK,166,NYT,Gallus gallus,9031,MT-ND1
sp|P18937|NU2M_CHICK,150,NTT,Gallus gallus,9031,MT-ND2
sp|P18937|NU2M_CHICK,171,NQT,Gallus gallus,9031,MT-ND2
sp|P18937|NU2M_CHICK,241,NAT,Gallus gallus,9031,MT-ND2
sp|P18937|NU2M_CHICK,307,NSS,Gallus gallus,9031,MT-ND2
sp|P18937|NU2M_CHICK,318,NKT,Gallus gallus,9031,MT-ND2
sp|P18939|NU4M_CHICK,26,NTT,Gallus gallus,9031,MT-ND4
sp|P18939|NU4M_CHICK,363,NLT,Gallus gallus,9031,MT-ND4
sp|P18939|NU4M_CHICK,387,NWS,Gallus gallus,9031,MT-ND4
sp|P18940|NU5M_CHICK,206,NQT,Gallus gallus,9031,MT-ND5
sp|P18940|NU5M_CHICK,270,NKT,Gallus gallus,9031,MT-ND5
sp|P18940|NU5M_CHICK,400,NTS,Gallus gallus,9031,MT-ND5
sp|P18940|NU5M_CHICK,521,NFS,Gallus gallus,9031,MT-ND5
sp|P18942|NU4LM_CHICK,51,NQT,Gallus gallus,9031,MT-ND4L
sp|P19204|CASQ2_CHICK,335,NVT,Gallus gallus,9031,CASQ2
sp|P19439|GLRK_CHICK,104,NWT,Gallus gallus,9031,KBP
sp|P19439|GLRK_CHICK,255,NFT,Gallus gallus,9031,KBP
sp|P19439|GLRK_CHICK,444,NKS,Gallus gallus,9031,KBP
sp|P19753|PRVT_CHICK,70,NFS,,,
sp|P23068|HB2L_CHICK,14,NGT,,,
sp|P23459|HXD8_CHICK,75,NQS,Gallus gallus,9031,HOXD8
sp|P23498|OSTP_CHICK,106,NDS,Gallus gallus,9031,SPP1
sp|P23498|OSTP_CHICK,109,NDT,Gallus gallus,9031,SPP1
sp|P23498|OSTP_CHICK,204,NDS,Gallus gallus,9031,SPP1
sp|P23498|OSTP_CHICK,242,NQT,Gallus gallus,9031,SPP1
sp|P23682|HXB3_CHICK,55,NTT,Gallus gallus,9031,HOXB3
sp|P23682|HXB3_CHICK,66,NGS,Gallus gallus,9031,HOXB3
sp|P23682|HXB3_CHICK,93,NST,Gallus gallus,9031,HOXB3
sp|P23682|HXB3_CHICK,197,NLS,Gallus gallus,9031,HOXB3
sp|P23824|GATA2_CHICK,177,NST,Gallus gallus,9031,GATA2
sp|P23824|GATA2_CHICK,388,NKS,Gallus gallus,9031,GATA2
sp|P24032|MLRN_CHICK,82,NFT,,,
sp|P24032|MLRN_CHICK,95,NGT,,,
sp|P24340|HXD9_CHICK,39,NLT,Gallus gallus,9031,HOXD9
sp|P24341|HXD10_CHICK,59,NLT,Gallus gallus,9031,HOXD10
sp|P24341|HXD10_CHICK,91,NLT,Gallus gallus,9031,HOXD10
sp|P24342|HXD11_CHICK,200,NSS,Gallus gallus,9031,HOXD11
sp|P24342|HXD11_CHICK,246,NLT,Gallus gallus,9031,HOXD11
sp|P24344|HXD13_CHICK,272,NLS,Gallus gallus,9031,HOXD13
sp|P24344|HXD13_CHICK,299,NVS,Gallus gallus,9031,HOXD13
sp|P24787|NEUV_CHICK,131,NLT,,,
sp|P24899|TAL1_CHICK,267,NSS,Gallus gallus,9031,TAL1
sp|P25022|RAG2_CHICK,11,NSS,Gallus gallus,9031,RAG2
sp|P25022|RAG2_CHICK,114,NKT,Gallus gallus,9031,RAG2
sp|P25022|RAG2_CHICK,226,NNT,Gallus gallus,9031,RAG2
sp|P27118|DCOR_CHICK,61,NDS,Gallus gallus,9031,ODC1
sp|P28362|MSX2_CHICK,172,NLT,Gallus gallus,9031,MSX2
sp|P28675|PGS2_CHICK,209,NIT,Gallus gallus,9031,DCN
sp|P28675|PGS2_CHICK,260,NGS,Gallus gallus,9031,DCN
sp|P28687|SPCS3_CHICK,141,NVT,Gallus gallus,9031,SPCS3
sp|P30370|RABP2_CHICK,3,NFS,Gallus gallus,9031,CRABP2
sp|P31259|HXB1_CHICK,162,NLS,Gallus gallus,9031,HOXB1
sp|P31259|HXB1_CHICK,182,NAS,Gallus gallus,9031,HOXB1
sp|P31259|HXB1_CHICK,219,NFT,Gallus gallus,9031,HOXB1
sp|P31259|HXB1_CHICK,253,NET,Gallus gallus,9031,HOXB1
sp|P31259|HXB1_CHICK,296,NCT,Gallus gallus,9031,HOXB1
sp|P32250|LPAR6_CHICK,5,NCS,Gallus gallus,9031,LPAR6
sp|P32250|LPAR6_CHICK,47,NET,Gallus gallus,9031,LPAR6
sp|P32250|LPAR6_CHICK,158,NNT,Gallus gallus,9031,LPAR6
sp|P32250|LPAR6_CHICK,197,NVT,Gallus gallus,9031,LPAR6
sp|P32250|LPAR6_CHICK,243,NIT,Gallus gallus,9031,LPAR6
sp|P32250|LPAR6_CHICK,259,NCS,Gallus gallus,9031,LPAR6
sp|P33879|AT1B3_CHICK,96,NKS,Gallus gallus,9031,ATP1B3
sp|P33879|AT1B3_CHICK,127,NCT,Gallus gallus,9031,ATP1B3
sp|P33879|AT1B3_CHICK,148,NLS,Gallus gallus,9031,ATP1B3
sp|P33879|AT1B3_CHICK,241,NST,Gallus gallus,9031,ATP1B3
sp|P34743|BTG1_CHICK,135,NNT,Gallus gallus,9031,BTG1
sp|P35440|TSP2_CHICK,157,NLT,Gallus gallus,9031,THBS2
sp|P35440|TSP2_CHICK,244,NES,Gallus gallus,9031,THBS2
sp|P35440|TSP2_CHICK,317,NKT,Gallus gallus,9031,THBS2
sp|P35440|TSP2_CHICK,322,NQS,Gallus gallus,9031,THBS2
sp|P35440|TSP2_CHICK,463,NIT,Gallus gallus,9031,THBS2
sp|P35440|TSP2_CHICK,590,NGT,Gallus gallus,9031,THBS2
sp|P35440|TSP2_CHICK,716,NAT,Gallus gallus,9031,THBS2
sp|P35440|TSP2_CHICK,1075,NST,Gallus gallus,9031,THBS2
sp|P36195|TDT_CHICK,78,NNS,Gallus gallus,9031,DNTT
sp|P36195|TDT_CHICK,407,NSS,Gallus gallus,9031,DNTT
sp|P36195|TDT_CHICK,411,NMS,Gallus gallus,9031,DNTT
sp|P36377|SPRC_CHICK,83,NNS,Gallus gallus,9031,SPARC
sp|P36377|SPRC_CHICK,111,NKT,Gallus gallus,9031,SPARC
sp|P37301|MYP0_CHICK,122,NGT,Gallus gallus,9031,MPZ
sp|P38024|PUR6_CHICK,59,NTT,Gallus gallus,9031,AIRC
sp|P38024|PUR6_CHICK,185,NCT,Gallus gallus,9031,AIRC
sp|P38024|PUR6_CHICK,212,NDS,Gallus gallus,9031,AIRC
sp|P39022|RAD52_CHICK,366,NRT,Gallus gallus,9031,RAD52
sp|P41125|RL13_CHICK,104,NKS,Gallus gallus,9031,RPL13
sp|P43347|TCTP_CHICK,51,NAS,Gallus gallus,9031,TPT1
sp|P43691|GATA4_CHICK,266,NKT,Gallus gallus,9031,GATA4
sp|P43693|GATA6_CHICK,123,NGS,Gallus gallus,9031,GATA6
sp|P43693|GATA6_CHICK,290,NKS,Gallus gallus,9031,GATA6
sp|P43693|GATA6_CHICK,298,NST,Gallus gallus,9031,GATA6
sp|P43693|GATA6_CHICK,321,NAS,Gallus gallus,9031,GATA6
sp|P47237|PAX6_CHICK,13,NRT,Gallus gallus,9031,PAX6
sp|P47826|RLA0_CHICK,179,NIS,Gallus gallus,9031,RPLP0
sp|P47826|RLA0_CHICK,195,NGS,Gallus gallus,9031,RPLP0
sp|P47838|RS6_CHICK,4,NIS,Gallus gallus,9031,RPS6
sp|P47838|RS6_CHICK,105,NLS,Gallus gallus,9031,RPS6
sp|P47838|RS6_CHICK,146,NLS,Gallus gallus,9031,RPS6
sp|P48435|SOX11_CHICK,282,NIT,Gallus gallus,9031,SOX11
sp|P48435|SOX11_CHICK,344,NLS,Gallus gallus,9031,SOX11
sp|P48435|SOX11_CHICK,388,NFS,Gallus gallus,9031,SOX11
sp|P48801|FGF3_CHICK,66,NGT,Gallus gallus,9031,FGF3
sp|P49707|CCNE1_CHICK,381,NRT,Gallus gallus,9031,CCNE1
sp|P49892|AA1R_CHICK,159,NVS,Gallus gallus,9031,ADORA1
sp|P49892|AA1R_CHICK,312,NKS,Gallus gallus,9031,ADORA1
sp|P50460|CSRP2_CHICK,106,NTS,Gallus gallus,9031,CSRP2
sp|P51509|RELB_CHICK,312,NTS,Gallus gallus,9031,RELB
sp|P51887|FMOD_CHICK,89,NFS,Gallus gallus,9031,FMOD
sp|P51887|FMOD_CHICK,131,NAT,Gallus gallus,9031,FMOD
sp|P51887|FMOD_CHICK,170,NLT,Gallus gallus,9031,FMOD
sp|P51887|FMOD_CHICK,205,NLT,Gallus gallus,9031,FMOD
sp|P51887|FMOD_CHICK,295,NSS,Gallus gallus,9031,FMOD
sp|P51887|FMOD_CHICK,345,NYS,Gallus gallus,9031,FMOD
sp|P51903|PGK_CHICK,113,NGS,Gallus gallus,9031,PGK
sp|P51913|ENOA_CHICK,70,NKT,Gallus gallus,9031,ENO1
sp|P51913|ENOA_CHICK,102,NKS,Gallus gallus,9031,ENO1
sp|P51971|EIF1_CHICK,70,NGT,Gallus gallus,9031,EIF1
sp|P52162|MAX_CHICK,78,NHT,Gallus gallus,9031,MAX
sp|P52550|MYBA_CHICK,53,NGT,Gallus gallus,9031,MYBL1
sp|P52550|MYBA_CHICK,67,NRS,Gallus gallus,9031,MYBL1
sp|P52550|MYBA_CHICK,181,NST,Gallus gallus,9031,MYBL1
sp|P52550|MYBA_CHICK,415,NVS,Gallus gallus,9031,MYBL1
sp|P52550|MYBA_CHICK,441,NLT,Gallus gallus,9031,MYBL1
sp|P52550|MYBA_CHICK,622,NSS,Gallus gallus,9031,MYBL1
sp|P52550|MYBA_CHICK,687,NSS,Gallus gallus,9031,MYBL1
sp|P52550|MYBA_CHICK,750,NTS,Gallus gallus,9031,MYBL1
sp|P53033|RFC2_CHICK,111,NAS,Gallus gallus,9031,RFC2
sp|P53033|RFC2_CHICK,177,NAS,Gallus gallus,9031,RFC2
sp|P53413|LMX1B_CHICK,72,NES,Gallus gallus,9031,LMX1B
sp|P53413|LMX1B_CHICK,350,NDS,Gallus gallus,9031,LMX1B
sp|P53488|ARP2_CHICK,13,NGT,Gallus gallus,9031,ACTR2
sp|P53488|ARP2_CHICK,205,NHS,Gallus gallus,9031,ACTR2
sp|P55080|MFAP1_CHICK,312,NLT,Gallus gallus,9031,MFAP1
sp|P55080|MFAP1_CHICK,373,NKT,Gallus gallus,9031,MFAP1
sp|P55164|CRBA2_CHICK,103,NDS,Gallus gallus,9031,CRYBA2
sp|P55165|CRBB3_CHICK,155,NGT,Gallus gallus,9031,CRYBB3
sp|P55167|MSHR_CHICK,15,NAS,Gallus gallus,9031,MC1R
sp|P55167|MSHR_CHICK,20,NQS,Gallus gallus,9031,MC1R
sp|P55167|MSHR_CHICK,23,NAT,Gallus gallus,9031,MC1R
sp|P55879|GLI2_CHICK,79,NNS,Gallus gallus,9031,GLI2
sp|P55879|GLI2_CHICK,343,NAS,Gallus gallus,9031,GLI2
sp|P55879|GLI2_CHICK,352,NRT,Gallus gallus,9031,GLI2
sp|P55879|GLI2_CHICK,431,NST,Gallus gallus,9031,GLI2
sp|P55879|GLI2_CHICK,477,NDS,Gallus gallus,9031,GLI2
sp|P55879|GLI2_CHICK,512,NLT,Gallus gallus,9031,GLI2
sp|P55879|GLI2_CHICK,564,NGS,Gallus gallus,9031,GLI2
sp|P55879|GLI2_CHICK,641,NNT,Gallus gallus,9031,GLI2
sp|P56733|AVR3_CHICK,93,NFS,Gallus gallus,9031,AVR3
sp|P56733|AVR3_CHICK,141,NFT,Gallus gallus,9031,AVR3
sp|P56735|AVR6_CHICK,54,NGT,Gallus gallus,9031,AVR6
sp|P56735|AVR6_CHICK,93,NFS,Gallus gallus,9031,AVR6
sp|P56735|AVR6_CHICK,141,NFT,Gallus gallus,9031,AVR6
sp|P56736|AVR7_CHICK,41,NMT,Gallus gallus,9031,AVR7
sp|P56736|AVR7_CHICK,54,NGT,Gallus gallus,9031,AVR7
sp|P56736|AVR7_CHICK,93,NFS,Gallus gallus,9031,AVR7
sp|P56736|AVR7_CHICK,141,NFT,Gallus gallus,9031,AVR7
sp|P57074|SOX8_CHICK,3,NMT,Gallus gallus,9031,SOX8
sp|P57074|SOX8_CHICK,100,NGS,Gallus gallus,9031,SOX8
sp|P57788|MOT4_CHICK,434,NKS,Gallus gallus,9031,SLC16A3
sp|P58267|DPF1_CHICK,320,NCS,Gallus gallus,9031,DPF1
sp|P58268|REQU_CHICK,403,NNS,Gallus gallus,9031,REQ
sp|P62597|POTE1_CHICK,287,NLS,Gallus gallus,9031,POT1
sp|P62597|POTE1_CHICK,359,NLT,Gallus gallus,9031,POT1
sp|P62597|POTE1_CHICK,495,NSS,Gallus gallus,9031,POT1
sp|P62597|POTE1_CHICK,656,NLS,Gallus gallus,9031,POT1
sp|P67869|CSK2B_CHICK,35,NLT,Gallus gallus,9031,CSNK2B
sp|P67869|CSK2B_CHICK,67,NQS,Gallus gallus,9031,CSNK2B
sp|P79765|NDF1_CHICK,284,NFS,Gallus gallus,9031,NEUROD1
sp|P79766|NDF4_CHICK,261,NFS,Gallus gallus,9031,NEUROD4
sp|P79769|TSN_CHICK,188,NDS,Gallus gallus,9031,TSN
sp|P79772|FOXD3_CHICK,168,NLS,Gallus gallus,9031,FOXD3
sp|P79772|FOXD3_CHICK,203,NGS,Gallus gallus,9031,FOXD3
sp|P79777|TBXT_CHICK,297,NNS,Gallus gallus,9031,TBXT
sp|P79777|TBXT_CHICK,306,NSS,Gallus gallus,9031,TBXT
sp|P79777|TBXT_CHICK,319,NWS,Gallus gallus,9031,TBXT
sp|P79777|TBXT_CHICK,355,NST,Gallus gallus,9031,TBXT
sp|P79778|TBX19_CHICK,116,NHS,Gallus gallus,9031,TBX19
sp|P79778|TBX19_CHICK,150,NGS,Gallus gallus,9031,TBX19
sp|P79778|TBX19_CHICK,181,NCS,Gallus gallus,9031,TBX19
sp|P79778|TBX19_CHICK,270,NHS,Gallus gallus,9031,TBX19
sp|P79778|TBX19_CHICK,344,NTS,Gallus gallus,9031,TBX19
sp|P79779|TBX6L_CHICK,135,NNT,Gallus gallus,9031,TBX6L
sp|P79779|TBX6L_CHICK,277,NSS,Gallus gallus,9031,TBX6L
sp|P79780|SIAL_CHICK,148,NGT,Gallus gallus,9031,IBSP
sp|P79780|SIAL_CHICK,153,NTT,Gallus gallus,9031,IBSP
sp|P79780|SIAL_CHICK,162,NNT,Gallus gallus,9031,IBSP
sp|P79782|TCF15_CHICK,27,NRS,Gallus gallus,9031,TCF15
sp|P81475|CFBL_CHICK,115,NRT,,,
sp|P81475|CFBL_CHICK,221,NSS,,,
sp|P84407|FETA_CHICK,137,NSS,Gallus gallus,9031,AFP
sp|P84407|FETA_CHICK,157,NYS,Gallus gallus,9031,AFP
sp|P84407|FETA_CHICK,337,NLS,Gallus gallus,9031,AFP
sp|P84407|FETA_CHICK,472,NVS,Gallus gallus,9031,AFP
sp|P86345|BORE2_CHICK,309,NTS,Gallus gallus,9031,CDCA9
sp|P86346|BORE1_CHICK,237,NGS,Gallus gallus,9031,CDCA8
sp|Q01741|CP1A2_CHICK,216,NWS,Gallus gallus,9031,CYP1A2
sp|Q03237|MYBB_CHICK,63,NRS,Gallus gallus,9031,MYBL2
sp|Q03237|MYBB_CHICK,177,NST,Gallus gallus,9031,MYBL2
sp|Q03237|MYBB_CHICK,191,NET,Gallus gallus,9031,MYBL2
sp|Q03237|MYBB_CHICK,208,NES,Gallus gallus,9031,MYBL2
sp|Q03237|MYBB_CHICK,351,NVT,Gallus gallus,9031,MYBL2
sp|Q03237|MYBB_CHICK,605,NLS,Gallus gallus,9031,MYBL2
sp|Q03237|MYBB_CHICK,613,NDS,Gallus gallus,9031,MYBL2
sp|Q04678|SSRP1_CHICK,135,NVS,Gallus gallus,9031,SSRP1
sp|Q04678|SSRP1_CHICK,305,NMS,Gallus gallus,9031,SSRP1
sp|Q04678|SSRP1_CHICK,468,NDS,Gallus gallus,9031,SSRP1
sp|Q04678|SSRP1_CHICK,498,NAS,Gallus gallus,9031,SSRP1
sp|Q04678|SSRP1_CHICK,616,NKS,Gallus gallus,9031,SSRP1
sp|Q05423|FABP7_CHICK,35,NVT,Gallus gallus,9031,FABP7
sp|Q05502|HHEX_CHICK,66,NSS,Gallus gallus,9031,HHEX
sp|Q05858|FMN_CHICK,185,NQS,Gallus gallus,9031,LD
sp|Q05858|FMN_CHICK,266,NVS,Gallus gallus,9031,LD
sp|Q05858|FMN_CHICK,326,NIT,Gallus gallus,9031,LD
sp|Q05858|FMN_CHICK,616,NIS,Gallus gallus,9031,LD
sp|Q05858|FMN_CHICK,756,NST,Gallus gallus,9031,LD
sp|Q05858|FMN_CHICK,930,NFT,Gallus gallus,9031,LD
sp|Q05858|FMN_CHICK,967,NMT,Gallus gallus,9031,LD
sp|Q05858|FMN_CHICK,989,NRT,Gallus gallus,9031,LD
sp|Q08705|CTCF_CHICK,576,NCS,Gallus gallus,9031,CTCF
sp|Q08727|HXA2_CHICK,39,NST,Gallus gallus,9031,HOXA2
sp|Q08727|HXA2_CHICK,310,NDS,Gallus gallus,9031,HOXA2
sp|Q0V8S9|CNTP5_CHICK,282,NFT,Gallus gallus,9031,CNTNAP5
sp|Q0V8S9|CNTP5_CHICK,355,NVT,Gallus gallus,9031,CNTNAP5
sp|Q0V8S9|CNTP5_CHICK,496,NFT,Gallus gallus,9031,CNTNAP5
sp|Q0V8S9|CNTP5_CHICK,535,NFS,Gallus gallus,9031,CNTNAP5
sp|Q0V8S9|CNTP5_CHICK,573,NDT,Gallus gallus,9031,CNTNAP5
sp|Q0V8S9|CNTP5_CHICK,622,NIT,Gallus gallus,9031,CNTNAP5
sp|Q0V8S9|CNTP5_CHICK,635,NNT,Gallus gallus,9031,CNTNAP5
sp|Q0V8S9|CNTP5_CHICK,658,NSS,Gallus gallus,9031,CNTNAP5
sp|Q0V8S9|CNTP5_CHICK,746,NDT,Gallus gallus,9031,CNTNAP5
sp|Q0V8S9|CNTP5_CHICK,768,NRS,Gallus gallus,9031,CNTNAP5
sp|Q0V8S9|CNTP5_CHICK,1021,NAS,Gallus gallus,9031,CNTNAP5
sp|Q0V8S9|CNTP5_CHICK,1071,NGS,Gallus gallus,9031,CNTNAP5
sp|Q0V8S9|CNTP5_CHICK,1125,NFS,Gallus gallus,9031,CNTNAP5
sp|Q0WYX8|MDGA1_CHICK,42,NIS,Gallus gallus,9031,MDGA1
sp|Q0WYX8|MDGA1_CHICK,90,NET,Gallus gallus,9031,MDGA1
sp|Q0WYX8|MDGA1_CHICK,235,NTT,Gallus gallus,9031,MDGA1
sp|Q0WYX8|MDGA1_CHICK,247,NET,Gallus gallus,9031,MDGA1
sp|Q0WYX8|MDGA1_CHICK,257,NVT,Gallus gallus,9031,MDGA1
sp|Q0WYX8|MDGA1_CHICK,292,NLT,Gallus gallus,9031,MDGA1
sp|Q0WYX8|MDGA1_CHICK,307,NCT,Gallus gallus,9031,MDGA1
sp|Q0WYX8|MDGA1_CHICK,331,NAT,Gallus gallus,9031,MDGA1
sp|Q0WYX8|MDGA1_CHICK,432,NIS,Gallus gallus,9031,MDGA1
sp|Q0WYX8|MDGA1_CHICK,577,NGT,Gallus gallus,9031,MDGA1
sp|Q0WYX8|MDGA1_CHICK,649,NYS,Gallus gallus,9031,MDGA1
sp|Q0WYX8|MDGA1_CHICK,820,NIT,Gallus gallus,9031,MDGA1
sp|Q1KME6|RAB6A_CHICK,126,NKT,Gallus gallus,9031,RAB6A
sp|Q1T763|CENPR_CHICK,104,NLT,Gallus gallus,9031,CENPR
sp|Q1T7B8|CENPO_CHICK,253,NYT,Gallus gallus,9031,CENPO
sp|Q25C36|OLFL3_CHICK,175,NDT,Gallus gallus,9031,OLFML3
sp|Q25C36|OLFL3_CHICK,235,NKT,Gallus gallus,9031,OLFML3
sp|Q2IAL6|CTHL3_CHICK,67,NFT,Gallus gallus,9031,CATHL3
sp|Q2KN97|CYTSA_CHICK,18,NKT,Gallus gallus,9031,SPECC1L
sp|Q2KN97|CYTSA_CHICK,146,NDT,Gallus gallus,9031,SPECC1L
sp|Q2KN97|CYTSA_CHICK,303,NHS,Gallus gallus,9031,SPECC1L
sp|Q2KN97|CYTSA_CHICK,388,NAS,Gallus gallus,9031,SPECC1L
sp|Q2KN97|CYTSA_CHICK,667,NVT,Gallus gallus,9031,SPECC1L
sp|Q2KN97|CYTSA_CHICK,1036,NFS,Gallus gallus,9031,SPECC1L
sp|Q2KN97|CYTSA_CHICK,1072,NFT,Gallus gallus,9031,SPECC1L
sp|Q2LK95|COL10_CHICK,139,NTS,Gallus gallus,9031,COLEC10
sp|Q2LK95|COL10_CHICK,230,NYS,Gallus gallus,9031,COLEC10
sp|Q2LK95|COL10_CHICK,258,NDS,Gallus gallus,9031,COLEC10
sp|Q2YHT5|MOR1B_CHICK,64,NRT,Gallus gallus,9031,CD200R1B
sp|Q2YHT5|MOR1B_CHICK,67,NIS,Gallus gallus,9031,CD200R1B
sp|Q2YHT5|MOR1B_CHICK,127,NYT,Gallus gallus,9031,CD200R1B
sp|Q2YHT5|MOR1B_CHICK,183,NST,Gallus gallus,9031,CD200R1B
sp|Q2YHT5|MOR1B_CHICK,193,NGT,Gallus gallus,9031,CD200R1B
sp|Q2YHT5|MOR1B_CHICK,222,NET,Gallus gallus,9031,CD200R1B
sp|Q2YHT5|MOR1B_CHICK,228,NCS,Gallus gallus,9031,CD200R1B
sp|Q2Z1W2|CENPU_CHICK,75,NES,Gallus gallus,9031,CENPU
sp|Q2Z1W2|CENPU_CHICK,125,NTT,Gallus gallus,9031,CENPU
sp|Q50L44|LIGO1_CHICK,137,NLT,Gallus gallus,9031,LINGO1
sp|Q50L44|LIGO1_CHICK,195,NLT,Gallus gallus,9031,LINGO1
sp|Q50L44|LIGO1_CHICK,257,NLT,Gallus gallus,9031,LINGO1
sp|Q50L44|LIGO1_CHICK,267,NLT,Gallus gallus,9031,LINGO1
sp|Q50L44|LIGO1_CHICK,286,NLS,Gallus gallus,9031,LINGO1
sp|Q50L44|LIGO1_CHICK,334,NVS,Gallus gallus,9031,LINGO1
sp|Q50L44|LIGO1_CHICK,485,NGT,Gallus gallus,9031,LINGO1
sp|Q50L44|LIGO1_CHICK,498,NDT,Gallus gallus,9031,LINGO1
sp|Q50L44|LIGO1_CHICK,519,NKT,Gallus gallus,9031,LINGO1
sp|Q50L44|LIGO1_CHICK,530,NES,Gallus gallus,9031,LINGO1
sp|Q50L44|LIGO1_CHICK,535,NST,Gallus gallus,9031,LINGO1
sp|Q589G5|PRTG_CHICK,82,NGS,Gallus gallus,9031,PRTG
sp|Q589G5|PRTG_CHICK,163,NRT,Gallus gallus,9031,PRTG
sp|Q589G5|PRTG_CHICK,235,NVT,Gallus gallus,9031,PRTG
sp|Q589G5|PRTG_CHICK,305,NFT,Gallus gallus,9031,PRTG
sp|Q589G5|PRTG_CHICK,465,NDT,Gallus gallus,9031,PRTG
sp|Q589G5|PRTG_CHICK,480,NYT,Gallus gallus,9031,PRTG
sp|Q589G5|PRTG_CHICK,622,NCT,Gallus gallus,9031,PRTG
sp|Q589G5|PRTG_CHICK,725,NTS,Gallus gallus,9031,PRTG
sp|Q589G5|PRTG_CHICK,746,NYT,Gallus gallus,9031,PRTG
sp|Q589G5|PRTG_CHICK,758,NAS,Gallus gallus,9031,PRTG
sp|Q589G5|PRTG_CHICK,987,NIS,Gallus gallus,9031,PRTG
sp|Q589G5|PRTG_CHICK,1156,NST,Gallus gallus,9031,PRTG
sp|Q58NQ4|FOXP1_CHICK,12,NGS,Gallus gallus,9031,FOXP1
sp|Q58NQ4|FOXP1_CHICK,257,NHS,Gallus gallus,9031,FOXP1
sp|Q58NQ4|FOXP1_CHICK,525,NLS,Gallus gallus,9031,FOXP1
sp|Q58NQ4|FOXP1_CHICK,625,NGS,Gallus gallus,9031,FOXP1
sp|Q58NQ4|FOXP1_CHICK,665,NHS,Gallus gallus,9031,FOXP1
sp|Q5EG71|EPGN_CHICK,39,NNT,Gallus gallus,9031,EPGN
sp|Q5F361|TBCK_CHICK,415,NSS,Gallus gallus,9031,TBCK
sp|Q5F361|TBCK_CHICK,651,NSS,Gallus gallus,9031,TBCK
sp|Q5F361|TBCK_CHICK,721,NES,Gallus gallus,9031,TBCK
sp|Q5F361|TBCK_CHICK,724,NGT,Gallus gallus,9031,TBCK
sp|Q5F363|JARD2_CHICK,199,NAS,Gallus gallus,9031,JARID2
sp|Q5F363|JARD2_CHICK,224,NGS,Gallus gallus,9031,JARID2
sp|Q5F363|JARD2_CHICK,368,NHT,Gallus gallus,9031,JARID2
sp|Q5F363|JARD2_CHICK,395,NNT,Gallus gallus,9031,JARID2
sp|Q5F363|JARD2_CHICK,507,NAS,Gallus gallus,9031,JARID2
sp|Q5F363|JARD2_CHICK,512,NRS,Gallus gallus,9031,JARID2
sp|Q5F363|JARD2_CHICK,880,NLT,Gallus gallus,9031,JARID2
sp|Q5F363|JARD2_CHICK,886,NNT,Gallus gallus,9031,JARID2
sp|Q5F363|JARD2_CHICK,960,NGT,Gallus gallus,9031,JARID2
sp|Q5F363|JARD2_CHICK,1193,NGS,Gallus gallus,9031,JARID2
sp|Q5F380|PIGM_CHICK,264,NFS,Gallus gallus,9031,PIGM
sp|Q5F381|EPCAM_CHICK,106,NGT,Gallus gallus,9031,EPCAM
sp|Q5F381|EPCAM_CHICK,193,NSS,Gallus gallus,9031,EPCAM
sp|Q5F384|YIPF3_CHICK,326,NTT,Gallus gallus,9031,YIPF3
sp|Q5F3A1|SEC62_CHICK,267,NLT,Gallus gallus,9031,SEC62
sp|Q5F3A2|CHM2B_CHICK,73,NRT,Gallus gallus,9031,CHMP2B
sp|Q5F3A2|CHM2B_CHICK,143,NDT,Gallus gallus,9031,CHMP2B
sp|Q5F3B2|RN166_CHICK,153,NRS,Gallus gallus,9031,RNF166
sp|Q5F3D1|ZCHC8_CHICK,241,NET,Gallus gallus,9031,ZCCHC8
sp|Q5F3D1|ZCHC8_CHICK,268,NIS,Gallus gallus,9031,ZCCHC8
sp|Q5F3D1|ZCHC8_CHICK,515,NSS,Gallus gallus,9031,ZCCHC8
sp|Q5F3D1|ZCHC8_CHICK,586,NMT,Gallus gallus,9031,ZCCHC8
sp|Q5F3F2|MYSM1_CHICK,78,NKS,Gallus gallus,9031,MYSM1
sp|Q5F3F2|MYSM1_CHICK,431,NKT,Gallus gallus,9031,MYSM1
sp|Q5F3F5|LMBD2_CHICK,69,NSS,Gallus gallus,9031,LMBRD2
sp|Q5F3F5|LMBD2_CHICK,76,NSS,Gallus gallus,9031,LMBRD2
sp|Q5F3F5|LMBD2_CHICK,337,NET,Gallus gallus,9031,LMBRD2
sp|Q5F3N9|ILRUN_CHICK,263,NLS,Gallus gallus,9031,ILRUN
sp|Q5F3N9|ILRUN_CHICK,272,NLS,Gallus gallus,9031,ILRUN
sp|Q5F3P8|SET1B_CHICK,32,NST,Gallus gallus,9031,SETD1B
sp|Q5F3P8|SET1B_CHICK,184,NTS,Gallus gallus,9031,SETD1B
sp|Q5F3P8|SET1B_CHICK,233,NET,Gallus gallus,9031,SETD1B
sp|Q5F3P8|SET1B_CHICK,249,NLS,Gallus gallus,9031,SETD1B
sp|Q5F3P8|SET1B_CHICK,260,NSS,Gallus gallus,9031,SETD1B
sp|Q5F3P8|SET1B_CHICK,663,NSS,Gallus gallus,9031,SETD1B
sp|Q5F3P8|SET1B_CHICK,1457,NFT,Gallus gallus,9031,SETD1B
sp|Q5F3P8|SET1B_CHICK,1644,NDS,Gallus gallus,9031,SETD1B
sp|Q5F3P8|SET1B_CHICK,1757,NDT,Gallus gallus,9031,SETD1B
sp|Q5F3P8|SET1B_CHICK,1807,NNS,Gallus gallus,9031,SETD1B
sp|Q5F3P8|SET1B_CHICK,1947,NHS,Gallus gallus,9031,SETD1B
sp|Q5F3R7|DCA12_CHICK,197,NLS,Gallus gallus,9031,DCAF12
sp|Q5F3T7|CELF1_CHICK,2,NGT,Gallus gallus,9031,CELF1
sp|Q5F3T7|CELF1_CHICK,332,NVS,Gallus gallus,9031,CELF1
sp|Q5F3T7|CELF1_CHICK,353,NGT,Gallus gallus,9031,CELF1
sp|Q5F3T7|CELF1_CHICK,382,NQS,Gallus gallus,9031,CELF1
sp|Q5F3T7|CELF1_CHICK,442,NLS,Gallus gallus,9031,CELF1
sp|Q5F3T7|CELF1_CHICK,484,NDS,Gallus gallus,9031,CELF1
sp|Q5F3U9|PDS5B_CHICK,626,NKS,Gallus gallus,9031,PDS5B
sp|Q5F3U9|PDS5B_CHICK,842,NHS,Gallus gallus,9031,PDS5B
sp|Q5F3U9|PDS5B_CHICK,1034,NNS,Gallus gallus,9031,PDS5B
sp|Q5F3U9|PDS5B_CHICK,1104,NFS,Gallus gallus,9031,PDS5B
sp|Q5F3U9|PDS5B_CHICK,1157,NAS,Gallus gallus,9031,PDS5B
sp|Q5F3U9|PDS5B_CHICK,1345,NRS,Gallus gallus,9031,PDS5B
sp|Q5F3U9|PDS5B_CHICK,1367,NES,Gallus gallus,9031,PDS5B
sp|Q5F3V0|SMYD4_CHICK,109,NRS,Gallus gallus,9031,SMYD4
sp|Q5F3V0|SMYD4_CHICK,222,NGS,Gallus gallus,9031,SMYD4
sp|Q5F3V0|SMYD4_CHICK,235,NFS,Gallus gallus,9031,SMYD4
sp|Q5F3V0|SMYD4_CHICK,534,NHS,Gallus gallus,9031,SMYD4
sp|Q5F3V0|SMYD4_CHICK,540,NIS,Gallus gallus,9031,SMYD4
sp|Q5F3V3|PDS5A_CHICK,170,NNS,Gallus gallus,9031,PDS5A
sp|Q5F3V3|PDS5A_CHICK,630,NKS,Gallus gallus,9031,PDS5A
sp|Q5F3V3|PDS5A_CHICK,846,NQS,Gallus gallus,9031,PDS5A
sp|Q5F3V3|PDS5A_CHICK,852,NST,Gallus gallus,9031,PDS5A
sp|Q5F3V3|PDS5A_CHICK,969,NIS,Gallus gallus,9031,PDS5A
sp|Q5F3V3|PDS5A_CHICK,1038,NNS,Gallus gallus,9031,PDS5A
sp|Q5F3V3|PDS5A_CHICK,1161,NIS,Gallus gallus,9031,PDS5A
sp|Q5F3V3|PDS5A_CHICK,1174,NRS,Gallus gallus,9031,PDS5A
sp|Q5F3V3|PDS5A_CHICK,1223,NST,Gallus gallus,9031,PDS5A
sp|Q5F3W2|INSI2_CHICK,54,NVT,Gallus gallus,9031,INSIG2
sp|Q5F3X4|U5S1_CHICK,131,NVT,Gallus gallus,9031,EFTUD2
sp|Q5F3X4|U5S1_CHICK,210,NFS,Gallus gallus,9031,EFTUD2
sp|Q5F3X4|U5S1_CHICK,513,NYT,Gallus gallus,9031,EFTUD2
sp|Q5F3X4|U5S1_CHICK,583,NTT,Gallus gallus,9031,EFTUD2
sp|Q5F3X4|U5S1_CHICK,611,NKS,Gallus gallus,9031,EFTUD2
sp|Q5F3X8|SC31A_CHICK,40,NAS,Gallus gallus,9031,SEC31A
sp|Q5F3X8|SC31A_CHICK,143,NES,Gallus gallus,9031,SEC31A
sp|Q5F3X8|SC31A_CHICK,568,NIS,Gallus gallus,9031,SEC31A
sp|Q5F3X8|SC31A_CHICK,1204,NFS,Gallus gallus,9031,SEC31A
sp|Q5F3Z1|PYRG2_CHICK,87,NIT,Gallus gallus,9031,CTPS2
sp|Q5F3Z1|PYRG2_CHICK,187,NAT,Gallus gallus,9031,CTPS2
sp|Q5F3Z1|PYRG2_CHICK,420,NST,Gallus gallus,9031,CTPS2
sp|Q5F408|SYCC_CHICK,94,NIT,Gallus gallus,9031,CARS1
sp|Q5F408|SYCC_CHICK,118,NKS,Gallus gallus,9031,CARS1
sp|Q5F408|SYCC_CHICK,265,NGS,Gallus gallus,9031,CARS1
sp|Q5F408|SYCC_CHICK,546,NIS,Gallus gallus,9031,CARS1
sp|Q5F408|SYCC_CHICK,744,NGS,Gallus gallus,9031,CARS1
sp|Q5F418|PSMD1_CHICK,346,NNT,Gallus gallus,9031,PSMD1
sp|Q5F418|PSMD1_CHICK,467,NAS,Gallus gallus,9031,PSMD1
sp|Q5F425|LIN7C_CHICK,72,NAT,Gallus gallus,9031,LIN7C
sp|Q5F457|WBP4_CHICK,60,NMS,Gallus gallus,9031,WBP4
sp|Q5F457|WBP4_CHICK,97,NKT,Gallus gallus,9031,WBP4
sp|Q5F471|PP6R3_CHICK,79,NIS,Gallus gallus,9031,PPP6R3
sp|Q5F471|PP6R3_CHICK,112,NES,Gallus gallus,9031,PPP6R3
sp|Q5F471|PP6R3_CHICK,210,NAS,Gallus gallus,9031,PPP6R3
sp|Q5F471|PP6R3_CHICK,231,NSS,Gallus gallus,9031,PPP6R3
sp|Q5F471|PP6R3_CHICK,261,NES,Gallus gallus,9031,PPP6R3
sp|Q5F471|PP6R3_CHICK,296,NST,Gallus gallus,9031,PPP6R3
sp|Q5F471|PP6R3_CHICK,302,NKS,Gallus gallus,9031,PPP6R3
sp|Q5F471|PP6R3_CHICK,358,NTS,Gallus gallus,9031,PPP6R3
sp|Q5F471|PP6R3_CHICK,409,NGT,Gallus gallus,9031,PPP6R3
sp|Q5F471|PP6R3_CHICK,477,NST,Gallus gallus,9031,PPP6R3
sp|Q5F471|PP6R3_CHICK,577,NVS,Gallus gallus,9031,PPP6R3
sp|Q5F471|PP6R3_CHICK,587,NFT,Gallus gallus,9031,PPP6R3
sp|Q5F471|PP6R3_CHICK,593,NES,Gallus gallus,9031,PPP6R3
sp|Q5F471|PP6R3_CHICK,681,NWS,Gallus gallus,9031,PPP6R3
sp|Q5F471|PP6R3_CHICK,756,NAT,Gallus gallus,9031,PPP6R3
sp|Q5F471|PP6R3_CHICK,794,NGS,Gallus gallus,9031,PPP6R3
sp|Q5F471|PP6R3_CHICK,851,NSS,Gallus gallus,9031,PPP6R3
sp|Q5F477|LDAH_CHICK,123,NVS,Gallus gallus,9031,LDAH
sp|Q5F486|BAG5_CHICK,210,NDT,Gallus gallus,9031,BAG5
sp|Q5F486|BAG5_CHICK,263,NST,Gallus gallus,9031,BAG5
sp|Q5F486|BAG5_CHICK,273,NHS,Gallus gallus,9031,BAG5
sp|Q5F486|BAG5_CHICK,298,NAS,Gallus gallus,9031,BAG5
sp|Q5F486|BAG5_CHICK,378,NLS,Gallus gallus,9031,BAG5
sp|Q5F486|BAG5_CHICK,392,NKT,Gallus gallus,9031,BAG5
sp|Q5F488|MAGI3_CHICK,77,NGT,Gallus gallus,9031,MAGI3
sp|Q5F488|MAGI3_CHICK,251,NGS,Gallus gallus,9031,MAGI3
sp|Q5F488|MAGI3_CHICK,276,NQT,Gallus gallus,9031,MAGI3
sp|Q5F488|MAGI3_CHICK,489,NMT,Gallus gallus,9031,MAGI3
sp|Q5F488|MAGI3_CHICK,832,NSS,Gallus gallus,9031,MAGI3
sp|Q5F489|TAF3_CHICK,375,NQT,Gallus gallus,9031,TAF3
sp|Q5F489|TAF3_CHICK,443,NCS,Gallus gallus,9031,TAF3
sp|Q5F489|TAF3_CHICK,490,NFT,Gallus gallus,9031,TAF3
sp|Q5F495|PHOCN_CHICK,183,NET,Gallus gallus,9031,MOB4
sp|Q5F4A1|G2E3_CHICK,36,NLT,Gallus gallus,9031,G2E3
sp|Q5F4A1|G2E3_CHICK,344,NLS,Gallus gallus,9031,G2E3
sp|Q5F4A1|G2E3_CHICK,371,NCS,Gallus gallus,9031,G2E3
sp|Q5F4A1|G2E3_CHICK,463,NSS,Gallus gallus,9031,G2E3
sp|Q5F4A1|G2E3_CHICK,474,NLS,Gallus gallus,9031,G2E3
sp|Q5F4A1|G2E3_CHICK,630,NLS,Gallus gallus,9031,G2E3
sp|Q5F4A3|AN32E_CHICK,38,NDS,Gallus gallus,9031,ANP32E
sp|Q5F4A3|AN32E_CHICK,89,NLT,Gallus gallus,9031,ANP32E
sp|Q5F4A3|AN32E_CHICK,94,NLS,Gallus gallus,9031,ANP32E
sp|Q5F4B2|SWP70_CHICK,102,NLS,Gallus gallus,9031,SWAP70
sp|Q5F4B2|SWP70_CHICK,167,NTS,Gallus gallus,9031,SWAP70
sp|Q5F4B2|SWP70_CHICK,226,NWT,Gallus gallus,9031,SWAP70
sp|Q5F4B2|SWP70_CHICK,529,NNT,Gallus gallus,9031,SWAP70
sp|Q5F4B3|TMLH_CHICK,191,NVT,Gallus gallus,9031,TMLHE
sp|Q5F4B8|S46A3_CHICK,39,NST,Gallus gallus,9031,SLC46A3
sp|Q5F4B8|S46A3_CHICK,47,NSS,Gallus gallus,9031,SLC46A3
sp|Q5F4B8|S46A3_CHICK,54,NKS,Gallus gallus,9031,SLC46A3
sp|Q5F4C4|SHOC2_CHICK,282,NLS,Gallus gallus,9031,SHOC2
sp|Q5F4C4|SHOC2_CHICK,318,NIS,Gallus gallus,9031,SHOC2
sp|Q5F4C4|SHOC2_CHICK,495,NLT,Gallus gallus,9031,SHOC2
sp|Q5F4C4|SHOC2_CHICK,523,NVS,Gallus gallus,9031,SHOC2
sp|Q5H7N8|ZC3HF_CHICK,247,NVT,Gallus gallus,9031,ZC3H15
sp|Q5H7N8|ZC3HF_CHICK,379,NSS,Gallus gallus,9031,ZC3H15
sp|Q5NDL3|EOGT_CHICK,22,NLT,Gallus gallus,9031,EOGT
sp|Q5NDL3|EOGT_CHICK,271,NNS,Gallus gallus,9031,EOGT
sp|Q5NDL3|EOGT_CHICK,362,NIT,Gallus gallus,9031,EOGT
sp|Q5NDL3|EOGT_CHICK,501,NYS,Gallus gallus,9031,EOGT
sp|Q5R1S9|CAF1B_CHICK,96,NDS,Gallus gallus,9031,CHAF1B
sp|Q5R1S9|CAF1B_CHICK,118,NWT,Gallus gallus,9031,CHAF1B
sp|Q5R1S9|CAF1B_CHICK,208,NVT,Gallus gallus,9031,CHAF1B
sp|Q5R1S9|CAF1B_CHICK,261,NVT,Gallus gallus,9031,CHAF1B
sp|Q5R1S9|CAF1B_CHICK,264,NTT,Gallus gallus,9031,CHAF1B
sp|Q5R2I8|APCD1_CHICK,100,NNT,Gallus gallus,9031,APCDD1
sp|Q5R2I8|APCD1_CHICK,168,NNT,Gallus gallus,9031,APCDD1
sp|Q5R2I8|APCD1_CHICK,319,NNT,Gallus gallus,9031,APCDD1
sp|Q5SDR3|BMI1_CHICK,108,NGS,Gallus gallus,9031,BMI1
sp|Q5SDR3|BMI1_CHICK,294,NGT,Gallus gallus,9031,BMI1
sp|Q5SDR3|BMI1_CHICK,318,NGS,Gallus gallus,9031,BMI1
sp|Q5W4S4|FNIP1_CHICK,105,NSS,Gallus gallus,9031,FNIP1
sp|Q5W4S4|FNIP1_CHICK,253,NKS,Gallus gallus,9031,FNIP1
sp|Q5W4S4|FNIP1_CHICK,287,NLS,Gallus gallus,9031,FNIP1
sp|Q5W4S4|FNIP1_CHICK,596,NCS,Gallus gallus,9031,FNIP1
sp|Q5W4S4|FNIP1_CHICK,828,NFT,Gallus gallus,9031,FNIP1
sp|Q5W4S4|FNIP1_CHICK,927,NES,Gallus gallus,9031,FNIP1
sp|Q5W4S4|FNIP1_CHICK,1088,NLS,Gallus gallus,9031,FNIP1
sp|Q5XXA9|PSIP1_CHICK,102,NTS,Gallus gallus,9031,PSIP1
sp|Q5XXA9|PSIP1_CHICK,142,NNS,Gallus gallus,9031,PSIP1
sp|Q5XXA9|PSIP1_CHICK,488,NKS,Gallus gallus,9031,PSIP1
sp|Q5XXA9|PSIP1_CHICK,501,NKT,Gallus gallus,9031,PSIP1
sp|Q5XXA9|PSIP1_CHICK,537,NQS,Gallus gallus,9031,PSIP1
sp|Q5ZHN1|CHM2A_CHICK,96,NNS,Gallus gallus,9031,CHMP2A
sp|Q5ZHN1|CHM2A_CHICK,174,NLT,Gallus gallus,9031,CHMP2A
sp|Q5ZHN3|WIPI2_CHICK,24,NTS,Gallus gallus,9031,WIPI2
sp|Q5ZHN3|WIPI2_CHICK,94,NYS,Gallus gallus,9031,WIPI2
sp|Q5ZHN4|XRP2_CHICK,76,NCS,Gallus gallus,9031,RP2
sp|Q5ZHN4|XRP2_CHICK,175,NNT,Gallus gallus,9031,RP2
sp|Q5ZHN4|XRP2_CHICK,327,NGT,Gallus gallus,9031,RP2
sp|Q5ZHN9|PGPS1_CHICK,149,NES,Gallus gallus,9031,PGS1
sp|Q5ZHN9|PGPS1_CHICK,210,NET,Gallus gallus,9031,PGS1
sp|Q5ZHN9|PGPS1_CHICK,233,NLS,Gallus gallus,9031,PGS1
sp|Q5ZHN9|PGPS1_CHICK,391,NLT,Gallus gallus,9031,PGS1
sp|Q5ZHP3|CFA20_CHICK,53,NVS,Gallus gallus,9031,CFAP20
sp|Q5ZHP3|CFA20_CHICK,135,NLS,Gallus gallus,9031,CFAP20
sp|Q5ZHP8|METL2_CHICK,51,NSS,Gallus gallus,9031,METTL2
sp|Q5ZHQ6|ACBD5_CHICK,25,NGS,Gallus gallus,9031,ACBD5
sp|Q5ZHQ6|ACBD5_CHICK,134,NST,Gallus gallus,9031,ACBD5
sp|Q5ZHV5|JMJD4_CHICK,244,NQS,Gallus gallus,9031,JMJD4
sp|Q5ZHW7|ABITM_CHICK,66,NCS,Gallus gallus,9031,ABITRAM
sp|Q5ZHW7|ABITM_CHICK,168,NSS,Gallus gallus,9031,ABITRAM
sp|Q5ZHX6|S41A2_CHICK,25,NWT,Gallus gallus,9031,SLC41A2
sp|Q5ZHX6|S41A2_CHICK,134,NIS,Gallus gallus,9031,SLC41A2
sp|Q5ZHX6|S41A2_CHICK,192,NVT,Gallus gallus,9031,SLC41A2
sp|Q5ZHX6|S41A2_CHICK,466,NKS,Gallus gallus,9031,SLC41A2
sp|Q5ZHX7|NB5R2_CHICK,213,NQT,Gallus gallus,9031,CYB5R2
sp|Q5ZHX9|DPH1_CHICK,389,NHT,Gallus gallus,9031,DPH1
sp|Q5ZI03|CIR1_CHICK,150,NAS,Gallus gallus,9031,CIR1
sp|Q5ZI03|CIR1_CHICK,187,NLT,Gallus gallus,9031,CIR1
sp|Q5ZI03|CIR1_CHICK,413,NET,Gallus gallus,9031,CIR1
sp|Q5ZI05|LMBD1_CHICK,75,NGT,Gallus gallus,9031,LMBRD1
sp|Q5ZI05|LMBD1_CHICK,85,NVS,Gallus gallus,9031,LMBRD1
sp|Q5ZI05|LMBD1_CHICK,167,NST,Gallus gallus,9031,LMBRD1
sp|Q5ZI05|LMBD1_CHICK,344,NLT,Gallus gallus,9031,LMBRD1
sp|Q5ZI05|LMBD1_CHICK,445,NKT,Gallus gallus,9031,LMBRD1
sp|Q5ZI05|LMBD1_CHICK,454,NVT,Gallus gallus,9031,LMBRD1
sp|Q5ZI08|SPT5H_CHICK,8,NFS,Gallus gallus,9031,SUPT5H
sp|Q5ZI08|SPT5H_CHICK,653,NFT,Gallus gallus,9031,SUPT5H
sp|Q5ZI16|ADAT1_CHICK,84,NDS,Gallus gallus,9031,ADAT1
sp|Q5ZI20|S39AD_CHICK,9,NGT,Gallus gallus,9031,SLC39A13
sp|Q5ZI20|S39AD_CHICK,181,NGS,Gallus gallus,9031,SLC39A13
sp|Q5ZI20|S39AD_CHICK,200,NST,Gallus gallus,9031,SLC39A13
sp|Q5ZI20|S39AD_CHICK,205,NGS,Gallus gallus,9031,SLC39A13
sp|Q5ZI20|S39AD_CHICK,233,NFT,Gallus gallus,9031,SLC39A13
sp|Q5ZI22|NUP42_CHICK,84,NKS,Gallus gallus,9031,NUP42
sp|Q5ZI22|NUP42_CHICK,143,NVS,Gallus gallus,9031,NUP42
sp|Q5ZI22|NUP42_CHICK,161,NCS,Gallus gallus,9031,NUP42
sp|Q5ZI22|NUP42_CHICK,166,NNT,Gallus gallus,9031,NUP42
sp|Q5ZI22|NUP42_CHICK,193,NAS,Gallus gallus,9031,NUP42
sp|Q5ZI22|NUP42_CHICK,285,NSS,Gallus gallus,9031,NUP42
sp|Q5ZI22|NUP42_CHICK,320,NSS,Gallus gallus,9031,NUP42
sp|Q5ZI22|NUP42_CHICK,359,NVT,Gallus gallus,9031,NUP42
sp|Q5ZI82|P2RY8_CHICK,4,NGS,Gallus gallus,9031,P2RY8
sp|Q5ZI82|P2RY8_CHICK,63,NLS,Gallus gallus,9031,P2RY8
sp|Q5ZIA2|MAP7_CHICK,153,NNS,Gallus gallus,9031,MAP7
sp|Q5ZIA2|MAP7_CHICK,166,NLS,Gallus gallus,9031,MAP7
sp|Q5ZIA2|MAP7_CHICK,188,NSS,Gallus gallus,9031,MAP7
sp|Q5ZIA2|MAP7_CHICK,285,NFS,Gallus gallus,9031,MAP7
sp|Q5ZIA2|MAP7_CHICK,595,NNT,Gallus gallus,9031,MAP7
sp|Q5ZIA5|COPB_CHICK,369,NVT,Gallus gallus,9031,COPB1
sp|Q5ZIA5|COPB_CHICK,662,NVT,Gallus gallus,9031,COPB1
sp|Q5ZIA5|COPB_CHICK,747,NQT,Gallus gallus,9031,COPB1
sp|Q5ZIA5|COPB_CHICK,755,NCT,Gallus gallus,9031,COPB1
sp|Q5ZIA5|COPB_CHICK,908,NVS,Gallus gallus,9031,COPB1
sp|Q5ZIA5|COPB_CHICK,945,NLS,Gallus gallus,9031,COPB1
sp|Q5ZIB2|FBF1_CHICK,341,NSS,Gallus gallus,9031,FBF1
sp|Q5ZIB2|FBF1_CHICK,976,NMS,Gallus gallus,9031,FBF1
sp|Q5ZIB2|FBF1_CHICK,1126,NTS,Gallus gallus,9031,FBF1
sp|Q5ZIB8|PIRK5_CHICK,165,NRS,Gallus gallus,9031,PIK3R5
sp|Q5ZIB8|PIRK5_CHICK,759,NLS,Gallus gallus,9031,PIK3R5
sp|Q5ZIB8|PIRK5_CHICK,778,NLT,Gallus gallus,9031,PIK3R5
sp|Q5ZID1|MED17_CHICK,559,NAS,Gallus gallus,9031,MED17
sp|Q5ZIE4|CHSTA_CHICK,101,NLS,Gallus gallus,9031,CHST10
sp|Q5ZIE4|CHSTA_CHICK,318,NKT,Gallus gallus,9031,CHST10
sp|Q5ZIE6|ULA1_CHICK,38,NAT,Gallus gallus,9031,NAE1
sp|Q5ZIE6|ULA1_CHICK,257,NGT,Gallus gallus,9031,NAE1
sp|Q5ZIE6|ULA1_CHICK,278,NTT,Gallus gallus,9031,NAE1
sp|Q5ZIE6|ULA1_CHICK,297,NLT,Gallus gallus,9031,NAE1
sp|Q5ZIE6|ULA1_CHICK,518,NNT,Gallus gallus,9031,NAE1
sp|Q5ZIE8|MCAF1_CHICK,107,NVT,Gallus gallus,9031,ATF7IP
sp|Q5ZIE8|MCAF1_CHICK,156,NKS,Gallus gallus,9031,ATF7IP
sp|Q5ZIE8|MCAF1_CHICK,300,NES,Gallus gallus,9031,ATF7IP
sp|Q5ZIE8|MCAF1_CHICK,330,NKS,Gallus gallus,9031,ATF7IP
sp|Q5ZIE8|MCAF1_CHICK,500,NLT,Gallus gallus,9031,ATF7IP
sp|Q5ZIE8|MCAF1_CHICK,505,NIT,Gallus gallus,9031,ATF7IP
sp|Q5ZIE8|MCAF1_CHICK,653,NTT,Gallus gallus,9031,ATF7IP
sp|Q5ZIE8|MCAF1_CHICK,658,NNS,Gallus gallus,9031,ATF7IP
sp|Q5ZIE8|MCAF1_CHICK,712,NST,Gallus gallus,9031,ATF7IP
sp|Q5ZIE8|MCAF1_CHICK,730,NST,Gallus gallus,9031,ATF7IP
sp|Q5ZIE8|MCAF1_CHICK,747,NQT,Gallus gallus,9031,ATF7IP
sp|Q5ZIE8|MCAF1_CHICK,801,NQT,Gallus gallus,9031,ATF7IP
sp|Q5ZIE8|MCAF1_CHICK,853,NVT,Gallus gallus,9031,ATF7IP
sp|Q5ZIE8|MCAF1_CHICK,973,NTS,Gallus gallus,9031,ATF7IP
sp|Q5ZIF5|TSN12_CHICK,265,NDT,Gallus gallus,9031,TSPAN12
sp|Q5ZIG2|SLU7_CHICK,408,NHT,Gallus gallus,9031,SLU7
sp|Q5ZIG3|S2546_CHICK,141,NKT,Gallus gallus,9031,SLC25A46
sp|Q5ZIG3|S2546_CHICK,406,NVS,Gallus gallus,9031,SLC25A46
sp|Q5ZIH3|ZNT6_CHICK,352,NLS,Gallus gallus,9031,SLC30A6
sp|Q5ZII6|KISHA_CHICK,35,NKT,Gallus gallus,9031,TMEM167A
sp|Q5ZII9|TFP11_CHICK,341,NLT,Gallus gallus,9031,TFIP11
sp|Q5ZII9|TFP11_CHICK,362,NLS,Gallus gallus,9031,TFIP11
sp|Q5ZIJ9|MIB2_CHICK,60,NRT,Gallus gallus,9031,MIB2
sp|Q5ZIJ9|MIB2_CHICK,148,NLT,Gallus gallus,9031,MIB2
sp|Q5ZIJ9|MIB2_CHICK,666,NQT,Gallus gallus,9031,MIB2
sp|Q5ZIJ9|MIB2_CHICK,818,NLS,Gallus gallus,9031,MIB2
sp|Q5ZIL6|TM41B_CHICK,194,NIT,Gallus gallus,9031,TMEM41B
sp|Q5ZIM5|MAP1_CHICK,233,NET,Gallus gallus,9031,METAP1
sp|Q5ZIN2|SEN2_CHICK,126,NYT,Gallus gallus,9031,TSEN2
sp|Q5ZIN2|SEN2_CHICK,404,NRT,Gallus gallus,9031,TSEN2
sp|Q5ZIN2|SEN2_CHICK,409,NAS,Gallus gallus,9031,TSEN2
sp|Q5ZIP4|XRN2_CHICK,190,NLT,Gallus gallus,9031,XRN2
sp|Q5ZIP4|XRN2_CHICK,445,NRS,Gallus gallus,9031,XRN2
sp|Q5ZIP4|XRN2_CHICK,469,NST,Gallus gallus,9031,XRN2
sp|Q5ZIP4|XRN2_CHICK,476,NTS,Gallus gallus,9031,XRN2
sp|Q5ZIP6|OTU6B_CHICK,135,NLT,Gallus gallus,9031,OTUD6B
sp|Q5ZIP6|OTU6B_CHICK,190,NQT,Gallus gallus,9031,OTUD6B
sp|Q5ZIP6|OTU6B_CHICK,300,NGS,Gallus gallus,9031,OTUD6B
sp|Q5ZIQ3|HNRPK_CHICK,70,NAS,Gallus gallus,9031,HNRNPK
sp|Q5ZIR1|SHLB1_CHICK,264,NQS,Gallus gallus,9031,SH3GLB1
sp|Q5ZIR1|SHLB1_CHICK,321,NSS,Gallus gallus,9031,SH3GLB1
sp|Q5ZIU8|KTNB1_CHICK,22,NVS,Gallus gallus,9031,KATNB1
sp|Q5ZIU8|KTNB1_CHICK,478,NQS,Gallus gallus,9031,KATNB1
sp|Q5ZIU8|KTNB1_CHICK,547,NQT,Gallus gallus,9031,KATNB1
sp|Q5ZIU8|KTNB1_CHICK,627,NIS,Gallus gallus,9031,KATNB1
sp|Q5ZIU8|KTNB1_CHICK,634,NKS,Gallus gallus,9031,KATNB1
sp|Q5ZIW2|CNO10_CHICK,75,NQT,Gallus gallus,9031,CNOT10
sp|Q5ZIW2|CNO10_CHICK,183,NNS,Gallus gallus,9031,CNOT10
sp|Q5ZIW2|CNO10_CHICK,190,NES,Gallus gallus,9031,CNOT10
sp|Q5ZIW2|CNO10_CHICK,194,NNT,Gallus gallus,9031,CNOT10
sp|Q5ZIW2|CNO10_CHICK,483,NGS,Gallus gallus,9031,CNOT10
sp|Q5ZIW2|CNO10_CHICK,506,NKS,Gallus gallus,9031,CNOT10
sp|Q5ZIW2|CNO10_CHICK,598,NVT,Gallus gallus,9031,CNOT10
sp|Q5ZIW7|ATG4A_CHICK,275,NGT,Gallus gallus,9031,ATG4A
sp|Q5ZIY5|2ABD_CHICK,41,NYS,Gallus gallus,9031,PPP2R2D
sp|Q5ZIY5|2ABD_CHICK,65,NKS,Gallus gallus,9031,PPP2R2D
sp|Q5ZIY5|2ABD_CHICK,355,NGS,Gallus gallus,9031,PPP2R2D
sp|Q5ZJ00|EM55_CHICK,52,NGS,Gallus gallus,9031,MPP1
sp|Q5ZJ00|EM55_CHICK,129,NHS,Gallus gallus,9031,MPP1
sp|Q5ZJ01|AB17B_CHICK,3,NLS,Gallus gallus,9031,ABHD17B
sp|Q5ZJ02|ZN326_CHICK,52,NQS,Gallus gallus,9031,ZNF326
sp|Q5ZJ02|ZN326_CHICK,422,NQT,Gallus gallus,9031,ZNF326
sp|Q5ZJ06|MAGT1_CHICK,64,NYS,Gallus gallus,9031,MAGT1
sp|Q5ZJ06|MAGT1_CHICK,208,NKT,Gallus gallus,9031,MAGT1
sp|Q5ZJ07|CCD61_CHICK,354,NST,Gallus gallus,9031,CCDC61
sp|Q5ZJ08|SYYC_CHICK,286,NKT,Gallus gallus,9031,YARS1
sp|Q5ZJ17|RBG1L_CHICK,70,NNS,Gallus gallus,9031,RABGAP1L
sp|Q5ZJ17|RBG1L_CHICK,206,NGT,Gallus gallus,9031,RABGAP1L
sp|Q5ZJ17|RBG1L_CHICK,290,NFS,Gallus gallus,9031,RABGAP1L
sp|Q5ZJ25|VPS51_CHICK,21,NAT,Gallus gallus,9031,VPS51
sp|Q5ZJ27|HOOK1_CHICK,665,NKS,Gallus gallus,9031,HOOK1
sp|Q5ZJ32|SOSSC_CHICK,32,NQS,Gallus gallus,9031,INIP
sp|Q5ZJ41|MARH5_CHICK,61,NST,Gallus gallus,9031,MARCHF5
sp|Q5ZJ43|EXOC8_CHICK,595,NLS,Gallus gallus,9031,EXOC8
sp|Q5ZJ43|EXOC8_CHICK,660,NAS,Gallus gallus,9031,EXOC8
sp|Q5ZJ43|EXOC8_CHICK,692,NAS,Gallus gallus,9031,EXOC8
sp|Q5ZJ54|TCPZ_CHICK,22,NIS,Gallus gallus,9031,CCT6
sp|Q5ZJ54|TCPZ_CHICK,233,NVS,Gallus gallus,9031,CCT6
sp|Q5ZJ56|RL7_CHICK,117,NGT,Gallus gallus,9031,RPL7
sp|Q5ZJ87|SAMTR_CHICK,136,NAS,Gallus gallus,9031,BMT2
sp|Q5ZJ87|SAMTR_CHICK,357,NTS,Gallus gallus,9031,BMT2
sp|Q5ZJA2|CPIN1_CHICK,105,NNS,Gallus gallus,9031,CIAPIN1
sp|Q5ZJA2|CPIN1_CHICK,248,NCT,Gallus gallus,9031,CIAPIN1
sp|Q5ZJB7|CHMP7_CHICK,42,NST,Gallus gallus,9031,CHMP7
sp|Q5ZJD3|LSG1_CHICK,334,NRT,Gallus gallus,9031,LSG1
sp|Q5ZJD3|LSG1_CHICK,354,NFS,Gallus gallus,9031,LSG1
sp|Q5ZJF1|CSN3_CHICK,29,NKS,Gallus gallus,9031,COPS3
sp|Q5ZJF1|CSN3_CHICK,38,NLS,Gallus gallus,9031,COPS3
sp|Q5ZJF3|TAD2A_CHICK,74,NWT,Gallus gallus,9031,TADA2A
sp|Q5ZJF3|TAD2A_CHICK,140,NET,Gallus gallus,9031,TADA2A
sp|Q5ZJF3|TAD2A_CHICK,369,NLT,Gallus gallus,9031,TADA2A
sp|Q5ZJF3|TAD2A_CHICK,428,NKT,Gallus gallus,9031,TADA2A
sp|Q5ZJF6|DDX10_CHICK,568,NRS,Gallus gallus,9031,DDX10
sp|Q5ZJF6|DDX10_CHICK,658,NAS,Gallus gallus,9031,DDX10
sp|Q5ZJH2|NCLN_CHICK,240,NGS,Gallus gallus,9031,NCLN
sp|Q5ZJH5|SKI8_CHICK,30,NGS,Gallus gallus,9031,SKIC8
sp|Q5ZJH5|SKI8_CHICK,283,NGS,Gallus gallus,9031,SKIC8
sp|Q5ZJI0|TPST2_CHICK,341,NNT,Gallus gallus,9031,TPST2
sp|Q5ZJI0|TPST2_CHICK,366,NTS,Gallus gallus,9031,TPST2
sp|Q5ZJI9|UBAC1_CHICK,381,NST,Gallus gallus,9031,UBAC1
sp|Q5ZJI9|UBAC1_CHICK,406,NRT,Gallus gallus,9031,UBAC1
sp|Q5ZJJ5|AKTIP_CHICK,64,NGT,Gallus gallus,9031,AKTIP
sp|Q5ZJK1|THOC5_CHICK,79,NAS,Gallus gallus,9031,THOC5
sp|Q5ZJK8|TCPH_CHICK,402,NDS,Gallus gallus,9031,CCT7
sp|Q5ZJL7|DDB2_CHICK,411,NAS,Gallus gallus,9031,DDB2
sp|Q5ZJM3|NGLY1_CHICK,113,NES,Gallus gallus,9031,NGLY1
sp|Q5ZJM3|NGLY1_CHICK,563,NIS,Gallus gallus,9031,NGLY1
sp|Q5ZJM9|SUMO2_CHICK,68,NET,Gallus gallus,9031,SUMO2
sp|Q5ZJN1|RTF2_CHICK,87,NVT,Gallus gallus,9031,RTF2
sp|Q5ZJQ2|SYFA_CHICK,214,NFS,Gallus gallus,9031,FARSA
sp|Q5ZJQ2|SYFA_CHICK,362,NES,Gallus gallus,9031,FARSA
sp|Q5ZJQ7|SSU72_CHICK,17,NRS,Gallus gallus,9031,SSU72
sp|Q5ZJQ8|UBAC2_CHICK,160,NKT,Gallus gallus,9031,UBAC2
sp|Q5ZJQ8|UBAC2_CHICK,193,NSS,Gallus gallus,9031,UBAC2
sp|Q5ZJR9|TAF1B_CHICK,317,NWT,Gallus gallus,9031,TAF1B
sp|Q5ZJR9|TAF1B_CHICK,340,NKS,Gallus gallus,9031,TAF1B
sp|Q5ZJU0|MOT9_CHICK,122,NAT,Gallus gallus,9031,SLC16A9
sp|Q5ZJU0|MOT9_CHICK,224,NIS,Gallus gallus,9031,SLC16A9
sp|Q5ZJU0|MOT9_CHICK,409,NWS,Gallus gallus,9031,SLC16A9
sp|Q5ZJU5|NUSAP_CHICK,53,NTS,Gallus gallus,9031,NUSAP1
sp|Q5ZJU5|NUSAP_CHICK,103,NDS,Gallus gallus,9031,NUSAP1
sp|Q5ZJU5|NUSAP_CHICK,233,NCS,Gallus gallus,9031,NUSAP1
sp|Q5ZJX0|LAAT1_CHICK,13,NGS,Gallus gallus,9031,SLC66A1
sp|Q5ZJX5|MEAK7_CHICK,408,NFT,Gallus gallus,9031,MEAK7
sp|Q5ZJX7|MB12A_CHICK,206,NLS,Gallus gallus,9031,MVB12A
sp|Q5ZJX7|MB12A_CHICK,249,NYT,Gallus gallus,9031,MVB12A
sp|Q5ZJZ5|BDH_CHICK,124,NSS,Gallus gallus,9031,BDH1
sp|Q5ZJZ5|BDH_CHICK,188,NIS,Gallus gallus,9031,BDH1
sp|Q5ZJZ6|NCBP1_CHICK,45,NSS,Gallus gallus,9031,NCBP1
sp|Q5ZJZ6|NCBP1_CHICK,408,NTT,Gallus gallus,9031,NCBP1
sp|Q5ZJZ6|NCBP1_CHICK,494,NRS,Gallus gallus,9031,NCBP1
sp|Q5ZK01|PELO_CHICK,174,NCS,Gallus gallus,9031,PELO
sp|Q5ZK01|PELO_CHICK,236,NRS,Gallus gallus,9031,PELO
sp|Q5ZK03|SC23A_CHICK,241,NLT,Gallus gallus,9031,SEC23A
sp|Q5ZK03|SC23A_CHICK,338,NRT,Gallus gallus,9031,SEC23A
sp|Q5ZK03|SC23A_CHICK,367,NLT,Gallus gallus,9031,SEC23A
sp|Q5ZK03|SC23A_CHICK,380,NTS,Gallus gallus,9031,SEC23A
sp|Q5ZK03|SC23A_CHICK,596,NNS,Gallus gallus,9031,SEC23A
sp|Q5ZK28|DPOD3_CHICK,128,NCS,Gallus gallus,9031,POLD3
sp|Q5ZK35|MET14_CHICK,433,NRT,Gallus gallus,9031,METTL14
sp|Q5ZK36|ING3_CHICK,190,NNS,Gallus gallus,9031,ING3
sp|Q5ZK36|ING3_CHICK,203,NSS,Gallus gallus,9031,ING3
sp|Q5ZK36|ING3_CHICK,305,NKS,Gallus gallus,9031,ING3
sp|Q5ZK44|ARB2A_CHICK,264,NGS,Gallus gallus,9031,ARB2A
sp|Q5ZK44|ARB2A_CHICK,397,NSS,Gallus gallus,9031,ARB2A
sp|Q5ZK47|STRAA_CHICK,159,NLS,Gallus gallus,9031,STRADA
sp|Q5ZK47|STRAA_CHICK,235,NGT,Gallus gallus,9031,STRADA
sp|Q5ZK55|MIC27_CHICK,221,NRT,Gallus gallus,9031,APOOL
sp|Q5ZK62|ACAP2_CHICK,79,NLT,Gallus gallus,9031,ACAP2
sp|Q5ZK77|BL1S5_CHICK,122,NDT,Gallus gallus,9031,BLOC1S5
sp|Q5ZK82|MPPE1_CHICK,5,NLT,Gallus gallus,9031,MPPE1
sp|Q5ZK82|MPPE1_CHICK,177,NFT,Gallus gallus,9031,MPPE1
sp|Q5ZK82|MPPE1_CHICK,222,NCS,Gallus gallus,9031,MPPE1
sp|Q5ZK88|PSPC1_CHICK,14,NSS,Gallus gallus,9031,PSPC1
sp|Q5ZK88|PSPC1_CHICK,161,NLS,Gallus gallus,9031,PSPC1
sp|Q5ZK88|PSPC1_CHICK,459,NGT,Gallus gallus,9031,PSPC1
sp|Q5ZKA2|SYIM_CHICK,159,NLS,Gallus gallus,9031,IARS2
sp|Q5ZKA2|SYIM_CHICK,778,NLS,Gallus gallus,9031,IARS2
sp|Q5ZKA2|SYIM_CHICK,850,NAS,Gallus gallus,9031,IARS2
sp|Q5ZKA3|CWC22_CHICK,180,NVS,Gallus gallus,9031,CWC22
sp|Q5ZKA3|CWC22_CHICK,876,NKS,Gallus gallus,9031,CWC22
sp|Q5ZKA3|CWC22_CHICK,891,NGS,Gallus gallus,9031,CWC22
sp|Q5ZKA5|MTDC_CHICK,82,NKT,Gallus gallus,9031,MTHFD2
sp|Q5ZKB7|AT134_CHICK,89,NVT,Gallus gallus,9031,ATP13A4
sp|Q5ZKB7|AT134_CHICK,306,NES,Gallus gallus,9031,ATP13A4
sp|Q5ZKB7|AT134_CHICK,761,NKT,Gallus gallus,9031,ATP13A4
sp|Q5ZKB7|AT134_CHICK,814,NAT,Gallus gallus,9031,ATP13A4
sp|Q5ZKB7|AT134_CHICK,1014,NSS,Gallus gallus,9031,ATP13A4
sp|Q5ZKB7|AT134_CHICK,1043,NTT,Gallus gallus,9031,ATP13A4
sp|Q5ZKB7|AT134_CHICK,1173,NET,Gallus gallus,9031,ATP13A4
sp|Q5ZKC1|EIF2A_CHICK,63,NVT,Gallus gallus,9031,EIF2A
sp|Q5ZKC1|EIF2A_CHICK,215,NKS,Gallus gallus,9031,EIF2A
sp|Q5ZKD4|NPL_CHICK,25,NLS,Gallus gallus,9031,NPL
sp|Q5ZKD4|NPL_CHICK,48,NGT,Gallus gallus,9031,NPL
sp|Q5ZKE5|CAB45_CHICK,33,NNS,Gallus gallus,9031,SDF4
sp|Q5ZKF6|5NT3B_CHICK,89,NRT,Gallus gallus,9031,NT5C3B
sp|Q5ZKF6|5NT3B_CHICK,203,NNS,Gallus gallus,9031,NT5C3B
sp|Q5ZKH6|HDAC9_CHICK,74,NLT,Gallus gallus,9031,hdac9
sp|Q5ZKH6|HDAC9_CHICK,169,NHS,Gallus gallus,9031,hdac9
sp|Q5ZKH6|HDAC9_CHICK,332,NIT,Gallus gallus,9031,hdac9
sp|Q5ZKH6|HDAC9_CHICK,391,NSS,Gallus gallus,9031,hdac9
sp|Q5ZKH6|HDAC9_CHICK,449,NRT,Gallus gallus,9031,hdac9
sp|Q5ZKI0|KCC2D_CHICK,313,NFS,Gallus gallus,9031,CAMK2D
sp|Q5ZKI0|KCC2D_CHICK,335,NTT,Gallus gallus,9031,CAMK2D
sp|Q5ZKI6|GXLT1_CHICK,69,NLS,Gallus gallus,9031,GXYLT1
sp|Q5ZKI6|GXLT1_CHICK,166,NYT,Gallus gallus,9031,GXYLT1
sp|Q5ZKI6|GXLT1_CHICK,271,NMT,Gallus gallus,9031,GXYLT1
sp|Q5ZKI6|GXLT1_CHICK,305,NIT,Gallus gallus,9031,GXYLT1
sp|Q5ZKI6|GXLT1_CHICK,380,NYS,Gallus gallus,9031,GXYLT1
sp|Q5ZKJ0|CLP1L_CHICK,92,NVS,Gallus gallus,9031,CLPTM1L
sp|Q5ZKJ0|CLP1L_CHICK,102,NGT,Gallus gallus,9031,CLPTM1L
sp|Q5ZKJ0|CLP1L_CHICK,229,NRS,Gallus gallus,9031,CLPTM1L
sp|Q5ZKJ0|CLP1L_CHICK,387,NDS,Gallus gallus,9031,CLPTM1L
sp|Q5ZKK1|MARE2_CHICK,22,NGT,Gallus gallus,9031,MAPRE2
sp|Q5ZKK1|MARE2_CHICK,74,NYT,Gallus gallus,9031,MAPRE2
sp|Q5ZKK3|APC5_CHICK,366,NKS,Gallus gallus,9031,ANAPC5
sp|Q5ZKK3|APC5_CHICK,461,NNT,Gallus gallus,9031,ANAPC5
sp|Q5ZKK4|MESD_CHICK,187,NKT,Gallus gallus,9031,mesd
sp|Q5ZKK5|ODFP2_CHICK,3,NRS,Gallus gallus,9031,ODF2
sp|Q5ZKK5|ODFP2_CHICK,264,NRT,Gallus gallus,9031,ODF2
sp|Q5ZKK5|ODFP2_CHICK,788,NRS,Gallus gallus,9031,ODF2
sp|Q5ZKL9|PARI_CHICK,139,NVS,Gallus gallus,9031,PARPBP
sp|Q5ZKL9|PARI_CHICK,144,NGS,Gallus gallus,9031,PARPBP
sp|Q5ZKL9|PARI_CHICK,559,NRT,Gallus gallus,9031,PARPBP
sp|Q5ZKN5|FA53A_CHICK,11,NQS,Gallus gallus,9031,FAM53A
sp|Q5ZKN5|FA53A_CHICK,33,NKS,Gallus gallus,9031,FAM53A
sp|Q5ZKN5|FA53A_CHICK,197,NTS,Gallus gallus,9031,FAM53A
sp|Q5ZKN5|FA53A_CHICK,257,NST,Gallus gallus,9031,FAM53A
sp|Q5ZKQ8|ARL8A_CHICK,64,NVT,Gallus gallus,9031,ARL8A
sp|Q5ZKQ8|ARL8A_CHICK,148,NLS,Gallus gallus,9031,ARL8A
sp|Q5ZKV4|NUBP2_CHICK,191,NMS,Gallus gallus,9031,NUBP2
sp|Q5ZKV9|VPS50_CHICK,451,NET,Gallus gallus,9031,VPS50
sp|Q5ZKV9|VPS50_CHICK,594,NTT,Gallus gallus,9031,VPS50
sp|Q5ZKV9|VPS50_CHICK,642,NDT,Gallus gallus,9031,VPS50
sp|Q5ZKV9|VPS50_CHICK,841,NRT,Gallus gallus,9031,VPS50
sp|Q5ZKX1|CHM1B_CHICK,138,NTT,Gallus gallus,9031,CHMP1B
sp|Q5ZKX6|UBE2F_CHICK,108,NIT,Gallus gallus,9031,UBE2F
sp|Q5ZKY2|ATG7_CHICK,6,NES,Gallus gallus,9031,ATG7
sp|Q5ZKY2|ATG7_CHICK,79,NAS,Gallus gallus,9031,ATG7
sp|Q5ZKY2|ATG7_CHICK,242,NLS,Gallus gallus,9031,ATG7
sp|Q5ZKY2|ATG7_CHICK,324,NLS,Gallus gallus,9031,ATG7
sp|Q5ZKY2|ATG7_CHICK,440,NMS,Gallus gallus,9031,ATG7
sp|Q5ZKY2|ATG7_CHICK,451,NFS,Gallus gallus,9031,ATG7
sp|Q5ZKY2|ATG7_CHICK,676,NSS,Gallus gallus,9031,ATG7
sp|Q5ZKZ4|DJC16_CHICK,579,NDT,Gallus gallus,9031,DNAJC16
sp|Q5ZKZ4|DJC16_CHICK,627,NST,Gallus gallus,9031,DNAJC16
sp|Q5ZL00|EMC1_CHICK,279,NAS,Gallus gallus,9031,EMC1
sp|Q5ZL00|EMC1_CHICK,362,NQT,Gallus gallus,9031,EMC1
sp|Q5ZL00|EMC1_CHICK,808,NAT,Gallus gallus,9031,EMC1
sp|Q5ZL00|EMC1_CHICK,903,NQT,Gallus gallus,9031,EMC1
sp|Q5ZL05|CRCM1_CHICK,151,NSS,Gallus gallus,9031,ORAI1
sp|Q5ZL16|WIPI3_CHICK,152,NNS,Gallus gallus,9031,WDR45B
sp|Q5ZL23|AB1IP_CHICK,53,NES,Gallus gallus,9031,APBB1IP
sp|Q5ZL23|AB1IP_CHICK,186,NST,Gallus gallus,9031,APBB1IP
sp|Q5ZL23|AB1IP_CHICK,280,NES,Gallus gallus,9031,APBB1IP
sp|Q5ZL35|ARGL1_CHICK,24,NRS,Gallus gallus,9031,ARGLU1
sp|Q5ZL54|KHDC4_CHICK,106,NKS,Gallus gallus,9031,KHDC4
sp|Q5ZL54|KHDC4_CHICK,588,NAS,Gallus gallus,9031,KHDC4
sp|Q5ZL57|COPD_CHICK,448,NKS,Gallus gallus,9031,ARCN1
sp|Q5ZL95|TET5C_CHICK,71,NGS,Gallus gallus,9031,TENT5C
sp|Q5ZL95|TET5C_CHICK,314,NES,Gallus gallus,9031,TENT5C
sp|Q5ZL95|TET5C_CHICK,348,NAT,Gallus gallus,9031,TENT5C
sp|Q5ZL95|TET5C_CHICK,366,NFS,Gallus gallus,9031,TENT5C
sp|Q5ZL98|RPC1_CHICK,163,NGT,Gallus gallus,9031,POLR3A
sp|Q5ZL98|RPC1_CHICK,355,NLS,Gallus gallus,9031,POLR3A
sp|Q5ZL98|RPC1_CHICK,634,NDS,Gallus gallus,9031,POLR3A
sp|Q5ZL98|RPC1_CHICK,791,NIS,Gallus gallus,9031,POLR3A
sp|Q5ZL98|RPC1_CHICK,815,NRS,Gallus gallus,9031,POLR3A
sp|Q5ZL98|RPC1_CHICK,992,NGT,Gallus gallus,9031,POLR3A
sp|Q5ZL98|RPC1_CHICK,1062,NIT,Gallus gallus,9031,POLR3A
sp|Q5ZL98|RPC1_CHICK,1075,NAS,Gallus gallus,9031,POLR3A
sp|Q5ZL98|RPC1_CHICK,1249,NNT,Gallus gallus,9031,POLR3A
sp|Q5ZLA5|EIF3E_CHICK,143,NYS,Gallus gallus,9031,EIF3E
sp|Q5ZLA5|EIF3E_CHICK,198,NNS,Gallus gallus,9031,EIF3E
sp|Q5ZLA5|EIF3E_CHICK,361,NMT,Gallus gallus,9031,EIF3E
sp|Q5ZLA5|EIF3E_CHICK,427,NQS,Gallus gallus,9031,EIF3E
sp|Q5ZLA9|TM263_CHICK,2,NQT,Gallus gallus,9031,TMEM263
sp|Q5ZLD7|VPS53_CHICK,438,NLS,Gallus gallus,9031,VPS53
sp|Q5ZLD7|VPS53_CHICK,585,NLT,Gallus gallus,9031,VPS53
sp|Q5ZLE6|EIF3H_CHICK,262,NVS,Gallus gallus,9031,EIF3H
sp|Q5ZLE9|N4BP1_CHICK,160,NES,Gallus gallus,9031,N4BP1
sp|Q5ZLE9|N4BP1_CHICK,327,NDS,Gallus gallus,9031,N4BP1
sp|Q5ZLE9|N4BP1_CHICK,432,NSS,Gallus gallus,9031,N4BP1
sp|Q5ZLE9|N4BP1_CHICK,456,NET,Gallus gallus,9031,N4BP1
sp|Q5ZLE9|N4BP1_CHICK,510,NST,Gallus gallus,9031,N4BP1
sp|Q5ZLE9|N4BP1_CHICK,698,NIT,Gallus gallus,9031,N4BP1
sp|Q5ZLF0|F10A1_CHICK,336,NMS,Gallus gallus,9031,ST13
sp|Q5ZLG3|UTP25_CHICK,195,NSS,Gallus gallus,9031,UTP25
sp|Q5ZLG3|UTP25_CHICK,538,NWS,Gallus gallus,9031,UTP25
sp|Q5ZLG3|UTP25_CHICK,601,NLT,Gallus gallus,9031,UTP25
sp|Q5ZLG3|UTP25_CHICK,652,NFT,Gallus gallus,9031,UTP25
sp|Q5ZLG8|TAPT1_CHICK,285,NKS,Gallus gallus,9031,TAPT1
sp|Q5ZLG8|TAPT1_CHICK,512,NGS,Gallus gallus,9031,TAPT1
sp|Q5ZLG9|WDR59_CHICK,413,NRS,Gallus gallus,9031,WDR59
sp|Q5ZLG9|WDR59_CHICK,476,NQS,Gallus gallus,9031,WDR59
sp|Q5ZLH4|TM230_CHICK,7,NLS,Gallus gallus,9031,TMEM230
sp|Q5ZLK1|DCA13_CHICK,46,NAT,Gallus gallus,9031,DCAF13
sp|Q5ZLK1|DCA13_CHICK,95,NLT,Gallus gallus,9031,DCAF13
sp|Q5ZLK1|DCA13_CHICK,355,NAS,Gallus gallus,9031,DCAF13
sp|Q5ZLK2|UBX2B_CHICK,308,NQT,Gallus gallus,9031,UBXN2B
sp|Q5ZLK4|GBGT1_CHICK,104,NLT,Gallus gallus,9031,GBGT1
sp|Q5ZLK6|KI18B_CHICK,103,NCS,Gallus gallus,9031,KIF18B
sp|Q5ZLK6|KI18B_CHICK,210,NRT,Gallus gallus,9031,KIF18B
sp|Q5ZLK6|KI18B_CHICK,219,NAT,Gallus gallus,9031,KIF18B
sp|Q5ZLK6|KI18B_CHICK,279,NRS,Gallus gallus,9031,KIF18B
sp|Q5ZLK6|KI18B_CHICK,596,NTS,Gallus gallus,9031,KIF18B
sp|Q5ZLK6|KI18B_CHICK,681,NVT,Gallus gallus,9031,KIF18B
sp|Q5ZLK6|KI18B_CHICK,754,NAS,Gallus gallus,9031,KIF18B
sp|Q5ZLK7|HYOU1_CHICK,146,NYS,Gallus gallus,9031,HYOU1
sp|Q5ZLK7|HYOU1_CHICK,507,NLT,Gallus gallus,9031,HYOU1
sp|Q5ZLK7|HYOU1_CHICK,589,NLT,Gallus gallus,9031,HYOU1
sp|Q5ZLK7|HYOU1_CHICK,835,NHS,Gallus gallus,9031,HYOU1
sp|Q5ZLK7|HYOU1_CHICK,867,NET,Gallus gallus,9031,HYOU1
sp|Q5ZLK7|HYOU1_CHICK,874,NET,Gallus gallus,9031,HYOU1
sp|Q5ZLK7|HYOU1_CHICK,926,NAT,Gallus gallus,9031,HYOU1
sp|Q5ZLK7|HYOU1_CHICK,935,NAT,Gallus gallus,9031,HYOU1
sp|Q5ZLL5|COQ5_CHICK,41,NVS,Gallus gallus,9031,COQ5
sp|Q5ZLL5|COQ5_CHICK,66,NDS,Gallus gallus,9031,COQ5
sp|Q5ZLL5|COQ5_CHICK,128,NLS,Gallus gallus,9031,COQ5
sp|Q5ZLL5|COQ5_CHICK,205,NVT,Gallus gallus,9031,COQ5
sp|Q5ZLL6|MSMO1_CHICK,4,NDS,Gallus gallus,9031,MSMO1
sp|Q5ZLL6|MSMO1_CHICK,43,NYT,Gallus gallus,9031,MSMO1
sp|Q5ZLL7|WDR91_CHICK,192,NES,Gallus gallus,9031,WDR91
sp|Q5ZLL7|WDR91_CHICK,570,NCT,Gallus gallus,9031,WDR91
sp|Q5ZLM0|CDC73_CHICK,401,NET,Gallus gallus,9031,CDC73
sp|Q5ZLM2|DBR1_CHICK,297,NVT,Gallus gallus,9031,DBR1
sp|Q5ZLM2|DBR1_CHICK,340,NFT,Gallus gallus,9031,DBR1
sp|Q5ZLN5|TADBP_CHICK,345,NQS,Gallus gallus,9031,TARDBP
sp|Q5ZLN5|TADBP_CHICK,371,NNS,Gallus gallus,9031,TARDBP
sp|Q5ZLN8|DDX55_CHICK,518,NKS,Gallus gallus,9031,DDX55
sp|Q5ZLN8|DDX55_CHICK,556,NDT,Gallus gallus,9031,DDX55
sp|Q5ZLQ4|IREB2_CHICK,27,NVS,Gallus gallus,9031,IREB2
sp|Q5ZLQ4|IREB2_CHICK,243,NTS,Gallus gallus,9031,IREB2
sp|Q5ZLQ4|IREB2_CHICK,391,NVT,Gallus gallus,9031,IREB2
sp|Q5ZLR1|WLS_CHICK,8,NMS,Gallus gallus,9031,WLS
sp|Q5ZLR1|WLS_CHICK,406,NIS,Gallus gallus,9031,WLS
sp|Q5ZLR2|IKZF5_CHICK,152,NLS,Gallus gallus,9031,IKZF5
sp|Q5ZLR2|IKZF5_CHICK,198,NLS,Gallus gallus,9031,IKZF5
sp|Q5ZLR2|IKZF5_CHICK,325,NYS,Gallus gallus,9031,IKZF5
sp|Q5ZLR4|ESRP2_CHICK,540,NRS,Gallus gallus,9031,ESRP2
sp|Q5ZLR4|ESRP2_CHICK,606,NYT,Gallus gallus,9031,ESRP2
sp|Q5ZLS3|BRE1A_CHICK,393,NES,Gallus gallus,9031,RNF20
sp|Q5ZLV2|PPIL3_CHICK,97,NGS,Gallus gallus,9031,PPIL3
sp|Q5ZLY0|PHAX_CHICK,104,NQS,Gallus gallus,9031,PHAX
sp|Q5ZLY0|PHAX_CHICK,283,NGT,Gallus gallus,9031,PHAX
sp|Q5ZLY5|PKHF2_CHICK,84,NVT,Gallus gallus,9031,PLEKHF2
sp|Q5ZM13|HYCCI_CHICK,366,NSS,Gallus gallus,9031,HYCC1
sp|Q5ZM13|HYCCI_CHICK,369,NTS,Gallus gallus,9031,HYCC1
sp|Q5ZM19|NCBP3_CHICK,167,NMS,Gallus gallus,9031,NCBP3
sp|Q5ZM25|OLA1_CHICK,60,NES,Gallus gallus,9031,OLA1
sp|Q5ZM25|OLA1_CHICK,230,NLS,Gallus gallus,9031,OLA1
sp|Q5ZM25|OLA1_CHICK,286,NMT,Gallus gallus,9031,OLA1
sp|Q5ZM30|RPR1A_CHICK,149,NCS,Gallus gallus,9031,RPRD1A
sp|Q5ZM35|TWF2_CHICK,22,NGS,Gallus gallus,9031,TWF2
sp|Q5ZM45|UBP48_CHICK,276,NAT,Gallus gallus,9031,USP48
sp|Q5ZM45|UBP48_CHICK,882,NVS,Gallus gallus,9031,USP48
sp|Q5ZM45|UBP48_CHICK,906,NQS,Gallus gallus,9031,USP48
sp|Q5ZM45|UBP48_CHICK,950,NQT,Gallus gallus,9031,USP48
sp|Q5ZM55|FEM1B_CHICK,26,NRS,Gallus gallus,9031,FEM1B
sp|Q5ZM55|FEM1B_CHICK,115,NHT,Gallus gallus,9031,FEM1B
sp|Q5ZM55|FEM1B_CHICK,121,NST,Gallus gallus,9031,FEM1B
sp|Q5ZM55|FEM1B_CHICK,146,NIS,Gallus gallus,9031,FEM1B
sp|Q5ZM55|FEM1B_CHICK,304,NRT,Gallus gallus,9031,FEM1B
sp|Q5ZM55|FEM1B_CHICK,493,NSS,Gallus gallus,9031,FEM1B
sp|Q5ZM55|FEM1B_CHICK,609,NIS,Gallus gallus,9031,FEM1B
sp|Q5ZM72|FACR1_CHICK,118,NET,Gallus gallus,9031,FAR1
sp|Q5ZM72|FACR1_CHICK,283,NMT,Gallus gallus,9031,FAR1
sp|Q5ZM72|FACR1_CHICK,304,NCT,Gallus gallus,9031,FAR1
sp|Q5ZM72|FACR1_CHICK,341,NLT,Gallus gallus,9031,FAR1
sp|Q5ZM72|FACR1_CHICK,405,NMT,Gallus gallus,9031,FAR1
sp|Q5ZM73|MIRO1_CHICK,118,NKS,Gallus gallus,9031,RHOT1
sp|Q5ZM73|MIRO1_CHICK,154,NRS,Gallus gallus,9031,RHOT1
sp|Q5ZM73|MIRO1_CHICK,236,NVS,Gallus gallus,9031,RHOT1
sp|Q5ZM73|MIRO1_CHICK,346,NNT,Gallus gallus,9031,RHOT1
sp|Q5ZM83|MIRO2_CHICK,118,NKS,Gallus gallus,9031,RHOT2
sp|Q5ZM83|MIRO2_CHICK,154,NIS,Gallus gallus,9031,RHOT2
sp|Q5ZM83|MIRO2_CHICK,194,NLS,Gallus gallus,9031,RHOT2
sp|Q5ZM83|MIRO2_CHICK,236,NTT,Gallus gallus,9031,RHOT2
sp|Q5ZM88|ASXL2_CHICK,113,NSS,Gallus gallus,9031,ASXL2
sp|Q5ZM88|ASXL2_CHICK,229,NSS,Gallus gallus,9031,ASXL2
sp|Q5ZM88|ASXL2_CHICK,233,NST,Gallus gallus,9031,ASXL2
sp|Q5ZM88|ASXL2_CHICK,401,NTS,Gallus gallus,9031,ASXL2
sp|Q5ZM88|ASXL2_CHICK,781,NCS,Gallus gallus,9031,ASXL2
sp|Q5ZM88|ASXL2_CHICK,856,NIT,Gallus gallus,9031,ASXL2
sp|Q5ZM88|ASXL2_CHICK,930,NSS,Gallus gallus,9031,ASXL2
sp|Q5ZM88|ASXL2_CHICK,1078,NSS,Gallus gallus,9031,ASXL2
sp|Q5ZM88|ASXL2_CHICK,1106,NIS,Gallus gallus,9031,ASXL2
sp|Q5ZM88|ASXL2_CHICK,1162,NES,Gallus gallus,9031,ASXL2
sp|Q5ZM88|ASXL2_CHICK,1197,NSS,Gallus gallus,9031,ASXL2
sp|Q5ZM88|ASXL2_CHICK,1305,NVS,Gallus gallus,9031,ASXL2
sp|Q5ZM88|ASXL2_CHICK,1354,NHS,Gallus gallus,9031,ASXL2
sp|Q5ZM96|QTRT2_CHICK,109,NKT,Gallus gallus,9031,QTRT2
sp|Q5ZMA6|NADE_CHICK,198,NSS,Gallus gallus,9031,NADSYN1
sp|Q5ZMA6|NADE_CHICK,422,NSS,Gallus gallus,9031,NADSYN1
sp|Q5ZMA6|NADE_CHICK,661,NYS,Gallus gallus,9031,NADSYN1
sp|Q5ZMA6|NADE_CHICK,677,NTT,Gallus gallus,9031,NADSYN1
sp|Q5ZMD4|TRI59_CHICK,43,NFS,Gallus gallus,9031,TRIM59
sp|Q5ZMD4|TRI59_CHICK,239,NTS,Gallus gallus,9031,TRIM59
sp|Q5ZMD6|H2AZ_CHICK,72,NAS,Gallus gallus,9031,H2AFZ
sp|Q5ZME2|MDHC_CHICK,151,NFS,Gallus gallus,9031,MDH1
sp|Q5ZME2|MDHC_CHICK,186,NHS,Gallus gallus,9031,MDH1
sp|Q5ZME8|SMU1_CHICK,242,NFT,Gallus gallus,9031,SMU1
sp|Q5ZME8|SMU1_CHICK,417,NRS,Gallus gallus,9031,SMU1
sp|Q5ZMG0|DOPD_CHICK,39,NVT,Gallus gallus,9031,DDT
sp|Q5ZMG0|DOPD_CHICK,111,NRT,Gallus gallus,9031,DDT
sp|Q5ZMH6|METL9_CHICK,89,NNS,Gallus gallus,9031,METTL9
sp|Q5ZMJ4|GLPK5_CHICK,126,NRS,Gallus gallus,9031,GK5
sp|Q5ZMJ4|GLPK5_CHICK,211,NAS,Gallus gallus,9031,GK5
sp|Q5ZMJ4|GLPK5_CHICK,435,NNS,Gallus gallus,9031,GK5
sp|Q5ZML1|IMA5_CHICK,16,NKS,Gallus gallus,9031,KPNA1
sp|Q5ZML1|IMA5_CHICK,140,NCT,Gallus gallus,9031,KPNA1
sp|Q5ZML1|IMA5_CHICK,266,NDT,Gallus gallus,9031,KPNA1
sp|Q5ZML1|IMA5_CHICK,336,NCS,Gallus gallus,9031,KPNA1
sp|Q5ZML1|IMA5_CHICK,364,NIT,Gallus gallus,9031,KPNA1
sp|Q5ZML1|IMA5_CHICK,406,NAT,Gallus gallus,9031,KPNA1
sp|Q5ZML4|CHRD1_CHICK,260,NST,Gallus gallus,9031,CHORDC1
sp|Q5ZML4|CHRD1_CHICK,294,NMT,Gallus gallus,9031,CHORDC1
sp|Q5ZMN0|AN32B_CHICK,89,NLT,Gallus gallus,9031,ANP32B
sp|Q5ZMN0|AN32B_CHICK,94,NLS,Gallus gallus,9031,ANP32B
sp|Q5ZMN3|PHB2_CHICK,103,NIS,Gallus gallus,9031,PHB2
sp|Q5ZMN3|PHB2_CHICK,149,NAS,Gallus gallus,9031,PHB2
sp|Q5ZMN3|PHB2_CHICK,259,NIS,Gallus gallus,9031,PHB2
sp|Q5ZMP6|AP2M1_CHICK,327,NTS,Gallus gallus,9031,AP2M1
sp|Q5ZMP6|AP2M1_CHICK,410,NYS,Gallus gallus,9031,AP2M1
sp|Q5ZMP7|AP3M1_CHICK,9,NCS,Gallus gallus,9031,AP3M1
sp|Q5ZMP7|AP3M1_CHICK,285,NSS,Gallus gallus,9031,AP3M1
sp|Q5ZMP7|AP3M1_CHICK,322,NLT,Gallus gallus,9031,AP3M1
sp|Q5ZMT7|ADCK1_CHICK,453,NMS,Gallus gallus,9031,ADCK1
sp|Q5ZMT9|INSI1_CHICK,85,NVT,Gallus gallus,9031,INSIG1
sp|Q5ZMU0|RT07_CHICK,151,NIT,Gallus gallus,9031,MRPS7
sp|Q5ZMV7|WDR82_CHICK,236,NNS,Gallus gallus,9031,WDR82
sp|Q5ZMW0|AGO4_CHICK,206,NVT,Gallus gallus,9031,AGO4
sp|Q5ZMW0|AGO4_CHICK,282,NQT,Gallus gallus,9031,AGO4
sp|Q5ZMW0|AGO4_CHICK,349,NKT,Gallus gallus,9031,AGO4
sp|Q5ZMW6|MDM1_CHICK,333,NNS,Gallus gallus,9031,MDM1
sp|Q5ZMW6|MDM1_CHICK,342,NSS,Gallus gallus,9031,MDM1
sp|Q64HY5|SP8_CHICK,65,NGS,Gallus gallus,9031,SP8
sp|Q6AW68|SC16B_CHICK,205,NDT,Gallus gallus,9031,SEC16B
sp|Q6AW68|SC16B_CHICK,334,NGS,Gallus gallus,9031,SEC16B
sp|Q6PVW7|ZPBP2_CHICK,110,NLT,Gallus gallus,9031,ZPBP2
sp|Q6PVW7|ZPBP2_CHICK,309,NIT,Gallus gallus,9031,ZPBP2
sp|Q6R748|STXB1_CHICK,398,NVS,Gallus gallus,9031,STXBP1
sp|Q6R748|STXB1_CHICK,586,NKT,Gallus gallus,9031,STXBP1
sp|Q6XK22|R9BP_CHICK,204,NKS,Gallus gallus,9031,RGS9BP
sp|Q6ZXC3|TRH_CHICK,256,NET,Gallus gallus,9031,TRH
sp|Q701R0|SIAT2_CHICK,167,NWS,Gallus gallus,9031,ST6GAL2
sp|Q701R0|SIAT2_CHICK,308,NSS,Gallus gallus,9031,ST6GAL2
sp|Q701R0|SIAT2_CHICK,338,NKT,Gallus gallus,9031,ST6GAL2
sp|Q76MS9|MSTN1_CHICK,25,NLS,Gallus gallus,9031,MUSTN1
sp|Q7T199|KCA10_CHICK,64,NET,Gallus gallus,9031,KCNA10
sp|Q7T199|KCA10_CHICK,261,NTT,Gallus gallus,9031,KCNA10
sp|Q7T199|KCA10_CHICK,339,NMS,Gallus gallus,9031,KCNA10
sp|Q7T199|KCA10_CHICK,496,NDS,Gallus gallus,9031,KCNA10
sp|Q7T199|KCA10_CHICK,503,NKT,Gallus gallus,9031,KCNA10
sp|Q7T2L7|I17RD_CHICK,57,NIT,Gallus gallus,9031,IL17RD
sp|Q7T2L7|I17RD_CHICK,64,NCT,Gallus gallus,9031,IL17RD
sp|Q7T2L7|I17RD_CHICK,82,NIT,Gallus gallus,9031,IL17RD
sp|Q7T2L7|I17RD_CHICK,173,NES,Gallus gallus,9031,IL17RD
sp|Q7T2L7|I17RD_CHICK,208,NVT,Gallus gallus,9031,IL17RD
sp|Q7T2L7|I17RD_CHICK,264,NVT,Gallus gallus,9031,IL17RD
sp|Q7T2L7|I17RD_CHICK,279,NTT,Gallus gallus,9031,IL17RD
sp|Q7T2L7|I17RD_CHICK,415,NES,Gallus gallus,9031,IL17RD
sp|Q7T2L7|I17RD_CHICK,528,NVS,Gallus gallus,9031,IL17RD
sp|Q7T2U9|TFCP2_CHICK,295,NSS,Gallus gallus,9031,TFCP2
sp|Q7T2U9|TFCP2_CHICK,307,NGS,Gallus gallus,9031,TFCP2
sp|Q7T2U9|TFCP2_CHICK,351,NFS,Gallus gallus,9031,TFCP2
sp|Q7T2U9|TFCP2_CHICK,488,NDS,Gallus gallus,9031,TFCP2
sp|Q7ZZR3|BRNP1_CHICK,156,NAT,Gallus gallus,9031,BRINP1
sp|Q7ZZR3|BRNP1_CHICK,433,NNS,Gallus gallus,9031,BRINP1
sp|Q7ZZR3|BRNP1_CHICK,443,NIS,Gallus gallus,9031,BRINP1
sp|Q7ZZR3|BRNP1_CHICK,553,NSS,Gallus gallus,9031,BRINP1
sp|Q7ZZR3|BRNP1_CHICK,599,NWT,Gallus gallus,9031,BRINP1
sp|Q7ZZR3|BRNP1_CHICK,631,NET,Gallus gallus,9031,BRINP1
sp|Q7ZZR3|BRNP1_CHICK,677,NQS,Gallus gallus,9031,BRINP1
sp|Q800L3|MED22_CHICK,32,NFT,Gallus gallus,9031,MED22
sp|Q801X6|PHAR1_CHICK,91,NES,Gallus gallus,9031,PHACTR1
sp|Q801X6|PHAR1_CHICK,251,NKT,Gallus gallus,9031,PHACTR1
sp|Q801X6|PHAR1_CHICK,271,NVT,Gallus gallus,9031,PHACTR1
sp|Q802T2|ALG6_CHICK,59,NTS,Gallus gallus,9031,ALG6
sp|Q8AWB5|FUT10_CHICK,107,NKT,Gallus gallus,9031,FUT10
sp|Q8AWB5|FUT10_CHICK,165,NHT,Gallus gallus,9031,FUT10
sp|Q8AWB5|FUT10_CHICK,315,NKS,Gallus gallus,9031,FUT10
sp|Q8AWB5|FUT10_CHICK,462,NFT,Gallus gallus,9031,FUT10
sp|Q8AWC7|FUT11_CHICK,79,NDT,Gallus gallus,9031,FUT11
sp|Q8AWC7|FUT11_CHICK,178,NYT,Gallus gallus,9031,FUT11
sp|Q8AWC7|FUT11_CHICK,330,NLS,Gallus gallus,9031,FUT11
sp|Q8AWC7|FUT11_CHICK,483,NES,Gallus gallus,9031,FUT11
sp|Q8AWW5|CRIM1_CHICK,83,NES,Gallus gallus,9031,CRIM1
sp|Q8AWW5|CRIM1_CHICK,486,NCT,Gallus gallus,9031,CRIM1
sp|Q8AWW5|CRIM1_CHICK,758,NVS,Gallus gallus,9031,CRIM1
sp|Q8AWW5|CRIM1_CHICK,913,NWS,Gallus gallus,9031,CRIM1
sp|Q8AXP2|CCD80_CHICK,58,NLS,Gallus gallus,9031,CCDC80
sp|Q8AXP2|CCD80_CHICK,475,NRT,Gallus gallus,9031,CCDC80
sp|Q8AXP2|CCD80_CHICK,488,NVT,Gallus gallus,9031,CCDC80
sp|Q8AXP2|CCD80_CHICK,675,NNS,Gallus gallus,9031,CCDC80
sp|Q8AXP2|CCD80_CHICK,843,NGS,Gallus gallus,9031,CCDC80
sp|Q8AYS7|CENPI_CHICK,20,NQT,Gallus gallus,9031,CENPI
sp|Q8AYS7|CENPI_CHICK,274,NST,Gallus gallus,9031,CENPI
sp|Q8AYS7|CENPI_CHICK,326,NES,Gallus gallus,9031,CENPI
sp|Q8AYS7|CENPI_CHICK,367,NCS,Gallus gallus,9031,CENPI
sp|Q8AYS7|CENPI_CHICK,514,NTT,Gallus gallus,9031,CENPI
sp|Q8JFP1|IF4A2_CHICK,393,NTT,Gallus gallus,9031,EIF4A2
sp|Q8JFQ4|RDM1_CHICK,133,NVS,Gallus gallus,9031,RDM1
sp|Q8JIF5|ERAL1_CHICK,250,NSS,Gallus gallus,9031,ERAL1
sp|Q8JIF5|ERAL1_CHICK,291,NSS,Gallus gallus,9031,ERAL1
sp|Q8QFV0|KCNT1_CHICK,98,NFS,Gallus gallus,9031,KCNT1
sp|Q8QFV0|KCNT1_CHICK,131,NYT,Gallus gallus,9031,KCNT1
sp|Q8QFV0|KCNT1_CHICK,136,NQS,Gallus gallus,9031,KCNT1
sp|Q8QFV0|KCNT1_CHICK,142,NWS,Gallus gallus,9031,KCNT1
sp|Q8QFV0|KCNT1_CHICK,341,NYS,Gallus gallus,9031,KCNT1
sp|Q8QFV0|KCNT1_CHICK,582,NKS,Gallus gallus,9031,KCNT1
sp|Q8QFV0|KCNT1_CHICK,605,NIT,Gallus gallus,9031,KCNT1
sp|Q8QFV0|KCNT1_CHICK,664,NSS,Gallus gallus,9031,KCNT1
sp|Q8QFV0|KCNT1_CHICK,674,NGS,Gallus gallus,9031,KCNT1
sp|Q8QFV0|KCNT1_CHICK,925,NGS,Gallus gallus,9031,KCNT1
sp|Q8QFX1|RIMB2_CHICK,178,NTS,Gallus gallus,9031,RIMBP2
sp|Q8QFX1|RIMB2_CHICK,254,NET,Gallus gallus,9031,RIMBP2
sp|Q8QFX1|RIMB2_CHICK,272,NHS,Gallus gallus,9031,RIMBP2
sp|Q8QFX1|RIMB2_CHICK,376,NIS,Gallus gallus,9031,RIMBP2
sp|Q8QFX1|RIMB2_CHICK,419,NIT,Gallus gallus,9031,RIMBP2
sp|Q8QFX1|RIMB2_CHICK,435,NYS,Gallus gallus,9031,RIMBP2
sp|Q8QFX1|RIMB2_CHICK,541,NVT,Gallus gallus,9031,RIMBP2
sp|Q8QFX1|RIMB2_CHICK,817,NKT,Gallus gallus,9031,RIMBP2
sp|Q8QFX1|RIMB2_CHICK,1015,NRT,Gallus gallus,9031,RIMBP2
sp|Q8QFX1|RIMB2_CHICK,1019,NLS,Gallus gallus,9031,RIMBP2
sp|Q8QGQ8|PER2_CHICK,27,NIS,Gallus gallus,9031,PER2
sp|Q8QGQ8|PER2_CHICK,49,NHS,Gallus gallus,9031,PER2
sp|Q8QGQ8|PER2_CHICK,89,NET,Gallus gallus,9031,PER2
sp|Q8QGQ8|PER2_CHICK,94,NYS,Gallus gallus,9031,PER2
sp|Q8QGQ8|PER2_CHICK,141,NQS,Gallus gallus,9031,PER2
sp|Q8QGQ8|PER2_CHICK,211,NES,Gallus gallus,9031,PER2
sp|Q8QGQ8|PER2_CHICK,219,NVS,Gallus gallus,9031,PER2
sp|Q8QGQ8|PER2_CHICK,498,NYT,Gallus gallus,9031,PER2
sp|Q8QGQ8|PER2_CHICK,538,NGS,Gallus gallus,9031,PER2
sp|Q8QGQ8|PER2_CHICK,672,NSS,Gallus gallus,9031,PER2
sp|Q8QGQ8|PER2_CHICK,841,NGT,Gallus gallus,9031,PER2
sp|Q8QGQ8|PER2_CHICK,887,NTT,Gallus gallus,9031,PER2
sp|Q8QGQ8|PER2_CHICK,975,NNS,Gallus gallus,9031,PER2
sp|Q8UVC3|INVS_CHICK,2,NIS,Gallus gallus,9031,INVS
sp|Q8UVC3|INVS_CHICK,247,NVT,Gallus gallus,9031,INVS
sp|Q8UVC3|INVS_CHICK,351,NMT,Gallus gallus,9031,INVS
sp|Q8UVC3|INVS_CHICK,747,NGT,Gallus gallus,9031,INVS
sp|Q8UVC3|INVS_CHICK,793,NVS,Gallus gallus,9031,INVS
sp|Q8UVC3|INVS_CHICK,850,NAT,Gallus gallus,9031,INVS
sp|Q8UVC3|INVS_CHICK,1006,NHS,Gallus gallus,9031,INVS
sp|Q8UVC3|INVS_CHICK,1023,NKT,Gallus gallus,9031,INVS
sp|Q8UVJ7|CDHR1_CHICK,60,NGT,Gallus gallus,9031,CDHR1
sp|Q8UVJ7|CDHR1_CHICK,91,NVT,Gallus gallus,9031,CDHR1
sp|Q8UVJ7|CDHR1_CHICK,290,NGS,Gallus gallus,9031,CDHR1
sp|Q8UVJ7|CDHR1_CHICK,300,NTT,Gallus gallus,9031,CDHR1
sp|Q8UVJ7|CDHR1_CHICK,388,NDS,Gallus gallus,9031,CDHR1
sp|Q8UVJ7|CDHR1_CHICK,646,NIT,Gallus gallus,9031,CDHR1
sp|Q8UVJ7|CDHR1_CHICK,811,NTT,Gallus gallus,9031,CDHR1
sp|Q8UVJ7|CDHR1_CHICK,857,NAS,Gallus gallus,9031,CDHR1
sp|Q90577|SRCA_CHICK,280,NVT,Gallus gallus,9031,SRL
sp|Q90577|SRCA_CHICK,388,NVS,Gallus gallus,9031,SRL
sp|Q90596|MAFK_CHICK,97,NSS,Gallus gallus,9031,MAFK
sp|Q90610|NEO1_CHICK,39,NCS,,,
sp|Q90610|NEO1_CHICK,176,NAT,,,
sp|Q90610|NEO1_CHICK,292,NET,,,
sp|Q90610|NEO1_CHICK,456,NLT,,,
sp|Q90610|NEO1_CHICK,475,NTS,,,
sp|Q90610|NEO1_CHICK,625,NLT,,,
sp|Q90610|NEO1_CHICK,700,NGT,,,
sp|Q90610|NEO1_CHICK,894,NAT,,,
sp|Q90610|NEO1_CHICK,1131,NGS,,,
sp|Q90610|NEO1_CHICK,1283,NST,,,
sp|Q90615|ITA1_CHICK,2,NMT,Gallus gallus,9031,ITGA1
sp|Q90615|ITA1_CHICK,40,NVS,Gallus gallus,9031,ITGA1
sp|Q90615|ITA1_CHICK,208,NLS,Gallus gallus,9031,ITGA1
sp|Q90615|ITA1_CHICK,232,NVS,Gallus gallus,9031,ITGA1
sp|Q90625|ZBT17_CHICK,112,NSS,Gallus gallus,9031,ZBTB17
sp|Q90625|ZBT17_CHICK,168,NES,Gallus gallus,9031,ZBTB17
sp|Q90635|DPYL2_CHICK,244,NQT,Gallus gallus,9031,DPYSL2
sp|Q90635|DPYL2_CHICK,347,NFT,Gallus gallus,9031,DPYSL2
sp|Q90635|DPYL2_CHICK,356,NGT,Gallus gallus,9031,DPYSL2
sp|Q90635|DPYL2_CHICK,426,NIS,Gallus gallus,9031,DPYSL2
sp|Q90635|DPYL2_CHICK,567,NIT,Gallus gallus,9031,DPYSL2
sp|Q90641|IPKA_CHICK,34,NSS,Gallus gallus,9031,PKIA
sp|Q90643|IRF3_CHICK,179,NIS,Gallus gallus,9031,IRF3
sp|Q90643|IRF3_CHICK,468,NVS,Gallus gallus,9031,IRF3
sp|Q90665|SEM4D_CHICK,102,NLS,Gallus gallus,9031,SEMA4D
sp|Q90665|SEM4D_CHICK,205,NGT,Gallus gallus,9031,SEMA4D
sp|Q90673|PRLD1_CHICK,90,NRT,Gallus gallus,9031,PRELID1
sp|Q90673|PRLD1_CHICK,120,NSS,Gallus gallus,9031,PRELID1
sp|Q90673|PRLD1_CHICK,154,NVT,Gallus gallus,9031,PRELID1
sp|Q90678|PAFA_CHICK,331,NDT,Gallus gallus,9031,PLA2G7
sp|Q90679|THYN1_CHICK,102,NQT,Gallus gallus,9031,THYN1
sp|Q90686|CATK_CHICK,108,NGT,Gallus gallus,9031,CTSK
sp|Q90701|TEAD3_CHICK,7,NAS,Gallus gallus,9031,TEAD3
sp|Q90701|TEAD3_CHICK,302,NST,Gallus gallus,9031,TEAD3
sp|Q90701|TEAD3_CHICK,324,NMT,Gallus gallus,9031,TEAD3
sp|Q90701|TEAD3_CHICK,391,NFT,Gallus gallus,9031,TEAD3
sp|Q90732|PRS4_CHICK,241,NQT,Gallus gallus,9031,PSMC1
sp|Q90805|CNG1_CHICK,143,NFS,,,
sp|Q90805|CNG1_CHICK,146,NNT,,,
sp|Q90805|CNG1_CHICK,381,NVS,,,
sp|Q90805|CNG1_CHICK,449,NAS,,,
sp|Q90830|CRTAP_CHICK,76,NCS,Gallus gallus,9031,CRTAP
sp|Q90837|ERG_CHICK,76,NGS,Gallus gallus,9031,ERG
sp|Q90837|ERG_CHICK,117,NMT,Gallus gallus,9031,ERG
sp|Q90837|ERG_CHICK,233,NTS,Gallus gallus,9031,ERG
sp|Q90839|DKK3_CHICK,88,NES,Gallus gallus,9031,DKK3
sp|Q90839|DKK3_CHICK,98,NKT,Gallus gallus,9031,DKK3
sp|Q90839|DKK3_CHICK,113,NRT,Gallus gallus,9031,DKK3
sp|Q90839|DKK3_CHICK,196,NGT,Gallus gallus,9031,DKK3
sp|Q90839|DKK3_CHICK,282,NET,Gallus gallus,9031,DKK3
sp|Q90872|IFNA3_CHICK,65,NAS,Gallus gallus,9031,IFNA3
sp|Q90872|IFNA3_CHICK,71,NDT,Gallus gallus,9031,IFNA3
sp|Q90872|IFNA3_CHICK,108,NDS,Gallus gallus,9031,IFNA3
sp|Q90872|IFNA3_CHICK,186,NLT,Gallus gallus,9031,IFNA3
sp|Q90875|ACOHC_CHICK,23,NLS,Gallus gallus,9031,ACO1
sp|Q90875|ACOHC_CHICK,348,NSS,Gallus gallus,9031,ACO1
sp|Q90875|ACOHC_CHICK,439,NTS,Gallus gallus,9031,ACO1
sp|Q90876|IRF1_CHICK,133,NKS,Gallus gallus,9031,IRF1
sp|Q90876|IRF1_CHICK,178,NTS,Gallus gallus,9031,IRF1
sp|Q90881|LHX9_CHICK,165,NKT,Gallus gallus,9031,LHX9
sp|Q90881|LHX9_CHICK,217,NGT,Gallus gallus,9031,LHX9
sp|Q90889|MAFG_CHICK,20,NGT,Gallus gallus,9031,MAFG
sp|Q90889|MAFG_CHICK,97,NAS,Gallus gallus,9031,MAFG
sp|Q90890|LY86_CHICK,17,NAS,Gallus gallus,9031,LY86
sp|Q90941|PB1_CHICK,236,NGT,Gallus gallus,9031,PBRM1
sp|Q90941|PB1_CHICK,301,NLT,Gallus gallus,9031,PBRM1
sp|Q90941|PB1_CHICK,323,NSS,Gallus gallus,9031,PBRM1
sp|Q90941|PB1_CHICK,669,NYT,Gallus gallus,9031,PBRM1
sp|Q90941|PB1_CHICK,771,NVT,Gallus gallus,9031,PBRM1
sp|Q90941|PB1_CHICK,853,NRT,Gallus gallus,9031,PBRM1
sp|Q90941|PB1_CHICK,1000,NET,Gallus gallus,9031,PBRM1
sp|Q90941|PB1_CHICK,1261,NES,Gallus gallus,9031,PBRM1
sp|Q90941|PB1_CHICK,1381,NMS,Gallus gallus,9031,PBRM1
sp|Q90941|PB1_CHICK,1486,NVS,Gallus gallus,9031,PBRM1
sp|Q90963|PRRX2_CHICK,19,NRT,Gallus gallus,9031,PRRX2
sp|Q90963|PRRX2_CHICK,24,NSS,Gallus gallus,9031,PRRX2
sp|Q90963|PRRX2_CHICK,54,NLS,Gallus gallus,9031,PRRX2
sp|Q90963|PRRX2_CHICK,81,NRS,Gallus gallus,9031,PRRX2
sp|Q90977|E2F1_CHICK,110,NLT,Gallus gallus,9031,E2F1
sp|Q90986|LY6E_CHICK,96,NIS,Gallus gallus,9031,LY6E
sp|Q90WG2|SPINW_CHICK,197,NDS,Gallus gallus,9031,SPINW
sp|Q90WI4|MXRA8_CHICK,41,NIS,Gallus gallus,9031,MXRA8
sp|Q90WI4|MXRA8_CHICK,121,NFS,Gallus gallus,9031,MXRA8
sp|Q90WI4|MXRA8_CHICK,246,NIT,Gallus gallus,9031,MXRA8
sp|Q90WI4|MXRA8_CHICK,304,NLT,Gallus gallus,9031,MXRA8
sp|Q90XD2|SPEB_CHICK,96,NAS,Gallus gallus,9031,AGMAT
sp|Q90YC9|NBL1_CHICK,38,NIT,Gallus gallus,9031,NBL1
sp|Q90YH9|TES_CHICK,103,NIS,Gallus gallus,9031,TES
sp|Q90YH9|TES_CHICK,119,NQT,Gallus gallus,9031,TES
sp|Q90YJ9|CLAT_CHICK,105,NSS,Gallus gallus,9031,CHAT
sp|Q90YJ9|CLAT_CHICK,291,NDT,Gallus gallus,9031,CHAT
sp|Q90YJ9|CLAT_CHICK,501,NYT,Gallus gallus,9031,CHAT
sp|Q90ZD5|CRDL1_CHICK,120,NGT,Gallus gallus,9031,CHRDL1
sp|Q90ZD5|CRDL1_CHICK,295,NIT,Gallus gallus,9031,CHRDL1
sp|Q90ZN1|NR13_CHICK,152,NST,Gallus gallus,9031,NR13
sp|Q91012|T22D1_CHICK,110,NNS,Gallus gallus,9031,TSC22D1
sp|Q91012|T22D1_CHICK,196,NGS,Gallus gallus,9031,TSC22D1
sp|Q91012|T22D1_CHICK,313,NLS,Gallus gallus,9031,TSC22D1
sp|Q91012|T22D1_CHICK,316,NIT,Gallus gallus,9031,TSC22D1
sp|Q91012|T22D1_CHICK,343,NGT,Gallus gallus,9031,TSC22D1
sp|Q91012|T22D1_CHICK,354,NVT,Gallus gallus,9031,TSC22D1
sp|Q91012|T22D1_CHICK,444,NVS,Gallus gallus,9031,TSC22D1
sp|Q91379|NR2E1_CHICK,47,NRT,Gallus gallus,9031,NR2E1
sp|Q91379|NR2E1_CHICK,171,NGT,Gallus gallus,9031,NR2E1
sp|Q91955|MTPN_CHICK,29,NRT,Gallus gallus,9031,MTPN
sp|Q91955|MTPN_CHICK,68,NIT,Gallus gallus,9031,MTPN
sp|Q91957|XIRP1_CHICK,154,NQS,Gallus gallus,9031,Xirp1
sp|Q91957|XIRP1_CHICK,1111,NDT,Gallus gallus,9031,Xirp1
sp|Q91957|XIRP1_CHICK,1538,NTS,Gallus gallus,9031,Xirp1
sp|Q91957|XIRP1_CHICK,1676,NVS,Gallus gallus,9031,Xirp1
sp|Q91957|XIRP1_CHICK,1709,NQT,Gallus gallus,9031,Xirp1
sp|Q91957|XIRP1_CHICK,1784,NST,Gallus gallus,9031,Xirp1
sp|Q91957|XIRP1_CHICK,1824,NNS,Gallus gallus,9031,Xirp1
sp|Q91957|XIRP1_CHICK,1828,NRS,Gallus gallus,9031,Xirp1
sp|Q91975|DBX2_CHICK,134,NSS,Gallus gallus,9031,DBX2
sp|Q92010|ZBT14_CHICK,155,NDT,Gallus gallus,9031,ZBTB14
sp|Q92056|ASMT_CHICK,204,NCT,Gallus gallus,9031,ASMT
sp|Q92080|NARE_CHICK,63,NRT,Gallus gallus,9031,MADPRT
sp|Q92080|NARE_CHICK,69,NET,Gallus gallus,9031,MADPRT
sp|Q92080|NARE_CHICK,119,NAT,Gallus gallus,9031,MADPRT
sp|Q92080|NARE_CHICK,237,NST,Gallus gallus,9031,MADPRT
sp|Q98892|OBCAM_CHICK,37,NVT,Gallus gallus,9031,OPCML
sp|Q98892|OBCAM_CHICK,63,NRS,Gallus gallus,9031,OPCML
sp|Q98892|OBCAM_CHICK,133,NIS,Gallus gallus,9031,OPCML
sp|Q98892|OBCAM_CHICK,277,NVS,Gallus gallus,9031,OPCML
sp|Q98892|OBCAM_CHICK,285,NYT,Gallus gallus,9031,OPCML
sp|Q98892|OBCAM_CHICK,298,NAS,Gallus gallus,9031,OPCML
sp|Q98919|LSAMP_CHICK,40,NIT,,,
sp|Q98919|LSAMP_CHICK,66,NRS,,,
sp|Q98919|LSAMP_CHICK,136,NIS,,,
sp|Q98919|LSAMP_CHICK,148,NVT,,,
sp|Q98919|LSAMP_CHICK,279,NVT,,,
sp|Q98919|LSAMP_CHICK,287,NYT,,,
sp|Q98919|LSAMP_CHICK,300,NAS,,,
sp|Q98919|LSAMP_CHICK,315,NGS,,,
sp|Q98924|HXA9_CHICK,141,NLT,Gallus gallus,9031,HOXA9
sp|Q98925|IRF2_CHICK,268,NTS,Gallus gallus,9031,IRF2
sp|Q98925|IRF2_CHICK,300,NSS,Gallus gallus,9031,IRF2
sp|Q98937|FOXD1_CHICK,194,NLS,Gallus gallus,9031,FOXD1
sp|Q98937|FOXD1_CHICK,229,NGS,Gallus gallus,9031,FOXD1
sp|Q98948|SSBP3_CHICK,49,NIT,Gallus gallus,9031,SSBP3
sp|Q98948|SSBP3_CHICK,269,NSS,Gallus gallus,9031,SSBP3
sp|Q98948|SSBP3_CHICK,312,NGS,Gallus gallus,9031,SSBP3
sp|Q98948|SSBP3_CHICK,330,NIS,Gallus gallus,9031,SSBP3
sp|Q98948|SSBP3_CHICK,359,NYS,Gallus gallus,9031,SSBP3
sp|Q98SH3|ADRM1_CHICK,140,NAS,Gallus gallus,9031,ADRM1
sp|Q98SH3|ADRM1_CHICK,162,NMS,Gallus gallus,9031,ADRM1
sp|Q98ST6|PI15_CHICK,26,NST,Gallus gallus,9031,PI15
sp|Q98ST6|PI15_CHICK,36,NFT,Gallus gallus,9031,PI15
sp|Q98ST6|PI15_CHICK,124,NLS,Gallus gallus,9031,PI15
sp|Q9DDD1|GP149_CHICK,7,NLS,Gallus gallus,9031,GPR149
sp|Q9DDD1|GP149_CHICK,11,NGT,Gallus gallus,9031,GPR149
sp|Q9DDD1|GP149_CHICK,19,NHS,Gallus gallus,9031,GPR149
sp|Q9DDD1|GP149_CHICK,63,NKS,Gallus gallus,9031,GPR149
sp|Q9DDD1|GP149_CHICK,133,NKT,Gallus gallus,9031,GPR149
sp|Q9DDD1|GP149_CHICK,139,NCS,Gallus gallus,9031,GPR149
sp|Q9DDD1|GP149_CHICK,396,NLS,Gallus gallus,9031,GPR149
sp|Q9DDD1|GP149_CHICK,631,NIS,Gallus gallus,9031,GPR149
sp|Q9DDD1|GP149_CHICK,678,NIT,Gallus gallus,9031,GPR149
sp|Q9DDN6|NPY2R_CHICK,11,NQT,Gallus gallus,9031,NPY2R
sp|Q9DE09|HMX1_CHICK,268,NLS,Gallus gallus,9031,HMX1
sp|Q9DE13|BAZ2B_CHICK,113,NGS,Gallus gallus,9031,BAZ2B
sp|Q9DE13|BAZ2B_CHICK,119,NST,Gallus gallus,9031,BAZ2B
sp|Q9DE13|BAZ2B_CHICK,361,NTS,Gallus gallus,9031,BAZ2B
sp|Q9DE13|BAZ2B_CHICK,426,NHS,Gallus gallus,9031,BAZ2B
sp|Q9DE13|BAZ2B_CHICK,468,NES,Gallus gallus,9031,BAZ2B
sp|Q9DE13|BAZ2B_CHICK,484,NLS,Gallus gallus,9031,BAZ2B
sp|Q9DE13|BAZ2B_CHICK,495,NRT,Gallus gallus,9031,BAZ2B
sp|Q9DE13|BAZ2B_CHICK,1098,NVS,Gallus gallus,9031,BAZ2B
sp|Q9DE13|BAZ2B_CHICK,1363,NTT,Gallus gallus,9031,BAZ2B
sp|Q9DE13|BAZ2B_CHICK,1426,NTS,Gallus gallus,9031,BAZ2B
sp|Q9DE13|BAZ2B_CHICK,1714,NWS,Gallus gallus,9031,BAZ2B
sp|Q9DE13|BAZ2B_CHICK,2013,NFT,Gallus gallus,9031,BAZ2B
sp|Q9DEQ4|SFRP1_CHICK,173,NAT,Gallus gallus,9031,SFRP1
sp|Q9DG09|STAR_CHICK,19,NVT,Gallus gallus,9031,STAR
sp|Q9DG25|POPD3_CHICK,4,NAS,Gallus gallus,9031,POPDC3
sp|Q9DG25|POPD3_CHICK,298,NCS,Gallus gallus,9031,POPDC3
sp|Q9DG67|RA54B_CHICK,53,NAS,Gallus gallus,9031,RAD54B
sp|Q9DG67|RA54B_CHICK,64,NQS,Gallus gallus,9031,RAD54B
sp|Q9DG67|RA54B_CHICK,68,NFT,Gallus gallus,9031,RAD54B
sp|Q9DG67|RA54B_CHICK,86,NST,Gallus gallus,9031,RAD54B
sp|Q9DG67|RA54B_CHICK,265,NDT,Gallus gallus,9031,RAD54B
sp|Q9DG67|RA54B_CHICK,276,NAS,Gallus gallus,9031,RAD54B
sp|Q9DG67|RA54B_CHICK,445,NSS,Gallus gallus,9031,RAD54B
sp|Q9DG67|RA54B_CHICK,456,NLS,Gallus gallus,9031,RAD54B
sp|Q9DG67|RA54B_CHICK,675,NYT,Gallus gallus,9031,RAD54B
sp|Q9DG67|RA54B_CHICK,825,NSS,Gallus gallus,9031,RAD54B
sp|Q9DG67|RA54B_CHICK,902,NVS,Gallus gallus,9031,RAD54B
sp|Q9DG67|RA54B_CHICK,909,NVT,Gallus gallus,9031,RAD54B
sp|Q9DG67|RA54B_CHICK,912,NAT,Gallus gallus,9031,RAD54B
sp|Q9DGD1|MGT4C_CHICK,70,NIS,Gallus gallus,9031,MGAT4C
sp|Q9DGD1|MGT4C_CHICK,201,NLS,Gallus gallus,9031,MGAT4C
sp|Q9I8C7|ACH10_CHICK,42,NYS,Gallus gallus,9031,CHRNA10
sp|Q9I8C7|ACH10_CHICK,58,NVT,Gallus gallus,9031,CHRNA10
sp|Q9I8D0|VPP1_CHICK,273,NQT,Gallus gallus,9031,ATP6V0A1
sp|Q9I8D0|VPP1_CHICK,358,NQT,Gallus gallus,9031,ATP6V0A1
sp|Q9I8D0|VPP1_CHICK,365,NKT,Gallus gallus,9031,ATP6V0A1
sp|Q9I8D0|VPP1_CHICK,489,NWS,Gallus gallus,9031,ATP6V0A1
sp|Q9I8F4|TPD53_CHICK,82,NFS,Gallus gallus,9031,TPD52L1
sp|Q9I8K7|CITE3_CHICK,63,NLS,Gallus gallus,9031,CITED3
sp|Q9IA03|FZD8_CHICK,105,NQS,Gallus gallus,9031,FZD8
sp|Q9IA03|FZD8_CHICK,194,NCS,Gallus gallus,9031,FZD8
sp|Q9IAL1|VSX2_CHICK,160,NQS,Gallus gallus,9031,VSX2
sp|Q9PTL2|SPY2_CHICK,129,NSS,Gallus gallus,9031,SPRY2
sp|Q9PTS8|ACHA9_CHICK,5,NLS,Gallus gallus,9031,CHRNA9
sp|Q9PTS8|ACHA9_CHICK,59,NVT,Gallus gallus,9031,CHRNA9
sp|Q9PTS8|ACHA9_CHICK,172,NLT,Gallus gallus,9031,CHRNA9
sp|Q9PTS8|ACHA9_CHICK,359,NCT,Gallus gallus,9031,CHRNA9
sp|Q9PTS8|ACHA9_CHICK,406,NKS,Gallus gallus,9031,CHRNA9
sp|Q9PTW1|FZD6_CHICK,144,NRT,Gallus gallus,9031,FZD6
sp|Q9PTW3|FZD3_CHICK,33,NAS,Gallus gallus,9031,FZD3
sp|Q9PU45|RADI_CHICK,23,NTT,Gallus gallus,9031,RDX
sp|Q9PU45|RADI_CHICK,247,NIS,Gallus gallus,9031,RDX
sp|Q9PVN2|VAX1_CHICK,38,NIS,Gallus gallus,9031,VAX1
sp|Q9PVN2|VAX1_CHICK,61,NKS,Gallus gallus,9031,VAX1
sp|Q9PVN2|VAX1_CHICK,137,NLS,Gallus gallus,9031,VAX1
sp|Q9PVX0|RX2_CHICK,125,NRT,Gallus gallus,9031,RX2
sp|Q9PVX0|RX2_CHICK,293,NTS,Gallus gallus,9031,RX2
sp|Q9PWA0|RGS17_CHICK,25,NNT,Gallus gallus,9031,RGS17
sp|Q9PWA1|RGS20_CHICK,133,NKS,Gallus gallus,9031,RGS20
sp|Q9PWR4|VSIG1_CHICK,38,NAT,Gallus gallus,9031,VSIG1
sp|Q9PWR4|VSIG1_CHICK,97,NAS,Gallus gallus,9031,VSIG1
sp|Q9PWR4|VSIG1_CHICK,199,NLT,Gallus gallus,9031,VSIG1
sp|Q9PWR4|VSIG1_CHICK,218,NST,Gallus gallus,9031,VSIG1
sp|Q9PWR4|VSIG1_CHICK,300,NAT,Gallus gallus,9031,VSIG1
sp|Q9W676|LDB2_CHICK,113,NSS,Gallus gallus,9031,LDB2
sp|Q9W676|LDB2_CHICK,190,NIT,Gallus gallus,9031,LDB2
sp|Q9W676|LDB2_CHICK,198,NFT,Gallus gallus,9031,LDB2
sp|Q9W676|LDB2_CHICK,224,NLS,Gallus gallus,9031,LDB2
sp|Q9W676|LDB2_CHICK,262,NST,Gallus gallus,9031,LDB2
sp|Q9W676|LDB2_CHICK,269,NSS,Gallus gallus,9031,LDB2
sp|Q9W676|LDB2_CHICK,277,NST,Gallus gallus,9031,LDB2
sp|Q9W676|LDB2_CHICK,289,NLS,Gallus gallus,9031,LDB2
sp|Q9W676|LDB2_CHICK,339,NNS,Gallus gallus,9031,LDB2
sp|Q9W676|LDB2_CHICK,346,NNS,Gallus gallus,9031,LDB2
sp|Q9W6H0|MIME_CHICK,61,NVS,Gallus gallus,9031,OGN
sp|Q9W6H0|MIME_CHICK,241,NIT,Gallus gallus,9031,OGN
sp|Q9W6H0|MIME_CHICK,254,NNT,Gallus gallus,9031,OGN
sp|Q9W757|SOX10_CHICK,33,NSS,Gallus gallus,9031,SOX10
sp|Q9W757|SOX10_CHICK,89,NGS,Gallus gallus,9031,SOX10
sp|Q9W757|SOX10_CHICK,92,NKS,Gallus gallus,9031,SOX10
sp|Q9W757|SOX10_CHICK,140,NES,Gallus gallus,9031,SOX10
sp|Q9W770|SPON1_CHICK,209,NWS,Gallus gallus,9031,SPON1
sp|Q9W770|SPON1_CHICK,442,NWS,Gallus gallus,9031,SPON1
sp|Q9W770|SPON1_CHICK,676,NTS,Gallus gallus,9031,SPON1
sp|Q9YGL7|PIT1_CHICK,72,NVS,Gallus gallus,9031,POU1F1
sp|Q9YGS0|IRX4_CHICK,147,NAT,Gallus gallus,9031,IRX4
sp|Q9YGS0|IRX4_CHICK,427,NTT,Gallus gallus,9031,IRX4
sp|Q9YH13|HXC8_CHICK,121,NSS,Gallus gallus,9031,HOXC8
sp|Q9YH13|HXC8_CHICK,132,NSS,Gallus gallus,9031,HOXC8
sp|A1KXM5|CBY2_CHICK,161,NRT,Gallus gallus,9031,CBY2
sp|A1KXM5|CBY2_CHICK,192,NTT,Gallus gallus,9031,CBY2
sp|A1KXM5|CBY2_CHICK,221,NDT,Gallus gallus,9031,CBY2
sp|A2BDG0|SPRN_CHICK,87,NGT,Gallus gallus,9031,SPRN
sp|A8C754|THADA_CHICK,178,NRS,Gallus gallus,9031,THADA
sp|A8C754|THADA_CHICK,699,NKT,Gallus gallus,9031,THADA
sp|A8C754|THADA_CHICK,1243,NSS,Gallus gallus,9031,THADA
sp|A8C754|THADA_CHICK,1645,NST,Gallus gallus,9031,THADA
sp|B7FF67|SNTAN_CHICK,65,NNS,Gallus gallus,9031,SNTN
sp|E1C2P3|HSP7E_CHICK,59,NVS,Gallus gallus,9031,HSPA14
sp|E1C2P3|HSP7E_CHICK,290,NVS,Gallus gallus,9031,HSPA14
sp|E1C2Z0|MMS22_CHICK,110,NSS,Gallus gallus,9031,MMS22L
sp|E1C2Z0|MMS22_CHICK,245,NLT,Gallus gallus,9031,MMS22L
sp|E1C2Z0|MMS22_CHICK,250,NLT,Gallus gallus,9031,MMS22L
sp|E1C2Z0|MMS22_CHICK,253,NIS,Gallus gallus,9031,MMS22L
sp|E1C2Z0|MMS22_CHICK,422,NLS,Gallus gallus,9031,MMS22L
sp|F1NVK6|TM237_CHICK,328,NGS,Gallus gallus,9031,TMEM237
sp|O13268|PSA7_CHICK,175,NYT,Gallus gallus,9031,PSMA7
sp|O42148|OAZ1_CHICK,22,NKS,Gallus gallus,9031,OAZ
sp|O42148|OAZ1_CHICK,79,NLS,Gallus gallus,9031,OAZ
sp|O42148|OAZ1_CHICK,92,NVT,Gallus gallus,9031,OAZ
sp|O42148|OAZ1_CHICK,101,NRT,Gallus gallus,9031,OAZ
sp|O42273|TENP_CHICK,265,NMT,Gallus gallus,9031,TENP
sp|O42282|RDS2_CHICK,229,NNS,,,
sp|O42282|RDS2_CHICK,354,NVT,,,
sp|O93277|WDR1_CHICK,394,NLS,Gallus gallus,9031,WDR1
sp|O93532|K2CO_CHICK,295,NRS,,,
sp|O93532|K2CO_CHICK,434,NIS,,,
sp|O93603|TRHR_CHICK,3,NGT,Gallus gallus,9031,TRHR
sp|O93603|TRHR_CHICK,10,NHT,Gallus gallus,9031,TRHR
sp|O93603|TRHR_CHICK,84,NIT,Gallus gallus,9031,TRHR
sp|O93603|TRHR_CHICK,112,NAS,Gallus gallus,9031,TRHR
sp|O93603|TRHR_CHICK,244,NKT,Gallus gallus,9031,TRHR
sp|O93603|TRHR_CHICK,253,NKS,Gallus gallus,9031,TRHR
sp|O93603|TRHR_CHICK,257,NST,Gallus gallus,9031,TRHR
sp|O93603|TRHR_CHICK,349,NYS,Gallus gallus,9031,TRHR
sp|P01875|IGHM_CHICK,45,NNS,,,
sp|P01875|IGHM_CHICK,73,NQS,,,
sp|P01875|IGHM_CHICK,130,NAS,,,
sp|P01875|IGHM_CHICK,151,NGS,,,
sp|P01875|IGHM_CHICK,198,NTS,,,
sp|P01875|IGHM_CHICK,382,NES,,,
sp|P01875|IGHM_CHICK,433,NVS,,,
sp|P05419|CALN_CHICK,50,NGT,,,
sp|P12275|ARYL_CHICK,39,NLS,,,
sp|P13913|ARY1_CHICK,39,NLS,,,
sp|P13913|ARY1_CHICK,174,NFS,,,
sp|P13913|ARY1_CHICK,272,NIT,,,
sp|P13914|ARY2_CHICK,39,NLS,,,
sp|P13914|ARY2_CHICK,85,NVT,,,
sp|P13914|ARY2_CHICK,156,NGT,,,
sp|P13914|ARY2_CHICK,172,NHS,,,
sp|P13914|ARY2_CHICK,272,NIT,,,
sp|P13914|ARY2_CHICK,283,NTS,,,
sp|P15142|HM7X_CHICK,86,NVS,Gallus gallus,9031,CHOX-7
sp|P15142|HM7X_CHICK,89,NRS,Gallus gallus,9031,CHOX-7
sp|P20763|LAC_CHICK,90,NGT,,,
sp|P30373|CKR1_CHICK,67,NRT,,,
sp|P32046|RL37A_CHICK,72,NTT,Gallus gallus,9031,RPL37A
sp|P37067|OLF1_CHICK,5,NCT,Gallus gallus,9031,COR1
sp|P37067|OLF1_CHICK,65,NLS,Gallus gallus,9031,COR1
sp|P37068|OLF2_CHICK,5,NCT,Gallus gallus,9031,COR2
sp|P37068|OLF2_CHICK,65,NLS,Gallus gallus,9031,COR2
sp|P37069|OLF3_CHICK,5,NCT,Gallus gallus,9031,COR3
sp|P37069|OLF3_CHICK,65,NLS,Gallus gallus,9031,COR3
sp|P37070|OLF4_CHICK,5,NCT,Gallus gallus,9031,COR4
sp|P37070|OLF4_CHICK,65,NLS,Gallus gallus,9031,COR4
sp|P37071|OLF5_CHICK,5,NCT,Gallus gallus,9031,COR5
sp|P37071|OLF5_CHICK,65,NLS,Gallus gallus,9031,COR5
sp|P37072|OLF6_CHICK,5,NCT,Gallus gallus,9031,COR6
sp|P37072|OLF6_CHICK,65,NLS,Gallus gallus,9031,COR6
sp|P37072|OLF6_CHICK,265,NFS,Gallus gallus,9031,COR6
sp|P47236|PAX1_CHICK,60,NET,Gallus gallus,9031,PAX1
sp|P47832|RL26_CHICK,74,NGT,Gallus gallus,9031,RPL26
sp|P47836|RS4_CHICK,157,NDT,Gallus gallus,9031,RPS4
sp|P49712|VATB_CHICK,74,NGS,Gallus gallus,9031,ATP6V1B
sp|P49712|VATB_CHICK,192,NGS,Gallus gallus,9031,ATP6V1B
sp|P49712|VATB_CHICK,286,NGS,Gallus gallus,9031,ATP6V1B
sp|P49712|VATB_CHICK,411,NRT,Gallus gallus,9031,ATP6V1B
sp|P50594|MGN_CHICK,36,NNS,Gallus gallus,9031,MAGOH
sp|P50594|MGN_CHICK,111,NQS,Gallus gallus,9031,MAGOH
sp|P51050|MTR1B_CHICK,56,NIT,,,
sp|P55166|PAX9_CHICK,59,NET,Gallus gallus,9031,PAX9
sp|P55166|PAX9_CHICK,131,NLS,Gallus gallus,9031,PAX9
sp|P55168|CCNC_CHICK,181,NDT,Gallus gallus,9031,CCNC
sp|P55168|CCNC_CHICK,273,NGS,Gallus gallus,9031,CCNC
sp|P55168|CCNC_CHICK,277,NSS,Gallus gallus,9031,CCNC
sp|P79775|ANF1_CHICK,26,NKT,,,
sp|P79775|ANF1_CHICK,189,NFT,,,
sp|P81021|VIGLN_CHICK,263,NKT,Gallus gallus,9031,HDLBP
sp|P81021|VIGLN_CHICK,432,NRT,Gallus gallus,9031,HDLBP
sp|P81021|VIGLN_CHICK,652,NIT,Gallus gallus,9031,HDLBP
sp|Q02173|MPSF_CHICK,395,NTT,,,
sp|Q02173|MPSF_CHICK,749,NSS,,,
sp|Q02173|MPSF_CHICK,814,NTS,,,
sp|Q02173|MPSF_CHICK,1032,NST,,,
sp|Q02173|MPSF_CHICK,1087,NQS,,,
sp|Q02173|MPSF_CHICK,1154,NGS,,,
sp|Q02173|MPSF_CHICK,1288,NYT,,,
sp|Q02173|MPSF_CHICK,1351,NLT,,,
sp|Q05916|HME1_CHICK,284,NES,Gallus gallus,9031,EN1
sp|Q05916|HME1_CHICK,320,NHS,Gallus gallus,9031,EN1
sp|Q1T764|CENPQ_CHICK,167,NET,Gallus gallus,9031,CENPQ
sp|Q1T765|CENPN_CHICK,89,NKT,Gallus gallus,9031,CENPN
sp|Q1T765|CENPN_CHICK,117,NVT,Gallus gallus,9031,CENPN
sp|Q1T765|CENPN_CHICK,236,NRS,Gallus gallus,9031,CENPN
sp|Q1T7B7|CENPP_CHICK,101,NRT,Gallus gallus,9031,CENPP
sp|Q1T7B7|CENPP_CHICK,132,NVS,Gallus gallus,9031,CENPP
sp|Q1T7B7|CENPP_CHICK,171,NLS,Gallus gallus,9031,CENPP
sp|Q1T7B9|CENPM_CHICK,111,NCS,Gallus gallus,9031,CENPM
sp|Q1T7C0|CENPL_CHICK,177,NFT,Gallus gallus,9031,CENPL
sp|Q1T7C0|CENPL_CHICK,217,NLT,Gallus gallus,9031,CENPL
sp|Q2PC93|SSPO_CHICK,97,NRT,Gallus gallus,9031,SSPO
sp|Q2PC93|SSPO_CHICK,136,NLS,Gallus gallus,9031,SSPO
sp|Q2PC93|SSPO_CHICK,156,NGS,Gallus gallus,9031,SSPO
sp|Q2PC93|SSPO_CHICK,255,NIS,Gallus gallus,9031,SSPO
sp|Q2PC93|SSPO_CHICK,801,NES,Gallus gallus,9031,SSPO
sp|Q2PC93|SSPO_CHICK,931,NGT,Gallus gallus,9031,SSPO
sp|Q2PC93|SSPO_CHICK,972,NDT,Gallus gallus,9031,SSPO
sp|Q2PC93|SSPO_CHICK,1340,NCS,Gallus gallus,9031,SSPO
sp|Q2PC93|SSPO_CHICK,1610,NGT,Gallus gallus,9031,SSPO
sp|Q2PC93|SSPO_CHICK,1652,NRS,Gallus gallus,9031,SSPO
sp|Q2PC93|SSPO_CHICK,1713,NAT,Gallus gallus,9031,SSPO
sp|Q2PC93|SSPO_CHICK,1743,NQT,Gallus gallus,9031,SSPO
sp|Q2PC93|SSPO_CHICK,1856,NCT,Gallus gallus,9031,SSPO
sp|Q2PC93|SSPO_CHICK,2125,NVT,Gallus gallus,9031,SSPO
sp|Q2PC93|SSPO_CHICK,2230,NLT,Gallus gallus,9031,SSPO
sp|Q2PC93|SSPO_CHICK,2746,NAS,Gallus gallus,9031,SSPO
sp|Q2PC93|SSPO_CHICK,3011,NGT,Gallus gallus,9031,SSPO
sp|Q2PC93|SSPO_CHICK,3042,NCT,Gallus gallus,9031,SSPO
sp|Q2PC93|SSPO_CHICK,3065,NWT,Gallus gallus,9031,SSPO
sp|Q2PC93|SSPO_CHICK,3136,NRT,Gallus gallus,9031,SSPO
sp|Q2PC93|SSPO_CHICK,3238,NCS,Gallus gallus,9031,SSPO
sp|Q2PC93|SSPO_CHICK,3248,NCS,Gallus gallus,9031,SSPO
sp|Q2PC93|SSPO_CHICK,3350,NGT,Gallus gallus,9031,SSPO
sp|Q2PC93|SSPO_CHICK,3366,NCT,Gallus gallus,9031,SSPO
sp|Q2PC93|SSPO_CHICK,3392,NCT,Gallus gallus,9031,SSPO
sp|Q2PC93|SSPO_CHICK,3598,NGS,Gallus gallus,9031,SSPO
sp|Q2PC93|SSPO_CHICK,3625,NCT,Gallus gallus,9031,SSPO
sp|Q2PC93|SSPO_CHICK,3823,NSS,Gallus gallus,9031,SSPO
sp|Q2PC93|SSPO_CHICK,3869,NCS,Gallus gallus,9031,SSPO
sp|Q2PC93|SSPO_CHICK,4018,NCS,Gallus gallus,9031,SSPO
sp|Q2PC93|SSPO_CHICK,4174,NGT,Gallus gallus,9031,SSPO
sp|Q2PC93|SSPO_CHICK,4211,NCT,Gallus gallus,9031,SSPO
sp|Q2PC93|SSPO_CHICK,4362,NAS,Gallus gallus,9031,SSPO
sp|Q2PC93|SSPO_CHICK,4428,NTS,Gallus gallus,9031,SSPO
sp|Q2PC93|SSPO_CHICK,4498,NES,Gallus gallus,9031,SSPO
sp|Q2PC93|SSPO_CHICK,4730,NGT,Gallus gallus,9031,SSPO
sp|Q2PC93|SSPO_CHICK,4747,NCT,Gallus gallus,9031,SSPO
sp|Q2PC93|SSPO_CHICK,4752,NGT,Gallus gallus,9031,SSPO
sp|Q2PC93|SSPO_CHICK,4867,NCT,Gallus gallus,9031,SSPO
sp|Q2PC93|SSPO_CHICK,4939,NLS,Gallus gallus,9031,SSPO
sp|Q2PC93|SSPO_CHICK,4970,NCS,Gallus gallus,9031,SSPO
sp|Q2PC93|SSPO_CHICK,5063,NCT,Gallus gallus,9031,SSPO
sp|Q2PC93|SSPO_CHICK,5081,NSS,Gallus gallus,9031,SSPO
sp|Q2PC93|SSPO_CHICK,5122,NCT,Gallus gallus,9031,SSPO
sp|Q2PC93|SSPO_CHICK,5169,NIT,Gallus gallus,9031,SSPO
sp|Q5F359|TPPC5_CHICK,134,NST,Gallus gallus,9031,TRAPPC5
sp|Q5F371|SBNO1_CHICK,157,NNS,Gallus gallus,9031,SBNO1
sp|Q5F371|SBNO1_CHICK,386,NGS,Gallus gallus,9031,SBNO1
sp|Q5F371|SBNO1_CHICK,556,NKS,Gallus gallus,9031,SBNO1
sp|Q5F371|SBNO1_CHICK,688,NNS,Gallus gallus,9031,SBNO1
sp|Q5F371|SBNO1_CHICK,744,NES,Gallus gallus,9031,SBNO1
sp|Q5F371|SBNO1_CHICK,826,NAS,Gallus gallus,9031,SBNO1
sp|Q5F371|SBNO1_CHICK,834,NSS,Gallus gallus,9031,SBNO1
sp|Q5F371|SBNO1_CHICK,917,NIT,Gallus gallus,9031,SBNO1
sp|Q5F371|SBNO1_CHICK,1236,NNS,Gallus gallus,9031,SBNO1
sp|Q5F3A4|RELL1_CHICK,25,NRS,Gallus gallus,9031,RELL1
sp|Q5F3A4|RELL1_CHICK,108,NET,Gallus gallus,9031,RELL1
sp|Q5F3C8|PKHO1_CHICK,4,NNS,Gallus gallus,9031,PLEKHO1
sp|Q5F3C8|PKHO1_CHICK,90,NHS,Gallus gallus,9031,PLEKHO1
sp|Q5F3D7|UTP15_CHICK,257,NSS,Gallus gallus,9031,UTP15
sp|Q5F3D7|UTP15_CHICK,505,NKS,Gallus gallus,9031,UTP15
sp|Q5F3G0|RHG19_CHICK,25,NDS,Gallus gallus,9031,ARHGAP19
sp|Q5F3G0|RHG19_CHICK,60,NIT,Gallus gallus,9031,ARHGAP19
sp|Q5F3G0|RHG19_CHICK,87,NST,Gallus gallus,9031,ARHGAP19
sp|Q5F3G0|RHG19_CHICK,210,NKT,Gallus gallus,9031,ARHGAP19
sp|Q5F3G0|RHG19_CHICK,235,NRS,Gallus gallus,9031,ARHGAP19
sp|Q5F3G0|RHG19_CHICK,276,NVT,Gallus gallus,9031,ARHGAP19
sp|Q5F3G0|RHG19_CHICK,285,NIT,Gallus gallus,9031,ARHGAP19
sp|Q5F3G6|P20L1_CHICK,386,NKT,Gallus gallus,9031,PHF20L1
sp|Q5F3G6|P20L1_CHICK,687,NTS,Gallus gallus,9031,PHF20L1
sp|Q5F3G6|P20L1_CHICK,705,NLS,Gallus gallus,9031,PHF20L1
sp|Q5F3I0|PRRC1_CHICK,403,NIS,Gallus gallus,9031,PRRC1
sp|Q5F3I6|TM104_CHICK,182,NHS,Gallus gallus,9031,TMEM104
sp|Q5F3I6|TM104_CHICK,194,NDT,Gallus gallus,9031,TMEM104
sp|Q5F3I6|TM104_CHICK,332,NDT,Gallus gallus,9031,TMEM104
sp|Q5F3I6|TM104_CHICK,342,NFT,Gallus gallus,9031,TMEM104
sp|Q5F3L3|F234B_CHICK,172,NAS,Gallus gallus,9031,FAM234B
sp|Q5F3L3|F234B_CHICK,192,NGS,Gallus gallus,9031,FAM234B
sp|Q5F3L3|F234B_CHICK,371,NLS,Gallus gallus,9031,FAM234B
sp|Q5F3L3|F234B_CHICK,395,NCS,Gallus gallus,9031,FAM234B
sp|Q5F3L3|F234B_CHICK,425,NIS,Gallus gallus,9031,FAM234B
sp|Q5F3L3|F234B_CHICK,537,NAT,Gallus gallus,9031,FAM234B
sp|Q5F3M0|MED24_CHICK,205,NST,Gallus gallus,9031,MED24
sp|Q5F3M0|MED24_CHICK,234,NKT,Gallus gallus,9031,MED24
sp|Q5F3M0|MED24_CHICK,252,NLT,Gallus gallus,9031,MED24
sp|Q5F3M0|MED24_CHICK,374,NMT,Gallus gallus,9031,MED24
sp|Q5F3M0|MED24_CHICK,377,NLT,Gallus gallus,9031,MED24
sp|Q5F3M0|MED24_CHICK,559,NNS,Gallus gallus,9031,MED24
sp|Q5F3M0|MED24_CHICK,873,NRS,Gallus gallus,9031,MED24
sp|Q5F3N0|SPX3_CHICK,62,NST,Gallus gallus,9031,SLC37A3
sp|Q5F3N0|SPX3_CHICK,273,NYS,Gallus gallus,9031,SLC37A3
sp|Q5F3N0|SPX3_CHICK,313,NYS,Gallus gallus,9031,SLC37A3
sp|Q5F3N5|KLH14_CHICK,140,NVT,Gallus gallus,9031,KLHL14
sp|Q5F3N5|KLH14_CHICK,427,NET,Gallus gallus,9031,KLHL14
sp|Q5F3U0|SP130_CHICK,827,NLS,Gallus gallus,9031,SAP130
sp|Q5F3U0|SP130_CHICK,863,NST,Gallus gallus,9031,SAP130
sp|Q5F3U0|SP130_CHICK,1042,NGT,Gallus gallus,9031,SAP130
sp|Q5F3W6|1433G_CHICK,29,NVT,Gallus gallus,9031,YWHAG
sp|Q5F3W6|1433G_CHICK,111,NCS,Gallus gallus,9031,YWHAG
sp|Q5F3W6|1433G_CHICK,178,NYS,Gallus gallus,9031,YWHAG
sp|Q5F3W6|1433G_CHICK,229,NLT,Gallus gallus,9031,YWHAG
sp|Q5F3Z3|UB2V2_CHICK,91,NNS,Gallus gallus,9031,UBE2V2
sp|Q5F3Z7|CTSL2_CHICK,44,NET,Gallus gallus,9031,CTDSPL2
sp|Q5F3Z7|CTSL2_CHICK,158,NGT,Gallus gallus,9031,CTDSPL2
sp|Q5F3Z9|ZC3HE_CHICK,57,NNT,Gallus gallus,9031,ZC3H14
sp|Q5F3Z9|ZC3HE_CHICK,94,NHS,Gallus gallus,9031,ZC3H14
sp|Q5F3Z9|ZC3HE_CHICK,368,NYS,Gallus gallus,9031,ZC3H14
sp|Q5F413|SMAP2_CHICK,384,NIT,Gallus gallus,9031,SMAP2
sp|Q5F413|SMAP2_CHICK,419,NQS,Gallus gallus,9031,SMAP2
sp|Q5F414|PNO1_CHICK,186,NVT,Gallus gallus,9031,PNO1
sp|Q5F415|TBC23_CHICK,287,NHS,Gallus gallus,9031,TBC1D23
sp|Q5F415|TBC23_CHICK,461,NSS,Gallus gallus,9031,TBC1D23
sp|Q5F415|TBC23_CHICK,470,NGS,Gallus gallus,9031,TBC1D23
sp|Q5F415|TBC23_CHICK,506,NTS,Gallus gallus,9031,TBC1D23
sp|Q5F415|TBC23_CHICK,642,NTS,Gallus gallus,9031,TBC1D23
sp|Q5F428|EIF3L_CHICK,554,NRT,Gallus gallus,9031,EIF3L
sp|Q5F464|LPP_CHICK,80,NIT,Gallus gallus,9031,LPP
sp|Q5F464|LPP_CHICK,309,NGS,Gallus gallus,9031,LPP
sp|Q5F476|CDIN1_CHICK,163,NRS,Gallus gallus,9031,CDIN1
sp|Q5F478|ANR44_CHICK,134,NVS,Gallus gallus,9031,ANKRD44
sp|Q5F478|ANR44_CHICK,465,NET,Gallus gallus,9031,ANKRD44
sp|Q5F478|ANR44_CHICK,631,NVT,Gallus gallus,9031,ANKRD44
sp|Q5F478|ANR44_CHICK,904,NTS,Gallus gallus,9031,ANKRD44
sp|Q5F478|ANR44_CHICK,936,NNS,Gallus gallus,9031,ANKRD44
sp|Q5F478|ANR44_CHICK,971,NVS,Gallus gallus,9031,ANKRD44
sp|Q5F479|S11IP_CHICK,171,NFS,Gallus gallus,9031,STK11IP
sp|Q5F479|S11IP_CHICK,783,NST,Gallus gallus,9031,STK11IP
sp|Q5F479|S11IP_CHICK,861,NLS,Gallus gallus,9031,STK11IP
sp|Q5F479|S11IP_CHICK,1057,NWT,Gallus gallus,9031,STK11IP
sp|Q5XFQ6|TFEC_CHICK,14,NQS,Gallus gallus,9031,TFEC
sp|Q5XFQ6|TFEC_CHICK,139,NMS,Gallus gallus,9031,TFEC
sp|Q5XFQ6|TFEC_CHICK,144,NAS,Gallus gallus,9031,TFEC
sp|Q5YCC5|TMC7_CHICK,192,NSS,Gallus gallus,9031,Tmc7
sp|Q5YCC5|TMC7_CHICK,201,NNT,Gallus gallus,9031,Tmc7
sp|Q5YCC5|TMC7_CHICK,385,NSS,Gallus gallus,9031,Tmc7
sp|Q5YCC5|TMC7_CHICK,631,NTS,Gallus gallus,9031,Tmc7
sp|Q5YCC7|TMC3_CHICK,272,NYT,Gallus gallus,9031,Tmc3
sp|Q5YCC7|TMC3_CHICK,443,NNS,Gallus gallus,9031,Tmc3
sp|Q5YCC7|TMC3_CHICK,470,NSS,Gallus gallus,9031,Tmc3
sp|Q5YCC7|TMC3_CHICK,487,NNT,Gallus gallus,9031,Tmc3
sp|Q5YCC7|TMC3_CHICK,790,NGS,Gallus gallus,9031,Tmc3
sp|Q5YCC7|TMC3_CHICK,827,NTT,Gallus gallus,9031,Tmc3
sp|Q5YCC7|TMC3_CHICK,1091,NSS,Gallus gallus,9031,Tmc3
sp|Q5YCC7|TMC3_CHICK,1126,NMS,Gallus gallus,9031,Tmc3
sp|Q5YLH5|HXA6_CHICK,216,NST,Gallus gallus,9031,HOXA6
sp|Q5ZHL0|VA0D2_CHICK,60,NES,Gallus gallus,9031,ATP6V0D2
sp|Q5ZHL0|VA0D2_CHICK,283,NDS,Gallus gallus,9031,ATP6V0D2
sp|Q5ZHN5|THAP5_CHICK,177,NSS,Gallus gallus,9031,THAP5
sp|Q5ZHN5|THAP5_CHICK,227,NSS,Gallus gallus,9031,THAP5
sp|Q5ZHN5|THAP5_CHICK,302,NRS,Gallus gallus,9031,THAP5
sp|Q5ZHP7|EAF2_CHICK,105,NIT,Gallus gallus,9031,EAF2
sp|Q5ZHP7|EAF2_CHICK,132,NSS,Gallus gallus,9031,EAF2
sp|Q5ZHP7|EAF2_CHICK,193,NSS,Gallus gallus,9031,EAF2
sp|Q5ZHP7|EAF2_CHICK,236,NRS,Gallus gallus,9031,EAF2
sp|Q5ZHQ2|LEGL_CHICK,19,NNS,Gallus gallus,9031,LGALSL
sp|Q5ZHV2|NAA35_CHICK,287,NDT,Gallus gallus,9031,NAA35
sp|Q5ZHV2|NAA35_CHICK,344,NLT,Gallus gallus,9031,NAA35
sp|Q5ZHV8|RMI1_CHICK,5,NVT,Gallus gallus,9031,RMI1
sp|Q5ZHV8|RMI1_CHICK,42,NLS,Gallus gallus,9031,RMI1
sp|Q5ZHV8|RMI1_CHICK,261,NET,Gallus gallus,9031,RMI1
sp|Q5ZHV8|RMI1_CHICK,275,NFS,Gallus gallus,9031,RMI1
sp|Q5ZHV8|RMI1_CHICK,289,NTT,Gallus gallus,9031,RMI1
sp|Q5ZHV8|RMI1_CHICK,353,NLS,Gallus gallus,9031,RMI1
sp|Q5ZHV8|RMI1_CHICK,372,NET,Gallus gallus,9031,RMI1
sp|Q5ZHV8|RMI1_CHICK,522,NLT,Gallus gallus,9031,RMI1
sp|Q5ZHV8|RMI1_CHICK,527,NGS,Gallus gallus,9031,RMI1
sp|Q5ZI04|CYRIA_CHICK,202,NAT,Gallus gallus,9031,CYRIA
sp|Q5ZI04|CYRIA_CHICK,211,NKT,Gallus gallus,9031,CYRIA
sp|Q5ZI04|CYRIA_CHICK,218,NTT,Gallus gallus,9031,CYRIA
sp|Q5ZI11|LRC45_CHICK,85,NST,Gallus gallus,9031,LRRC45
sp|Q5ZI11|LRC45_CHICK,113,NKS,Gallus gallus,9031,LRRC45
sp|Q5ZI11|LRC45_CHICK,171,NAS,Gallus gallus,9031,LRRC45
sp|Q5ZI11|LRC45_CHICK,199,NKT,Gallus gallus,9031,LRRC45
sp|Q5ZI11|LRC45_CHICK,239,NRT,Gallus gallus,9031,LRRC45
sp|Q5ZI11|LRC45_CHICK,399,NTT,Gallus gallus,9031,LRRC45
sp|Q5ZI25|TM129_CHICK,271,NQT,Gallus gallus,9031,TMEM129
sp|Q5ZI27|NAIF1_CHICK,15,NFS,Gallus gallus,9031,NAIF1
sp|Q5ZI27|NAIF1_CHICK,320,NQT,Gallus gallus,9031,NAIF1
sp|Q5ZI33|KLHL7_CHICK,442,NVS,Gallus gallus,9031,KLHL7
sp|Q5ZI40|QTMAN_CHICK,253,NKS,Gallus gallus,9031,GTDC1
sp|Q5ZI42|MCTS1_CHICK,10,NVS,Gallus gallus,9031,MCTS1
sp|Q5ZI57|TPPC3_CHICK,95,NWS,Gallus gallus,9031,TRAPPC3
sp|Q5ZI57|TPPC3_CHICK,121,NHS,Gallus gallus,9031,TRAPPC3
sp|Q5ZI58|ATOSA_CHICK,6,NGS,Gallus gallus,9031,ATOSA
sp|Q5ZI58|ATOSA_CHICK,207,NVS,Gallus gallus,9031,ATOSA
sp|Q5ZI58|ATOSA_CHICK,237,NLS,Gallus gallus,9031,ATOSA
sp|Q5ZI58|ATOSA_CHICK,608,NKT,Gallus gallus,9031,ATOSA
sp|Q5ZI58|ATOSA_CHICK,627,NKS,Gallus gallus,9031,ATOSA
sp|Q5ZI58|ATOSA_CHICK,657,NFS,Gallus gallus,9031,ATOSA
sp|Q5ZI58|ATOSA_CHICK,680,NNT,Gallus gallus,9031,ATOSA
sp|Q5ZI58|ATOSA_CHICK,982,NKT,Gallus gallus,9031,ATOSA
sp|Q5ZI67|NHLC2_CHICK,577,NLS,Gallus gallus,9031,NHLRC2
sp|Q5ZI67|NHLC2_CHICK,640,NNT,Gallus gallus,9031,NHLRC2
sp|Q5ZI69|RM37_CHICK,281,NDT,Gallus gallus,9031,MRPL37
sp|Q5ZI69|RM37_CHICK,366,NTT,Gallus gallus,9031,MRPL37
sp|Q5ZI72|HNRDL_CHICK,21,NAS,Gallus gallus,9031,HNRNPDL
sp|Q5ZI72|HNRDL_CHICK,209,NAS,Gallus gallus,9031,HNRNPDL
sp|Q5ZI89|TPC11_CHICK,215,NKT,Gallus gallus,9031,TRAPPC11
sp|Q5ZI89|TPC11_CHICK,544,NES,Gallus gallus,9031,TRAPPC11
sp|Q5ZI89|TPC11_CHICK,753,NIS,Gallus gallus,9031,TRAPPC11
sp|Q5ZI89|TPC11_CHICK,800,NLT,Gallus gallus,9031,TRAPPC11
sp|Q5ZI89|TPC11_CHICK,862,NTT,Gallus gallus,9031,TRAPPC11
sp|Q5ZI89|TPC11_CHICK,1037,NKT,Gallus gallus,9031,TRAPPC11
sp|Q5ZI89|TPC11_CHICK,1101,NFT,Gallus gallus,9031,TRAPPC11
sp|Q5ZIC8|IPO13_CHICK,313,NHS,Gallus gallus,9031,IPO13
sp|Q5ZIC8|IPO13_CHICK,348,NET,Gallus gallus,9031,IPO13
sp|Q5ZIC8|IPO13_CHICK,478,NYS,Gallus gallus,9031,IPO13
sp|Q5ZIF1|APMAP_CHICK,159,NNT,Gallus gallus,9031,APMAP
sp|Q5ZIF3|UFSP2_CHICK,51,NSS,Gallus gallus,9031,UFSP2
sp|Q5ZIF3|UFSP2_CHICK,136,NMT,Gallus gallus,9031,UFSP2
sp|Q5ZIG0|NCDN_CHICK,22,NDS,Gallus gallus,9031,NCDN
sp|Q5ZIH0|INT11_CHICK,180,NMT,Gallus gallus,9031,INTS11
sp|Q5ZIH2|MON1A_CHICK,15,NGS,Gallus gallus,9031,MON1A
sp|Q5ZIH2|MON1A_CHICK,367,NSS,Gallus gallus,9031,MON1A
sp|Q5ZIH2|MON1A_CHICK,483,NSS,Gallus gallus,9031,MON1A
sp|Q5ZII3|TPRA1_CHICK,4,NIT,Gallus gallus,9031,TPRA1
sp|Q5ZII3|TPRA1_CHICK,17,NVT,Gallus gallus,9031,TPRA1
sp|Q5ZII3|TPRA1_CHICK,30,NDT,Gallus gallus,9031,TPRA1
sp|Q5ZII3|TPRA1_CHICK,33,NIT,Gallus gallus,9031,TPRA1
sp|Q5ZIJ0|BUD13_CHICK,148,NNS,Gallus gallus,9031,BUD13
sp|Q5ZIJ0|BUD13_CHICK,313,NAS,Gallus gallus,9031,BUD13
sp|Q5ZIK9|COPE_CHICK,76,NAS,Gallus gallus,9031,COPE
sp|Q5ZIK9|COPE_CHICK,93,NES,Gallus gallus,9031,COPE
sp|Q5ZIK9|COPE_CHICK,116,NTT,Gallus gallus,9031,COPE
sp|Q5ZIL4|STRBP_CHICK,53,NKS,Gallus gallus,9031,STRBP
sp|Q5ZIL4|STRBP_CHICK,333,NKS,Gallus gallus,9031,STRBP
sp|Q5ZIL4|STRBP_CHICK,475,NET,Gallus gallus,9031,STRBP
sp|Q5ZIL4|STRBP_CHICK,484,NNT,Gallus gallus,9031,STRBP
sp|Q5ZIL4|STRBP_CHICK,488,NST,Gallus gallus,9031,STRBP
sp|Q5ZIL9|KBP_CHICK,78,NHT,Gallus gallus,9031,Kifbp
sp|Q5ZIL9|KBP_CHICK,266,NET,Gallus gallus,9031,Kifbp
sp|Q5ZIM6|AATF_CHICK,109,NGS,Gallus gallus,9031,AATF
sp|Q5ZIM6|AATF_CHICK,150,NIT,Gallus gallus,9031,AATF
sp|Q5ZIP2|LTOR3_CHICK,68,NKS,Gallus gallus,9031,LAMTOR3
sp|Q5ZIT8|TAF2_CHICK,139,NFS,Gallus gallus,9031,TAF2
sp|Q5ZIT8|TAF2_CHICK,174,NST,Gallus gallus,9031,TAF2
sp|Q5ZIT8|TAF2_CHICK,236,NIS,Gallus gallus,9031,TAF2
sp|Q5ZIT8|TAF2_CHICK,499,NVS,Gallus gallus,9031,TAF2
sp|Q5ZIT8|TAF2_CHICK,566,NHT,Gallus gallus,9031,TAF2
sp|Q5ZIT8|TAF2_CHICK,1012,NTT,Gallus gallus,9031,TAF2
sp|Q5ZIT8|TAF2_CHICK,1139,NSS,Gallus gallus,9031,TAF2
sp|Q5ZIW5|VAC14_CHICK,44,NNT,Gallus gallus,9031,VAC14
sp|Q5ZIW5|VAC14_CHICK,325,NQS,Gallus gallus,9031,VAC14
sp|Q5ZIW5|VAC14_CHICK,379,NAS,Gallus gallus,9031,VAC14
sp|Q5ZJ20|UIF_CHICK,60,NRT,Gallus gallus,9031,FYTTD1
sp|Q5ZJ40|RCOR3_CHICK,81,NFT,Gallus gallus,9031,RCOR3
sp|Q5ZJ40|RCOR3_CHICK,169,NDS,Gallus gallus,9031,RCOR3
sp|Q5ZJ64|EIF3M_CHICK,155,NLS,Gallus gallus,9031,EIF3M
sp|Q5ZJ64|EIF3M_CHICK,196,NAS,Gallus gallus,9031,EIF3M
sp|Q5ZJ69|ARI5B_CHICK,239,NES,Gallus gallus,9031,ARID5B
sp|Q5ZJ69|ARI5B_CHICK,275,NNS,Gallus gallus,9031,ARID5B
sp|Q5ZJ69|ARI5B_CHICK,299,NNS,Gallus gallus,9031,ARID5B
sp|Q5ZJ69|ARI5B_CHICK,430,NSS,Gallus gallus,9031,ARID5B
sp|Q5ZJ69|ARI5B_CHICK,485,NFT,Gallus gallus,9031,ARID5B
sp|Q5ZJ69|ARI5B_CHICK,523,NSS,Gallus gallus,9031,ARID5B
sp|Q5ZJ69|ARI5B_CHICK,621,NCT,Gallus gallus,9031,ARID5B
sp|Q5ZJ69|ARI5B_CHICK,861,NIS,Gallus gallus,9031,ARID5B
sp|Q5ZJ69|ARI5B_CHICK,1105,NQT,Gallus gallus,9031,ARID5B
sp|Q5ZJ73|CREG1_CHICK,95,NAS,Gallus gallus,9031,CREG1
sp|Q5ZJ73|CREG1_CHICK,133,NDS,Gallus gallus,9031,CREG1
sp|Q5ZJ73|CREG1_CHICK,166,NIT,Gallus gallus,9031,CREG1
sp|Q5ZJ75|SL9A8_CHICK,6,NAS,,,
sp|Q5ZJ75|SL9A8_CHICK,13,NVT,,,
sp|Q5ZJ75|SL9A8_CHICK,179,NMT,,,
sp|Q5ZJ75|SL9A8_CHICK,240,NMS,,,
sp|Q5ZJ75|SL9A8_CHICK,331,NLS,,,
sp|Q5ZJ75|SL9A8_CHICK,483,NLS,,,
sp|Q5ZJ81|SHLB2_CHICK,51,NWT,Gallus gallus,9031,SH3GLB2
sp|Q5ZJ85|PRPF3_CHICK,551,NLS,Gallus gallus,9031,PRPF3
sp|Q5ZJA4|ARP5_CHICK,38,NGS,Gallus gallus,9031,ACTR5
sp|Q5ZJA9|BORC5_CHICK,5,NGS,Gallus gallus,9031,BORCS5
sp|Q5ZJA9|BORC5_CHICK,35,NVS,Gallus gallus,9031,BORCS5
sp|Q5ZJC7|NOC4L_CHICK,73,NYS,Gallus gallus,9031,NOC4L
sp|Q5ZJC7|NOC4L_CHICK,450,NQS,Gallus gallus,9031,NOC4L
sp|Q5ZJE4|SPRNG_CHICK,67,NGS,Gallus gallus,9031,SPRING
sp|Q5ZJG8|HSDL1_CHICK,164,NLS,Gallus gallus,9031,HSDL1
sp|Q5ZJG8|HSDL1_CHICK,202,NVS,Gallus gallus,9031,HSDL1
sp|Q5ZJH7|CNPD1_CHICK,51,NLS,Gallus gallus,9031,CNPPD1
sp|Q5ZJH7|CNPD1_CHICK,308,NET,Gallus gallus,9031,CNPPD1
sp|Q5ZJH7|CNPD1_CHICK,364,NRT,Gallus gallus,9031,CNPPD1
sp|Q5ZJJ1|ZC11A_CHICK,33,NET,Gallus gallus,9031,ZC3H11A
sp|Q5ZJJ1|ZC11A_CHICK,513,NQS,Gallus gallus,9031,ZC3H11A
sp|Q5ZJJ9|OSTF1_CHICK,85,NLS,Gallus gallus,9031,OSTF1
sp|Q5ZJK0|RGPS1_CHICK,517,NVS,Gallus gallus,9031,RALGPS1
sp|Q5ZJK5|LCORL_CHICK,182,NGS,Gallus gallus,9031,LCORL
sp|Q5ZJK5|LCORL_CHICK,198,NQT,Gallus gallus,9031,LCORL
sp|Q5ZJK5|LCORL_CHICK,217,NRT,Gallus gallus,9031,LCORL
sp|Q5ZJK5|LCORL_CHICK,323,NKT,Gallus gallus,9031,LCORL
sp|Q5ZJK5|LCORL_CHICK,329,NDS,Gallus gallus,9031,LCORL
sp|Q5ZJK5|LCORL_CHICK,491,NGT,Gallus gallus,9031,LCORL
sp|Q5ZJK5|LCORL_CHICK,584,NMT,Gallus gallus,9031,LCORL
sp|Q5ZJL8|ABHDD_CHICK,299,NDT,Gallus gallus,9031,ABHD13
sp|Q5ZJL8|ABHDD_CHICK,333,NVT,Gallus gallus,9031,ABHD13
sp|Q5ZJN0|ASND1_CHICK,93,NDT,Gallus gallus,9031,ASNSD1
sp|Q5ZJN0|ASND1_CHICK,152,NVS,Gallus gallus,9031,ASNSD1
sp|Q5ZJN0|ASND1_CHICK,235,NES,Gallus gallus,9031,ASNSD1
sp|Q5ZJN0|ASND1_CHICK,249,NRT,Gallus gallus,9031,ASNSD1
sp|Q5ZJN0|ASND1_CHICK,437,NVT,Gallus gallus,9031,ASNSD1
sp|Q5ZJP5|FND3A_CHICK,69,NGS,Gallus gallus,9031,FNDC3A
sp|Q5ZJP5|FND3A_CHICK,382,NRT,Gallus gallus,9031,FNDC3A
sp|Q5ZJP5|FND3A_CHICK,398,NGS,Gallus gallus,9031,FNDC3A
sp|Q5ZJP9|CCNL1_CHICK,235,NDS,Gallus gallus,9031,CCNL1
sp|Q5ZJP9|CCNL1_CHICK,336,NTS,Gallus gallus,9031,CCNL1
sp|Q5ZJP9|CCNL1_CHICK,346,NES,Gallus gallus,9031,CCNL1
sp|Q5ZJP9|CCNL1_CHICK,446,NHS,Gallus gallus,9031,CCNL1
sp|Q5ZJV4|MCMBP_CHICK,44,NAT,Gallus gallus,9031,MCMBP
sp|Q5ZJV4|MCMBP_CHICK,117,NSS,Gallus gallus,9031,MCMBP
sp|Q5ZJV4|MCMBP_CHICK,214,NCS,Gallus gallus,9031,MCMBP
sp|Q5ZJV4|MCMBP_CHICK,383,NLS,Gallus gallus,9031,MCMBP
sp|Q5ZJV4|MCMBP_CHICK,419,NHS,Gallus gallus,9031,MCMBP
sp|Q5ZJV4|MCMBP_CHICK,444,NTS,Gallus gallus,9031,MCMBP
sp|Q5ZJV6|RCAN3_CHICK,93,NFS,Gallus gallus,9031,RCAN3
sp|Q5ZJV6|RCAN3_CHICK,232,NES,Gallus gallus,9031,RCAN3
sp|Q5ZJV7|SHCAF_CHICK,139,NQS,Gallus gallus,9031,SINHCAF
sp|Q5ZJY3|GARL3_CHICK,62,NGS,Gallus gallus,9031,GARNL3
sp|Q5ZJY3|GARL3_CHICK,217,NET,Gallus gallus,9031,GARNL3
sp|Q5ZJY3|GARL3_CHICK,251,NDT,Gallus gallus,9031,GARNL3
sp|Q5ZJY3|GARL3_CHICK,333,NDS,Gallus gallus,9031,GARNL3
sp|Q5ZJY3|GARL3_CHICK,674,NES,Gallus gallus,9031,GARNL3
sp|Q5ZJY3|GARL3_CHICK,896,NRT,Gallus gallus,9031,GARNL3
sp|Q5ZJY9|NEMP2_CHICK,55,NRT,Gallus gallus,9031,NEMP2
sp|Q5ZJY9|NEMP2_CHICK,72,NST,Gallus gallus,9031,NEMP2
sp|Q5ZJZ4|S35G2_CHICK,192,NGT,Gallus gallus,9031,SLC35G2
sp|Q5ZJZ4|S35G2_CHICK,280,NIS,Gallus gallus,9031,SLC35G2
sp|Q5ZK13|KIZ_CHICK,80,NQT,Gallus gallus,9031,KIZ
sp|Q5ZK13|KIZ_CHICK,239,NFT,Gallus gallus,9031,KIZ
sp|Q5ZK13|KIZ_CHICK,245,NST,Gallus gallus,9031,KIZ
sp|Q5ZK13|KIZ_CHICK,330,NYS,Gallus gallus,9031,KIZ
sp|Q5ZK13|KIZ_CHICK,452,NES,Gallus gallus,9031,KIZ
sp|Q5ZK13|KIZ_CHICK,463,NDS,Gallus gallus,9031,KIZ
sp|Q5ZK13|KIZ_CHICK,490,NGS,Gallus gallus,9031,KIZ
sp|Q5ZK14|DDA1_CHICK,12,NKS,Gallus gallus,9031,DDA1
sp|Q5ZK14|DDA1_CHICK,15,NFS,Gallus gallus,9031,DDA1
sp|Q5ZK17|SETD6_CHICK,230,NAS,Gallus gallus,9031,SETD6
sp|Q5ZK17|SETD6_CHICK,281,NDT,Gallus gallus,9031,SETD6
sp|Q5ZK17|SETD6_CHICK,372,NST,Gallus gallus,9031,SETD6
sp|Q5ZK21|INT14_CHICK,385,NKS,Gallus gallus,9031,INTS14
sp|Q5ZK21|INT14_CHICK,402,NVT,Gallus gallus,9031,INTS14
sp|Q5ZK25|SZRD1_CHICK,76,NST,Gallus gallus,9031,SZRD1
sp|Q5ZK69|PAAF1_CHICK,75,NVS,Gallus gallus,9031,PAAF1
sp|Q5ZK74|ASHWN_CHICK,97,NKS,Gallus gallus,9031,RCJMB04_12m8
sp|Q5ZK74|ASHWN_CHICK,156,NAS,Gallus gallus,9031,RCJMB04_12m8
sp|Q5ZK74|ASHWN_CHICK,183,NIS,Gallus gallus,9031,RCJMB04_12m8
sp|Q5ZK74|ASHWN_CHICK,188,NSS,Gallus gallus,9031,RCJMB04_12m8
sp|Q5ZK95|CCD43_CHICK,130,NVT,Gallus gallus,9031,CCDC43
sp|Q5ZKB6|CRIPT_CHICK,25,NTT,Gallus gallus,9031,CRIPT
sp|Q5ZKD5|RRP12_CHICK,50,NLT,Gallus gallus,9031,RRP12
sp|Q5ZKD5|RRP12_CHICK,106,NVT,Gallus gallus,9031,RRP12
sp|Q5ZKD5|RRP12_CHICK,459,NVS,Gallus gallus,9031,RRP12
sp|Q5ZKD5|RRP12_CHICK,1122,NVS,Gallus gallus,9031,RRP12
sp|Q5ZKF4|HM20A_CHICK,63,NES,Gallus gallus,9031,HMG20A
sp|Q5ZKF4|HM20A_CHICK,228,NHS,Gallus gallus,9031,HMG20A
sp|Q5ZKG1|RM51_CHICK,137,NRT,Gallus gallus,9031,MRPL51
sp|Q5ZKG2|BRD7_CHICK,420,NIS,Gallus gallus,9031,BRD7
sp|Q5ZKG8|GET4_CHICK,193,NKT,Gallus gallus,9031,GET4
sp|Q5ZKH3|EED_CHICK,162,NTS,Gallus gallus,9031,EED
sp|Q5ZKH3|EED_CHICK,288,NKT,Gallus gallus,9031,EED
sp|Q5ZKH3|EED_CHICK,354,NVT,Gallus gallus,9031,EED
sp|Q5ZKH8|ODR4_CHICK,57,NTS,Gallus gallus,9031,ODR4
sp|Q5ZKI4|CCD93_CHICK,77,NST,Gallus gallus,9031,CCDC93
sp|Q5ZKK0|LYSM3_CHICK,149,NET,Gallus gallus,9031,LYSMD3
sp|Q5ZKK0|LYSM3_CHICK,170,NDT,Gallus gallus,9031,LYSMD3
sp|Q5ZKK2|INT9_CHICK,334,NSS,Gallus gallus,9031,INTS9
sp|Q5ZKL5|PPCEL_CHICK,503,NMS,Gallus gallus,9031,PREPL
sp|Q5ZKL7|BIN2_CHICK,210,NIS,Gallus gallus,9031,BIN2
sp|Q5ZKN3|PHTF2_CHICK,296,NLS,Gallus gallus,9031,PHTF2
sp|Q5ZKN3|PHTF2_CHICK,664,NTS,Gallus gallus,9031,PHTF2
sp|Q5ZKN3|PHTF2_CHICK,723,NIT,Gallus gallus,9031,PHTF2
sp|Q5ZKP2|MMAD_CHICK,85,NGT,Gallus gallus,9031,MMADHC
sp|Q5ZKP2|MMAD_CHICK,239,NNT,Gallus gallus,9031,MMADHC
sp|Q5ZKQ3|RPAP3_CHICK,58,NKT,Gallus gallus,9031,RPAP3
sp|Q5ZKQ3|RPAP3_CHICK,199,NYT,Gallus gallus,9031,RPAP3
sp|Q5ZKQ5|GOLM2_CHICK,115,NIS,Gallus gallus,9031,GOLM2
sp|Q5ZKQ5|GOLM2_CHICK,150,NNT,Gallus gallus,9031,GOLM2
sp|Q5ZKQ6|DPOE2_CHICK,159,NRS,Gallus gallus,9031,POLE2
sp|Q5ZKQ6|DPOE2_CHICK,324,NFS,Gallus gallus,9031,POLE2
sp|Q5ZKQ6|DPOE2_CHICK,384,NIT,Gallus gallus,9031,POLE2
sp|Q5ZKQ6|DPOE2_CHICK,516,NKT,Gallus gallus,9031,POLE2
sp|Q5ZKT1|TBCC1_CHICK,219,NNS,Gallus gallus,9031,TBCCD1
sp|Q5ZKT1|TBCC1_CHICK,336,NES,Gallus gallus,9031,TBCCD1
sp|Q5ZKT1|TBCC1_CHICK,356,NST,Gallus gallus,9031,TBCCD1
sp|Q5ZKT9|MIER1_CHICK,386,NSS,Gallus gallus,9031,MIER1
sp|Q5ZKU4|INT2_CHICK,280,NES,Gallus gallus,9031,INTS2
sp|Q5ZKU4|INT2_CHICK,323,NIS,Gallus gallus,9031,INTS2
sp|Q5ZKU4|INT2_CHICK,362,NVS,Gallus gallus,9031,INTS2
sp|Q5ZKU4|INT2_CHICK,539,NIT,Gallus gallus,9031,INTS2
sp|Q5ZKU4|INT2_CHICK,743,NHS,Gallus gallus,9031,INTS2
sp|Q5ZKU4|INT2_CHICK,759,NHT,Gallus gallus,9031,INTS2
sp|Q5ZKU4|INT2_CHICK,1186,NMS,Gallus gallus,9031,INTS2
sp|Q5ZKU8|PK1IP_CHICK,75,NGT,Gallus gallus,9031,PAK1IP1
sp|Q5ZKU8|PK1IP_CHICK,317,NES,Gallus gallus,9031,PAK1IP1
sp|Q5ZKU8|PK1IP_CHICK,334,NKS,Gallus gallus,9031,PAK1IP1
sp|Q5ZKU8|PK1IP_CHICK,366,NSS,Gallus gallus,9031,PAK1IP1
sp|Q5ZKW2|LZIC_CHICK,57,NDS,Gallus gallus,9031,LZIC
sp|Q5ZKW5|AR2BP_CHICK,89,NMT,Gallus gallus,9031,ARL2BP
sp|Q5ZKW5|AR2BP_CHICK,149,NKS,Gallus gallus,9031,ARL2BP
sp|Q5ZKW8|HDX_CHICK,25,NQS,Gallus gallus,9031,HDX
sp|Q5ZKW8|HDX_CHICK,132,NAS,Gallus gallus,9031,HDX
sp|Q5ZKW8|HDX_CHICK,170,NAS,Gallus gallus,9031,HDX
sp|Q5ZKW8|HDX_CHICK,342,NQS,Gallus gallus,9031,HDX
sp|Q5ZKW8|HDX_CHICK,353,NVS,Gallus gallus,9031,HDX
sp|Q5ZKW8|HDX_CHICK,396,NTS,Gallus gallus,9031,HDX
sp|Q5ZKW8|HDX_CHICK,426,NLT,Gallus gallus,9031,HDX
sp|Q5ZKW8|HDX_CHICK,670,NHT,Gallus gallus,9031,HDX
sp|Q5ZKW8|HDX_CHICK,690,NAS,Gallus gallus,9031,HDX
sp|Q5ZKW9|MBNL1_CHICK,127,NAS,Gallus gallus,9031,MBNL1
sp|Q5ZKZ9|LMF2_CHICK,483,NVS,Gallus gallus,9031,LMF2
sp|Q5ZL12|PPR21_CHICK,230,NDT,Gallus gallus,9031,PPP1R21
sp|Q5ZL12|PPR21_CHICK,420,NYS,Gallus gallus,9031,PPP1R21
sp|Q5ZL12|PPR21_CHICK,752,NET,Gallus gallus,9031,PPP1R21
sp|Q5ZL12|PPR21_CHICK,776,NKT,Gallus gallus,9031,PPP1R21
sp|Q5ZL26|KPRB_CHICK,14,NIT,Gallus gallus,9031,PRPSAP2
sp|Q5ZL26|KPRB_CHICK,28,NSS,Gallus gallus,9031,PRPSAP2
sp|Q5ZL26|KPRB_CHICK,83,NTT,Gallus gallus,9031,PRPSAP2
sp|Q5ZL42|5MP1_CHICK,161,NGT,Gallus gallus,9031,BZW2
sp|Q5ZL77|RIC8A_CHICK,237,NIT,Gallus gallus,9031,RIC8A
sp|Q5ZL91|INT7_CHICK,163,NFS,Gallus gallus,9031,INTS7
sp|Q5ZL91|INT7_CHICK,368,NIS,Gallus gallus,9031,INTS7
sp|Q5ZL91|INT7_CHICK,518,NAS,Gallus gallus,9031,INTS7
sp|Q5ZL91|INT7_CHICK,581,NYS,Gallus gallus,9031,INTS7
sp|Q5ZL91|INT7_CHICK,852,NVS,Gallus gallus,9031,INTS7
sp|Q5ZL91|INT7_CHICK,871,NMT,Gallus gallus,9031,INTS7
sp|Q5ZL91|INT7_CHICK,902,NIT,Gallus gallus,9031,INTS7
sp|Q5ZLC8|ANR52_CHICK,328,NGS,Gallus gallus,9031,ANKRD52
sp|Q5ZLC8|ANR52_CHICK,466,NGS,Gallus gallus,9031,ANKRD52
sp|Q5ZLC8|ANR52_CHICK,916,NIT,Gallus gallus,9031,ANKRD52
sp|Q5ZLC8|ANR52_CHICK,954,NAS,Gallus gallus,9031,ANKRD52
sp|Q5ZLC8|ANR52_CHICK,1051,NGS,Gallus gallus,9031,ANKRD52
sp|Q5ZLD3|KLH13_CHICK,181,NLT,Gallus gallus,9031,KLHL13
sp|Q5ZLG0|AACS_CHICK,315,NMS,Gallus gallus,9031,AACS
sp|Q5ZLG0|AACS_CHICK,444,NVT,Gallus gallus,9031,AACS
sp|Q5ZLG0|AACS_CHICK,498,NGS,Gallus gallus,9031,AACS
sp|Q5ZLH0|NXT2_CHICK,123,NST,Gallus gallus,9031,NXT2
sp|Q5ZLH9|CDV3_CHICK,135,NKS,Gallus gallus,9031,CDV3
sp|Q5ZLN2|CCZ1_CHICK,143,NGT,Gallus gallus,9031,CCZ1
sp|Q5ZLN7|PBIR1_CHICK,55,NST,Gallus gallus,9031,PABIR1
sp|Q5ZLN7|PBIR1_CHICK,241,NRS,Gallus gallus,9031,PABIR1
sp|Q5ZLR6|ARHG6_CHICK,137,NST,Gallus gallus,9031,ARHGEF6
sp|Q5ZLR6|ARHG6_CHICK,150,NGS,Gallus gallus,9031,ARHGEF6
sp|Q5ZLR7|LYSET_CHICK,31,NET,Gallus gallus,9031,LYSET
sp|Q5ZLS2|EDC3_CHICK,98,NGT,Gallus gallus,9031,EDC3
sp|Q5ZLS8|INT10_CHICK,89,NDS,Gallus gallus,9031,INTS10
sp|Q5ZLT0|XPO7_CHICK,361,NFT,Gallus gallus,9031,XPO7
sp|Q5ZLT0|XPO7_CHICK,532,NLT,Gallus gallus,9031,XPO7
sp|Q5ZLT0|XPO7_CHICK,642,NHT,Gallus gallus,9031,XPO7
sp|Q5ZLT0|XPO7_CHICK,655,NQS,Gallus gallus,9031,XPO7
sp|Q5ZLT0|XPO7_CHICK,658,NLT,Gallus gallus,9031,XPO7
sp|Q5ZLT0|XPO7_CHICK,781,NRS,Gallus gallus,9031,XPO7
sp|Q5ZLT0|XPO7_CHICK,1061,NLS,Gallus gallus,9031,XPO7
sp|Q5ZLT0|XPO7_CHICK,1070,NDS,Gallus gallus,9031,XPO7
sp|Q5ZLT3|N4BP3_CHICK,106,NRS,Gallus gallus,9031,N4BP3
sp|Q5ZLT3|N4BP3_CHICK,169,NGS,Gallus gallus,9031,N4BP3
sp|Q5ZLT7|5MP2_CHICK,159,NGT,Gallus gallus,9031,BZW1
sp|Q5ZLT7|5MP2_CHICK,163,NAS,Gallus gallus,9031,BZW1
sp|Q5ZLT7|5MP2_CHICK,285,NIS,Gallus gallus,9031,BZW1
sp|Q5ZLW2|ORAI2_CHICK,183,NDT,Gallus gallus,9031,ORAI2
sp|Q5ZLW3|DYM_CHICK,4,NSS,Gallus gallus,9031,DYM
sp|Q5ZLW3|DYM_CHICK,282,NQS,Gallus gallus,9031,DYM
sp|Q5ZLW3|DYM_CHICK,293,NLT,Gallus gallus,9031,DYM
sp|Q5ZLW3|DYM_CHICK,411,NRS,Gallus gallus,9031,DYM
sp|Q5ZLW3|DYM_CHICK,421,NIT,Gallus gallus,9031,DYM
sp|Q5ZLW3|DYM_CHICK,450,NMT,Gallus gallus,9031,DYM
sp|Q5ZLW3|DYM_CHICK,469,NMS,Gallus gallus,9031,DYM
sp|Q5ZLW3|DYM_CHICK,514,NDS,Gallus gallus,9031,DYM
sp|Q5ZLX4|ARHG3_CHICK,420,NGS,Gallus gallus,9031,Arhgef3
sp|Q5ZLX4|ARHG3_CHICK,432,NDS,Gallus gallus,9031,Arhgef3
sp|Q5ZLX4|ARHG3_CHICK,471,NGS,Gallus gallus,9031,Arhgef3
sp|Q5ZLY2|HAGHL_CHICK,155,NLT,Gallus gallus,9031,HAGHL
sp|Q5ZM31|T170A_CHICK,26,NGT,Gallus gallus,9031,TMEM170A
sp|Q5ZM33|HP1B3_CHICK,46,NSS,Gallus gallus,9031,HP1BP3
sp|Q5ZM33|HP1B3_CHICK,84,NET,Gallus gallus,9031,HP1BP3
sp|Q5ZM41|TEX10_CHICK,27,NAT,Gallus gallus,9031,TEX10
sp|Q5ZM41|TEX10_CHICK,242,NET,Gallus gallus,9031,TEX10
sp|Q5ZM41|TEX10_CHICK,432,NLT,Gallus gallus,9031,TEX10
sp|Q5ZM60|CCPG1_CHICK,4,NYS,Gallus gallus,9031,CCPG1
sp|Q5ZM60|CCPG1_CHICK,31,NGS,Gallus gallus,9031,CCPG1
sp|Q5ZM60|CCPG1_CHICK,172,NQS,Gallus gallus,9031,CCPG1
sp|Q5ZM71|SP20H_CHICK,95,NGS,Gallus gallus,9031,SUPT20H
sp|Q5ZM71|SP20H_CHICK,423,NLS,Gallus gallus,9031,SUPT20H
sp|Q5ZM71|SP20H_CHICK,575,NLS,Gallus gallus,9031,SUPT20H
sp|Q5ZM71|SP20H_CHICK,608,NAS,Gallus gallus,9031,SUPT20H
sp|Q5ZM71|SP20H_CHICK,641,NLT,Gallus gallus,9031,SUPT20H
sp|Q5ZMB7|PNRC2_CHICK,16,NIT,Gallus gallus,9031,PNRC2
sp|Q5ZMB7|PNRC2_CHICK,75,NWS,Gallus gallus,9031,PNRC2
sp|Q5ZMB7|PNRC2_CHICK,79,NLS,Gallus gallus,9031,PNRC2
sp|Q5ZMC3|WSDU1_CHICK,323,NDS,Gallus gallus,9031,WDSUB1
sp|Q5ZMC3|WSDU1_CHICK,332,NWS,Gallus gallus,9031,WDSUB1
sp|Q5ZMC3|WSDU1_CHICK,366,NLT,Gallus gallus,9031,WDSUB1
sp|Q5ZMC3|WSDU1_CHICK,460,NRT,Gallus gallus,9031,WDSUB1
sp|Q5ZMC6|GSKIP_CHICK,12,NNT,Gallus gallus,9031,GSKIP
sp|Q5ZMD1|1433T_CHICK,108,NAT,Gallus gallus,9031,YWHAQ
sp|Q5ZMD1|1433T_CHICK,173,NFS,Gallus gallus,9031,YWHAQ
sp|Q5ZMD1|1433T_CHICK,224,NLT,Gallus gallus,9031,YWHAQ
sp|Q5ZMI4|MVP_CHICK,22,NVT,Gallus gallus,9031,MVP
sp|Q5ZMJ7|CIP2A_CHICK,113,NLS,Gallus gallus,9031,CIP2A
sp|Q5ZMJ7|CIP2A_CHICK,582,NVT,Gallus gallus,9031,CIP2A
sp|Q5ZMJ7|CIP2A_CHICK,770,NES,Gallus gallus,9031,CIP2A
sp|Q5ZMJ7|CIP2A_CHICK,906,NLS,Gallus gallus,9031,CIP2A
sp|Q5ZMJ9|SRRM1_CHICK,88,NLT,Gallus gallus,9031,SRRM1
sp|Q5ZMJ9|SRRM1_CHICK,771,NWS,Gallus gallus,9031,SRRM1
sp|Q5ZML5|LSM12_CHICK,82,NVS,Gallus gallus,9031,LSM12
sp|Q5ZMM3|RHG15_CHICK,61,NHS,Gallus gallus,9031,ARHGAP15
sp|Q5ZMM3|RHG15_CHICK,66,NLT,Gallus gallus,9031,ARHGAP15
sp|Q5ZMM3|RHG15_CHICK,102,NWS,Gallus gallus,9031,ARHGAP15
sp|Q5ZMM3|RHG15_CHICK,239,NYS,Gallus gallus,9031,ARHGAP15
sp|Q5ZMM3|RHG15_CHICK,291,NST,Gallus gallus,9031,ARHGAP15
sp|Q5ZMM3|RHG15_CHICK,384,NAT,Gallus gallus,9031,ARHGAP15
sp|Q5ZMP3|T184C_CHICK,201,NFS,Gallus gallus,9031,TMEM184C
sp|Q5ZMP3|T184C_CHICK,216,NMS,Gallus gallus,9031,TMEM184C
sp|Q5ZMP3|T184C_CHICK,420,NTS,Gallus gallus,9031,TMEM184C
sp|Q5ZMP3|T184C_CHICK,436,NSS,Gallus gallus,9031,TMEM184C
sp|Q5ZMQ0|ARMC1_CHICK,2,NST,Gallus gallus,9031,ARMC1
sp|Q5ZMQ0|ARMC1_CHICK,111,NMS,Gallus gallus,9031,ARMC1
sp|Q5ZMR9|XPO4_CHICK,452,NLT,Gallus gallus,9031,XPO4
sp|Q5ZMR9|XPO4_CHICK,555,NDT,Gallus gallus,9031,XPO4
sp|Q5ZMR9|XPO4_CHICK,582,NTT,Gallus gallus,9031,XPO4
sp|Q5ZMR9|XPO4_CHICK,602,NRT,Gallus gallus,9031,XPO4
sp|Q5ZMR9|XPO4_CHICK,628,NLT,Gallus gallus,9031,XPO4
sp|Q5ZMR9|XPO4_CHICK,704,NDT,Gallus gallus,9031,XPO4
sp|Q5ZMR9|XPO4_CHICK,949,NRT,Gallus gallus,9031,XPO4
sp|Q5ZMS1|TAF8_CHICK,206,NAS,Gallus gallus,9031,TAF8
sp|Q5ZMS1|TAF8_CHICK,213,NTS,Gallus gallus,9031,TAF8
sp|Q5ZMS4|NCOA7_CHICK,106,NKT,Gallus gallus,9031,NCOA7
sp|Q5ZMS4|NCOA7_CHICK,143,NIT,Gallus gallus,9031,NCOA7
sp|Q5ZMS4|NCOA7_CHICK,388,NIT,Gallus gallus,9031,NCOA7
sp|Q5ZMS4|NCOA7_CHICK,412,NVS,Gallus gallus,9031,NCOA7
sp|Q5ZMS4|NCOA7_CHICK,639,NQS,Gallus gallus,9031,NCOA7
sp|Q5ZMS6|TDRD3_CHICK,26,NSS,Gallus gallus,9031,TDRD3
sp|Q5ZMS6|TDRD3_CHICK,78,NVS,Gallus gallus,9031,TDRD3
sp|Q5ZMS6|TDRD3_CHICK,253,NLT,Gallus gallus,9031,TDRD3
sp|Q5ZMS6|TDRD3_CHICK,407,NHS,Gallus gallus,9031,TDRD3
sp|Q5ZMS6|TDRD3_CHICK,552,NET,Gallus gallus,9031,TDRD3
sp|Q5ZMU6|PP4R2_CHICK,114,NYT,Gallus gallus,9031,PPP4R2
sp|Q5ZMU6|PP4R2_CHICK,142,NNS,Gallus gallus,9031,PPP4R2
sp|Q5ZMU6|PP4R2_CHICK,261,NQS,Gallus gallus,9031,PPP4R2
sp|Q5ZMV2|SAS6_CHICK,308,NTT,Gallus gallus,9031,SASS6
sp|Q5ZMV8|RPGP2_CHICK,137,NFS,Gallus gallus,9031,RAP1GAP2
sp|Q5ZMV8|RPGP2_CHICK,256,NNT,Gallus gallus,9031,RAP1GAP2
sp|Q5ZMV8|RPGP2_CHICK,553,NQS,Gallus gallus,9031,RAP1GAP2
sp|Q5ZMV8|RPGP2_CHICK,633,NIS,Gallus gallus,9031,RAP1GAP2
sp|Q5ZMW3|API5_CHICK,269,NLS,Gallus gallus,9031,API5
sp|Q5ZMW3|API5_CHICK,516,NRS,Gallus gallus,9031,API5
sp|Q6GVH4|GGNB2_CHICK,434,NES,Gallus gallus,9031,GGNBP2
sp|Q6GVH4|GGNB2_CHICK,462,NGS,Gallus gallus,9031,GGNBP2
sp|Q6GVH4|GGNB2_CHICK,567,NTT,Gallus gallus,9031,GGNBP2
sp|Q6GVH4|GGNB2_CHICK,604,NVS,Gallus gallus,9031,GGNBP2
sp|Q6GVH4|GGNB2_CHICK,656,NKS,Gallus gallus,9031,GGNBP2
sp|Q6PUF4|DHI1L_CHICK,207,NVS,Gallus gallus,9031,HSD11B1L
sp|Q6PUF4|DHI1L_CHICK,283,NYS,Gallus gallus,9031,HSD11B1L
sp|Q6Q2W4|ZPBP1_CHICK,85,NSS,Gallus gallus,9031,ZPBP1
sp|Q6Q2W4|ZPBP1_CHICK,158,NTS,Gallus gallus,9031,ZPBP1
sp|Q6RFL5|BSH_CHICK,4,NFT,Gallus gallus,9031,BSX
sp|Q6YJI5|TRM11_CHICK,117,NKT,Gallus gallus,9031,TRMT11
sp|Q6YJI5|TRM11_CHICK,197,NTS,Gallus gallus,9031,TRMT11
sp|Q710A0|SPP24_CHICK,45,NAS,Gallus gallus,9031,SPP2
sp|Q7SZI5|RFTN1_CHICK,182,NNS,Gallus gallus,9031,RFTN1
sp|Q7SZI5|RFTN1_CHICK,192,NVS,Gallus gallus,9031,RFTN1
sp|Q7SZI5|RFTN1_CHICK,274,NET,Gallus gallus,9031,RFTN1
sp|Q7SZI5|RFTN1_CHICK,354,NDS,Gallus gallus,9031,RFTN1
sp|Q7SZI5|RFTN1_CHICK,375,NKT,Gallus gallus,9031,RFTN1
sp|Q7SZI5|RFTN1_CHICK,431,NLS,Gallus gallus,9031,RFTN1
sp|Q7SZI5|RFTN1_CHICK,524,NET,Gallus gallus,9031,RFTN1
sp|Q7SZI5|RFTN1_CHICK,563,NQS,Gallus gallus,9031,RFTN1
sp|Q802A9|FGFP2_CHICK,179,NET,Gallus gallus,9031,FGFBP2
sp|Q8JGM8|BID_CHICK,8,NGS,Gallus gallus,9031,BID
sp|Q8JGM8|BID_CHICK,63,NRS,Gallus gallus,9031,BID
sp|Q8JHZ8|PALD_CHICK,78,NYT,Gallus gallus,9031,PALD1
sp|Q8JHZ8|PALD_CHICK,112,NTT,Gallus gallus,9031,PALD1
sp|Q8JHZ8|PALD_CHICK,408,NST,Gallus gallus,9031,PALD1
sp|Q8JHZ8|PALD_CHICK,465,NSS,Gallus gallus,9031,PALD1
sp|Q8QFN3|TM121_CHICK,290,NQT,Gallus gallus,9031,TMEM121
sp|Q8UVV7|LIX1_CHICK,173,NGS,Gallus gallus,9031,LIX1
sp|Q90718|SRF_CHICK,186,NGT,Gallus gallus,9031,SRF
sp|Q90879|UB2V1_CHICK,92,NSS,Gallus gallus,9031,UBE2V1
sp|Q90VZ9|HXA7_CHICK,58,NST,Gallus gallus,9031,HOXA7
sp|Q90WG1|SPINZ_CHICK,197,NDS,Gallus gallus,9031,SPINZ
sp|Q90X25|HXA13_CHICK,262,NLS,Gallus gallus,9031,HOXA13
sp|Q90YH8|ST7L_CHICK,180,NLS,Gallus gallus,9031,ST7L
sp|Q91998|BRN3_CHICK,165,NMS,Gallus gallus,9031,BRN3
sp|Q98913|OLF8_CHICK,80,NGT,Gallus gallus,9031,COR8
sp|Q98914|OLF9_CHICK,72,NET,Gallus gallus,9031,COR9
sp|Q98ST5|CRLD1_CHICK,28,NAT,Gallus gallus,9031,CRISPLD1
sp|Q98ST5|CRLD1_CHICK,50,NVS,Gallus gallus,9031,CRISPLD1
sp|Q98ST5|CRLD1_CHICK,205,NYS,Gallus gallus,9031,CRISPLD1
sp|Q98T89|TWSG1_CHICK,53,NCS,Gallus gallus,9031,TWSG1
sp|Q98T89|TWSG1_CHICK,82,NYS,Gallus gallus,9031,TWSG1
sp|Q98T89|TWSG1_CHICK,148,NVS,Gallus gallus,9031,TWSG1
sp|Q98TF6|RL36_CHICK,20,NVS,Gallus gallus,9031,RPL36
sp|Q98TF7|RL35_CHICK,62,NQT,Gallus gallus,9031,RPL35
sp|Q9DDD5|NBEA_CHICK,77,NVS,Gallus gallus,9031,NBEA
sp|Q9DDD5|NBEA_CHICK,239,NST,Gallus gallus,9031,NBEA
sp|Q9DDD5|NBEA_CHICK,550,NFS,Gallus gallus,9031,NBEA
sp|Q9DDD5|NBEA_CHICK,559,NMS,Gallus gallus,9031,NBEA
sp|Q9DDD5|NBEA_CHICK,593,NKT,Gallus gallus,9031,NBEA
sp|Q9DDD5|NBEA_CHICK,625,NLS,Gallus gallus,9031,NBEA
sp|Q9DDD5|NBEA_CHICK,753,NGT,Gallus gallus,9031,NBEA
sp|Q9I8I2|BOK_CHICK,94,NIS,Gallus gallus,9031,BOK
sp|Q9I8P6|OTOR_CHICK,119,NKT,Gallus gallus,9031,OTOR
sp|Q9I8W6|EURL_CHICK,155,NCS,Gallus gallus,9031,EURL
sp|Q9I8W6|EURL_CHICK,190,NRS,Gallus gallus,9031,EURL
sp|Q9I8W6|EURL_CHICK,273,NCS,Gallus gallus,9031,EURL
sp|Q9PVY0|RX1_CHICK,39,NRT,Gallus gallus,9031,RX1
sp|Q9PWA3|GRIN2_CHICK,12,NQS,,,
sp|Q9PWA3|GRIN2_CHICK,17,NNS,,,
sp|Q9PWA3|GRIN2_CHICK,55,NVS,,,
sp|Q9PWA3|GRIN2_CHICK,136,NTS,,,
sp|Q9PWA3|GRIN2_CHICK,169,NTT,,,
sp|Q9PWA3|GRIN2_CHICK,195,NRT,,,
sp|Q9PWA3|GRIN2_CHICK,229,NSS,,,
sp|Q9YH98|EYA4_CHICK,117,NIT,Gallus gallus,9031,EYA4
sp|A0M8U1|ST7_CHICK,47,NLT,Gallus gallus,9031,ST7
sp|A0M8U1|ST7_CHICK,166,NLS,Gallus gallus,9031,ST7
sp|B0BK70|OFCC1_CHICK,43,NIS,Gallus gallus,9031,OFCC1
sp|P0C915|OCC1_CHICK,5,NST,,,
sp|Q5F3K0|TTC27_CHICK,49,NST,Gallus gallus,9031,TTC27
sp|Q5F3K0|TTC27_CHICK,108,NWT,Gallus gallus,9031,TTC27
sp|Q5F3K0|TTC27_CHICK,266,NLT,Gallus gallus,9031,TTC27
sp|Q5F3K0|TTC27_CHICK,311,NLT,Gallus gallus,9031,TTC27
sp|Q5F3K0|TTC27_CHICK,422,NTS,Gallus gallus,9031,TTC27
sp|Q5F3K0|TTC27_CHICK,601,NLS,Gallus gallus,9031,TTC27
sp|Q5ZHV7|SPRY7_CHICK,63,NKS,Gallus gallus,9031,SPRYD7
sp|Q5ZHX5|MSD2_CHICK,212,NSS,Gallus gallus,9031,MSANTD2
sp|Q5ZHX5|MSD2_CHICK,237,NHS,Gallus gallus,9031,MSANTD2
sp|Q5ZHX5|MSD2_CHICK,445,NET,Gallus gallus,9031,MSANTD2
sp|Q5ZID2|PDD2L_CHICK,122,NFS,Gallus gallus,9031,PDCD2L
sp|Q5ZJ37|RABEK_CHICK,110,NRS,Gallus gallus,9031,RABEPK
sp|Q5ZJ97|K1143_CHICK,49,NGS,Gallus gallus,9031,RCJMB04_19n18
sp|Q5ZJ97|K1143_CHICK,117,NVS,Gallus gallus,9031,RCJMB04_19n18
sp|Q5ZJ97|K1143_CHICK,146,NSS,Gallus gallus,9031,RCJMB04_19n18
sp|Q5ZKI7|WDCP_CHICK,442,NGS,Gallus gallus,9031,WDCP
sp|Q5ZKI7|WDCP_CHICK,449,NGS,Gallus gallus,9031,WDCP
sp|Q5ZKI7|WDCP_CHICK,453,NLS,Gallus gallus,9031,WDCP
sp|Q5ZKI7|WDCP_CHICK,505,NMS,Gallus gallus,9031,WDCP
sp|Q5ZKI7|WDCP_CHICK,531,NQS,Gallus gallus,9031,WDCP
sp|Q5ZKI7|WDCP_CHICK,587,NFT,Gallus gallus,9031,WDCP
sp|Q5ZKI7|WDCP_CHICK,622,NIT,Gallus gallus,9031,WDCP
sp|Q5ZKI7|WDCP_CHICK,632,NDS,Gallus gallus,9031,WDCP
sp|Q5ZKI7|WDCP_CHICK,657,NLS,Gallus gallus,9031,WDCP
sp|Q5ZL79|NOL11_CHICK,252,NLS,Gallus gallus,9031,NOL11
sp|Q5ZL79|NOL11_CHICK,637,NTT,Gallus gallus,9031,NOL11
sp|Q5ZLC6|ANR10_CHICK,82,NAS,Gallus gallus,9031,ANKRD10
sp|Q5ZLC6|ANR10_CHICK,152,NAS,Gallus gallus,9031,ANKRD10
sp|Q5ZLC6|ANR10_CHICK,188,NGT,Gallus gallus,9031,ANKRD10
sp|Q5ZLC6|ANR10_CHICK,262,NSS,Gallus gallus,9031,ANKRD10
sp|Q5ZLC6|ANR10_CHICK,323,NGT,Gallus gallus,9031,ANKRD10
sp|Q5ZLC6|ANR10_CHICK,345,NGS,Gallus gallus,9031,ANKRD10
sp|Q5ZLK8|CF120_CHICK,47,NYS,Gallus gallus,9031,RCJMB04_5l6
sp|Q5ZLM8|F133_CHICK,84,NES,Gallus gallus,9031,FAM133
sp|Q5ZLN0|LRC40_CHICK,69,NLS,Gallus gallus,9031,LRRC40
sp|Q5ZLN0|LRC40_CHICK,333,NLS,Gallus gallus,9031,LRRC40
sp|Q5ZLN0|LRC40_CHICK,432,NFS,Gallus gallus,9031,LRRC40
sp|Q5ZLN0|LRC40_CHICK,502,NLS,Gallus gallus,9031,LRRC40
sp|Q5ZM74|RN141_CHICK,86,NKT,Gallus gallus,9031,RNF141
sp|Q71SY6|OAF_CHICK,144,NFS,Gallus gallus,9031,oaf
