ProteinID,Site,Sequon,Species,TaxonID,GeneName
sp|A0FI79|INP5E_PANTR,107,NGT,Pan troglodytes,9598,INPP5E
sp|A0FI79|INP5E_PANTR,636,NSS,Pan troglodytes,9598,INPP5E
sp|A2T756|PDX1_PANTR,184,NLT,Pan troglodytes,9598,PDX1
sp|A5A6H8|ITM2B_PANTR,170,NTS,Pan troglodytes,9598,ITM2B
sp|A5A6J1|TBA1A_PANTR,380,NTT,Pan troglodytes,9598,TUBA1A
sp|A5A6J2|DDX5_PANTR,113,NFT,Pan troglodytes,9598,DDX5
sp|A5A6J2|DDX5_PANTR,342,NKT,Pan troglodytes,9598,DDX5
sp|A5A6J2|DDX5_PANTR,420,NSS,Pan troglodytes,9598,DDX5
sp|A5A6J2|DDX5_PANTR,539,NYT,Pan troglodytes,9598,DDX5
sp|A5A6J2|DDX5_PANTR,542,NGS,Pan troglodytes,9598,DDX5
sp|A5A6K9|HS90A_PANTR,51,NSS,Pan troglodytes,9598,HSP90AA1
sp|A5A6K9|HS90A_PANTR,292,NKT,Pan troglodytes,9598,HSP90AA1
sp|A5A6K9|HS90A_PANTR,398,NIS,Pan troglodytes,9598,HSP90AA1
sp|A5A6K9|HS90A_PANTR,623,NST,Pan troglodytes,9598,HSP90AA1
sp|A5A6M3|RBMX_PANTR,46,NKS,Pan troglodytes,9598,RBMX
sp|A5A6M3|RBMX_PANTR,139,NMS,Pan troglodytes,9598,RBMX
sp|A5A6N6|EMP2_PANTR,44,NNT,Pan troglodytes,9598,EMP2
sp|A5A6N6|EMP2_PANTR,47,NCT,Pan troglodytes,9598,EMP2
sp|A5A6N6|EMP2_PANTR,52,NDS,Pan troglodytes,9598,EMP2
sp|A5A6P2|ASAH1_PANTR,173,NDT,Pan troglodytes,9598,ASAH1
sp|A5A6P2|ASAH1_PANTR,195,NKT,Pan troglodytes,9598,ASAH1
sp|A5A6P2|ASAH1_PANTR,259,NST,Pan troglodytes,9598,ASAH1
sp|A5A6P2|ASAH1_PANTR,286,NQS,Pan troglodytes,9598,ASAH1
sp|A5A6P2|ASAH1_PANTR,342,NRT,Pan troglodytes,9598,ASAH1
sp|A5A6P2|ASAH1_PANTR,348,NIS,Pan troglodytes,9598,ASAH1
sp|A5A6P7|GPC3_PANTR,124,NYT,Pan troglodytes,9598,GPC3
sp|A5A6P7|GPC3_PANTR,241,NTT,Pan troglodytes,9598,GPC3
sp|A5A6P7|GPC3_PANTR,418,NDT,Pan troglodytes,9598,GPC3
sp|A7X8B3|PRGR_PANTR,664,NES,Pan troglodytes,9598,PGR
sp|A8T644|PCSK9_PANTR,533,NCS,Pan troglodytes,9598,PCSK9
sp|B3Y613|TLR2_PANTR,114,NLS,Pan troglodytes,9598,TLR2
sp|B3Y613|TLR2_PANTR,199,NVS,Pan troglodytes,9598,TLR2
sp|B3Y613|TLR2_PANTR,414,NLT,Pan troglodytes,9598,TLR2
sp|B3Y613|TLR2_PANTR,442,NLS,Pan troglodytes,9598,TLR2
sp|H2QII6|RBP2_PANTR,360,NLS,Pan troglodytes,9598,RANBP2
sp|H2QII6|RBP2_PANTR,378,NKS,Pan troglodytes,9598,RANBP2
sp|H2QII6|RBP2_PANTR,728,NLS,Pan troglodytes,9598,RANBP2
sp|H2QII6|RBP2_PANTR,765,NGS,Pan troglodytes,9598,RANBP2
sp|H2QII6|RBP2_PANTR,831,NSS,Pan troglodytes,9598,RANBP2
sp|H2QII6|RBP2_PANTR,894,NVT,Pan troglodytes,9598,RANBP2
sp|H2QII6|RBP2_PANTR,1105,NVS,Pan troglodytes,9598,RANBP2
sp|H2QII6|RBP2_PANTR,1365,NAS,Pan troglodytes,9598,RANBP2
sp|H2QII6|RBP2_PANTR,1445,NKS,Pan troglodytes,9598,RANBP2
sp|H2QII6|RBP2_PANTR,1559,NAT,Pan troglodytes,9598,RANBP2
sp|H2QII6|RBP2_PANTR,1636,NQT,Pan troglodytes,9598,RANBP2
sp|H2QII6|RBP2_PANTR,1695,NQT,Pan troglodytes,9598,RANBP2
sp|H2QII6|RBP2_PANTR,1754,NQT,Pan troglodytes,9598,RANBP2
sp|H2QII6|RBP2_PANTR,1794,NES,Pan troglodytes,9598,RANBP2
sp|H2QII6|RBP2_PANTR,1844,NFS,Pan troglodytes,9598,RANBP2
sp|H2QII6|RBP2_PANTR,1918,NDT,Pan troglodytes,9598,RANBP2
sp|H2QII6|RBP2_PANTR,1932,NGS,Pan troglodytes,9598,RANBP2
sp|H2QII6|RBP2_PANTR,1991,NTS,Pan troglodytes,9598,RANBP2
sp|H2QII6|RBP2_PANTR,2268,NFS,Pan troglodytes,9598,RANBP2
sp|H2QII6|RBP2_PANTR,2285,NQS,Pan troglodytes,9598,RANBP2
sp|H2QII6|RBP2_PANTR,2537,NTS,Pan troglodytes,9598,RANBP2
sp|H2QII6|RBP2_PANTR,2556,NNS,Pan troglodytes,9598,RANBP2
sp|H2QII6|RBP2_PANTR,2595,NLS,Pan troglodytes,9598,RANBP2
sp|H2QII6|RBP2_PANTR,2608,NYT,Pan troglodytes,9598,RANBP2
sp|H2QII6|RBP2_PANTR,2997,NVS,Pan troglodytes,9598,RANBP2
sp|H2QII6|RBP2_PANTR,3168,NNS,Pan troglodytes,9598,RANBP2
sp|H2QL32|PDE9A_PANTR,31,NSS,Pan troglodytes,9598,PDE9A
sp|H2QL32|PDE9A_PANTR,48,NTT,Pan troglodytes,9598,PDE9A
sp|H2QL32|PDE9A_PANTR,336,NFS,Pan troglodytes,9598,PDE9A
sp|H2QL32|PDE9A_PANTR,360,NNT,Pan troglodytes,9598,PDE9A
sp|O19058|FUT3_PANTR,165,NLT,Pan troglodytes,9598,FUT3
sp|O19058|FUT3_PANTR,196,NLS,Pan troglodytes,9598,FUT3
sp|O77485|FUT2_PANTR,188,NGS,Pan troglodytes,9598,FUT2
sp|O77485|FUT2_PANTR,282,NHT,Pan troglodytes,9598,FUT2
sp|O77485|FUT2_PANTR,308,NYT,Pan troglodytes,9598,FUT2
sp|P13748|1A03_PANTR,110,NQS,Pan troglodytes,9598,Patr-A
sp|P13749|1A04_PANTR,110,NQS,Pan troglodytes,9598,Patr-A
sp|P13750|1B01_PANTR,106,NQS,,,
sp|P13751|1B02_PANTR,110,NQS,,,
sp|P16209|1A01_PANTR,110,NQS,,,
sp|P16210|1A02_PANTR,110,NQS,,,
sp|P18467|DOB_PANTR,15,NLT,Pan troglodytes,9598,Patr-DOB
sp|P18467|DOB_PANTR,45,NGT,Pan troglodytes,9598,Patr-DOB
sp|P23583|MYC_PANTR,19,NVS,Pan troglodytes,9598,MYC
sp|P23583|MYC_PANTR,127,NQS,Pan troglodytes,9598,MYC
sp|P23583|MYC_PANTR,215,NDS,Pan troglodytes,9598,MYC
sp|P30686|1C01_PANTR,110,NQS,,,
sp|P47785|RNAS2_PANTR,44,NMT,Pan troglodytes,9598,RNASE2
sp|P47785|RNAS2_PANTR,86,NMT,Pan troglodytes,9598,RNASE2
sp|P47785|RNAS2_PANTR,92,NKT,Pan troglodytes,9598,RNASE2
sp|P47785|RNAS2_PANTR,111,NLT,Pan troglodytes,9598,RNASE2
sp|P47785|RNAS2_PANTR,119,NIS,Pan troglodytes,9598,RNASE2
sp|P56433|FUT5_PANTR,60,NGS,Pan troglodytes,9598,FUT5
sp|P56433|FUT5_PANTR,105,NIT,Pan troglodytes,9598,FUT5
sp|P56433|FUT5_PANTR,167,NLT,Pan troglodytes,9598,FUT5
sp|P56433|FUT5_PANTR,198,NLS,Pan troglodytes,9598,FUT5
sp|P56434|FUT6_PANTR,46,NGS,Pan troglodytes,9598,FUT6
sp|P56434|FUT6_PANTR,91,NIT,Pan troglodytes,9598,FUT6
sp|P56434|FUT6_PANTR,153,NLT,Pan troglodytes,9598,FUT6
sp|P56434|FUT6_PANTR,184,NLS,Pan troglodytes,9598,FUT6
sp|P60020|5HT1B_PANTR,24,NLS,Pan troglodytes,9598,HTR1B
sp|P60020|5HT1B_PANTR,32,NCS,Pan troglodytes,9598,HTR1B
sp|P60020|5HT1B_PANTR,245,NRT,Pan troglodytes,9598,HTR1B
sp|P60029|IRPL1_PANTR,63,NYS,Pan troglodytes,9598,IL1RAPL1
sp|P60029|IRPL1_PANTR,122,NST,Pan troglodytes,9598,IL1RAPL1
sp|P60029|IRPL1_PANTR,138,NDT,Pan troglodytes,9598,IL1RAPL1
sp|P60029|IRPL1_PANTR,213,NYT,Pan troglodytes,9598,IL1RAPL1
sp|P60029|IRPL1_PANTR,264,NLT,Pan troglodytes,9598,IL1RAPL1
sp|P60029|IRPL1_PANTR,331,NYS,Pan troglodytes,9598,IL1RAPL1
sp|P60034|CD81_PANTR,232,NSS,Pan troglodytes,9598,CD81
sp|P60052|SODC_PANTR,87,NVT,Pan troglodytes,9598,SOD1
sp|P60175|TPIS_PANTR,196,NVS,Pan troglodytes,9598,TPI1
sp|P61072|CXCR4_PANTR,11,NYT,Pan troglodytes,9598,CXCR4
sp|P61072|CXCR4_PANTR,176,NVS,Pan troglodytes,9598,CXCR4
sp|P61130|SIA4C_PANTR,56,NYS,Pan troglodytes,9598,ST3GAL4
sp|P61130|SIA4C_PANTR,126,NSS,Pan troglodytes,9598,ST3GAL4
sp|P61130|SIA4C_PANTR,305,NVS,Pan troglodytes,9598,ST3GAL4
sp|P61130|SIA4C_PANTR,324,NLT,Pan troglodytes,9598,ST3GAL4
sp|P61584|ROCK1_PANTR,63,NRT,Pan troglodytes,9598,ROCK1
sp|P61584|ROCK1_PANTR,309,NHS,Pan troglodytes,9598,ROCK1
sp|P61584|ROCK1_PANTR,420,NLT,Pan troglodytes,9598,ROCK1
sp|P61584|ROCK1_PANTR,988,NQS,Pan troglodytes,9598,ROCK1
sp|P61584|ROCK1_PANTR,997,NTS,Pan troglodytes,9598,ROCK1
sp|P61642|SIA8A_PANTR,71,NQT,Pan troglodytes,9598,ST8SIA1
sp|P61642|SIA8A_PANTR,119,NST,Pan troglodytes,9598,ST8SIA1
sp|P61642|SIA8A_PANTR,214,NHS,Pan troglodytes,9598,ST8SIA1
sp|P61642|SIA8A_PANTR,245,NQT,Pan troglodytes,9598,ST8SIA1
sp|P61644|SIA8C_PANTR,24,NLS,Pan troglodytes,9598,ST8SIA3
sp|P61644|SIA8C_PANTR,93,NRT,Pan troglodytes,9598,ST8SIA3
sp|P61644|SIA8C_PANTR,113,NFS,Pan troglodytes,9598,ST8SIA3
sp|P61644|SIA8C_PANTR,206,NLT,Pan troglodytes,9598,ST8SIA3
sp|P61648|SIA8F_PANTR,66,NST,Pan troglodytes,9598,ST8SIA6
sp|P61648|SIA8F_PANTR,93,NKT,Pan troglodytes,9598,ST8SIA6
sp|P61648|SIA8F_PANTR,144,NNT,Pan troglodytes,9598,ST8SIA6
sp|P61648|SIA8F_PANTR,151,NMS,Pan troglodytes,9598,ST8SIA6
sp|P61648|SIA8F_PANTR,196,NKS,Pan troglodytes,9598,ST8SIA6
sp|P61768|PRIO_PANTR,181,NIT,Pan troglodytes,9598,PRNP
sp|P61768|PRIO_PANTR,197,NFT,Pan troglodytes,9598,PRNP
sp|Q0MQG5|NDUS2_PANTR,79,NMT,Pan troglodytes,9598,NDUFS2
sp|Q0MQG5|NDUS2_PANTR,250,NFS,Pan troglodytes,9598,NDUFS2
sp|Q0MQG5|NDUS2_PANTR,270,NRT,Pan troglodytes,9598,NDUFS2
sp|Q0ZQL1|PPIA_PANTR,71,NGT,Pan troglodytes,9598,PPIA
sp|Q0ZQL1|PPIA_PANTR,108,NGS,Pan troglodytes,9598,PPIA
sp|Q1XHU0|TRI39_PANTR,317,NFS,Pan troglodytes,9598,TRIM39
sp|Q1XHU0|TRI39_PANTR,473,NVT,Pan troglodytes,9598,TRIM39
sp|Q2F9P2|FA7_PANTR,205,NAS,Pan troglodytes,9598,F7
sp|Q2F9P2|FA7_PANTR,382,NIT,Pan troglodytes,9598,F7
sp|Q2QLE5|CFTR_PANTR,48,NLS,Pan troglodytes,9598,CFTR
sp|Q2QLE5|CFTR_PANTR,306,NSS,Pan troglodytes,9598,CFTR
sp|Q2QLE5|CFTR_PANTR,386,NLT,Pan troglodytes,9598,CFTR
sp|Q2QLE5|CFTR_PANTR,396,NVT,Pan troglodytes,9598,CFTR
sp|Q2QLE5|CFTR_PANTR,432,NFS,Pan troglodytes,9598,CFTR
sp|Q2QLE5|CFTR_PANTR,597,NKT,Pan troglodytes,9598,CFTR
sp|Q2QLE5|CFTR_PANTR,801,NLT,Pan troglodytes,9598,CFTR
sp|Q2QLE5|CFTR_PANTR,894,NST,Pan troglodytes,9598,CFTR
sp|Q2QLE5|CFTR_PANTR,900,NNS,Pan troglodytes,9598,CFTR
sp|Q2QLE5|CFTR_PANTR,1148,NSS,Pan troglodytes,9598,CFTR
sp|Q2QLE5|CFTR_PANTR,1229,NIS,Pan troglodytes,9598,CFTR
sp|Q2QLE5|CFTR_PANTR,1454,NSS,Pan troglodytes,9598,CFTR
sp|Q2QLF1|MET_PANTR,45,NFT,Pan troglodytes,9598,MET
sp|Q2QLF1|MET_PANTR,106,NLS,Pan troglodytes,9598,MET
sp|Q2QLF1|MET_PANTR,149,NHT,Pan troglodytes,9598,MET
sp|Q2QLF1|MET_PANTR,202,NSS,Pan troglodytes,9598,MET
sp|Q2QLF1|MET_PANTR,399,NRT,Pan troglodytes,9598,MET
sp|Q2QLF1|MET_PANTR,405,NSS,Pan troglodytes,9598,MET
sp|Q2QLF1|MET_PANTR,607,NES,Pan troglodytes,9598,MET
sp|Q2QLF1|MET_PANTR,635,NMS,Pan troglodytes,9598,MET
sp|Q2QLF1|MET_PANTR,785,NFT,Pan troglodytes,9598,MET
sp|Q2QLF1|MET_PANTR,879,NKS,Pan troglodytes,9598,MET
sp|Q2QLF1|MET_PANTR,930,NFT,Pan troglodytes,9598,MET
sp|Q2QLF1|MET_PANTR,998,NES,Pan troglodytes,9598,MET
sp|Q2QLF1|MET_PANTR,1014,NSS,Pan troglodytes,9598,MET
sp|Q2QLF1|MET_PANTR,1018,NGS,Pan troglodytes,9598,MET
sp|Q2QLF1|MET_PANTR,1171,NET,Pan troglodytes,9598,MET
sp|Q2QLF1|MET_PANTR,1239,NKT,Pan troglodytes,9598,MET
sp|Q2QLF1|MET_PANTR,1353,NAT,Pan troglodytes,9598,MET
sp|Q2XNC8|CP2D6_PANTR,166,NHS,Pan troglodytes,9598,CYP2D6
sp|Q2XNC8|CP2D6_PANTR,398,NLS,Pan troglodytes,9598,CYP2D6
sp|Q4VSN5|DUSTY_PANTR,61,NHT,Pan troglodytes,9598,DSTYK
sp|Q4VSN5|DUSTY_PANTR,595,NSS,Pan troglodytes,9598,DSTYK
sp|Q50DM7|AGRG1_PANTR,39,NQT,Pan troglodytes,9598,ADGRG1
sp|Q50DM7|AGRG1_PANTR,148,NIS,Pan troglodytes,9598,ADGRG1
sp|Q50DM7|AGRG1_PANTR,171,NAS,Pan troglodytes,9598,ADGRG1
sp|Q50DM7|AGRG1_PANTR,234,NAT,Pan troglodytes,9598,ADGRG1
sp|Q50DM7|AGRG1_PANTR,303,NSS,Pan troglodytes,9598,ADGRG1
sp|Q50DM7|AGRG1_PANTR,324,NLT,Pan troglodytes,9598,ADGRG1
sp|Q50DM7|AGRG1_PANTR,341,NVT,Pan troglodytes,9598,ADGRG1
sp|Q53B87|NOD2_PANTR,826,NIS,Pan troglodytes,9598,NOD2
sp|Q53B87|NOD2_PANTR,898,NTS,Pan troglodytes,9598,NOD2
sp|Q53B87|NOD2_PANTR,982,NSS,Pan troglodytes,9598,NOD2
sp|Q53B87|NOD2_PANTR,1010,NDT,Pan troglodytes,9598,NOD2
sp|Q5BIW4|ALS2_PANTR,652,NHS,Pan troglodytes,9598,ALS2
sp|Q5D7J1|TRIM5_PANTR,259,NVT,Pan troglodytes,9598,TRIM5
sp|Q5D7J1|TRIM5_PANTR,307,NIS,Pan troglodytes,9598,TRIM5
sp|Q5D7J1|TRIM5_PANTR,453,NIT,Pan troglodytes,9598,TRIM5
sp|Q5IS37|NTRK3_PANTR,68,NAS,Pan troglodytes,9598,NTRK3
sp|Q5IS37|NTRK3_PANTR,72,NIT,Pan troglodytes,9598,NTRK3
sp|Q5IS37|NTRK3_PANTR,79,NIT,Pan troglodytes,9598,NTRK3
sp|Q5IS37|NTRK3_PANTR,133,NLS,Pan troglodytes,9598,NTRK3
sp|Q5IS37|NTRK3_PANTR,163,NCS,Pan troglodytes,9598,NTRK3
sp|Q5IS37|NTRK3_PANTR,203,NIS,Pan troglodytes,9598,NTRK3
sp|Q5IS37|NTRK3_PANTR,218,NLT,Pan troglodytes,9598,NTRK3
sp|Q5IS37|NTRK3_PANTR,232,NGS,Pan troglodytes,9598,NTRK3
sp|Q5IS37|NTRK3_PANTR,259,NWT,Pan troglodytes,9598,NTRK3
sp|Q5IS37|NTRK3_PANTR,267,NLT,Pan troglodytes,9598,NTRK3
sp|Q5IS37|NTRK3_PANTR,272,NVT,Pan troglodytes,9598,NTRK3
sp|Q5IS37|NTRK3_PANTR,294,NAS,Pan troglodytes,9598,NTRK3
sp|Q5IS37|NTRK3_PANTR,375,NYT,Pan troglodytes,9598,NTRK3
sp|Q5IS37|NTRK3_PANTR,388,NQT,Pan troglodytes,9598,NTRK3
sp|Q5IS37|NTRK3_PANTR,559,NLS,Pan troglodytes,9598,NTRK3
sp|Q5IS39|OPRM_PANTR,9,NAS,Pan troglodytes,9598,OPRM1
sp|Q5IS39|OPRM_PANTR,12,NCT,Pan troglodytes,9598,OPRM1
sp|Q5IS39|OPRM_PANTR,34,NLS,Pan troglodytes,9598,OPRM1
sp|Q5IS39|OPRM_PANTR,41,NLS,Pan troglodytes,9598,OPRM1
sp|Q5IS39|OPRM_PANTR,49,NRT,Pan troglodytes,9598,OPRM1
sp|Q5IS39|OPRM_PANTR,365,NST,Pan troglodytes,9598,OPRM1
sp|Q5IS43|LIS1_PANTR,194,NVS,Pan troglodytes,9598,PAFAH1B1
sp|Q5IS44|LHX1_PANTR,37,NLT,Pan troglodytes,9598,LHX1
sp|Q5IS44|LHX1_PANTR,121,NSS,Pan troglodytes,9598,LHX1
sp|Q5IS44|LHX1_PANTR,160,NVS,Pan troglodytes,9598,LHX1
sp|Q5IS45|NMDE1_PANTR,75,NRT,Pan troglodytes,9598,GRIN2A
sp|Q5IS45|NMDE1_PANTR,340,NVT,Pan troglodytes,9598,GRIN2A
sp|Q5IS45|NMDE1_PANTR,380,NHT,Pan troglodytes,9598,GRIN2A
sp|Q5IS45|NMDE1_PANTR,443,NNS,Pan troglodytes,9598,GRIN2A
sp|Q5IS45|NMDE1_PANTR,541,NGT,Pan troglodytes,9598,GRIN2A
sp|Q5IS45|NMDE1_PANTR,614,NNS,Pan troglodytes,9598,GRIN2A
sp|Q5IS45|NMDE1_PANTR,687,NGS,Pan troglodytes,9598,GRIN2A
sp|Q5IS45|NMDE1_PANTR,886,NLT,Pan troglodytes,9598,GRIN2A
sp|Q5IS45|NMDE1_PANTR,903,NIS,Pan troglodytes,9598,GRIN2A
sp|Q5IS45|NMDE1_PANTR,906,NMS,Pan troglodytes,9598,GRIN2A
sp|Q5IS45|NMDE1_PANTR,911,NSS,Pan troglodytes,9598,GRIN2A
sp|Q5IS45|NMDE1_PANTR,946,NRS,Pan troglodytes,9598,GRIN2A
sp|Q5IS45|NMDE1_PANTR,989,NES,Pan troglodytes,9598,GRIN2A
sp|Q5IS45|NMDE1_PANTR,1041,NRT,Pan troglodytes,9598,GRIN2A
sp|Q5IS45|NMDE1_PANTR,1138,NVT,Pan troglodytes,9598,GRIN2A
sp|Q5IS45|NMDE1_PANTR,1210,NST,Pan troglodytes,9598,GRIN2A
sp|Q5IS45|NMDE1_PANTR,1397,NDS,Pan troglodytes,9598,GRIN2A
sp|Q5IS74|TPP1_PANTR,210,NLT,Pan troglodytes,9598,TPP1
sp|Q5IS74|TPP1_PANTR,222,NNS,Pan troglodytes,9598,TPP1
sp|Q5IS74|TPP1_PANTR,286,NIS,Pan troglodytes,9598,TPP1
sp|Q5IS74|TPP1_PANTR,313,NES,Pan troglodytes,9598,TPP1
sp|Q5IS74|TPP1_PANTR,443,NAS,Pan troglodytes,9598,TPP1
sp|Q5IS77|ACHA4_PANTR,57,NIS,Pan troglodytes,9598,CHRNA4
sp|Q5IS77|ACHA4_PANTR,107,NVT,Pan troglodytes,9598,CHRNA4
sp|Q5IS77|ACHA4_PANTR,174,NCT,Pan troglodytes,9598,CHRNA4
sp|Q5IS80|A4_PANTR,542,NQS,Pan troglodytes,9598,APP
sp|Q5IS80|A4_PANTR,571,NYS,Pan troglodytes,9598,APP
sp|Q5QQ57|XYLT1_PANTR,34,NFS,Pan troglodytes,9598,XYLT1
sp|Q5QQ57|XYLT1_PANTR,212,NSS,Pan troglodytes,9598,XYLT1
sp|Q5QQ57|XYLT1_PANTR,407,NLS,Pan troglodytes,9598,XYLT1
sp|Q5QQ57|XYLT1_PANTR,763,NVT,Pan troglodytes,9598,XYLT1
sp|Q5R1W1|SEPT7_PANTR,13,NSS,Pan troglodytes,9598,SEPTIN7
sp|Q5R1W1|SEPT7_PANTR,419,NSS,Pan troglodytes,9598,SEPTIN7
sp|Q5R1W4|TBA1B_PANTR,380,NTT,Pan troglodytes,9598,TUBA1B
sp|Q5R1W7|ECHB_PANTR,308,NSS,Pan troglodytes,9598,HADHB
sp|Q5R1W8|VIME_PANTR,212,NAS,Pan troglodytes,9598,VIM
sp|Q5R1W8|VIME_PANTR,337,NES,Pan troglodytes,9598,VIM
sp|Q5R1W8|VIME_PANTR,417,NFS,Pan troglodytes,9598,VIM
sp|Q5R1W8|VIME_PANTR,456,NET,Pan troglodytes,9598,VIM
sp|Q5R1X2|EF1A1_PANTR,222,NAS,Pan troglodytes,9598,EEF1A1
sp|Q5R1X2|EF1A1_PANTR,284,NVT,Pan troglodytes,9598,EEF1A1
sp|Q5R1X2|EF1A1_PANTR,314,NVS,Pan troglodytes,9598,EEF1A1
sp|Q5R1X3|ACTB_PANTR,12,NGS,Pan troglodytes,9598,ACTB
sp|Q659K9|FUT4_PANTR,216,NIS,Pan troglodytes,9598,FUT4
sp|Q659K9|FUT4_PANTR,315,NWT,Pan troglodytes,9598,FUT4
sp|Q659L0|FUT9_PANTR,62,NET,Pan troglodytes,9598,FUT9
sp|Q659L0|FUT9_PANTR,101,NKS,Pan troglodytes,9598,FUT9
sp|Q659L0|FUT9_PANTR,153,NLT,Pan troglodytes,9598,FUT9
sp|Q6IV84|TAZ_PANTR,154,NMS,Pan troglodytes,9598,TAFAZZIN
sp|Q6IV84|TAZ_PANTR,226,NKS,Pan troglodytes,9598,TAFAZZIN
sp|Q6KB58|SIA4B_PANTR,92,NIS,Pan troglodytes,9598,ST3GAL2
sp|Q6KB58|SIA4B_PANTR,211,NVS,Pan troglodytes,9598,ST3GAL2
sp|Q6KB59|SIA4A_PANTR,27,NYS,Pan troglodytes,9598,ST3GAL1
sp|Q6KB59|SIA4A_PANTR,79,NQT,Pan troglodytes,9598,ST3GAL1
sp|Q6KB59|SIA4A_PANTR,114,NDT,Pan troglodytes,9598,ST3GAL1
sp|Q6KB59|SIA4A_PANTR,201,NVS,Pan troglodytes,9598,ST3GAL1
sp|Q6KB59|SIA4A_PANTR,323,NVT,Pan troglodytes,9598,ST3GAL1
sp|Q7YQL4|PAK3_PANTR,29,NHS,Pan troglodytes,9598,PAK3
sp|Q7YQL4|PAK3_PANTR,121,NIT,Pan troglodytes,9598,PAK3
sp|Q7YQL4|PAK3_PANTR,244,NSS,Pan troglodytes,9598,PAK3
sp|Q7YQL4|PAK3_PANTR,492,NGT,Pan troglodytes,9598,PAK3
sp|Q7YQL4|PAK3_PANTR,556,NSS,Pan troglodytes,9598,PAK3
sp|Q7YQM4|ATRX_PANTR,367,NSS,Pan troglodytes,9598,ATRX
sp|Q7YQM4|ATRX_PANTR,486,NKS,Pan troglodytes,9598,ATRX
sp|Q7YQM4|ATRX_PANTR,508,NTS,Pan troglodytes,9598,ATRX
sp|Q7YQM4|ATRX_PANTR,564,NIS,Pan troglodytes,9598,ATRX
sp|Q7YQM4|ATRX_PANTR,682,NET,Pan troglodytes,9598,ATRX
sp|Q7YQM4|ATRX_PANTR,702,NSS,Pan troglodytes,9598,ATRX
sp|Q7YQM4|ATRX_PANTR,887,NFS,Pan troglodytes,9598,ATRX
sp|Q7YQM4|ATRX_PANTR,1037,NGT,Pan troglodytes,9598,ATRX
sp|Q7YQM4|ATRX_PANTR,1123,NSS,Pan troglodytes,9598,ATRX
sp|Q7YQM4|ATRX_PANTR,1139,NLS,Pan troglodytes,9598,ATRX
sp|Q7YQM4|ATRX_PANTR,1283,NLS,Pan troglodytes,9598,ATRX
sp|Q7YQM4|ATRX_PANTR,1438,NKS,Pan troglodytes,9598,ATRX
sp|Q7YQM4|ATRX_PANTR,1859,NNS,Pan troglodytes,9598,ATRX
sp|Q7YQM4|ATRX_PANTR,2363,NLS,Pan troglodytes,9598,ATRX
sp|Q7YR24|ABC3G_PANTR,229,NDT,Pan troglodytes,9598,APOBEC3G
sp|Q7YR43|DDR1_PANTR,207,NDS,Pan troglodytes,9598,DDR1
sp|Q7YR43|DDR1_PANTR,256,NHS,Pan troglodytes,9598,DDR1
sp|Q7YR43|DDR1_PANTR,366,NNS,Pan troglodytes,9598,DDR1
sp|Q7YR43|DDR1_PANTR,390,NFS,Pan troglodytes,9598,DDR1
sp|Q7YR43|DDR1_PANTR,498,NGS,Pan troglodytes,9598,DDR1
sp|Q7YR43|DDR1_PANTR,773,NFT,Pan troglodytes,9598,DDR1
sp|Q8HYN1|CP17A_PANTR,185,NTS,Pan troglodytes,9598,CYP17A1
sp|Q8HYN1|CP17A_PANTR,208,NLS,Pan troglodytes,9598,CYP17A1
sp|Q8HYN1|CP17A_PANTR,226,NKT,Pan troglodytes,9598,CYP17A1
sp|Q95KZ0|PE2R4_PANTR,7,NAS,Pan troglodytes,9598,PTGER4
sp|Q95KZ0|PE2R4_PANTR,177,NVT,Pan troglodytes,9598,PTGER4
sp|Q95KZ0|PE2R4_PANTR,484,NLS,Pan troglodytes,9598,PTGER4
sp|Q95MI5|NKG2A_PANTR,27,NKS,Pan troglodytes,9598,KLRC1
sp|Q95MI5|NKG2A_PANTR,102,NNS,Pan troglodytes,9598,KLRC1
sp|Q95MI5|NKG2A_PANTR,180,NSS,Pan troglodytes,9598,KLRC1
sp|Q95ND7|FA9_PANTR,203,NST,Pan troglodytes,9598,F9
sp|Q95ND7|FA9_PANTR,213,NIT,Pan troglodytes,9598,F9
sp|Q95NE7|MK14_PANTR,14,NKT,Pan troglodytes,9598,MAPK14
sp|Q95NE7|MK14_PANTR,26,NLS,Pan troglodytes,9598,MAPK14
sp|Q95NE7|MK14_PANTR,201,NQT,Pan troglodytes,9598,MAPK14
sp|Q9BCU3|HMR1_PANTR,107,NHS,Pan troglodytes,9598,MR1
sp|Q9BDT0|GBA1_PANTR,58,NAT,Pan troglodytes,9598,GBA1
sp|Q9BDT0|GBA1_PANTR,98,NHT,Pan troglodytes,9598,GBA1
sp|Q9BDT0|GBA1_PANTR,185,NFS,Pan troglodytes,9598,GBA1
sp|Q9BDT0|GBA1_PANTR,309,NST,Pan troglodytes,9598,GBA1
sp|Q9BDT0|GBA1_PANTR,501,NRS,Pan troglodytes,9598,GBA1
sp|Q9BG89|SOX9_PANTR,96,NGS,Pan troglodytes,9598,SOX9
sp|Q9BG89|SOX9_PANTR,147,NES,Pan troglodytes,9598,SOX9
sp|Q9BG89|SOX9_PANTR,447,NSS,Pan troglodytes,9598,SOX9
sp|Q9GKK8|BRCA1_PANTR,112,NNS,Pan troglodytes,9598,BRCA1
sp|Q9GKK8|BRCA1_PANTR,247,NTT,Pan troglodytes,9598,BRCA1
sp|Q9GKK8|BRCA1_PANTR,287,NSS,Pan troglodytes,9598,BRCA1
sp|Q9GKK8|BRCA1_PANTR,306,NKS,Pan troglodytes,9598,BRCA1
sp|Q9GKK8|BRCA1_PANTR,376,NSS,Pan troglodytes,9598,BRCA1
sp|Q9GKK8|BRCA1_PANTR,473,NLS,Pan troglodytes,9598,BRCA1
sp|Q9GKK8|BRCA1_PANTR,547,NIT,Pan troglodytes,9598,BRCA1
sp|Q9GKK8|BRCA1_PANTR,555,NKT,Pan troglodytes,9598,BRCA1
sp|Q9GKK8|BRCA1_PANTR,630,NLS,Pan troglodytes,9598,BRCA1
sp|Q9GKK8|BRCA1_PANTR,635,NCT,Pan troglodytes,9598,BRCA1
sp|Q9GKK8|BRCA1_PANTR,711,NCS,Pan troglodytes,9598,BRCA1
sp|Q9GKK8|BRCA1_PANTR,714,NTS,Pan troglodytes,9598,BRCA1
sp|Q9GKK8|BRCA1_PANTR,824,NDT,Pan troglodytes,9598,BRCA1
sp|Q9GKK8|BRCA1_PANTR,838,NHS,Pan troglodytes,9598,BRCA1
sp|Q9GKK8|BRCA1_PANTR,913,NES,Pan troglodytes,9598,BRCA1
sp|Q9GKK8|BRCA1_PANTR,924,NIT,Pan troglodytes,9598,BRCA1
sp|Q9GKK8|BRCA1_PANTR,961,NET,Pan troglodytes,9598,BRCA1
sp|Q9GKK8|BRCA1_PANTR,1215,NLS,Pan troglodytes,9598,BRCA1
sp|Q9GLN7|ACE_PANTR,36,NFS,Pan troglodytes,9598,ACE
sp|Q9GLN7|ACE_PANTR,52,NSS,Pan troglodytes,9598,ACE
sp|Q9GLN7|ACE_PANTR,72,NIT,Pan troglodytes,9598,ACE
sp|Q9GLN7|ACE_PANTR,109,NFT,Pan troglodytes,9598,ACE
sp|Q9GLN7|ACE_PANTR,144,NMS,Pan troglodytes,9598,ACE
sp|Q9GLN7|ACE_PANTR,158,NKT,Pan troglodytes,9598,ACE
sp|Q9GLN7|ACE_PANTR,316,NAT,Pan troglodytes,9598,ACE
sp|Q9GLN7|ACE_PANTR,440,NVT,Pan troglodytes,9598,ACE
sp|Q9GLN7|ACE_PANTR,443,NDT,Pan troglodytes,9598,ACE
sp|Q9GLN7|ACE_PANTR,507,NET,Pan troglodytes,9598,ACE
sp|Q9GLN7|ACE_PANTR,521,NVT,Pan troglodytes,9598,ACE
sp|Q9GLN7|ACE_PANTR,675,NIT,Pan troglodytes,9598,ACE
sp|Q9GLN7|ACE_PANTR,693,NHT,Pan troglodytes,9598,ACE
sp|Q9GLN7|ACE_PANTR,712,NTT,Pan troglodytes,9598,ACE
sp|Q9GLN7|ACE_PANTR,758,NGS,Pan troglodytes,9598,ACE
sp|Q9GLN7|ACE_PANTR,940,NKS,Pan troglodytes,9598,ACE
sp|Q9GLN7|ACE_PANTR,1189,NMS,Pan troglodytes,9598,ACE
sp|Q9GLN7|ACE_PANTR,1223,NWT,Pan troglodytes,9598,ACE
sp|Q9MZ37|NKG2D_PANTR,49,NAS,Pan troglodytes,9598,KLRK1
sp|Q9MZ37|NKG2D_PANTR,115,NES,Pan troglodytes,9598,KLRK1
sp|Q9MZ37|NKG2D_PANTR,131,NAS,Pan troglodytes,9598,KLRK1
sp|Q9MZ37|NKG2D_PANTR,163,NGS,Pan troglodytes,9598,KLRK1
sp|Q9MZ37|NKG2D_PANTR,202,NCS,Pan troglodytes,9598,KLRK1
sp|Q9MZ41|KLRD1_PANTR,83,NES,Pan troglodytes,9598,KLRD1
sp|Q9MZ41|KLRD1_PANTR,132,NGS,Pan troglodytes,9598,KLRD1
sp|Q9N298|5HT1A_PANTR,10,NNT,Pan troglodytes,9598,HTR1A
sp|Q9N298|5HT1A_PANTR,24,NTS,Pan troglodytes,9598,HTR1A
sp|Q9TUD6|FUT1_PANTR,66,NAS,Pan troglodytes,9598,FUT1
sp|Q9TUD6|FUT1_PANTR,302,NHT,Pan troglodytes,9598,FUT1
sp|Q9TUD6|FUT1_PANTR,328,NFT,Pan troglodytes,9598,FUT1
sp|Q9XT09|MP2K1_PANTR,21,NGT,Pan troglodytes,9598,MAP2K1
sp|A1C2V0|GDF8_PANTR,71,NIS,Pan troglodytes,9598,MSTN
sp|A2T6X5|RING1_PANTR,260,NAT,Pan troglodytes,9598,RING1
sp|A2T6X5|RING1_PANTR,347,NGS,Pan troglodytes,9598,RING1
sp|A5A6H4|ROA1_PANTR,221,NFS,Pan troglodytes,9598,HNRNPA1
sp|A5A6H4|ROA1_PANTR,268,NQS,Pan troglodytes,9598,HNRNPA1
sp|A5A6I3|EIF3F_PANTR,144,NES,Pan troglodytes,9598,EIF3F
sp|A5A6I3|EIF3F_PANTR,346,NLT,Pan troglodytes,9598,EIF3F
sp|A5A6I6|TRFE_PANTR,630,NVT,Pan troglodytes,9598,TF
sp|A5A6J8|AT1B1_PANTR,158,NCS,Pan troglodytes,9598,ATP1B1
sp|A5A6J8|AT1B1_PANTR,193,NES,Pan troglodytes,9598,ATP1B1
sp|A5A6J8|AT1B1_PANTR,265,NLT,Pan troglodytes,9598,ATP1B1
sp|A5A6K7|CBPE_PANTR,139,NET,Pan troglodytes,9598,CPE
sp|A5A6K7|CBPE_PANTR,390,NAT,Pan troglodytes,9598,CPE
sp|A5A6K8|AATC_PANTR,125,NGT,Pan troglodytes,9598,GOT1
sp|A5A6K8|AATC_PANTR,270,NLT,Pan troglodytes,9598,GOT1
sp|A5A6K8|AATC_PANTR,389,NVS,Pan troglodytes,9598,GOT1
sp|A5A6L6|SCN1B_PANTR,93,NGS,Pan troglodytes,9598,SCN1B
sp|A5A6L6|SCN1B_PANTR,110,NVT,Pan troglodytes,9598,SCN1B
sp|A5A6L6|SCN1B_PANTR,114,NHS,Pan troglodytes,9598,SCN1B
sp|A5A6L6|SCN1B_PANTR,135,NTS,Pan troglodytes,9598,SCN1B
sp|A5A6L6|SCN1B_PANTR,196,NAS,Pan troglodytes,9598,SCN1B
sp|A5A6L6|SCN1B_PANTR,210,NCT,Pan troglodytes,9598,SCN1B
sp|A5A6M6|K2C1_PANTR,153,NQS,Pan troglodytes,9598,KRT1
sp|A5A6M6|K2C1_PANTR,337,NRS,Pan troglodytes,9598,KRT1
sp|A5A6M8|K2C5_PANTR,148,NQS,Pan troglodytes,9598,KRT5
sp|A5A6M8|K2C5_PANTR,353,NRS,Pan troglodytes,9598,KRT5
sp|A5A6M8|K2C5_PANTR,492,NIS,Pan troglodytes,9598,KRT5
sp|A5A6N4|IF4A1_PANTR,38,NLS,Pan troglodytes,9598,EIF4A1
sp|A5A6N4|IF4A1_PANTR,392,NTS,Pan troglodytes,9598,EIF4A1
sp|A5A6P1|SERA_PANTR,35,NLS,Pan troglodytes,9598,PHGDH
sp|A5A6P1|SERA_PANTR,403,NVT,Pan troglodytes,9598,PHGDH
sp|H2Q5A1|SCNNA_PANTR,87,NNT,Pan troglodytes,9598,SCNN1A
sp|H2Q5A1|SCNNA_PANTR,255,NKS,Pan troglodytes,9598,SCNN1A
sp|H2Q5A1|SCNNA_PANTR,316,NYS,Pan troglodytes,9598,SCNN1A
sp|H2Q5A1|SCNNA_PANTR,335,NNS,Pan troglodytes,9598,SCNN1A
sp|H2Q5A1|SCNNA_PANTR,420,NGS,Pan troglodytes,9598,SCNN1A
sp|H2Q5A1|SCNNA_PANTR,534,NYT,Pan troglodytes,9598,SCNN1A
sp|H2QAR5|SCNNG_PANTR,207,NFT,Pan troglodytes,9598,SCNN1G
sp|H2QAR5|SCNNG_PANTR,227,NET,Pan troglodytes,9598,SCNN1G
sp|H2QAR5|SCNNG_PANTR,433,NKT,Pan troglodytes,9598,SCNN1G
sp|H2QAR6|SCNNB_PANTR,144,NAS,Pan troglodytes,9598,SCNN1B
sp|H2QAR6|SCNNB_PANTR,180,NAT,Pan troglodytes,9598,SCNN1B
sp|H2QAR6|SCNNB_PANTR,186,NFS,Pan troglodytes,9598,SCNN1B
sp|H2QAR6|SCNNB_PANTR,191,NHT,Pan troglodytes,9598,SCNN1B
sp|H2QAR6|SCNNB_PANTR,244,NGT,Pan troglodytes,9598,SCNN1B
sp|H2QAR6|SCNNB_PANTR,252,NFT,Pan troglodytes,9598,SCNN1B
sp|H2QAR6|SCNNB_PANTR,305,NFT,Pan troglodytes,9598,SCNN1B
sp|H2QAR6|SCNNB_PANTR,409,NGS,Pan troglodytes,9598,SCNN1B
sp|H2QAR6|SCNNB_PANTR,423,NTT,Pan troglodytes,9598,SCNN1B
sp|H2QAR6|SCNNB_PANTR,459,NDT,Pan troglodytes,9598,SCNN1B
sp|H2QAR6|SCNNB_PANTR,494,NIT,Pan troglodytes,9598,SCNN1B
sp|O46525|RNAS6_PANTR,100,NMT,Pan troglodytes,9598,RNASE6
sp|P16004|CD4_PANTR,57,NQT,Pan troglodytes,9598,CD4
sp|P16004|CD4_PANTR,91,NFT,Pan troglodytes,9598,CD4
sp|P16004|CD4_PANTR,296,NLT,Pan troglodytes,9598,CD4
sp|P16004|CD4_PANTR,325,NLT,Pan troglodytes,9598,CD4
sp|P16215|1C28_PANTR,107,NQS,,,
sp|P47780|ECP_PANTR,84,NQS,Pan troglodytes,9598,RNASE3
sp|P47780|ECP_PANTR,92,NRT,Pan troglodytes,9598,RNASE3
sp|P47780|ECP_PANTR,119,NIS,Pan troglodytes,9598,RNASE3
sp|P55920|CXCR1_PANTR,3,NIT,Pan troglodytes,9598,CXCR1
sp|P55920|CXCR1_PANTR,16,NFT,Pan troglodytes,9598,CXCR1
sp|P55920|CXCR1_PANTR,166,NLS,Pan troglodytes,9598,CXCR1
sp|P55920|CXCR1_PANTR,181,NNS,Pan troglodytes,9598,CXCR1
sp|P55920|CXCR1_PANTR,193,NDT,Pan troglodytes,9598,CXCR1
sp|P55920|CXCR1_PANTR,345,NVS,Pan troglodytes,9598,CXCR1
sp|P56440|CCR5_PANTR,268,NCS,Pan troglodytes,9598,CCR5
sp|P58757|SOM2_PANTR,166,NQS,Pan troglodytes,9598,GH2
sp|P60015|OPSB_PANTR,14,NIS,Pan troglodytes,9598,OPN1SW
sp|P60015|OPSB_PANTR,75,NVS,Pan troglodytes,9598,OPN1SW
sp|P60018|HFE_PANTR,110,NHS,Pan troglodytes,9598,HFE
sp|P60018|HFE_PANTR,130,NST,Pan troglodytes,9598,HFE
sp|P60018|HFE_PANTR,234,NIT,Pan troglodytes,9598,HFE
sp|P60021|HRH2_PANTR,4,NGT,Pan troglodytes,9598,HRH2
sp|P60021|HRH2_PANTR,51,NLT,Pan troglodytes,9598,HRH2
sp|P60021|HRH2_PANTR,162,NET,Pan troglodytes,9598,HRH2
sp|P60021|HRH2_PANTR,168,NHT,Pan troglodytes,9598,HRH2
sp|P60021|HRH2_PANTR,320,NAS,Pan troglodytes,9598,HRH2
sp|P60024|DX39B_PANTR,182,NKS,Pan troglodytes,9598,DDX39B
sp|P60024|DX39B_PANTR,410,NIS,Pan troglodytes,9598,DDX39B
sp|P60026|DRD2_PANTR,5,NLS,Pan troglodytes,9598,DRD2
sp|P60026|DRD2_PANTR,17,NWS,Pan troglodytes,9598,DRD2
sp|P60026|DRD2_PANTR,23,NGS,Pan troglodytes,9598,DRD2
sp|P60026|DRD2_PANTR,243,NCT,Pan troglodytes,9598,DRD2
sp|P60026|DRD2_PANTR,260,NGS,Pan troglodytes,9598,DRD2
sp|P60051|UBP14_PANTR,117,NAT,Pan troglodytes,9598,USP14
sp|P60051|UBP14_PANTR,387,NTS,Pan troglodytes,9598,USP14
sp|P61132|SIAT6_PANTR,80,NFS,Pan troglodytes,9598,ST3GAL3
sp|P61132|SIAT6_PANTR,171,NKS,Pan troglodytes,9598,ST3GAL3
sp|P61557|SYCY2_PANTR,133,NGT,Pan troglodytes,9598,ERVFRD-1
sp|P61557|SYCY2_PANTR,146,NVT,Pan troglodytes,9598,ERVFRD-1
sp|P61557|SYCY2_PANTR,177,NIT,Pan troglodytes,9598,ERVFRD-1
sp|P61557|SYCY2_PANTR,220,NLS,Pan troglodytes,9598,ERVFRD-1
sp|P61557|SYCY2_PANTR,241,NKT,Pan troglodytes,9598,ERVFRD-1
sp|P61557|SYCY2_PANTR,247,NQS,Pan troglodytes,9598,ERVFRD-1
sp|P61557|SYCY2_PANTR,312,NWT,Pan troglodytes,9598,ERVFRD-1
sp|P61557|SYCY2_PANTR,332,NLS,Pan troglodytes,9598,ERVFRD-1
sp|P61557|SYCY2_PANTR,443,NQS,Pan troglodytes,9598,ERVFRD-1
sp|P61557|SYCY2_PANTR,523,NLS,Pan troglodytes,9598,ERVFRD-1
sp|P61563|SYCY1_PANTR,169,NTT,Pan troglodytes,9598,ERVW-1
sp|P61563|SYCY1_PANTR,208,NFS,Pan troglodytes,9598,ERVW-1
sp|P61563|SYCY1_PANTR,214,NTT,Pan troglodytes,9598,ERVW-1
sp|P61563|SYCY1_PANTR,234,NLT,Pan troglodytes,9598,ERVW-1
sp|P61563|SYCY1_PANTR,242,NTT,Pan troglodytes,9598,ERVW-1
sp|P61563|SYCY1_PANTR,281,NGS,Pan troglodytes,9598,ERVW-1
sp|P61563|SYCY1_PANTR,409,NQS,Pan troglodytes,9598,ERVW-1
sp|P61643|SIA8B_PANTR,60,NGS,Pan troglodytes,9598,ST8SIA2
sp|P61643|SIA8B_PANTR,72,NES,Pan troglodytes,9598,ST8SIA2
sp|P61643|SIA8B_PANTR,89,NQT,Pan troglodytes,9598,ST8SIA2
sp|P61643|SIA8B_PANTR,134,NVS,Pan troglodytes,9598,ST8SIA2
sp|P61643|SIA8B_PANTR,219,NAT,Pan troglodytes,9598,ST8SIA2
sp|P61643|SIA8B_PANTR,234,NGS,Pan troglodytes,9598,ST8SIA2
sp|P61645|SIA8D_PANTR,50,NSS,Pan troglodytes,9598,ST8SIA4
sp|P61645|SIA8D_PANTR,74,NSS,Pan troglodytes,9598,ST8SIA4
sp|P61645|SIA8D_PANTR,119,NIS,Pan troglodytes,9598,ST8SIA4
sp|P61645|SIA8D_PANTR,204,NES,Pan troglodytes,9598,ST8SIA4
sp|P61645|SIA8D_PANTR,219,NDS,Pan troglodytes,9598,ST8SIA4
sp|P61645|SIA8D_PANTR,327,NAS,Pan troglodytes,9598,ST8SIA4
sp|P61646|SIA8E_PANTR,15,NRT,Pan troglodytes,9598,ST8SIA5
sp|P61646|SIA8E_PANTR,56,NST,Pan troglodytes,9598,ST8SIA5
sp|P61646|SIA8E_PANTR,96,NIS,Pan troglodytes,9598,ST8SIA5
sp|P61646|SIA8E_PANTR,241,NAS,Pan troglodytes,9598,ST8SIA5
sp|P61646|SIA8E_PANTR,284,NVS,Pan troglodytes,9598,ST8SIA5
sp|P61917|NPC2_PANTR,38,NVS,Pan troglodytes,9598,NPC2
sp|P61917|NPC2_PANTR,58,NVT,Pan troglodytes,9598,NPC2
sp|P61917|NPC2_PANTR,135,NQS,Pan troglodytes,9598,NPC2
sp|P61920|HBG1_PANTR,48,NLS,Pan troglodytes,9598,HBG1
sp|P61921|HBG2_PANTR,48,NLS,Pan troglodytes,9598,HBG2
sp|P79243|FPR3_PANTR,4,NFS,Pan troglodytes,9598,FPR3
sp|P79243|FPR3_PANTR,10,NET,Pan troglodytes,9598,FPR3
sp|Q0MQG2|NDUS1_PANTR,388,NTT,Pan troglodytes,9598,NDUFS1
sp|Q19UN5|CK5P2_PANTR,46,NVS,Pan troglodytes,9598,CDK5RAP2
sp|Q19UN5|CK5P2_PANTR,253,NVS,Pan troglodytes,9598,CDK5RAP2
sp|Q19UN5|CK5P2_PANTR,387,NLT,Pan troglodytes,9598,CDK5RAP2
sp|Q19UN5|CK5P2_PANTR,1104,NTS,Pan troglodytes,9598,CDK5RAP2
sp|Q19UN5|CK5P2_PANTR,1107,NET,Pan troglodytes,9598,CDK5RAP2
sp|Q19UN5|CK5P2_PANTR,1340,NLT,Pan troglodytes,9598,CDK5RAP2
sp|Q19UN5|CK5P2_PANTR,1378,NET,Pan troglodytes,9598,CDK5RAP2
sp|Q19UN5|CK5P2_PANTR,1389,NFS,Pan troglodytes,9598,CDK5RAP2
sp|Q19UN5|CK5P2_PANTR,1690,NDT,Pan troglodytes,9598,CDK5RAP2
sp|Q28789|FETA_PANTR,14,NFT,Pan troglodytes,9598,AFP
sp|Q28789|FETA_PANTR,42,NLT,Pan troglodytes,9598,AFP
sp|Q28789|FETA_PANTR,251,NFT,Pan troglodytes,9598,AFP
sp|Q28809|IL3_PANTR,34,NCS,Pan troglodytes,9598,IL3
sp|Q28809|IL3_PANTR,89,NAS,Pan troglodytes,9598,IL3
sp|Q2THX0|ZDHC8_PANTR,61,NFS,Pan troglodytes,9598,ZDHHC8
sp|Q2THX0|ZDHC8_PANTR,474,NGS,Pan troglodytes,9598,ZDHHC8
sp|Q2THX0|ZDHC8_PANTR,543,NLS,Pan troglodytes,9598,ZDHHC8
sp|Q38J84|IL2RB_PANTR,29,NGT,Pan troglodytes,9598,IL2RB
sp|Q38J84|IL2RB_PANTR,43,NIS,Pan troglodytes,9598,IL2RB
sp|Q38J84|IL2RB_PANTR,71,NQT,Pan troglodytes,9598,IL2RB
sp|Q38J84|IL2RB_PANTR,149,NIS,Pan troglodytes,9598,IL2RB
sp|Q38J84|IL2RB_PANTR,352,NHS,Pan troglodytes,9598,IL2RB
sp|Q3BCQ7|RHCG_PANTR,48,NLS,Pan troglodytes,9598,RHCG
sp|Q3BCQ7|RHCG_PANTR,284,NAT,Pan troglodytes,9598,RHCG
sp|Q3BCQ7|RHCG_PANTR,442,NST,Pan troglodytes,9598,RHCG
sp|Q49SQ3|GPR33_PANTR,5,NST,Pan troglodytes,9598,GPR33
sp|Q49SQ3|GPR33_PANTR,12,NAS,Pan troglodytes,9598,GPR33
sp|Q49SQ3|GPR33_PANTR,19,NST,Pan troglodytes,9598,GPR33
sp|Q49SQ3|GPR33_PANTR,105,NGT,Pan troglodytes,9598,GPR33
sp|Q49SQ3|GPR33_PANTR,272,NQS,Pan troglodytes,9598,GPR33
sp|Q4ACW4|CD1D_PANTR,38,NSS,Pan troglodytes,9598,CD1D
sp|Q4ACW4|CD1D_PANTR,60,NDS,Pan troglodytes,9598,CD1D
sp|Q4ACW4|CD1D_PANTR,126,NAS,Pan troglodytes,9598,CD1D
sp|Q4ACW4|CD1D_PANTR,181,NGT,Pan troglodytes,9598,CD1D
sp|Q5CB04|B3GA1_PANTR,140,NYT,Pan troglodytes,9598,B3GAT1
sp|Q5CB04|B3GA1_PANTR,184,NSS,Pan troglodytes,9598,B3GAT1
sp|Q5CB04|B3GA1_PANTR,301,NCT,Pan troglodytes,9598,B3GAT1
sp|Q5DRE5|PCDA7_PANTR,254,NVS,Pan troglodytes,9598,PCDHA7
sp|Q5DRE5|PCDA7_PANTR,265,NAS,Pan troglodytes,9598,PCDHA7
sp|Q5DRE5|PCDA7_PANTR,548,NVT,Pan troglodytes,9598,PCDHA7
sp|Q5DRE5|PCDA7_PANTR,919,NKT,Pan troglodytes,9598,PCDHA7
sp|Q5DRE5|PCDA7_PANTR,929,NST,Pan troglodytes,9598,PCDHA7
sp|Q5G271|NETR_PANTR,26,NDS,Pan troglodytes,9598,PRSS12
sp|Q5G271|NETR_PANTR,683,NST,Pan troglodytes,9598,PRSS12
sp|Q5IS41|NCAN_PANTR,122,NAT,Pan troglodytes,9598,NCAN
sp|Q5IS41|NCAN_PANTR,340,NRT,Pan troglodytes,9598,NCAN
sp|Q5IS41|NCAN_PANTR,1026,NGT,Pan troglodytes,9598,NCAN
sp|Q5IS41|NCAN_PANTR,1223,NAS,Pan troglodytes,9598,NCAN
sp|Q5IS46|GRIK4_PANTR,158,NCT,Pan troglodytes,9598,GRIK4
sp|Q5IS46|GRIK4_PANTR,220,NAS,Pan troglodytes,9598,GRIK4
sp|Q5IS46|GRIK4_PANTR,272,NQS,Pan troglodytes,9598,GRIK4
sp|Q5IS46|GRIK4_PANTR,286,NQS,Pan troglodytes,9598,GRIK4
sp|Q5IS46|GRIK4_PANTR,323,NRS,Pan troglodytes,9598,GRIK4
sp|Q5IS46|GRIK4_PANTR,408,NIS,Pan troglodytes,9598,GRIK4
sp|Q5IS46|GRIK4_PANTR,415,NTT,Pan troglodytes,9598,GRIK4
sp|Q5IS46|GRIK4_PANTR,479,NGT,Pan troglodytes,9598,GRIK4
sp|Q5IS46|GRIK4_PANTR,736,NLT,Pan troglodytes,9598,GRIK4
sp|Q5IS46|GRIK4_PANTR,951,NSS,Pan troglodytes,9598,GRIK4
sp|Q5IS52|ACHA2_PANTR,79,NTS,Pan troglodytes,9598,CHRNA2
sp|Q5IS52|ACHA2_PANTR,129,NIT,Pan troglodytes,9598,CHRNA2
sp|Q5IS52|ACHA2_PANTR,235,NAT,Pan troglodytes,9598,CHRNA2
sp|Q5IS53|ACM5_PANTR,8,NAT,Pan troglodytes,9598,CHRM5
sp|Q5IS53|ACM5_PANTR,13,NGT,Pan troglodytes,9598,CHRM5
sp|Q5IS53|ACM5_PANTR,115,NAS,Pan troglodytes,9598,CHRM5
sp|Q5IS53|ACM5_PANTR,421,NLS,Pan troglodytes,9598,CHRM5
sp|Q5IS53|ACM5_PANTR,487,NST,Pan troglodytes,9598,CHRM5
sp|Q5IS53|ACM5_PANTR,499,NRT,Pan troglodytes,9598,CHRM5
sp|Q5IS56|GLI3_PANTR,322,NNS,Pan troglodytes,9598,GLI3
sp|Q5IS56|GLI3_PANTR,589,NAS,Pan troglodytes,9598,GLI3
sp|Q5IS56|GLI3_PANTR,598,NRT,Pan troglodytes,9598,GLI3
sp|Q5IS56|GLI3_PANTR,681,NTT,Pan troglodytes,9598,GLI3
sp|Q5IS56|GLI3_PANTR,722,NYS,Pan troglodytes,9598,GLI3
sp|Q5IS56|GLI3_PANTR,810,NGT,Pan troglodytes,9598,GLI3
sp|Q5IS56|GLI3_PANTR,815,NNT,Pan troglodytes,9598,GLI3
sp|Q5IS56|GLI3_PANTR,888,NVS,Pan troglodytes,9598,GLI3
sp|Q5IS56|GLI3_PANTR,1048,NYT,Pan troglodytes,9598,GLI3
sp|Q5IS56|GLI3_PANTR,1072,NVT,Pan troglodytes,9598,GLI3
sp|Q5IS56|GLI3_PANTR,1302,NES,Pan troglodytes,9598,GLI3
sp|Q5IS56|GLI3_PANTR,1438,NYS,Pan troglodytes,9598,GLI3
sp|Q5IS56|GLI3_PANTR,1530,NLS,Pan troglodytes,9598,GLI3
sp|Q5IS64|MFNG_PANTR,29,NLS,Pan troglodytes,9598,MFNG
sp|Q5IS64|MFNG_PANTR,109,NCS,Pan troglodytes,9598,MFNG
sp|Q5IS64|MFNG_PANTR,185,NRT,Pan troglodytes,9598,MFNG
sp|Q5IS65|5HT6R_PANTR,10,NST,Pan troglodytes,9598,HTR6
sp|Q5IS65|5HT6R_PANTR,59,NTS,Pan troglodytes,9598,HTR6
sp|Q5IS65|5HT6R_PANTR,312,NST,Pan troglodytes,9598,HTR6
sp|Q5IS66|5HT2C_PANTR,39,NTS,Pan troglodytes,9598,HTR2C
sp|Q5IS66|5HT2C_PANTR,86,NAT,Pan troglodytes,9598,HTR2C
sp|Q5IS66|5HT2C_PANTR,203,NNT,Pan troglodytes,9598,HTR2C
sp|Q5IS72|DRD3_PANTR,12,NYT,Pan troglodytes,9598,DRD3
sp|Q5IS72|DRD3_PANTR,19,NST,Pan troglodytes,9598,DRD3
sp|Q5IS72|DRD3_PANTR,97,NFS,Pan troglodytes,9598,DRD3
sp|Q5IS72|DRD3_PANTR,173,NTT,Pan troglodytes,9598,DRD3
sp|Q5IS73|CNR1_PANTR,77,NIT,Pan troglodytes,9598,CNR1
sp|Q5IS73|CNR1_PANTR,83,NKS,Pan troglodytes,9598,CNR1
sp|Q5IS73|CNR1_PANTR,389,NST,Pan troglodytes,9598,CNR1
sp|Q5IS76|ACHA6_PANTR,54,NVS,Pan troglodytes,9598,CHRNA6
sp|Q5IS76|ACHA6_PANTR,171,NCS,Pan troglodytes,9598,CHRNA6
sp|Q5IS76|ACHA6_PANTR,447,NET,Pan troglodytes,9598,CHRNA6
sp|Q5IS78|BDNF_PANTR,121,NMS,Pan troglodytes,9598,BDNF
sp|Q5NDF1|PMGT2_PANTR,99,NTS,Pan troglodytes,9598,POMGNT2
sp|Q5NDF1|PMGT2_PANTR,276,NVS,Pan troglodytes,9598,POMGNT2
sp|Q5NDF1|PMGT2_PANTR,337,NAS,Pan troglodytes,9598,POMGNT2
sp|Q5NDF1|PMGT2_PANTR,543,NHT,Pan troglodytes,9598,POMGNT2
sp|Q5QQ51|XYLT2_PANTR,122,NLS,Pan troglodytes,9598,XYLT2
sp|Q5QQ51|XYLT2_PANTR,327,NLS,Pan troglodytes,9598,XYLT2
sp|Q5QQ51|XYLT2_PANTR,683,NLT,Pan troglodytes,9598,XYLT2
sp|Q5R1V9|PGS2_PANTR,211,NIT,Pan troglodytes,9598,DCN
sp|Q5R1V9|PGS2_PANTR,262,NGS,Pan troglodytes,9598,DCN
sp|Q5R1V9|PGS2_PANTR,303,NIS,Pan troglodytes,9598,DCN
sp|Q5R1W2|ADH1B_PANTR,301,NLS,Pan troglodytes,9598,ADH1B
sp|Q5R1W3|C1R_PANTR,125,NGT,Pan troglodytes,9598,C1R
sp|Q5R1W3|C1R_PANTR,221,NYS,Pan troglodytes,9598,C1R
sp|Q5R1W3|C1R_PANTR,514,NAS,Pan troglodytes,9598,C1R
sp|Q5R1W3|C1R_PANTR,581,NET,Pan troglodytes,9598,C1R
sp|Q5R1X1|SNP25_PANTR,77,NLT,Pan troglodytes,9598,SNAP25
sp|Q5R1X1|SNP25_PANTR,188,NKT,Pan troglodytes,9598,SNAP25
sp|Q5XUN4|KDM5D_PANTR,280,NVS,Pan troglodytes,9598,KDM5D
sp|Q5XUN4|KDM5D_PANTR,305,NHS,Pan troglodytes,9598,KDM5D
sp|Q5XUN4|KDM5D_PANTR,451,NLS,Pan troglodytes,9598,KDM5D
sp|Q5XUN4|KDM5D_PANTR,1326,NIS,Pan troglodytes,9598,KDM5D
sp|Q5XUN4|KDM5D_PANTR,1396,NHS,Pan troglodytes,9598,KDM5D
sp|Q5YCW1|TAU_PANTR,484,NAT,Pan troglodytes,9598,MAPT
sp|Q5YCW1|TAU_PANTR,694,NIT,Pan troglodytes,9598,MAPT
sp|Q5YCW1|TAU_PANTR,745,NVS,Pan troglodytes,9598,MAPT
sp|Q68UT5|MS18A_PANTR,115,NVS,Pan troglodytes,9598,MIS18A
sp|Q6A2H0|SSDH_PANTR,427,NVT,Pan troglodytes,9598,ALDH5A1
sp|Q6EV56|OFUT2_PANTR,189,NVS,Pan troglodytes,9598,POFUT2
sp|Q6EV56|OFUT2_PANTR,209,NTS,Pan troglodytes,9598,POFUT2
sp|Q6EV56|OFUT2_PANTR,259,NST,Pan troglodytes,9598,POFUT2
sp|Q6EV69|OFUT1_PANTR,62,NRT,Pan troglodytes,9598,POFUT1
sp|Q6EV69|OFUT1_PANTR,160,NKS,Pan troglodytes,9598,POFUT1
sp|Q6GVM6|DDX3Y_PANTR,412,NIT,Pan troglodytes,9598,DDX3Y
sp|Q6GVM6|DDX3Y_PANTR,549,NIT,Pan troglodytes,9598,DDX3Y
sp|Q6KB55|SIAT9_PANTR,30,NYT,Pan troglodytes,9598,ST3GAL5
sp|Q6KB55|SIAT9_PANTR,180,NKT,Pan troglodytes,9598,ST3GAL5
sp|Q6KB55|SIAT9_PANTR,224,NET,Pan troglodytes,9598,ST3GAL5
sp|Q6KB55|SIAT9_PANTR,334,NVT,Pan troglodytes,9598,ST3GAL5
sp|Q6LDH1|HBE_PANTR,48,NLS,Pan troglodytes,9598,HBE1
sp|Q7JJU6|TBB5_PANTR,184,NAT,Pan troglodytes,9598,TUBB
sp|Q7JJU6|TBB5_PANTR,337,NSS,Pan troglodytes,9598,TUBB
sp|Q7JJU6|TBB5_PANTR,370,NST,Pan troglodytes,9598,TUBB
sp|Q7M317|CAH1_PANTR,28,NQS,Pan troglodytes,9598,CA1
sp|Q7M317|CAH1_PANTR,76,NRS,Pan troglodytes,9598,CA1
sp|Q7YR34|TRI26_PANTR,473,NTS,Pan troglodytes,9598,TRIM26
sp|Q7YR37|ABCF1_PANTR,262,NAS,Pan troglodytes,9598,ABCF1
sp|Q7YR38|PP1RA_PANTR,111,NNT,Pan troglodytes,9598,PPP1R10
sp|Q7YR38|PP1RA_PANTR,226,NAS,Pan troglodytes,9598,PPP1R10
sp|Q7YR38|PP1RA_PANTR,267,NTT,Pan troglodytes,9598,PPP1R10
sp|Q7YR38|PP1RA_PANTR,271,NAT,Pan troglodytes,9598,PPP1R10
sp|Q7YR38|PP1RA_PANTR,763,NNS,Pan troglodytes,9598,PPP1R10
sp|Q7YR39|DHX16_PANTR,94,NRS,Pan troglodytes,9598,DHX16
sp|Q7YR39|DHX16_PANTR,853,NNS,Pan troglodytes,9598,DHX16
sp|Q7YR39|DHX16_PANTR,976,NSS,Pan troglodytes,9598,DHX16
sp|Q7YS44|FMO3_PANTR,61,NSS,Pan troglodytes,9598,FMO3
sp|Q863A7|DAAF4_PANTR,68,NDT,Pan troglodytes,9598,DNAAF4
sp|Q863A7|DAAF4_PANTR,241,NFT,Pan troglodytes,9598,DNAAF4
sp|Q864W0|CFAB_PANTR,4,NLS,Pan troglodytes,9598,CFB
sp|Q864W0|CFAB_PANTR,122,NVS,Pan troglodytes,9598,CFB
sp|Q864W0|CFAB_PANTR,142,NRT,Pan troglodytes,9598,CFB
sp|Q864W0|CFAB_PANTR,285,NFT,Pan troglodytes,9598,CFB
sp|Q864W0|CFAB_PANTR,378,NRT,Pan troglodytes,9598,CFB
sp|Q8HXN7|CCNT1_PANTR,52,NVS,Pan troglodytes,9598,CCNT1
sp|Q8HXN7|CCNT1_PANTR,321,NLT,Pan troglodytes,9598,CCNT1
sp|Q8HXN7|CCNT1_PANTR,600,NFS,Pan troglodytes,9598,CCNT1
sp|Q8HXN7|CCNT1_PANTR,649,NTT,Pan troglodytes,9598,CCNT1
sp|Q8HXZ7|CD209_PANTR,80,NLT,Pan troglodytes,9598,CD209
sp|Q8HYC0|CLC4M_PANTR,92,NLT,Pan troglodytes,9598,CLEC4M
sp|Q8HYC0|CLC4M_PANTR,407,NNS,Pan troglodytes,9598,CLEC4M
sp|Q8HZP9|RINI_PANTR,153,NLS,Pan troglodytes,9598,RNH1
sp|Q8HZP9|RINI_PANTR,397,NHS,Pan troglodytes,9598,RNH1
sp|Q8MIB6|EFC1_PANTR,69,NFT,Pan troglodytes,9598,ERVFC1
sp|Q8MIB6|EFC1_PANTR,247,NLS,Pan troglodytes,9598,ERVFC1
sp|Q8MIB6|EFC1_PANTR,272,NTS,Pan troglodytes,9598,ERVFC1
sp|Q8MIB6|EFC1_PANTR,276,NHT,Pan troglodytes,9598,ERVFC1
sp|Q8MIB6|EFC1_PANTR,308,NSS,Pan troglodytes,9598,ERVFC1
sp|Q8MIB6|EFC1_PANTR,313,NQT,Pan troglodytes,9598,ERVFC1
sp|Q8MIB6|EFC1_PANTR,322,NLS,Pan troglodytes,9598,ERVFC1
sp|Q8MIB6|EFC1_PANTR,334,NFT,Pan troglodytes,9598,ERVFC1
sp|Q8MIB6|EFC1_PANTR,342,NIS,Pan troglodytes,9598,ERVFC1
sp|Q8MIB6|EFC1_PANTR,346,NNT,Pan troglodytes,9598,ERVFC1
sp|Q8MIB6|EFC1_PANTR,478,NES,Pan troglodytes,9598,ERVFC1
sp|Q8SPV8|FCG2A_PANTR,96,NDS,Pan troglodytes,9598,FCGR2A
sp|Q8SPV8|FCG2A_PANTR,170,NLS,Pan troglodytes,9598,FCGR2A
sp|Q8SPV8|FCG2A_PANTR,177,NHS,Pan troglodytes,9598,FCGR2A
sp|Q8SPV8|FCG2A_PANTR,248,NST,Pan troglodytes,9598,FCGR2A
sp|Q8SQ14|RNAS1_PANTR,62,NMT,Pan troglodytes,9598,RNASE1
sp|Q8SQ14|RNAS1_PANTR,104,NSS,Pan troglodytes,9598,RNASE1
sp|Q8SQ14|RNAS1_PANTR,116,NGS,Pan troglodytes,9598,RNASE1
sp|Q8SQ74|CO2_PANTR,29,NIS,Pan troglodytes,9598,C2
sp|Q8SQ74|CO2_PANTR,112,NVS,Pan troglodytes,9598,C2
sp|Q8SQ74|CO2_PANTR,290,NVS,Pan troglodytes,9598,C2
sp|Q8SQ74|CO2_PANTR,333,NGT,Pan troglodytes,9598,C2
sp|Q8SQ74|CO2_PANTR,467,NMS,Pan troglodytes,9598,C2
sp|Q8SQ74|CO2_PANTR,471,NAS,Pan troglodytes,9598,C2
sp|Q8SQ74|CO2_PANTR,621,NGS,Pan troglodytes,9598,C2
sp|Q8SQ74|CO2_PANTR,651,NLT,Pan troglodytes,9598,C2
sp|Q8WP14|TBB8_PANTR,184,NAT,Pan troglodytes,9598,TUBB8
sp|Q8WP14|TBB8_PANTR,337,NSS,Pan troglodytes,9598,TUBB8
sp|Q8WP14|TBB8_PANTR,370,NNT,Pan troglodytes,9598,TUBB8
sp|Q95237|LYAM1_PANTR,60,NYT,Pan troglodytes,9598,SELL
sp|Q95237|LYAM1_PANTR,104,NKS,Pan troglodytes,9598,SELL
sp|Q95237|LYAM1_PANTR,177,NYT,Pan troglodytes,9598,SELL
sp|Q95237|LYAM1_PANTR,216,NFS,Pan troglodytes,9598,SELL
sp|Q95237|LYAM1_PANTR,232,NLT,Pan troglodytes,9598,SELL
sp|Q95237|LYAM1_PANTR,246,NWS,Pan troglodytes,9598,SELL
sp|Q95237|LYAM1_PANTR,271,NCS,Pan troglodytes,9598,SELL
sp|Q95IT1|HLAG_PANTR,110,NQS,Pan troglodytes,9598,Patr-G
sp|Q95IT3|HLAE_PANTR,107,NQS,Pan troglodytes,9598,Patr-E
sp|Q95LH0|SIG12_PANTR,142,NVT,Pan troglodytes,9598,SIGLEC12
sp|Q95LH0|SIG12_PANTR,181,NWT,Pan troglodytes,9598,SIGLEC12
sp|Q95LH0|SIG12_PANTR,232,NCS,Pan troglodytes,9598,SIGLEC12
sp|Q95LH0|SIG12_PANTR,292,NLT,Pan troglodytes,9598,SIGLEC12
sp|Q95LH0|SIG12_PANTR,362,NIS,Pan troglodytes,9598,SIGLEC12
sp|Q95LH0|SIG12_PANTR,369,NLT,Pan troglodytes,9598,SIGLEC12
sp|Q95LH0|SIG12_PANTR,387,NGS,Pan troglodytes,9598,SIGLEC12
sp|Q95M74|RHBG_PANTR,49,NHS,Pan troglodytes,9598,RHBG
sp|Q95MI1|NKG2F_PANTR,27,NKS,Pan troglodytes,9598,KLRC4
sp|Q95MI1|NKG2F_PANTR,47,NAS,Pan troglodytes,9598,KLRC4
sp|Q95MI1|NKG2F_PANTR,104,NFS,Pan troglodytes,9598,KLRC4
sp|Q95MI4|NKG2E_PANTR,27,NKS,Pan troglodytes,9598,KLRC3
sp|Q95MI4|NKG2E_PANTR,47,NAS,Pan troglodytes,9598,KLRC3
sp|Q95MI4|NKG2E_PANTR,100,NNS,Pan troglodytes,9598,KLRC3
sp|Q95MI4|NKG2E_PANTR,149,NSS,Pan troglodytes,9598,KLRC3
sp|Q95MI4|NKG2E_PANTR,179,NSS,Pan troglodytes,9598,KLRC3
sp|Q95NE0|NAR4_PANTR,114,NMT,Pan troglodytes,9598,ART4
sp|Q95NE0|NAR4_PANTR,178,NGT,Pan troglodytes,9598,ART4
sp|Q95NE0|NAR4_PANTR,222,NQT,Pan troglodytes,9598,ART4
sp|Q95NE0|NAR4_PANTR,257,NMS,Pan troglodytes,9598,ART4
sp|Q95NE0|NAR4_PANTR,274,NLS,Pan troglodytes,9598,ART4
sp|Q9BG97|NR0B1_PANTR,372,NIS,Pan troglodytes,9598,NR0B1
sp|Q9BG97|NR0B1_PANTR,430,NST,Pan troglodytes,9598,NR0B1
sp|Q9GL72|RNZ2_PANTR,323,NAT,Pan troglodytes,9598,ELAC2
sp|Q9GL72|RNZ2_PANTR,498,NVS,Pan troglodytes,9598,ELAC2
sp|Q9GL72|RNZ2_PANTR,505,NIS,Pan troglodytes,9598,ELAC2
sp|Q9GLN8|ANGT_PANTR,38,NES,Pan troglodytes,9598,AGT
sp|Q9GLN8|ANGT_PANTR,161,NCT,Pan troglodytes,9598,AGT
sp|Q9GLN8|ANGT_PANTR,295,NST,Pan troglodytes,9598,AGT
sp|Q9GLN8|ANGT_PANTR,319,NFS,Pan troglodytes,9598,AGT
sp|Q9GLN9|AGTR1_PANTR,4,NSS,Pan troglodytes,9598,AGTR1
sp|Q9GLN9|AGTR1_PANTR,176,NIT,Pan troglodytes,9598,AGTR1
sp|Q9GLN9|AGTR1_PANTR,188,NST,Pan troglodytes,9598,AGTR1
sp|Q9GLN9|AGTR1_PANTR,329,NLS,Pan troglodytes,9598,AGTR1
sp|Q9GLN9|AGTR1_PANTR,344,NVS,Pan troglodytes,9598,AGTR1
sp|Q9GME8|NKG2C_PANTR,27,NKS,Pan troglodytes,9598,KLRC2
sp|Q9GME8|NKG2C_PANTR,100,NNS,Pan troglodytes,9598,KLRC2
sp|Q9GME8|NKG2C_PANTR,178,NSS,Pan troglodytes,9598,KLRC2
sp|Q9N1E6|CD22_PANTR,67,NTS,Pan troglodytes,9598,CD22
sp|Q9N1E6|CD22_PANTR,101,NCT,Pan troglodytes,9598,CD22
sp|Q9N1E6|CD22_PANTR,112,NDS,Pan troglodytes,9598,CD22
sp|Q9N1E6|CD22_PANTR,135,NVS,Pan troglodytes,9598,CD22
sp|Q9N1E6|CD22_PANTR,164,NFS,Pan troglodytes,9598,CD22
sp|Q9N1E6|CD22_PANTR,231,NDT,Pan troglodytes,9598,CD22
sp|Q9N1E6|CD22_PANTR,363,NYT,Pan troglodytes,9598,CD22
sp|Q9N1E6|CD22_PANTR,445,NSS,Pan troglodytes,9598,CD22
sp|Q9N1E6|CD22_PANTR,479,NTT,Pan troglodytes,9598,CD22
sp|Q9N1E6|CD22_PANTR,574,NNS,Pan troglodytes,9598,CD22
sp|Q9N1E6|CD22_PANTR,634,NQS,Pan troglodytes,9598,CD22
sp|Q9N1E6|CD22_PANTR,724,NSS,Pan troglodytes,9598,CD22
sp|Q9N272|MK13_PANTR,201,NQT,Pan troglodytes,9598,MAPK13
sp|Q9N272|MK13_PANTR,348,NFS,Pan troglodytes,9598,MAPK13
sp|Q9N291|A4GAT_PANTR,121,NAS,Pan troglodytes,9598,A4GALT
sp|Q9N291|A4GAT_PANTR,203,NLT,Pan troglodytes,9598,A4GALT
sp|Q9N2A4|ACM3_PANTR,6,NST,Pan troglodytes,9598,CHRM3
sp|Q9N2A4|ACM3_PANTR,15,NIS,Pan troglodytes,9598,CHRM3
sp|Q9N2A4|ACM3_PANTR,41,NVS,Pan troglodytes,9598,CHRM3
sp|Q9N2A4|ACM3_PANTR,48,NFS,Pan troglodytes,9598,CHRM3
sp|Q9N2A4|ACM3_PANTR,153,NAS,Pan troglodytes,9598,CHRM3
sp|Q9N2A4|ACM3_PANTR,379,NST,Pan troglodytes,9598,CHRM3
sp|Q9N2A4|ACM3_PANTR,444,NSS,Pan troglodytes,9598,CHRM3
sp|Q9N2A4|ACM3_PANTR,536,NST,Pan troglodytes,9598,CHRM3
sp|Q9N2A4|ACM3_PANTR,548,NKT,Pan troglodytes,9598,CHRM3
sp|Q9N2A7|ACM2_PANTR,82,NAS,Pan troglodytes,9598,CHRM2
sp|Q9N2A7|ACM2_PANTR,258,NDS,Pan troglodytes,9598,CHRM2
sp|Q9N2A7|ACM2_PANTR,315,NTT,Pan troglodytes,9598,CHRM2
sp|Q9N2A7|ACM2_PANTR,406,NST,Pan troglodytes,9598,CHRM2
sp|Q9N2A7|ACM2_PANTR,418,NAT,Pan troglodytes,9598,CHRM2
sp|Q9N2B2|HRH1_PANTR,5,NSS,Pan troglodytes,9598,HRH1
sp|Q9N2B2|HRH1_PANTR,18,NKT,Pan troglodytes,9598,HRH1
sp|Q9N2B2|HRH1_PANTR,228,NGS,Pan troglodytes,9598,HRH1
sp|Q9N2B2|HRH1_PANTR,325,NQS,Pan troglodytes,9598,HRH1
sp|Q9N2B2|HRH1_PANTR,460,NST,Pan troglodytes,9598,HRH1
sp|Q9N2D0|FETUA_PANTR,156,NDT,Pan troglodytes,9598,AHSG
sp|Q9N2D0|FETUA_PANTR,176,NGS,Pan troglodytes,9598,AHSG
sp|Q9N2D0|FETUA_PANTR,265,NET,Pan troglodytes,9598,AHSG
sp|Q9N2F1|NGF_PANTR,69,NIT,Pan troglodytes,9598,NGF
sp|Q9N2F1|NGF_PANTR,114,NRT,Pan troglodytes,9598,NGF
sp|Q9N2F1|NGF_PANTR,166,NNS,Pan troglodytes,9598,NGF
sp|Q9T9W1|COX1_PANTR,99,NMS,Pan troglodytes,9598,MT-CO1
sp|Q9T9W1|COX1_PANTR,135,NYS,Pan troglodytes,9598,MT-CO1
sp|Q9T9W1|COX1_PANTR,216,NTT,Pan troglodytes,9598,MT-CO1
sp|Q9T9W1|COX1_PANTR,360,NSS,Pan troglodytes,9598,MT-CO1
sp|Q9T9W1|COX1_PANTR,422,NLT,Pan troglodytes,9598,MT-CO1
sp|Q9TV16|CXCR6_PANTR,16,NDS,Pan troglodytes,9598,CXCR6
sp|A0ZT23|CC50C_PANTR,66,NYT,Pan troglodytes,9598,TMEM30C
sp|A0ZT23|CC50C_PANTR,80,NAS,Pan troglodytes,9598,TMEM30C
sp|A1XD93|TFP11_PANTR,372,NLS,Pan troglodytes,9598,TFIP11
sp|A2T6V8|ZSC12_PANTR,37,NNT,Pan troglodytes,9598,ZSCAN12
sp|A2T6V8|ZSC12_PANTR,208,NTS,Pan troglodytes,9598,ZSCAN12
sp|A2T6V8|ZSC12_PANTR,392,NKS,Pan troglodytes,9598,ZSCAN12
sp|A2T6V8|ZSC12_PANTR,426,NSS,Pan troglodytes,9598,ZSCAN12
sp|A2T6V8|ZSC12_PANTR,577,NHS,Pan troglodytes,9598,ZSCAN12
sp|A2T6X6|HXD4_PANTR,148,NYT,Pan troglodytes,9598,HOXD4
sp|A2T6X9|SIM1_PANTR,626,NTS,Pan troglodytes,9598,SIM1
sp|A2T6X9|SIM1_PANTR,729,NYS,Pan troglodytes,9598,SIM1
sp|A2T6X9|SIM1_PANTR,735,NGS,Pan troglodytes,9598,SIM1
sp|A2T6X9|SIM1_PANTR,764,NGS,Pan troglodytes,9598,SIM1
sp|A2T6Z6|IL10_PANTR,134,NKS,Pan troglodytes,9598,IL10
sp|A2T712|ZSC21_PANTR,288,NSS,Pan troglodytes,9598,ZSCAN21
sp|A2T712|ZSC21_PANTR,291,NLT,Pan troglodytes,9598,ZSCAN21
sp|A2T712|ZSC21_PANTR,319,NLT,Pan troglodytes,9598,ZSCAN21
sp|A2T712|ZSC21_PANTR,426,NHS,Pan troglodytes,9598,ZSCAN21
sp|A2T712|ZSC21_PANTR,458,NLS,Pan troglodytes,9598,ZSCAN21
sp|A2T759|ZNF16_PANTR,305,NSS,Pan troglodytes,9598,ZNF16
sp|A2T759|ZNF16_PANTR,583,NRS,Pan troglodytes,9598,ZNF16
sp|A2T763|NANG2_PANTR,76,NLS,Pan troglodytes,9598,NANOGP1
sp|A2T763|NANG2_PANTR,125,NQT,Pan troglodytes,9598,NANOGP1
sp|A2T763|NANG2_PANTR,129,NNS,Pan troglodytes,9598,NANOGP1
sp|A2T763|NANG2_PANTR,135,NET,Pan troglodytes,9598,NANOGP1
sp|A2T763|NANG2_PANTR,145,NHS,Pan troglodytes,9598,NANOGP1
sp|A2T763|NANG2_PANTR,222,NYS,Pan troglodytes,9598,NANOGP1
sp|A2T771|ZHX1_PANTR,99,NSS,Pan troglodytes,9598,ZHX1
sp|A2T771|ZHX1_PANTR,140,NQT,Pan troglodytes,9598,ZHX1
sp|A2T771|ZHX1_PANTR,233,NTS,Pan troglodytes,9598,ZHX1
sp|A2T771|ZHX1_PANTR,357,NGT,Pan troglodytes,9598,ZHX1
sp|A2T771|ZHX1_PANTR,532,NDS,Pan troglodytes,9598,ZHX1
sp|A2T771|ZHX1_PANTR,589,NSS,Pan troglodytes,9598,ZHX1
sp|A2T771|ZHX1_PANTR,730,NSS,Pan troglodytes,9598,ZHX1
sp|A2T771|ZHX1_PANTR,805,NKS,Pan troglodytes,9598,ZHX1
sp|A2T7D2|ZKSC5_PANTR,493,NVS,Pan troglodytes,9598,ZKSCAN5
sp|A2T7D2|ZKSC5_PANTR,531,NYS,Pan troglodytes,9598,ZKSCAN5
sp|A2T7D2|ZKSC5_PANTR,701,NLT,Pan troglodytes,9598,ZKSCAN5
sp|A2T7D2|ZKSC5_PANTR,809,NFS,Pan troglodytes,9598,ZKSCAN5
sp|A2T7D9|NR1I3_PANTR,207,NTT,Pan troglodytes,9598,NR1I3
sp|A2T7F2|PEG3_PANTR,134,NNS,Pan troglodytes,9598,PEG3
sp|A2T7F2|PEG3_PANTR,380,NST,Pan troglodytes,9598,PEG3
sp|A2T7F2|PEG3_PANTR,517,NKS,Pan troglodytes,9598,PEG3
sp|A2T7F2|PEG3_PANTR,823,NTS,Pan troglodytes,9598,PEG3
sp|A2T7F2|PEG3_PANTR,947,NET,Pan troglodytes,9598,PEG3
sp|A3QNZ8|TS1R2_PANTR,84,NDS,Pan troglodytes,9598,TAS1R2
sp|A3QNZ8|TS1R2_PANTR,248,NMT,Pan troglodytes,9598,TAS1R2
sp|A3QNZ8|TS1R2_PANTR,292,NFT,Pan troglodytes,9598,TAS1R2
sp|A3QNZ8|TS1R2_PANTR,312,NLT,Pan troglodytes,9598,TAS1R2
sp|A3QNZ8|TS1R2_PANTR,368,NAT,Pan troglodytes,9598,TAS1R2
sp|A3QNZ8|TS1R2_PANTR,407,NST,Pan troglodytes,9598,TAS1R2
sp|A3QNZ8|TS1R2_PANTR,428,NFT,Pan troglodytes,9598,TAS1R2
sp|A3QNZ8|TS1R2_PANTR,487,NNT,Pan troglodytes,9598,TAS1R2
sp|A3QNZ8|TS1R2_PANTR,527,NHT,Pan troglodytes,9598,TAS1R2
sp|A3QNZ8|TS1R2_PANTR,731,NTS,Pan troglodytes,9598,TAS1R2
sp|A3QNZ8|TS1R2_PANTR,822,NTS,Pan troglodytes,9598,TAS1R2
sp|A5A6H9|ODBA_PANTR,181,NIS,Pan troglodytes,9598,BCKDHA
sp|A5A6H9|ODBA_PANTR,308,NAT,Pan troglodytes,9598,BCKDHA
sp|A5A6I8|RCAN2_PANTR,57,NFS,Pan troglodytes,9598,RCAN2
sp|A5A6J9|IFIT3_PANTR,404,NVS,Pan troglodytes,9598,IFIT3
sp|A5A6K3|MPI_PANTR,401,NES,Pan troglodytes,9598,MPI
sp|A5A6K6|NDRG2_PANTR,122,NFS,Pan troglodytes,9598,NDRG2
sp|A5A6K6|NDRG2_PANTR,328,NRS,Pan troglodytes,9598,NDRG2
sp|A5A6L7|ANXA8_PANTR,225,NKS,Pan troglodytes,9598,ANXA8
sp|A5A6M4|EIF3L_PANTR,554,NRT,Pan troglodytes,9598,EIF3L
sp|A5A6M5|K1H1_PANTR,40,NVS,Pan troglodytes,9598,KRT31
sp|A5A6M5|K1H1_PANTR,53,NGS,Pan troglodytes,9598,KRT31
sp|A5A6M5|K1H1_PANTR,226,NET,Pan troglodytes,9598,KRT31
sp|A5A6N0|K2C7_PANTR,69,NQS,Pan troglodytes,9598,KRT7
sp|A5A6N0|K2C7_PANTR,229,NET,Pan troglodytes,9598,KRT7
sp|A5A6N0|K2C7_PANTR,412,NIS,Pan troglodytes,9598,KRT7
sp|A5A6N0|K2C7_PANTR,417,NST,Pan troglodytes,9598,KRT7
sp|A5A6N3|ATG13_PANTR,317,NSS,Pan troglodytes,9598,ATG13
sp|A5A6N7|LDHB_PANTR,223,NDS,Pan troglodytes,9598,LDHB
sp|A5A6N7|LDHB_PANTR,267,NLS,Pan troglodytes,9598,LDHB
sp|A6H907|TBPL2_PANTR,73,NAS,Pan troglodytes,9598,TBPL2
sp|A6H907|TBPL2_PANTR,147,NSS,Pan troglodytes,9598,TBPL2
sp|A9Q1D5|TOP1M_PANTR,221,NCS,Pan troglodytes,9598,TOP1MT
sp|A9Q1D5|TOP1M_PANTR,429,NAS,Pan troglodytes,9598,TOP1MT
sp|B0YN54|GLTP_PANTR,52,NIT,Pan troglodytes,9598,GLTP
sp|B0YN54|GLTP_PANTR,127,NAT,Pan troglodytes,9598,GLTP
sp|B0YN54|GLTP_PANTR,170,NVT,Pan troglodytes,9598,GLTP
sp|B0YN54|GLTP_PANTR,186,NYT,Pan troglodytes,9598,GLTP
sp|B6VH76|SACA3_PANTR,153,NLT,Pan troglodytes,9598,SPACA3
sp|G2HE57|DRC7_PANTR,100,NFS,Pan troglodytes,9598,DRC7
sp|G2HE57|DRC7_PANTR,493,NKT,Pan troglodytes,9598,DRC7
sp|O21798|NU2M_PANTR,88,NTT,Pan troglodytes,9598,MT-ND2
sp|O21798|NU2M_PANTR,171,NQT,Pan troglodytes,9598,MT-ND2
sp|O21798|NU2M_PANTR,199,NMT,Pan troglodytes,9598,MT-ND2
sp|O21798|NU2M_PANTR,204,NLT,Pan troglodytes,9598,MT-ND2
sp|O21798|NU2M_PANTR,222,NSS,Pan troglodytes,9598,MT-ND2
sp|O21798|NU2M_PANTR,273,NNS,Pan troglodytes,9598,MT-ND2
sp|O46547|SCNND_PANTR,66,NAT,Pan troglodytes,9598,SCNN1D
sp|O46547|SCNND_PANTR,166,NLS,Pan troglodytes,9598,SCNN1D
sp|O46547|SCNND_PANTR,211,NST,Pan troglodytes,9598,SCNN1D
sp|O46547|SCNND_PANTR,333,NHT,Pan troglodytes,9598,SCNN1D
sp|O46547|SCNND_PANTR,384,NTS,Pan troglodytes,9598,SCNN1D
sp|O62666|IL16_PANTR,40,NAS,Pan troglodytes,9598,IL16
sp|O62666|IL16_PANTR,64,NGT,Pan troglodytes,9598,IL16
sp|O62666|IL16_PANTR,334,NGS,Pan troglodytes,9598,IL16
sp|O62666|IL16_PANTR,349,NLS,Pan troglodytes,9598,IL16
sp|O62666|IL16_PANTR,506,NSS,Pan troglodytes,9598,IL16
sp|O77562|DEAF1_PANTR,209,NIS,Pan troglodytes,9598,DEAF1
sp|O77562|DEAF1_PANTR,287,NMT,Pan troglodytes,9598,DEAF1
sp|O77562|DEAF1_PANTR,321,NIT,Pan troglodytes,9598,DEAF1
sp|O97598|CMAH_PANTR,31,NKS,Pan troglodytes,9598,CMAH
sp|O97598|CMAH_PANTR,43,NKS,Pan troglodytes,9598,CMAH
sp|O97598|CMAH_PANTR,232,NQS,Pan troglodytes,9598,CMAH
sp|P03906|NU4M_PANTR,26,NTT,Pan troglodytes,9598,MT-ND4
sp|P03906|NU4M_PANTR,390,NTT,Pan troglodytes,9598,MT-ND4
sp|P0C0K6|EPHB6_PANTR,479,NVS,Pan troglodytes,9598,EPHB6
sp|P0C0K6|EPHB6_PANTR,967,NFS,Pan troglodytes,9598,EPHB6
sp|P27473|IFI44_PANTR,138,NCT,Pan troglodytes,9598,IFI44
sp|P27473|IFI44_PANTR,223,NTT,Pan troglodytes,9598,IFI44
sp|P27473|IFI44_PANTR,391,NYS,Pan troglodytes,9598,IFI44
sp|P48778|GOR_PANTR,159,NRS,Pan troglodytes,9598,REXO1L1
sp|P48778|GOR_PANTR,544,NSS,Pan troglodytes,9598,REXO1L1
sp|P50690|COX2_PANTR,52,NTS,Pan troglodytes,9598,MT-CO2
sp|P50690|COX2_PANTR,180,NQT,Pan troglodytes,9598,MT-CO2
sp|P50690|COX2_PANTR,203,NHS,Pan troglodytes,9598,MT-CO2
sp|P51454|REL1_PANTR,104,NLS,Pan troglodytes,9598,RNL1
sp|P60016|RENI_PANTR,71,NTT,Pan troglodytes,9598,REN
sp|P60016|RENI_PANTR,141,NGT,Pan troglodytes,9598,REN
sp|P60027|TF2H4_PANTR,289,NLS,Pan troglodytes,9598,GTF2H4
sp|P60989|PIP_PANTR,105,NRT,Pan troglodytes,9598,PIP
sp|P61125|TNFB_PANTR,96,NNS,Pan troglodytes,9598,LTA
sp|P61134|CO6_PANTR,324,NFT,Pan troglodytes,9598,C6
sp|P61134|CO6_PANTR,855,NST,Pan troglodytes,9598,C6
sp|P61484|NCTR3_PANTR,42,NAS,Pan troglodytes,9598,NCR3
sp|P61484|NCTR3_PANTR,68,NET,Pan troglodytes,9598,NCR3
sp|P61484|NCTR3_PANTR,121,NGT,Pan troglodytes,9598,NCR3
sp|P61559|ENH1_PANTR,10,NTS,,,
sp|P61559|ENH1_PANTR,47,NLT,,,
sp|P61559|ENH1_PANTR,144,NST,,,
sp|P61559|ENH1_PANTR,179,NLS,,,
sp|P61559|ENH1_PANTR,197,NIT,,,
sp|P61559|ENH1_PANTR,222,NIS,,,
sp|P61559|ENH1_PANTR,265,NNS,,,
sp|P61559|ENH1_PANTR,283,NRT,,,
sp|P61559|ENH1_PANTR,352,NWT,,,
sp|P61559|ENH1_PANTR,370,NGT,,,
sp|P61640|THBG_PANTR,36,NAT,Pan troglodytes,9598,SERPINA7
sp|P61640|THBG_PANTR,99,NLT,Pan troglodytes,9598,SERPINA7
sp|P61640|THBG_PANTR,165,NIS,Pan troglodytes,9598,SERPINA7
sp|P61640|THBG_PANTR,253,NCT,Pan troglodytes,9598,SERPINA7
sp|P62293|ASPM_PANTR,109,NWT,Pan troglodytes,9598,ASPM
sp|P62293|ASPM_PANTR,176,NKT,Pan troglodytes,9598,ASPM
sp|P62293|ASPM_PANTR,209,NNS,Pan troglodytes,9598,ASPM
sp|P62293|ASPM_PANTR,265,NVS,Pan troglodytes,9598,ASPM
sp|P62293|ASPM_PANTR,301,NYS,Pan troglodytes,9598,ASPM
sp|P62293|ASPM_PANTR,307,NIT,Pan troglodytes,9598,ASPM
sp|P62293|ASPM_PANTR,323,NNS,Pan troglodytes,9598,ASPM
sp|P62293|ASPM_PANTR,508,NQT,Pan troglodytes,9598,ASPM
sp|P62293|ASPM_PANTR,721,NIS,Pan troglodytes,9598,ASPM
sp|P62293|ASPM_PANTR,1133,NFT,Pan troglodytes,9598,ASPM
sp|P62293|ASPM_PANTR,1180,NSS,Pan troglodytes,9598,ASPM
sp|P62293|ASPM_PANTR,1201,NTS,Pan troglodytes,9598,ASPM
sp|P62293|ASPM_PANTR,1235,NHS,Pan troglodytes,9598,ASPM
sp|P62293|ASPM_PANTR,1680,NAT,Pan troglodytes,9598,ASPM
sp|P62293|ASPM_PANTR,2760,NVS,Pan troglodytes,9598,ASPM
sp|P62293|ASPM_PANTR,2771,NQS,Pan troglodytes,9598,ASPM
sp|P62293|ASPM_PANTR,2934,NST,Pan troglodytes,9598,ASPM
sp|P62293|ASPM_PANTR,3307,NRS,Pan troglodytes,9598,ASPM
sp|P62293|ASPM_PANTR,3325,NVS,Pan troglodytes,9598,ASPM
sp|P62293|ASPM_PANTR,3424,NSS,Pan troglodytes,9598,ASPM
sp|P79241|FPR1_PANTR,1,NSS,Pan troglodytes,9598,FPR1
sp|P79241|FPR1_PANTR,7,NIS,Pan troglodytes,9598,FPR1
sp|P79241|FPR1_PANTR,176,NFS,Pan troglodytes,9598,FPR1
sp|P79241|FPR1_PANTR,334,NST,Pan troglodytes,9598,FPR1
sp|P79242|FPR2_PANTR,1,NFS,Pan troglodytes,9598,FPR2
sp|P79242|FPR2_PANTR,330,NDT,Pan troglodytes,9598,FPR2
sp|Q0MQ84|CIA30_PANTR,158,NQS,Pan troglodytes,9598,NDUFAF1
sp|Q0MQB7|NDUAA_PANTR,111,NCS,Pan troglodytes,9598,NDUFA10
sp|Q0MQB7|NDUAA_PANTR,288,NRT,Pan troglodytes,9598,NDUFA10
sp|Q0MQB7|NDUAA_PANTR,306,NYT,Pan troglodytes,9598,NDUFA10
sp|Q0MQD5|NDUB4_PANTR,24,NIS,Pan troglodytes,9598,NDUFB4
sp|Q0MQE1|NDUB6_PANTR,53,NKS,Pan troglodytes,9598,NDUFB6
sp|Q0MQH1|NDUS4_PANTR,92,NNT,Pan troglodytes,9598,NDUFS4
sp|Q0MQH1|NDUS4_PANTR,163,NFS,Pan troglodytes,9598,NDUFS4
sp|Q0MQI6|NDUV1_PANTR,277,NIS,Pan troglodytes,9598,NDUFV1
sp|Q0MQJ2|NDUV3_PANTR,68,NTT,Pan troglodytes,9598,NDUFV3
sp|Q1EGL0|LGI3_PANTR,189,NTT,Pan troglodytes,9598,LGI3
sp|Q1EGL0|LGI3_PANTR,311,NTT,Pan troglodytes,9598,LGI3
sp|Q1EGL2|LGI1_PANTR,192,NAT,Pan troglodytes,9598,LGI1
sp|Q1EGL2|LGI1_PANTR,277,NIT,Pan troglodytes,9598,LGI1
sp|Q1EGL2|LGI1_PANTR,422,NQT,Pan troglodytes,9598,LGI1
sp|Q1KYL1|WNT7A_PANTR,83,NCS,Pan troglodytes,9598,WNT7A
sp|Q1KYL1|WNT7A_PANTR,127,NLS,Pan troglodytes,9598,WNT7A
sp|Q1KYL1|WNT7A_PANTR,295,NKT,Pan troglodytes,9598,WNT7A
sp|Q1XGV7|ASIP_PANTR,39,NSS,Pan troglodytes,9598,ASIP
sp|Q1XHT8|TRI40_PANTR,200,NRS,Pan troglodytes,9598,TRIM40
sp|Q1XHY9|VATG2_PANTR,68,NLS,Pan troglodytes,9598,ATP6V1G2
sp|Q28798|SRY_PANTR,141,NCS,Pan troglodytes,9598,SRY
sp|Q28806|ICAM1_PANTR,145,NLT,Pan troglodytes,9598,ICAM1
sp|Q28806|ICAM1_PANTR,183,NFS,Pan troglodytes,9598,ICAM1
sp|Q28806|ICAM1_PANTR,202,NTS,Pan troglodytes,9598,ICAM1
sp|Q28806|ICAM1_PANTR,267,NDS,Pan troglodytes,9598,ICAM1
sp|Q28806|ICAM1_PANTR,296,NQS,Pan troglodytes,9598,ICAM1
sp|Q28806|ICAM1_PANTR,385,NQT,Pan troglodytes,9598,ICAM1
sp|Q28806|ICAM1_PANTR,406,NWT,Pan troglodytes,9598,ICAM1
sp|Q28807|CXCR2_PANTR,19,NYS,Pan troglodytes,9598,CXCR2
sp|Q28807|CXCR2_PANTR,188,NVS,Pan troglodytes,9598,CXCR2
sp|Q28807|CXCR2_PANTR,199,NNT,Pan troglodytes,9598,CXCR2
sp|Q2KNA1|CYTSA_PANTR,30,NSS,Pan troglodytes,9598,SPECC1L
sp|Q2KNA1|CYTSA_PANTR,96,NKS,Pan troglodytes,9598,SPECC1L
sp|Q2KNA1|CYTSA_PANTR,111,NTS,Pan troglodytes,9598,SPECC1L
sp|Q2KNA1|CYTSA_PANTR,133,NQS,Pan troglodytes,9598,SPECC1L
sp|Q2KNA1|CYTSA_PANTR,302,NQS,Pan troglodytes,9598,SPECC1L
sp|Q2KNA1|CYTSA_PANTR,387,NAS,Pan troglodytes,9598,SPECC1L
sp|Q2KNA1|CYTSA_PANTR,666,NMT,Pan troglodytes,9598,SPECC1L
sp|Q2KNA1|CYTSA_PANTR,1035,NFS,Pan troglodytes,9598,SPECC1L
sp|Q2PUH2|FSHB_PANTR,25,NIT,Pan troglodytes,9598,FSHB
sp|Q2PUH2|FSHB_PANTR,42,NTT,Pan troglodytes,9598,FSHB
sp|Q2Q1P2|LSHB_PANTR,33,NAT,Pan troglodytes,9598,LHB
sp|Q2Q1P2|LSHB_PANTR,50,NTT,Pan troglodytes,9598,LHB
sp|Q2QLE7|WNT2_PANTR,24,NSS,Pan troglodytes,9598,WNT2
sp|Q2QLE7|WNT2_PANTR,295,NLT,Pan troglodytes,9598,WNT2
sp|Q2THX1|ZDHC5_PANTR,61,NFS,Pan troglodytes,9598,ZDHHC5
sp|Q2THX1|ZDHC5_PANTR,239,NVS,Pan troglodytes,9598,ZDHHC5
sp|Q2THX1|ZDHC5_PANTR,461,NQT,Pan troglodytes,9598,ZDHHC5
sp|Q2THX1|ZDHC5_PANTR,465,NGS,Pan troglodytes,9598,ZDHHC5
sp|Q2THX1|ZDHC5_PANTR,535,NLS,Pan troglodytes,9598,ZDHHC5
sp|Q2TLZ5|MACOI_PANTR,324,NAS,Pan troglodytes,9598,MACO1
sp|Q2TLZ5|MACOI_PANTR,330,NSS,Pan troglodytes,9598,MACO1
sp|Q2TLZ5|MACOI_PANTR,340,NGS,Pan troglodytes,9598,MACO1
sp|Q2TLZ5|MACOI_PANTR,452,NIS,Pan troglodytes,9598,MACO1
sp|Q2TLZ5|MACOI_PANTR,655,NAS,Pan troglodytes,9598,MACO1
sp|Q30KK9|DB118_PANTR,29,NRS,Pan troglodytes,9598,DEFB118
sp|Q35648|NU5M_PANTR,400,NMS,Pan troglodytes,9598,MT-ND5
sp|Q38IC8|IL2RA_PANTR,70,NSS,Pan troglodytes,9598,IL2RA
sp|Q38IC8|IL2RA_PANTR,89,NTT,Pan troglodytes,9598,IL2RA
sp|Q3BCR8|TPMT_PANTR,104,NLS,Pan troglodytes,9598,TPMT
sp|Q3BCR8|TPMT_PANTR,127,NIS,Pan troglodytes,9598,TPMT
sp|Q3LTE0|NANOG_PANTR,133,NLS,Pan troglodytes,9598,NANOG
sp|Q3LTE0|NANOG_PANTR,198,NQT,Pan troglodytes,9598,NANOG
sp|Q3LTE0|NANOG_PANTR,202,NNS,Pan troglodytes,9598,NANOG
sp|Q3LTE0|NANOG_PANTR,208,NQT,Pan troglodytes,9598,NANOG
sp|Q3LTE0|NANOG_PANTR,218,NHS,Pan troglodytes,9598,NANOG
sp|Q3LTE0|NANOG_PANTR,295,NYS,Pan troglodytes,9598,NANOG
sp|Q49LR9|XKR9_PANTR,109,NTS,Pan troglodytes,9598,XKR9
sp|Q49LR9|XKR9_PANTR,161,NFS,Pan troglodytes,9598,XKR9
sp|Q49LR9|XKR9_PANTR,249,NNT,Pan troglodytes,9598,XKR9
sp|Q49LR9|XKR9_PANTR,346,NRS,Pan troglodytes,9598,XKR9
sp|Q49LS4|XKR4_PANTR,218,NAS,Pan troglodytes,9598,XKR4Q5GH76
sp|Q49LS4|XKR4_PANTR,232,NSS,Pan troglodytes,9598,XKR4Q5GH76
sp|Q49LS4|XKR4_PANTR,552,NRS,Pan troglodytes,9598,XKR4Q5GH76
sp|Q5BQN8|CENPJ_PANTR,207,NTT,Pan troglodytes,9598,CENPJ
sp|Q5BQN8|CENPJ_PANTR,404,NQS,Pan troglodytes,9598,CENPJ
sp|Q5BQN8|CENPJ_PANTR,519,NKT,Pan troglodytes,9598,CENPJ
sp|Q5BQN8|CENPJ_PANTR,594,NSS,Pan troglodytes,9598,CENPJ
sp|Q5BQN8|CENPJ_PANTR,636,NRS,Pan troglodytes,9598,CENPJ
sp|Q5BQN8|CENPJ_PANTR,686,NQT,Pan troglodytes,9598,CENPJ
sp|Q5BQN8|CENPJ_PANTR,816,NES,Pan troglodytes,9598,CENPJ
sp|Q5BQN8|CENPJ_PANTR,925,NAS,Pan troglodytes,9598,CENPJ
sp|Q5BQN8|CENPJ_PANTR,1175,NGT,Pan troglodytes,9598,CENPJ
sp|Q5CZK3|INSL3_PANTR,84,NLT,Pan troglodytes,9598,INSL3
sp|Q5DRA2|PCDGM_PANTR,265,NAT,Pan troglodytes,9598,PCDHGC5
sp|Q5DRA2|PCDGM_PANTR,443,NIS,Pan troglodytes,9598,PCDHGC5
sp|Q5DRA2|PCDGM_PANTR,547,NTS,Pan troglodytes,9598,PCDHGC5
sp|Q5DRA2|PCDGM_PANTR,913,NAT,Pan troglodytes,9598,PCDHGC5
sp|Q5DRA3|PCDGL_PANTR,265,NAS,Pan troglodytes,9598,PCDHGC4
sp|Q5DRA3|PCDGL_PANTR,276,NVT,Pan troglodytes,9598,PCDHGC4
sp|Q5DRA3|PCDGL_PANTR,444,NIS,Pan troglodytes,9598,PCDHGC4
sp|Q5DRA3|PCDGL_PANTR,907,NAT,Pan troglodytes,9598,PCDHGC4
sp|Q5DRA4|PCDGK_PANTR,245,NQS,Pan troglodytes,9598,PCDHGC3
sp|Q5DRA4|PCDGK_PANTR,424,NLS,Pan troglodytes,9598,PCDHGC3
sp|Q5DRA4|PCDGK_PANTR,478,NLS,Pan troglodytes,9598,PCDHGC3
sp|Q5DRA4|PCDGK_PANTR,550,NIS,Pan troglodytes,9598,PCDHGC3
sp|Q5DRA4|PCDGK_PANTR,615,NQS,Pan troglodytes,9598,PCDHGC3
sp|Q5DRA4|PCDGK_PANTR,689,NLT,Pan troglodytes,9598,PCDHGC3
sp|Q5DRA4|PCDGK_PANTR,903,NAT,Pan troglodytes,9598,PCDHGC3
sp|Q5DRA5|PCDGJ_PANTR,419,NVT,Pan troglodytes,9598,PCDHGB7
sp|Q5DRA5|PCDGJ_PANTR,545,NVS,Pan troglodytes,9598,PCDHGB7
sp|Q5DRA5|PCDGJ_PANTR,742,NYS,Pan troglodytes,9598,PCDHGB7
sp|Q5DRA5|PCDGJ_PANTR,898,NAT,Pan troglodytes,9598,PCDHGB7
sp|Q5DRA6|PCDGI_PANTR,304,NQS,Pan troglodytes,9598,PCDHGB6
sp|Q5DRA6|PCDGI_PANTR,419,NVT,Pan troglodytes,9598,PCDHGB6
sp|Q5DRA6|PCDGI_PANTR,545,NVS,Pan troglodytes,9598,PCDHGB6
sp|Q5DRA6|PCDGI_PANTR,742,NYS,Pan troglodytes,9598,PCDHGB6
sp|Q5DRA6|PCDGI_PANTR,899,NAT,Pan troglodytes,9598,PCDHGB6
sp|Q5DRA7|PCDGH_PANTR,415,NVT,Pan troglodytes,9598,PCDHGB5
sp|Q5DRA7|PCDGH_PANTR,541,NVS,Pan troglodytes,9598,PCDHGB5
sp|Q5DRA7|PCDGH_PANTR,738,NYS,Pan troglodytes,9598,PCDHGB5
sp|Q5DRA7|PCDGH_PANTR,789,NSS,Pan troglodytes,9598,PCDHGB5
sp|Q5DRA7|PCDGH_PANTR,892,NAT,Pan troglodytes,9598,PCDHGB5
sp|Q5DRA8|PCDGG_PANTR,417,NIT,Pan troglodytes,9598,PCDHGB4
sp|Q5DRA8|PCDGG_PANTR,543,NVS,Pan troglodytes,9598,PCDHGB4
sp|Q5DRA8|PCDGG_PANTR,740,NYS,Pan troglodytes,9598,PCDHGB4
sp|Q5DRA8|PCDGG_PANTR,791,NSS,Pan troglodytes,9598,PCDHGB4
sp|Q5DRA8|PCDGG_PANTR,892,NAT,Pan troglodytes,9598,PCDHGB4
sp|Q5DRA9|PCDGE_PANTR,419,NLT,Pan troglodytes,9598,PCDHGB2
sp|Q5DRA9|PCDGE_PANTR,545,NVS,Pan troglodytes,9598,PCDHGB2
sp|Q5DRA9|PCDGE_PANTR,769,NIT,Pan troglodytes,9598,PCDHGB2
sp|Q5DRA9|PCDGE_PANTR,784,NAS,Pan troglodytes,9598,PCDHGB2
sp|Q5DRA9|PCDGE_PANTR,900,NAT,Pan troglodytes,9598,PCDHGB2
sp|Q5DRB0|PCDGD_PANTR,41,NGS,Pan troglodytes,9598,PCDHGB1
sp|Q5DRB0|PCDGD_PANTR,73,NVS,Pan troglodytes,9598,PCDHGB1
sp|Q5DRB0|PCDGD_PANTR,300,NGT,Pan troglodytes,9598,PCDHGB1
sp|Q5DRB0|PCDGD_PANTR,415,NVT,Pan troglodytes,9598,PCDHGB1
sp|Q5DRB0|PCDGD_PANTR,541,NVS,Pan troglodytes,9598,PCDHGB1
sp|Q5DRB0|PCDGD_PANTR,738,NHS,Pan troglodytes,9598,PCDHGB1
sp|Q5DRB0|PCDGD_PANTR,765,NLT,Pan troglodytes,9598,PCDHGB1
sp|Q5DRB0|PCDGD_PANTR,896,NAT,Pan troglodytes,9598,PCDHGB1
sp|Q5DRB1|PCDG9_PANTR,47,NIS,Pan troglodytes,9598,PCDHGA9
sp|Q5DRB1|PCDG9_PANTR,127,NDS,Pan troglodytes,9598,PCDHGA9
sp|Q5DRB1|PCDG9_PANTR,389,NLS,Pan troglodytes,9598,PCDHGA9
sp|Q5DRB1|PCDG9_PANTR,419,NIT,Pan troglodytes,9598,PCDHGA9
sp|Q5DRB1|PCDG9_PANTR,545,NVS,Pan troglodytes,9598,PCDHGA9
sp|Q5DRB1|PCDG9_PANTR,901,NAT,Pan troglodytes,9598,PCDHGA9
sp|Q5DRB2|PCDG8_PANTR,47,NIS,Pan troglodytes,9598,PCDHGA8
sp|Q5DRB2|PCDG8_PANTR,414,NVS,Pan troglodytes,9598,PCDHGA8
sp|Q5DRB2|PCDG8_PANTR,419,NIT,Pan troglodytes,9598,PCDHGA8
sp|Q5DRB2|PCDG8_PANTR,545,NVS,Pan troglodytes,9598,PCDHGA8
sp|Q5DRB2|PCDG8_PANTR,685,NDS,Pan troglodytes,9598,PCDHGA8
sp|Q5DRB2|PCDG8_PANTR,788,NDS,Pan troglodytes,9598,PCDHGA8
sp|Q5DRB2|PCDG8_PANTR,901,NAT,Pan troglodytes,9598,PCDHGA8
sp|Q5DRB3|PCDG7_PANTR,419,NIT,Pan troglodytes,9598,PCDHGA7
sp|Q5DRB3|PCDG7_PANTR,545,NMS,Pan troglodytes,9598,PCDHGA7
sp|Q5DRB3|PCDG7_PANTR,788,NDS,Pan troglodytes,9598,PCDHGA7
sp|Q5DRB3|PCDG7_PANTR,901,NAT,Pan troglodytes,9598,PCDHGA7
sp|Q5DRB4|PCDG6_PANTR,81,NGS,Pan troglodytes,9598,PCDHGA6
sp|Q5DRB4|PCDG6_PANTR,419,NIT,Pan troglodytes,9598,PCDHGA6
sp|Q5DRB4|PCDG6_PANTR,545,NVS,Pan troglodytes,9598,PCDHGA6
sp|Q5DRB4|PCDG6_PANTR,685,NDS,Pan troglodytes,9598,PCDHGA6
sp|Q5DRB4|PCDG6_PANTR,901,NAT,Pan troglodytes,9598,PCDHGA6
sp|Q5DRB5|PCDG5_PANTR,419,NIT,Pan troglodytes,9598,PCDHGA5
sp|Q5DRB5|PCDG5_PANTR,545,NVS,Pan troglodytes,9598,PCDHGA5
sp|Q5DRB5|PCDG5_PANTR,900,NAT,Pan troglodytes,9598,PCDHGA5
sp|Q5DRB6|PCDG4_PANTR,419,NIT,Pan troglodytes,9598,PCDHGA4
sp|Q5DRB6|PCDG4_PANTR,545,NVS,Pan troglodytes,9598,PCDHGA4
sp|Q5DRB6|PCDG4_PANTR,900,NAT,Pan troglodytes,9598,PCDHGA4
sp|Q5DRB7|PCDG3_PANTR,265,NAT,Pan troglodytes,9598,PCDHGA3
sp|Q5DRB7|PCDG3_PANTR,419,NIS,Pan troglodytes,9598,PCDHGA3
sp|Q5DRB7|PCDG3_PANTR,545,NVS,Pan troglodytes,9598,PCDHGA3
sp|Q5DRB7|PCDG3_PANTR,685,NDS,Pan troglodytes,9598,PCDHGA3
sp|Q5DRB7|PCDG3_PANTR,901,NAT,Pan troglodytes,9598,PCDHGA3
sp|Q5DRB8|PCDG2_PANTR,419,NIT,Pan troglodytes,9598,PCDHGA2
sp|Q5DRB8|PCDG2_PANTR,545,NVS,Pan troglodytes,9598,PCDHGA2
sp|Q5DRB8|PCDG2_PANTR,685,NDS,Pan troglodytes,9598,PCDHGA2
sp|Q5DRB8|PCDG2_PANTR,901,NAT,Pan troglodytes,9598,PCDHGA2
sp|Q5DRB9|PCDGC_PANTR,265,NAT,Pan troglodytes,9598,PCDHGA12
sp|Q5DRB9|PCDGC_PANTR,419,NIT,Pan troglodytes,9598,PCDHGA12
sp|Q5DRB9|PCDGC_PANTR,545,NVS,Pan troglodytes,9598,PCDHGA12
sp|Q5DRB9|PCDGC_PANTR,901,NAT,Pan troglodytes,9598,PCDHGA12
sp|Q5DRC0|PCDGB_PANTR,48,NIS,Pan troglodytes,9598,PCDHGA11
sp|Q5DRC0|PCDGB_PANTR,255,NIS,Pan troglodytes,9598,PCDHGA11
sp|Q5DRC0|PCDGB_PANTR,266,NAT,Pan troglodytes,9598,PCDHGA11
sp|Q5DRC0|PCDGB_PANTR,420,NIT,Pan troglodytes,9598,PCDHGA11
sp|Q5DRC0|PCDGB_PANTR,546,NVS,Pan troglodytes,9598,PCDHGA11
sp|Q5DRC0|PCDGB_PANTR,904,NAT,Pan troglodytes,9598,PCDHGA11
sp|Q5DRC1|PCDGA_PANTR,6,NRS,Pan troglodytes,9598,PCDHGA10
sp|Q5DRC1|PCDGA_PANTR,51,NIS,Pan troglodytes,9598,PCDHGA10
sp|Q5DRC1|PCDGA_PANTR,423,NIT,Pan troglodytes,9598,PCDHGA10
sp|Q5DRC1|PCDGA_PANTR,549,NVS,Pan troglodytes,9598,PCDHGA10
sp|Q5DRC1|PCDGA_PANTR,905,NAT,Pan troglodytes,9598,PCDHGA10
sp|Q5DRC2|PCDG1_PANTR,265,NAT,Pan troglodytes,9598,PCDHGA1
sp|Q5DRC2|PCDG1_PANTR,419,NIT,Pan troglodytes,9598,PCDHGA1
sp|Q5DRC2|PCDG1_PANTR,545,NVS,Pan troglodytes,9598,PCDHGA1
sp|Q5DRC2|PCDG1_PANTR,685,NDS,Pan troglodytes,9598,PCDHGA1
sp|Q5DRC2|PCDG1_PANTR,900,NAT,Pan troglodytes,9598,PCDHGA1
sp|Q5DRC3|PCDBH_PANTR,169,NYS,Pan troglodytes,9598,PCDHB17
sp|Q5DRC3|PCDBH_PANTR,184,NHS,Pan troglodytes,9598,PCDHB17
sp|Q5DRC3|PCDBH_PANTR,418,NIT,Pan troglodytes,9598,PCDHB17
sp|Q5DRC3|PCDBH_PANTR,436,NIT,Pan troglodytes,9598,PCDHB17
sp|Q5DRC3|PCDBH_PANTR,463,NNS,Pan troglodytes,9598,PCDHB17
sp|Q5DRC3|PCDBH_PANTR,567,NGS,Pan troglodytes,9598,PCDHB17
sp|Q5DRC4|PCDB9_PANTR,169,NYT,Pan troglodytes,9598,PCDHB9
sp|Q5DRC4|PCDB9_PANTR,418,NIT,Pan troglodytes,9598,PCDHB9
sp|Q5DRC4|PCDB9_PANTR,463,NNS,Pan troglodytes,9598,PCDHB9
sp|Q5DRC4|PCDB9_PANTR,567,NGS,Pan troglodytes,9598,PCDHB9
sp|Q5DRC4|PCDB9_PANTR,786,NST,Pan troglodytes,9598,PCDHB9
sp|Q5DRC6|PCDB8_PANTR,419,NVT,Pan troglodytes,9598,PCDHB8
sp|Q5DRC6|PCDB8_PANTR,437,NMT,Pan troglodytes,9598,PCDHB8
sp|Q5DRC6|PCDB8_PANTR,464,NNS,Pan troglodytes,9598,PCDHB8
sp|Q5DRC6|PCDB8_PANTR,568,NSS,Pan troglodytes,9598,PCDHB8
sp|Q5DRC7|PCDB7_PANTR,169,NYT,Pan troglodytes,9598,PCDHB7
sp|Q5DRC7|PCDB7_PANTR,418,NIT,Pan troglodytes,9598,PCDHB7
sp|Q5DRC7|PCDB7_PANTR,436,NIT,Pan troglodytes,9598,PCDHB7
sp|Q5DRC7|PCDB7_PANTR,463,NNS,Pan troglodytes,9598,PCDHB7
sp|Q5DRC7|PCDB7_PANTR,567,NSS,Pan troglodytes,9598,PCDHB7
sp|Q5DRC8|PCDB6_PANTR,46,NLT,Pan troglodytes,9598,PCDHB6
sp|Q5DRC8|PCDB6_PANTR,183,NRS,Pan troglodytes,9598,PCDHB6
sp|Q5DRC8|PCDB6_PANTR,416,NIT,Pan troglodytes,9598,PCDHB6
sp|Q5DRC8|PCDB6_PANTR,461,NNS,Pan troglodytes,9598,PCDHB6
sp|Q5DRC8|PCDB6_PANTR,565,NGS,Pan troglodytes,9598,PCDHB6
sp|Q5DRC8|PCDB6_PANTR,738,NGT,Pan troglodytes,9598,PCDHB6
sp|Q5DRC9|PCDB5_PANTR,169,NYT,Pan troglodytes,9598,PCDHB5
sp|Q5DRC9|PCDB5_PANTR,417,NIT,Pan troglodytes,9598,PCDHB5
sp|Q5DRC9|PCDB5_PANTR,435,NIT,Pan troglodytes,9598,PCDHB5
sp|Q5DRC9|PCDB5_PANTR,462,NNS,Pan troglodytes,9598,PCDHB5
sp|Q5DRC9|PCDB5_PANTR,566,NGS,Pan troglodytes,9598,PCDHB5
sp|Q5DRD0|PCDB4_PANTR,183,NHS,Pan troglodytes,9598,PCDHB4
sp|Q5DRD0|PCDB4_PANTR,417,NIT,Pan troglodytes,9598,PCDHB4
sp|Q5DRD0|PCDB4_PANTR,462,NNS,Pan troglodytes,9598,PCDHB4
sp|Q5DRD0|PCDB4_PANTR,566,NGS,Pan troglodytes,9598,PCDHB4
sp|Q5DRD1|PCDB3_PANTR,169,NYT,Pan troglodytes,9598,PCDHB3
sp|Q5DRD1|PCDB3_PANTR,418,NIT,Pan troglodytes,9598,PCDHB3
sp|Q5DRD1|PCDB3_PANTR,436,NIT,Pan troglodytes,9598,PCDHB3
sp|Q5DRD1|PCDB3_PANTR,463,NNS,Pan troglodytes,9598,PCDHB3
sp|Q5DRD1|PCDB3_PANTR,567,NGS,Pan troglodytes,9598,PCDHB3
sp|Q5DRD2|PCDB2_PANTR,171,NYT,Pan troglodytes,9598,PCDHB2
sp|Q5DRD2|PCDB2_PANTR,420,NIT,Pan troglodytes,9598,PCDHB2
sp|Q5DRD2|PCDB2_PANTR,438,NIT,Pan troglodytes,9598,PCDHB2
sp|Q5DRD2|PCDB2_PANTR,465,NNS,Pan troglodytes,9598,PCDHB2
sp|Q5DRD2|PCDB2_PANTR,569,NGS,Pan troglodytes,9598,PCDHB2
sp|Q5DRD3|PCDBF_PANTR,171,NIS,Pan troglodytes,9598,PCDHB15
sp|Q5DRD3|PCDBF_PANTR,418,NIT,Pan troglodytes,9598,PCDHB15
sp|Q5DRD3|PCDBF_PANTR,436,NIT,Pan troglodytes,9598,PCDHB15
sp|Q5DRD3|PCDBF_PANTR,463,NNS,Pan troglodytes,9598,PCDHB15
sp|Q5DRD3|PCDBF_PANTR,567,NGS,Pan troglodytes,9598,PCDHB15
sp|Q5DRD4|PCDBI_PANTR,169,NYT,Pan troglodytes,9598,PCDHB18
sp|Q5DRD4|PCDBI_PANTR,359,NSS,Pan troglodytes,9598,PCDHB18
sp|Q5DRD4|PCDBI_PANTR,419,NIT,Pan troglodytes,9598,PCDHB18
sp|Q5DRD4|PCDBI_PANTR,437,NIT,Pan troglodytes,9598,PCDHB18
sp|Q5DRD4|PCDBI_PANTR,464,NNS,Pan troglodytes,9598,PCDHB18
sp|Q5DRD4|PCDBI_PANTR,568,NGS,Pan troglodytes,9598,PCDHB18
sp|Q5DRD5|PCDBE_PANTR,169,NYT,Pan troglodytes,9598,PCDHB14
sp|Q5DRD5|PCDBE_PANTR,359,NAS,Pan troglodytes,9598,PCDHB14
sp|Q5DRD5|PCDBE_PANTR,418,NIT,Pan troglodytes,9598,PCDHB14
sp|Q5DRD5|PCDBE_PANTR,436,NIT,Pan troglodytes,9598,PCDHB14
sp|Q5DRD5|PCDBE_PANTR,463,NNS,Pan troglodytes,9598,PCDHB14
sp|Q5DRD5|PCDBE_PANTR,567,NGS,Pan troglodytes,9598,PCDHB14
sp|Q5DRD6|PCDBD_PANTR,418,NIT,Pan troglodytes,9598,PCDHB13
sp|Q5DRD6|PCDBD_PANTR,436,NMT,Pan troglodytes,9598,PCDHB13
sp|Q5DRD6|PCDBD_PANTR,463,NNS,Pan troglodytes,9598,PCDHB13
sp|Q5DRD6|PCDBD_PANTR,567,NGS,Pan troglodytes,9598,PCDHB13
sp|Q5DRD6|PCDBD_PANTR,786,NST,Pan troglodytes,9598,PCDHB13
sp|Q5DRD7|PCDBC_PANTR,418,NIT,Pan troglodytes,9598,PCDHB12
sp|Q5DRD7|PCDBC_PANTR,436,NIT,Pan troglodytes,9598,PCDHB12
sp|Q5DRD7|PCDBC_PANTR,463,NNS,Pan troglodytes,9598,PCDHB12
sp|Q5DRD7|PCDBC_PANTR,567,NGS,Pan troglodytes,9598,PCDHB12
sp|Q5DRD8|PCDBB_PANTR,418,NIT,Pan troglodytes,9598,PCDHB11
sp|Q5DRD8|PCDBB_PANTR,436,NTT,Pan troglodytes,9598,PCDHB11
sp|Q5DRD8|PCDBB_PANTR,463,NNS,Pan troglodytes,9598,PCDHB11
sp|Q5DRD8|PCDBB_PANTR,487,NYS,Pan troglodytes,9598,PCDHB11
sp|Q5DRD8|PCDBB_PANTR,567,NGS,Pan troglodytes,9598,PCDHB11
sp|Q5DRD8|PCDBB_PANTR,786,NST,Pan troglodytes,9598,PCDHB11
sp|Q5DRD9|PCDBA_PANTR,169,NYT,Pan troglodytes,9598,PCDHB10
sp|Q5DRD9|PCDBA_PANTR,418,NIT,Pan troglodytes,9598,PCDHB10
sp|Q5DRD9|PCDBA_PANTR,436,NIT,Pan troglodytes,9598,PCDHB10
sp|Q5DRD9|PCDBA_PANTR,463,NNS,Pan troglodytes,9598,PCDHB10
sp|Q5DRD9|PCDBA_PANTR,567,NGS,Pan troglodytes,9598,PCDHB10
sp|Q5DRD9|PCDBA_PANTR,786,NST,Pan troglodytes,9598,PCDHB10
sp|Q5DRE0|PCDB1_PANTR,169,NYT,Pan troglodytes,9598,PCDHB1
sp|Q5DRE0|PCDB1_PANTR,209,NLT,Pan troglodytes,9598,PCDHB1
sp|Q5DRE0|PCDB1_PANTR,257,NGS,Pan troglodytes,9598,PCDHB1
sp|Q5DRE0|PCDB1_PANTR,419,NIT,Pan troglodytes,9598,PCDHB1
sp|Q5DRE0|PCDB1_PANTR,464,NNS,Pan troglodytes,9598,PCDHB1
sp|Q5DRE0|PCDB1_PANTR,568,NGT,Pan troglodytes,9598,PCDHB1
sp|Q5DRE0|PCDB1_PANTR,735,NFS,Pan troglodytes,9598,PCDHB1
sp|Q5DRE0|PCDB1_PANTR,746,NGS,Pan troglodytes,9598,PCDHB1
sp|Q5DRE0|PCDB1_PANTR,802,NKS,Pan troglodytes,9598,PCDHB1
sp|Q5DRE1|PCDC2_PANTR,280,NAS,Pan troglodytes,9598,PCDHAC2
sp|Q5DRE1|PCDC2_PANTR,377,NAT,Pan troglodytes,9598,PCDHAC2
sp|Q5DRE1|PCDC2_PANTR,436,NIT,Pan troglodytes,9598,PCDHAC2
sp|Q5DRE1|PCDC2_PANTR,586,NSS,Pan troglodytes,9598,PCDHAC2
sp|Q5DRE1|PCDC2_PANTR,657,NLT,Pan troglodytes,9598,PCDHAC2
sp|Q5DRE1|PCDC2_PANTR,784,NGS,Pan troglodytes,9598,PCDHAC2
sp|Q5DRE1|PCDC2_PANTR,831,NLT,Pan troglodytes,9598,PCDHAC2
sp|Q5DRE1|PCDC2_PANTR,989,NKT,Pan troglodytes,9598,PCDHAC2
sp|Q5DRE1|PCDC2_PANTR,999,NST,Pan troglodytes,9598,PCDHAC2
sp|Q5DRE2|PCDC1_PANTR,38,NLS,Pan troglodytes,9598,PCDHAC1
sp|Q5DRE2|PCDC1_PANTR,248,NGT,Pan troglodytes,9598,PCDHAC1
sp|Q5DRE2|PCDC1_PANTR,274,NST,Pan troglodytes,9598,PCDHAC1
sp|Q5DRE2|PCDC1_PANTR,562,NCS,Pan troglodytes,9598,PCDHAC1
sp|Q5DRE2|PCDC1_PANTR,766,NNS,Pan troglodytes,9598,PCDHAC1
sp|Q5DRE2|PCDC1_PANTR,945,NKT,Pan troglodytes,9598,PCDHAC1
sp|Q5DRE2|PCDC1_PANTR,955,NST,Pan troglodytes,9598,PCDHAC1
sp|Q5DRE3|PCDA9_PANTR,254,NVS,Pan troglodytes,9598,PCDHA9
sp|Q5DRE3|PCDA9_PANTR,265,NAS,Pan troglodytes,9598,PCDHA9
sp|Q5DRE3|PCDA9_PANTR,548,NVT,Pan troglodytes,9598,PCDHA9
sp|Q5DRE3|PCDA9_PANTR,932,NKT,Pan troglodytes,9598,PCDHA9
sp|Q5DRE3|PCDA9_PANTR,942,NST,Pan troglodytes,9598,PCDHA9
sp|Q5DRE4|PCDA8_PANTR,257,NGT,Pan troglodytes,9598,PCDHA8
sp|Q5DRE4|PCDA8_PANTR,265,NAS,Pan troglodytes,9598,PCDHA8
sp|Q5DRE4|PCDA8_PANTR,548,NVT,Pan troglodytes,9598,PCDHA8
sp|Q5DRE4|PCDA8_PANTR,932,NKT,Pan troglodytes,9598,PCDHA8
sp|Q5DRE4|PCDA8_PANTR,942,NST,Pan troglodytes,9598,PCDHA8
sp|Q5DRE6|PCDA6_PANTR,257,NGT,Pan troglodytes,9598,PCDHA6
sp|Q5DRE6|PCDA6_PANTR,265,NAS,Pan troglodytes,9598,PCDHA6
sp|Q5DRE6|PCDA6_PANTR,386,NCS,Pan troglodytes,9598,PCDHA6
sp|Q5DRE6|PCDA6_PANTR,548,NVT,Pan troglodytes,9598,PCDHA6
sp|Q5DRE6|PCDA6_PANTR,932,NKT,Pan troglodytes,9598,PCDHA6
sp|Q5DRE6|PCDA6_PANTR,942,NST,Pan troglodytes,9598,PCDHA6
sp|Q5DRE7|PCDA5_PANTR,264,NAS,Pan troglodytes,9598,PCDHA5
sp|Q5DRE7|PCDA5_PANTR,448,NDT,Pan troglodytes,9598,PCDHA5
sp|Q5DRE7|PCDA5_PANTR,547,NVT,Pan troglodytes,9598,PCDHA5
sp|Q5DRE7|PCDA5_PANTR,918,NKT,Pan troglodytes,9598,PCDHA5
sp|Q5DRE7|PCDA5_PANTR,928,NST,Pan troglodytes,9598,PCDHA5
sp|Q5DRE8|PCDA4_PANTR,139,NLS,Pan troglodytes,9598,PCDHA4
sp|Q5DRE8|PCDA4_PANTR,257,NGT,Pan troglodytes,9598,PCDHA4
sp|Q5DRE8|PCDA4_PANTR,265,NAS,Pan troglodytes,9598,PCDHA4
sp|Q5DRE8|PCDA4_PANTR,548,NVT,Pan troglodytes,9598,PCDHA4
sp|Q5DRE8|PCDA4_PANTR,929,NKT,Pan troglodytes,9598,PCDHA4
sp|Q5DRE8|PCDA4_PANTR,939,NST,Pan troglodytes,9598,PCDHA4
sp|Q5DRE9|PCDA3_PANTR,257,NGT,Pan troglodytes,9598,PCDHA3
sp|Q5DRE9|PCDA3_PANTR,265,NAT,Pan troglodytes,9598,PCDHA3
sp|Q5DRE9|PCDA3_PANTR,548,NVT,Pan troglodytes,9598,PCDHA3
sp|Q5DRE9|PCDA3_PANTR,932,NKT,Pan troglodytes,9598,PCDHA3
sp|Q5DRE9|PCDA3_PANTR,942,NST,Pan troglodytes,9598,PCDHA3
sp|Q5DRF0|PCDA2_PANTR,257,NGT,Pan troglodytes,9598,PCDHA2
sp|Q5DRF0|PCDA2_PANTR,265,NAS,Pan troglodytes,9598,PCDHA2
sp|Q5DRF0|PCDA2_PANTR,362,NAS,Pan troglodytes,9598,PCDHA2
sp|Q5DRF0|PCDA2_PANTR,548,NVT,Pan troglodytes,9598,PCDHA2
sp|Q5DRF0|PCDA2_PANTR,930,NKT,Pan troglodytes,9598,PCDHA2
sp|Q5DRF0|PCDA2_PANTR,940,NST,Pan troglodytes,9598,PCDHA2
sp|Q5DRF1|PCDAD_PANTR,257,NGT,Pan troglodytes,9598,PCDHA13
sp|Q5DRF1|PCDAD_PANTR,265,NAT,Pan troglodytes,9598,PCDHA13
sp|Q5DRF1|PCDAD_PANTR,548,NVT,Pan troglodytes,9598,PCDHA13
sp|Q5DRF1|PCDAD_PANTR,932,NKT,Pan troglodytes,9598,PCDHA13
sp|Q5DRF1|PCDAD_PANTR,942,NST,Pan troglodytes,9598,PCDHA13
sp|Q5DRF2|PCDAC_PANTR,257,NDT,Pan troglodytes,9598,PCDHA12
sp|Q5DRF2|PCDAC_PANTR,265,NAS,Pan troglodytes,9598,PCDHA12
sp|Q5DRF2|PCDAC_PANTR,548,NVT,Pan troglodytes,9598,PCDHA12
sp|Q5DRF2|PCDAC_PANTR,923,NKT,Pan troglodytes,9598,PCDHA12
sp|Q5DRF2|PCDAC_PANTR,933,NST,Pan troglodytes,9598,PCDHA12
sp|Q5DRF3|PCDAB_PANTR,265,NAT,Pan troglodytes,9598,PCDHA11
sp|Q5DRF3|PCDAB_PANTR,304,NGT,Pan troglodytes,9598,PCDHA11
sp|Q5DRF3|PCDAB_PANTR,547,NVT,Pan troglodytes,9598,PCDHA11
sp|Q5DRF3|PCDAB_PANTR,931,NKT,Pan troglodytes,9598,PCDHA11
sp|Q5DRF3|PCDAB_PANTR,941,NST,Pan troglodytes,9598,PCDHA11
sp|Q5DRF4|PCDAA_PANTR,256,NQT,Pan troglodytes,9598,PCDHA10
sp|Q5DRF4|PCDAA_PANTR,264,NAS,Pan troglodytes,9598,PCDHA10
sp|Q5DRF4|PCDAA_PANTR,547,NLT,Pan troglodytes,9598,PCDHA10
sp|Q5DRF4|PCDAA_PANTR,930,NKT,Pan troglodytes,9598,PCDHA10
sp|Q5DRF4|PCDAA_PANTR,940,NST,Pan troglodytes,9598,PCDHA10
sp|Q5DRF5|PCDA1_PANTR,257,NGT,Pan troglodytes,9598,PCDHA1
sp|Q5DRF5|PCDA1_PANTR,265,NAS,Pan troglodytes,9598,PCDHA1
sp|Q5DRF5|PCDA1_PANTR,548,NVT,Pan troglodytes,9598,PCDHA1
sp|Q5DRF5|PCDA1_PANTR,781,NTS,Pan troglodytes,9598,PCDHA1
sp|Q5DRF5|PCDA1_PANTR,932,NKT,Pan troglodytes,9598,PCDHA1
sp|Q5DRF5|PCDA1_PANTR,942,NST,Pan troglodytes,9598,PCDHA1
sp|Q5IJ49|MCHR1_PANTR,13,NAS,Pan troglodytes,9598,MCHR1
sp|Q5IJ49|MCHR1_PANTR,16,NTS,Pan troglodytes,9598,MCHR1
sp|Q5IJ49|MCHR1_PANTR,23,NLT,Pan troglodytes,9598,MCHR1
sp|Q5IJ49|MCHR1_PANTR,58,NST,Pan troglodytes,9598,MCHR1
sp|Q5IJ49|MCHR1_PANTR,84,NLS,Pan troglodytes,9598,MCHR1
sp|Q5IS48|DVL1_PANTR,133,NET,Pan troglodytes,9598,DVL1
sp|Q5IS48|DVL1_PANTR,311,NMS,Pan troglodytes,9598,DVL1
sp|Q5IS50|DPP6_PANTR,111,NIS,Pan troglodytes,9598,DPP6
sp|Q5IS50|DPP6_PANTR,257,NDS,Pan troglodytes,9598,DPP6
sp|Q5IS50|DPP6_PANTR,342,NVS,Pan troglodytes,9598,DPP6
sp|Q5IS50|DPP6_PANTR,409,NSS,Pan troglodytes,9598,DPP6
sp|Q5IS50|DPP6_PANTR,473,NCT,Pan troglodytes,9598,DPP6
sp|Q5IS50|DPP6_PANTR,504,NTT,Pan troglodytes,9598,DPP6
sp|Q5IS50|DPP6_PANTR,751,NYS,Pan troglodytes,9598,DPP6
sp|Q5IS51|ACHA5_PANTR,155,NGT,Pan troglodytes,9598,CHRNA5
sp|Q5IS51|ACHA5_PANTR,183,NCS,Pan troglodytes,9598,CHRNA5
sp|Q5IS51|ACHA5_PANTR,229,NRT,Pan troglodytes,9598,CHRNA5
sp|Q5IS58|TGIF1_PANTR,336,NFT,Pan troglodytes,9598,TGIF1
sp|Q5IS59|RTN1_PANTR,684,NST,Pan troglodytes,9598,RTN1
sp|Q5IS61|OPCM_PANTR,44,NVT,Pan troglodytes,9598,OPCML
sp|Q5IS61|OPCM_PANTR,70,NRS,Pan troglodytes,9598,OPCML
sp|Q5IS61|OPCM_PANTR,140,NIS,Pan troglodytes,9598,OPCML
sp|Q5IS61|OPCM_PANTR,285,NVS,Pan troglodytes,9598,OPCML
sp|Q5IS61|OPCM_PANTR,293,NYT,Pan troglodytes,9598,OPCML
sp|Q5IS61|OPCM_PANTR,306,NAS,Pan troglodytes,9598,OPCML
sp|Q5IS62|NPY2R_PANTR,11,NQT,Pan troglodytes,9598,NPY2R
sp|Q5IS62|NPY2R_PANTR,372,NDS,Pan troglodytes,9598,NPY2R
sp|Q5IS68|DCE1_PANTR,20,NTT,Pan troglodytes,9598,GAD1
sp|Q5IS68|DCE1_PANTR,342,NAT,Pan troglodytes,9598,GAD1
sp|Q5IS70|ATN1_PANTR,127,NRS,Pan troglodytes,9598,ATN1
sp|Q5IS70|ATN1_PANTR,142,NDS,Pan troglodytes,9598,ATN1
sp|Q5IS70|ATN1_PANTR,311,NAS,Pan troglodytes,9598,ATN1
sp|Q5IS70|ATN1_PANTR,569,NSS,Pan troglodytes,9598,ATN1
sp|Q5IS70|ATN1_PANTR,1042,NVT,Pan troglodytes,9598,ATN1
sp|Q5IS75|ACHB3_PANTR,51,NDT,Pan troglodytes,9598,CHRNB3
sp|Q5IS75|ACHB3_PANTR,138,NGT,Pan troglodytes,9598,CHRNB3
sp|Q5IS75|ACHB3_PANTR,166,NCS,Pan troglodytes,9598,CHRNB3
sp|Q5IS79|ATOH1_PANTR,252,NAT,Pan troglodytes,9598,ATOH1
sp|Q5IS79|ATOH1_PANTR,312,NLS,Pan troglodytes,9598,ATOH1
sp|Q5NDL1|EOGT_PANTR,263,NNS,Pan troglodytes,9598,EOGT
sp|Q5NDL1|EOGT_PANTR,354,NIT,Pan troglodytes,9598,EOGT
sp|Q5NDL1|EOGT_PANTR,493,NYS,Pan troglodytes,9598,EOGT
sp|Q5NKT8|ICAM4_PANTR,66,NCS,Pan troglodytes,9598,ICAM4
sp|Q5NKT8|ICAM4_PANTR,76,NSS,Pan troglodytes,9598,ICAM4
sp|Q5NKT8|ICAM4_PANTR,188,NVT,Pan troglodytes,9598,ICAM4
sp|Q5NKT8|ICAM4_PANTR,221,NSS,Pan troglodytes,9598,ICAM4
sp|Q5NKU6|ICAM3_PANTR,52,NCS,Pan troglodytes,9598,ICAM3
sp|Q5NKU6|ICAM3_PANTR,84,NLS,Pan troglodytes,9598,ICAM3
sp|Q5NKU6|ICAM3_PANTR,87,NVT,Pan troglodytes,9598,ICAM3
sp|Q5NKU6|ICAM3_PANTR,101,NGS,Pan troglodytes,9598,ICAM3
sp|Q5NKU6|ICAM3_PANTR,110,NIT,Pan troglodytes,9598,ICAM3
sp|Q5NKU6|ICAM3_PANTR,134,NFT,Pan troglodytes,9598,ICAM3
sp|Q5NKU6|ICAM3_PANTR,206,NTS,Pan troglodytes,9598,ICAM3
sp|Q5NKU6|ICAM3_PANTR,264,NAT,Pan troglodytes,9598,ICAM3
sp|Q5NKU6|ICAM3_PANTR,295,NVT,Pan troglodytes,9598,ICAM3
sp|Q5NKU6|ICAM3_PANTR,308,NLT,Pan troglodytes,9598,ICAM3
sp|Q5NKU6|ICAM3_PANTR,320,NLS,Pan troglodytes,9598,ICAM3
sp|Q5NKU6|ICAM3_PANTR,363,NAT,Pan troglodytes,9598,ICAM3
sp|Q5NKU6|ICAM3_PANTR,389,NSS,Pan troglodytes,9598,ICAM3
sp|Q5NKU6|ICAM3_PANTR,453,NVT,Pan troglodytes,9598,ICAM3
sp|Q5NKU6|ICAM3_PANTR,457,NGT,Pan troglodytes,9598,ICAM3
sp|Q5NKV2|ICAM2_PANTR,47,NCS,Pan troglodytes,9598,ICAM2
sp|Q5NKV2|ICAM2_PANTR,82,NIS,Pan troglodytes,9598,ICAM2
sp|Q5NKV2|ICAM2_PANTR,105,NVS,Pan troglodytes,9598,ICAM2
sp|Q5NKV2|ICAM2_PANTR,153,NET,Pan troglodytes,9598,ICAM2
sp|Q5NKV2|ICAM2_PANTR,176,NST,Pan troglodytes,9598,ICAM2
sp|Q5NKV2|ICAM2_PANTR,187,NFS,Pan troglodytes,9598,ICAM2
sp|Q5QD28|TAAR5_PANTR,21,NGS,Pan troglodytes,9598,TAAR5
sp|Q5QD29|TAAR1_PANTR,10,NIS,Pan troglodytes,9598,TAAR1
sp|Q5QD29|TAAR1_PANTR,17,NWS,Pan troglodytes,9598,TAAR1
sp|Q5QD29|TAAR1_PANTR,296,NST,Pan troglodytes,9598,TAAR1
sp|Q5R1W5|SRSF2_PANTR,20,NLT,Pan troglodytes,9598,SRSF2
sp|Q5R1W6|TKT_PANTR,344,NST,Pan troglodytes,9598,TKT
sp|Q5R1W6|TKT_PANTR,380,NRT,Pan troglodytes,9598,TKT
sp|Q5R1W9|LDHA_PANTR,84,NVT,Pan troglodytes,9598,LDHA
sp|Q5U7I5|TTHY_PANTR,118,NDS,Pan troglodytes,9598,TTR
sp|Q5W8W0|TAAR6_PANTR,4,NSS,Pan troglodytes,9598,TAAR6
sp|Q5W8W0|TAAR6_PANTR,19,NGS,Pan troglodytes,9598,TAAR6
sp|Q5W8W0|TAAR6_PANTR,333,NSS,Pan troglodytes,9598,TAAR6
sp|Q646B0|TA2R4_PANTR,124,NIS,Pan troglodytes,9598,TAS2R4
sp|Q646B0|TA2R4_PANTR,164,NNT,Pan troglodytes,9598,TAS2R4
sp|Q646B0|TA2R4_PANTR,192,NVT,Pan troglodytes,9598,TAS2R4
sp|Q646B0|TA2R4_PANTR,213,NAT,Pan troglodytes,9598,TAS2R4
sp|Q646B3|T2R16_PANTR,80,NLT,Pan troglodytes,9598,TAS2R16
sp|Q646B3|T2R16_PANTR,163,NST,Pan troglodytes,9598,TAS2R16
sp|Q646B4|T2R43_PANTR,112,NFS,Pan troglodytes,9598,TAS2R43
sp|Q646B4|T2R43_PANTR,161,NMT,Pan troglodytes,9598,TAS2R43
sp|Q646B4|T2R43_PANTR,176,NMT,Pan troglodytes,9598,TAS2R43
sp|Q646B8|T2R42_PANTR,31,NCS,Pan troglodytes,9598,TAS2R42
sp|Q646B8|T2R42_PANTR,163,NLT,Pan troglodytes,9598,TAS2R42
sp|Q646B8|T2R42_PANTR,304,NYT,Pan troglodytes,9598,TAS2R42
sp|Q646B9|T2R31_PANTR,112,NFS,Pan troglodytes,9598,TAS2R31
sp|Q646B9|T2R31_PANTR,161,NMT,Pan troglodytes,9598,TAS2R31
sp|Q646C0|T2R46_PANTR,112,NFS,Pan troglodytes,9598,TAS2R46
sp|Q646C0|T2R46_PANTR,161,NMT,Pan troglodytes,9598,TAS2R46
sp|Q646C0|T2R46_PANTR,176,NTT,Pan troglodytes,9598,TAS2R46
sp|Q646C1|T2R30_PANTR,112,NFS,Pan troglodytes,9598,TAS2R30
sp|Q646C1|T2R30_PANTR,161,NMT,Pan troglodytes,9598,TAS2R30
sp|Q646C1|T2R30_PANTR,176,NMT,Pan troglodytes,9598,TAS2R30
sp|Q64HZ8|DHE4_PANTR,24,NHS,Pan troglodytes,9598,GLUD2
sp|Q64HZ8|DHE4_PANTR,192,NYT,Pan troglodytes,9598,GLUD2
sp|Q64JA4|SIG13_PANTR,99,NCS,Pan troglodytes,9598,SIGLEC13
sp|Q64JA4|SIG13_PANTR,229,NVS,Pan troglodytes,9598,SIGLEC13
sp|Q64JA4|SIG13_PANTR,236,NLT,Pan troglodytes,9598,SIGLEC13
sp|Q64JA4|SIG13_PANTR,254,NES,Pan troglodytes,9598,SIGLEC13
sp|Q68US5|EVA1C_PANTR,62,NHT,Pan troglodytes,9598,EVA1C
sp|Q68US5|EVA1C_PANTR,165,NKT,Pan troglodytes,9598,EVA1C
sp|Q68UT4|MRAP_PANTR,3,NGT,Pan troglodytes,9598,MRAP
sp|Q68UT4|MRAP_PANTR,6,NAS,Pan troglodytes,9598,MRAP
sp|Q68UT7|HUNK_PANTR,122,NIT,Pan troglodytes,9598,HUNK
sp|Q68UT7|HUNK_PANTR,323,NYT,Pan troglodytes,9598,HUNK
sp|Q68UT7|HUNK_PANTR,331,NVT,Pan troglodytes,9598,HUNK
sp|Q68UT7|HUNK_PANTR,593,NSS,Pan troglodytes,9598,HUNK
sp|Q6B4Z3|UTY_PANTR,383,NTS,Pan troglodytes,9598,UTY
sp|Q6B4Z3|UTY_PANTR,396,NGS,Pan troglodytes,9598,UTY
sp|Q6B4Z3|UTY_PANTR,574,NSS,Pan troglodytes,9598,UTY
sp|Q6B4Z3|UTY_PANTR,587,NST,Pan troglodytes,9598,UTY
sp|Q6B4Z3|UTY_PANTR,672,NRS,Pan troglodytes,9598,UTY
sp|Q6B4Z3|UTY_PANTR,973,NRS,Pan troglodytes,9598,UTY
sp|Q6GVM3|IF1AY_PANTR,19,NES,Pan troglodytes,9598,EIF1AY
sp|Q6GVM3|IF1AY_PANTR,72,NTS,Pan troglodytes,9598,EIF1AY
sp|Q6GVM3|IF1AY_PANTR,116,NET,Pan troglodytes,9598,EIF1AY
sp|Q6J6I6|ZN566_PANTR,38,NYS,Pan troglodytes,9598,ZNF566
sp|Q6J6I6|ZN566_PANTR,269,NFT,Pan troglodytes,9598,ZNF566
sp|Q6J6I6|ZN566_PANTR,297,NFT,Pan troglodytes,9598,ZNF566
sp|Q6KB54|SIA10_PANTR,129,NKT,Pan troglodytes,9598,ST3GAL6
sp|Q6KB54|SIA10_PANTR,181,NTT,Pan troglodytes,9598,ST3GAL6
sp|Q6KB54|SIA10_PANTR,282,NFS,Pan troglodytes,9598,ST3GAL6
sp|Q6KB54|SIA10_PANTR,295,NAT,Pan troglodytes,9598,ST3GAL6
sp|Q6KB54|SIA10_PANTR,308,NVT,Pan troglodytes,9598,ST3GAL6
sp|Q6KB54|SIA10_PANTR,327,NLT,Pan troglodytes,9598,ST3GAL6
sp|Q701R4|SIAT2_PANTR,211,NVS,Pan troglodytes,9598,ST6GAL2
sp|Q701R4|SIAT2_PANTR,307,NSS,Pan troglodytes,9598,ST6GAL2
sp|Q701R4|SIAT2_PANTR,337,NKT,Pan troglodytes,9598,ST6GAL2
sp|Q717C2|TS1R3_PANTR,85,NKS,Pan troglodytes,9598,TAS1R3
sp|Q717C2|TS1R3_PANTR,130,NYT,Pan troglodytes,9598,TAS1R3
sp|Q717C2|TS1R3_PANTR,264,NQS,Pan troglodytes,9598,TAS1R3
sp|Q717C2|TS1R3_PANTR,285,NYS,Pan troglodytes,9598,TAS1R3
sp|Q717C2|TS1R3_PANTR,380,NVS,Pan troglodytes,9598,TAS1R3
sp|Q717C2|TS1R3_PANTR,411,NAS,Pan troglodytes,9598,TAS1R3
sp|Q717C2|TS1R3_PANTR,432,NLT,Pan troglodytes,9598,TAS1R3
sp|Q717C2|TS1R3_PANTR,475,NGS,Pan troglodytes,9598,TAS1R3
sp|Q717C2|TS1R3_PANTR,737,NAT,Pan troglodytes,9598,TAS1R3
sp|Q71M42|PC11X_PANTR,27,NYT,Pan troglodytes,9598,PCDH11X
sp|Q71M42|PC11X_PANTR,48,NLS,Pan troglodytes,9598,PCDH11X
sp|Q71M42|PC11X_PANTR,54,NKS,Pan troglodytes,9598,PCDH11X
sp|Q71M42|PC11X_PANTR,145,NIS,Pan troglodytes,9598,PCDH11X
sp|Q71M42|PC11X_PANTR,303,NAT,Pan troglodytes,9598,PCDH11X
sp|Q71M42|PC11X_PANTR,344,NVT,Pan troglodytes,9598,PCDH11X
sp|Q71M42|PC11X_PANTR,365,NDT,Pan troglodytes,9598,PCDH11X
sp|Q71M42|PC11X_PANTR,447,NQS,Pan troglodytes,9598,PCDH11X
sp|Q71M42|PC11X_PANTR,478,NNS,Pan troglodytes,9598,PCDH11X
sp|Q71M42|PC11X_PANTR,553,NVT,Pan troglodytes,9598,PCDH11X
sp|Q71M42|PC11X_PANTR,628,NIS,Pan troglodytes,9598,PCDH11X
sp|Q71M42|PC11X_PANTR,679,NYS,Pan troglodytes,9598,PCDH11X
sp|Q71M42|PC11X_PANTR,703,NDT,Pan troglodytes,9598,PCDH11X
sp|Q71M42|PC11X_PANTR,732,NIT,Pan troglodytes,9598,PCDH11X
sp|Q71M42|PC11X_PANTR,773,NES,Pan troglodytes,9598,PCDH11X
sp|Q71M42|PC11X_PANTR,778,NAT,Pan troglodytes,9598,PCDH11X
sp|Q71M42|PC11X_PANTR,1102,NRT,Pan troglodytes,9598,PCDH11X
sp|Q71M42|PC11X_PANTR,1138,NCT,Pan troglodytes,9598,PCDH11X
sp|Q7JK26|B3GT1_PANTR,47,NFT,Pan troglodytes,9598,B3GALT1
sp|Q7JK26|B3GT1_PANTR,151,NLT,Pan troglodytes,9598,B3GALT1
sp|Q7YQK8|MED12_PANTR,807,NRS,Pan troglodytes,9598,MED12
sp|Q7YQK8|MED12_PANTR,952,NGT,Pan troglodytes,9598,MED12
sp|Q7YQK8|MED12_PANTR,1114,NIS,Pan troglodytes,9598,MED12
sp|Q7YQK8|MED12_PANTR,1438,NGT,Pan troglodytes,9598,MED12
sp|Q7YQL0|TSN7_PANTR,49,NST,Pan troglodytes,9598,TSPAN7
sp|Q7YQL0|TSN7_PANTR,150,NYT,Pan troglodytes,9598,TSPAN7
sp|Q7YQL0|TSN7_PANTR,153,NWS,Pan troglodytes,9598,TSPAN7
sp|Q7YQL0|TSN7_PANTR,172,NET,Pan troglodytes,9598,TSPAN7
sp|Q7YQL0|TSN7_PANTR,183,NLT,Pan troglodytes,9598,TSPAN7
sp|Q7YQL6|OPHN1_PANTR,52,NYS,Pan troglodytes,9598,OPHN1
sp|Q7YQL6|OPHN1_PANTR,107,NAS,Pan troglodytes,9598,OPHN1
sp|Q7YQL6|OPHN1_PANTR,455,NLS,Pan troglodytes,9598,OPHN1
sp|Q7YQL6|OPHN1_PANTR,620,NGT,Pan troglodytes,9598,OPHN1
sp|Q7YR30|PP1RB_PANTR,25,NRS,Pan troglodytes,9598,PPP1R11
sp|Q7YR33|TRI15_PANTR,241,NQS,Pan troglodytes,9598,TRIM15
sp|Q7YR35|GNL1_PANTR,322,NGS,Pan troglodytes,9598,GNL1
sp|Q7YR40|MDC1_PANTR,96,NGT,Pan troglodytes,9598,MDC1
sp|Q7YR40|MDC1_PANTR,549,NQT,Pan troglodytes,9598,MDC1
sp|Q7YR40|MDC1_PANTR,644,NLT,Pan troglodytes,9598,MDC1
sp|Q7YR40|MDC1_PANTR,1151,NRS,Pan troglodytes,9598,MDC1
sp|Q7YR40|MDC1_PANTR,1233,NRS,Pan troglodytes,9598,MDC1
sp|Q7YR40|MDC1_PANTR,1274,NRS,Pan troglodytes,9598,MDC1
sp|Q7YR40|MDC1_PANTR,1315,NMS,Pan troglodytes,9598,MDC1
sp|Q7YR40|MDC1_PANTR,1356,NRS,Pan troglodytes,9598,MDC1
sp|Q7YR40|MDC1_PANTR,1397,NRS,Pan troglodytes,9598,MDC1
sp|Q7YR40|MDC1_PANTR,1438,NMS,Pan troglodytes,9598,MDC1
sp|Q7YR40|MDC1_PANTR,1479,NRS,Pan troglodytes,9598,MDC1
sp|Q7YR40|MDC1_PANTR,1520,NRS,Pan troglodytes,9598,MDC1
sp|Q7YR40|MDC1_PANTR,1602,NRS,Pan troglodytes,9598,MDC1
sp|Q7YR40|MDC1_PANTR,1643,NRS,Pan troglodytes,9598,MDC1
sp|Q7YR40|MDC1_PANTR,1684,NRS,Pan troglodytes,9598,MDC1
sp|Q7YR40|MDC1_PANTR,1725,NRS,Pan troglodytes,9598,MDC1
sp|Q7YR42|IEX1_PANTR,133,NLT,Pan troglodytes,9598,IER3
sp|Q7YRP3|VN1R3_PANTR,143,NIT,Pan troglodytes,9598,VN1R3
sp|Q7YRP3|VN1R3_PANTR,158,NST,Pan troglodytes,9598,VN1R3
sp|Q7YRP3|VN1R3_PANTR,221,NLS,Pan troglodytes,9598,VN1R3
sp|Q7YRP3|VN1R3_PANTR,267,NAS,Pan troglodytes,9598,VN1R3
sp|Q862Z6|VATG1_PANTR,68,NLS,Pan troglodytes,9598,ATP6V1G1
sp|Q862Z7|TNFC_PANTR,222,NIS,Pan troglodytes,9598,LTB
sp|Q8HXP7|SODM_PANTR,39,NVT,Pan troglodytes,9598,SOD2
sp|Q8HXP7|SODM_PANTR,73,NHS,Pan troglodytes,9598,SOD2
sp|Q8HXP7|SODM_PANTR,80,NLS,Pan troglodytes,9598,SOD2
sp|Q8HXP7|SODM_PANTR,188,NVT,Pan troglodytes,9598,SOD2
sp|Q8HYB1|IL4_PANTR,62,NTT,Pan troglodytes,9598,IL4
sp|Q8HYB1|IL4_PANTR,129,NQS,Pan troglodytes,9598,IL4
sp|Q8HZ70|FMO2_PANTR,61,NTS,Pan troglodytes,9598,FMO2
sp|Q8HZ70|FMO2_PANTR,509,NFS,Pan troglodytes,9598,FMO2
sp|Q8MIB7|TF2LX_PANTR,91,NLS,Pan troglodytes,9598,TGIF2LX
sp|Q8MJA0|FOXP2_PANTR,12,NSS,Pan troglodytes,9598,FOXP2
sp|Q8MJA0|FOXP2_PANTR,295,NNS,Pan troglodytes,9598,FOXP2
sp|Q8MJA0|FOXP2_PANTR,556,NLS,Pan troglodytes,9598,FOXP2
sp|Q8MJA0|FOXP2_PANTR,610,NAS,Pan troglodytes,9598,FOXP2
sp|Q8MJA0|FOXP2_PANTR,633,NAS,Pan troglodytes,9598,FOXP2
sp|Q8MJA0|FOXP2_PANTR,647,NGS,Pan troglodytes,9598,FOXP2
sp|Q8MJA0|FOXP2_PANTR,658,NSS,Pan troglodytes,9598,FOXP2
sp|Q8MJA0|FOXP2_PANTR,695,NHS,Pan troglodytes,9598,FOXP2
sp|Q8MJZ2|LIRA6_PANTR,139,NVT,Pan troglodytes,9598,LILRA6
sp|Q8MJZ2|LIRA6_PANTR,280,NFT,Pan troglodytes,9598,LILRA6
sp|Q8MJZ2|LIRA6_PANTR,301,NLS,Pan troglodytes,9598,LILRA6
sp|Q8MJZ2|LIRA6_PANTR,340,NVT,Pan troglodytes,9598,LILRA6
sp|Q8MJZ7|LIRB5_PANTR,139,NVT,Pan troglodytes,9598,LILRB5
sp|Q8MJZ7|LIRB5_PANTR,279,NFT,Pan troglodytes,9598,LILRB5
sp|Q8MJZ7|LIRB5_PANTR,300,NLS,Pan troglodytes,9598,LILRB5
sp|Q8MJZ7|LIRB5_PANTR,339,NVT,Pan troglodytes,9598,LILRB5
sp|Q8MKE8|PGAM4_PANTR,135,NIS,Pan troglodytes,9598,PGAM4
sp|Q8WMX6|ASZ1_PANTR,104,NAS,Pan troglodytes,9598,ASZ1
sp|Q8WMX6|ASZ1_PANTR,397,NFT,Pan troglodytes,9598,ASZ1
sp|Q95LB0|APOH_PANTR,162,NNS,Pan troglodytes,9598,APOH
sp|Q95LB0|APOH_PANTR,183,NDT,Pan troglodytes,9598,APOH
sp|Q95LB0|APOH_PANTR,193,NWT,Pan troglodytes,9598,APOH
sp|Q95LB0|APOH_PANTR,253,NWS,Pan troglodytes,9598,APOH
sp|Q95LF3|ACKR1_PANTR,16,NSS,Pan troglodytes,9598,ACKR1
sp|Q95LF3|ACKR1_PANTR,27,NSS,Pan troglodytes,9598,ACKR1
sp|Q95LF3|ACKR1_PANTR,33,NDS,Pan troglodytes,9598,ACKR1
sp|Q95M72|BIRC8_PANTR,106,NDT,Pan troglodytes,9598,BIRC8
sp|Q95M72|BIRC8_PANTR,163,NES,Pan troglodytes,9598,BIRC8
sp|Q95M72|BIRC8_PANTR,166,NQT,Pan troglodytes,9598,BIRC8
sp|Q9GK80|UPAR_PANTR,74,NRT,Pan troglodytes,9598,PLAUR
sp|Q9GK80|UPAR_PANTR,124,NMS,Pan troglodytes,9598,PLAUR
sp|Q9GK80|UPAR_PANTR,184,NDT,Pan troglodytes,9598,PLAUR
sp|Q9GK80|UPAR_PANTR,194,NTT,Pan troglodytes,9598,PLAUR
sp|Q9GK80|UPAR_PANTR,222,NST,Pan troglodytes,9598,PLAUR
sp|Q9GK80|UPAR_PANTR,255,NQS,Pan troglodytes,9598,PLAUR
sp|Q9MZ28|SG11A_PANTR,29,NHS,Pan troglodytes,9598,SPAG11A
sp|Q9N1A7|STP2_PANTR,74,NTS,Pan troglodytes,9598,TNP2
sp|Q9N1Q7|SP100_PANTR,46,NNT,Pan troglodytes,9598,SP100
sp|Q9N1Q7|SP100_PANTR,163,NNT,Pan troglodytes,9598,SP100
sp|Q9N295|B3GT5_PANTR,130,NLT,Pan troglodytes,9598,B3GALT5
sp|Q9N295|B3GT5_PANTR,174,NRT,Pan troglodytes,9598,B3GALT5
sp|Q9N295|B3GT5_PANTR,231,NVS,Pan troglodytes,9598,B3GALT5
sp|Q9N2B6|5HT1E_PANTR,2,NIT,Pan troglodytes,9598,HTR1E
sp|Q9N2B6|5HT1E_PANTR,5,NCT,Pan troglodytes,9598,HTR1E
sp|Q9N2B6|5HT1E_PANTR,224,NRS,Pan troglodytes,9598,HTR1E
sp|Q9N2D9|5HT1F_PANTR,5,NSS,Pan troglodytes,9598,HTR1F
sp|Q9N2D9|5HT1F_PANTR,10,NLT,Pan troglodytes,9598,HTR1F
sp|Q9T9V5|CYB_PANTR,15,NHS,Pan troglodytes,9598,MT-CYB
sp|Q9T9V5|CYB_PANTR,26,NIS,Pan troglodytes,9598,MT-CYB
sp|Q9T9V5|CYB_PANTR,255,NYT,Pan troglodytes,9598,MT-CYB
sp|Q9T9V9|COX3_PANTR,133,NTS,Pan troglodytes,9598,MT-CO3
sp|Q9T9W0|ATP6_PANTR,163,NIT,Pan troglodytes,9598,MT-ATP6
sp|Q9T9W3|NU1M_PANTR,161,NLS,Pan troglodytes,9598,MT-ND1
sp|Q9T9W3|NU1M_PANTR,194,NRT,Pan troglodytes,9598,MT-ND1
sp|Q9TT23|MC5R_PANTR,2,NSS,Pan troglodytes,9598,MC5R
sp|Q9TT23|MC5R_PANTR,15,NAT,Pan troglodytes,9598,MC5R
sp|Q9TT23|MC5R_PANTR,20,NLS,Pan troglodytes,9598,MC5R
sp|Q9TT23|MC5R_PANTR,28,NKS,Pan troglodytes,9598,MC5R
sp|Q9TTB0|IFNG_PANTR,25,NGT,Pan troglodytes,9598,IFNG
sp|Q9TTB0|IFNG_PANTR,97,NYS,Pan troglodytes,9598,IFNG
sp|Q9TUA2|OR1E2_PANTR,5,NQT,Pan troglodytes,9598,OR1E2
sp|Q9TUA2|OR1E2_PANTR,65,NLS,Pan troglodytes,9598,OR1E2
sp|Q9TUA2|OR1E2_PANTR,265,NSS,Pan troglodytes,9598,OR1E2
sp|Q9TUA8|OR1D2_PANTR,5,NQS,Pan troglodytes,9598,OR1D2
sp|Q9TUA8|OR1D2_PANTR,65,NLS,Pan troglodytes,9598,OR1D2
sp|Q9TUA8|OR1D2_PANTR,195,NHT,Pan troglodytes,9598,OR1D2
sp|Q9TUK4|MSHR_PANTR,15,NST,Pan troglodytes,9598,MC1R
sp|Q9TUK4|MSHR_PANTR,29,NQT,Pan troglodytes,9598,MC1R
sp|A2T6W2|ZN449_PANTR,173,NYS,Pan troglodytes,9598,ZNF449
sp|A2T6W2|ZN449_PANTR,196,NFS,Pan troglodytes,9598,ZNF449
sp|A2T6Z0|HXB1_PANTR,209,NFT,Pan troglodytes,9598,HOXB1
sp|A2T6Z0|HXB1_PANTR,243,NET,Pan troglodytes,9598,HOXB1
sp|A2T711|RAX2_PANTR,30,NRT,Pan troglodytes,9598,RAX2
sp|A2T733|GSC_PANTR,233,NKT,Pan troglodytes,9598,GSC
sp|A2T737|EHF_PANTR,32,NVS,Pan troglodytes,9598,EHF
sp|A2T737|EHF_PANTR,254,NNS,Pan troglodytes,9598,EHF
sp|A2T748|HXD8_PANTR,177,NQS,Pan troglodytes,9598,HOXD8
sp|A2T762|ETV3_PANTR,183,NGT,Pan troglodytes,9598,ETV3
sp|A2T762|ETV3_PANTR,498,NGS,Pan troglodytes,9598,ETV3
sp|A2T764|MSX2_PANTR,180,NLT,Pan troglodytes,9598,MSX2
sp|A2T7D1|HXD10_PANTR,5,NSS,Pan troglodytes,9598,HOXD10
sp|A2T7D1|HXD10_PANTR,85,NRS,Pan troglodytes,9598,HOXD10
sp|A2T7D1|HXD10_PANTR,167,NNS,Pan troglodytes,9598,HOXD10
sp|A2T7D1|HXD10_PANTR,304,NLT,Pan troglodytes,9598,HOXD10
sp|A2T7D1|HXD10_PANTR,336,NLT,Pan troglodytes,9598,HOXD10
sp|A5A6K2|TCTP_PANTR,51,NAS,Pan troglodytes,9598,TPT1
sp|A5A6P3|KT33A_PANTR,9,NLS,Pan troglodytes,9598,KRT33A
sp|A5A6P3|KT33A_PANTR,40,NVS,Pan troglodytes,9598,KRT33A
sp|A5A6P3|KT33A_PANTR,53,NGS,Pan troglodytes,9598,KRT33A
sp|A5A6P3|KT33A_PANTR,226,NET,Pan troglodytes,9598,KRT33A
sp|A5A6P5|KRA92_PANTR,129,NQS,Pan troglodytes,9598,KRTAP9-2
sp|B0FZN7|SCML1_PANTR,148,NNS,Pan troglodytes,9598,SCML1
sp|B0FZN7|SCML1_PANTR,250,NIT,Pan troglodytes,9598,SCML1
sp|B6CZ40|LRC51_PANTR,8,NTS,Pan troglodytes,9598,LRRC51
sp|B6CZ40|LRC51_PANTR,103,NLS,Pan troglodytes,9598,LRRC51
sp|O62689|MCH_PANTR,4,NLS,Pan troglodytes,9598,PMCH
sp|P0C8Z4|RMXL3_PANTR,46,NKS,Pan troglodytes,9598,RBMXL3
sp|P0C8Z4|RMXL3_PANTR,323,NSS,Pan troglodytes,9598,RBMXL3
sp|P0C8Z4|RMXL3_PANTR,422,NSS,Pan troglodytes,9598,RBMXL3
sp|P0C8Z4|RMXL3_PANTR,715,NSS,Pan troglodytes,9598,RBMXL3
sp|P0C8Z4|RMXL3_PANTR,856,NSS,Pan troglodytes,9598,RBMXL3
sp|P0C8Z4|RMXL3_PANTR,859,NNS,Pan troglodytes,9598,RBMXL3
sp|P51506|ZNF80_PANTR,173,NSS,Pan troglodytes,9598,ZNF80
sp|P60019|GPR34_PANTR,28,NHS,Pan troglodytes,9598,GPR34
sp|P60019|GPR34_PANTR,36,NFS,Pan troglodytes,9598,GPR34
sp|P60019|GPR34_PANTR,42,NVT,Pan troglodytes,9598,GPR34
sp|P60019|GPR34_PANTR,157,NRS,Pan troglodytes,9598,GPR34
sp|P60019|GPR34_PANTR,200,NST,Pan troglodytes,9598,GPR34
sp|P60019|GPR34_PANTR,295,NVS,Pan troglodytes,9598,GPR34
sp|P60049|PABP5_PANTR,142,NGS,Pan troglodytes,9598,PABPC5
sp|P61126|IL13_PANTR,38,NIT,Pan troglodytes,9598,IL13
sp|P61126|IL13_PANTR,49,NGS,Pan troglodytes,9598,IL13
sp|P61126|IL13_PANTR,57,NLT,Pan troglodytes,9598,IL13
sp|P61126|IL13_PANTR,72,NVS,Pan troglodytes,9598,IL13
sp|P61593|MCPH1_PANTR,19,NGT,Pan troglodytes,9598,MCPH1
sp|P61593|MCPH1_PANTR,23,NYS,Pan troglodytes,9598,MCPH1
sp|P61593|MCPH1_PANTR,157,NGS,Pan troglodytes,9598,MCPH1
sp|P61593|MCPH1_PANTR,169,NSS,Pan troglodytes,9598,MCPH1
sp|P61593|MCPH1_PANTR,189,NLS,Pan troglodytes,9598,MCPH1
sp|P61593|MCPH1_PANTR,215,NIS,Pan troglodytes,9598,MCPH1
sp|P61593|MCPH1_PANTR,294,NLS,Pan troglodytes,9598,MCPH1
sp|P61593|MCPH1_PANTR,475,NFT,Pan troglodytes,9598,MCPH1
sp|P61593|MCPH1_PANTR,572,NSS,Pan troglodytes,9598,MCPH1
sp|Q0MQ87|NDUAC_PANTR,116,NVT,Pan troglodytes,9598,NDUFA12
sp|Q0MQC6|NDUB1_PANTR,40,NKS,Pan troglodytes,9598,NDUFB1
sp|Q0Q7U8|S35G5_PANTR,327,NLS,Pan troglodytes,9598,SLC35G5
sp|Q1EGL1|LGI2_PANTR,70,NGT,Pan troglodytes,9598,LGI2
sp|Q1EGL1|LGI2_PANTR,186,NST,Pan troglodytes,9598,LGI2
sp|Q1EGL1|LGI2_PANTR,271,NIT,Pan troglodytes,9598,LGI2
sp|Q1EGL1|LGI2_PANTR,402,NKS,Pan troglodytes,9598,LGI2
sp|Q28801|HPTR_PANTR,124,NLT,Pan troglodytes,9598,HPR
sp|Q28801|HPTR_PANTR,151,NAT,Pan troglodytes,9598,HPR
sp|Q28812|RHLF_PANTR,331,NFS,,,
sp|Q28813|RHLA_PANTR,331,NFS,,,
sp|Q28814|RHLR_PANTR,331,NFS,,,
sp|Q2QLE8|ST7_PANTR,47,NLS,Pan troglodytes,9598,ST7
sp|Q2QLE8|ST7_PANTR,110,NNS,Pan troglodytes,9598,ST7
sp|Q2QLE8|ST7_PANTR,114,NNS,Pan troglodytes,9598,ST7
sp|Q2QLE8|ST7_PANTR,117,NSS,Pan troglodytes,9598,ST7
sp|Q2QLE8|ST7_PANTR,166,NLS,Pan troglodytes,9598,ST7
sp|Q2QLF4|TES_PANTR,103,NVS,Pan troglodytes,9598,TES
sp|Q2QLF4|TES_PANTR,379,NFS,Pan troglodytes,9598,TES
sp|Q2VL62|PAX9_PANTR,61,NET,Pan troglodytes,9598,PAX9
sp|Q30KJ3|DB136_PANTR,63,NMT,Pan troglodytes,9598,DEFB136
sp|Q30KJ4|DB135_PANTR,51,NET,Pan troglodytes,9598,DEFB135
sp|Q30KJ7|DB132_PANTR,50,NAS,Pan troglodytes,9598,DEFB132
sp|Q30KK0|DB129_PANTR,88,NSS,Pan troglodytes,9598,DEFB129
sp|Q30KK0|DB129_PANTR,121,NAT,Pan troglodytes,9598,DEFB129
sp|Q30KK6|DB121_PANTR,67,NTS,Pan troglodytes,9598,DEFB121
sp|Q30KL1|DB116_PANTR,90,NLS,Pan troglodytes,9598,DEFB116
sp|Q30KL1|DB116_PANTR,95,NSS,Pan troglodytes,9598,DEFB116
sp|Q30KL5|DB112_PANTR,20,NTS,Pan troglodytes,9598,DEFB112
sp|Q30KL7|DB109_PANTR,33,NLS,Pan troglodytes,9598,DEFB109
sp|Q49LS1|XKR7_PANTR,407,NFS,Pan troglodytes,9598,XKR7
sp|Q49LS3|XKR5_PANTR,416,NMS,Pan troglodytes,9598,XKR5
sp|Q49LS3|XKR5_PANTR,467,NSS,Pan troglodytes,9598,XKR5
sp|Q4QXX9|MRGX2_PANTR,270,NSS,Pan troglodytes,9598,MRGPRX2
sp|Q5CZK6|INSL4_PANTR,88,NLS,Pan troglodytes,9598,INSL4
sp|Q5IAB9|D104A_PANTR,68,NRT,Pan troglodytes,9598,DEFB104A
sp|Q5R1X0|RL27A_PANTR,66,NQS,Pan troglodytes,9598,RPL27A
sp|Q5R1X0|RL27A_PANTR,93,NKT,Pan troglodytes,9598,RPL27A
sp|Q5YCU8|STH_PANTR,30,NLT,Pan troglodytes,9598,STH
sp|Q646A4|TA2R5_PANTR,124,NLS,Pan troglodytes,9598,TAS2R5
sp|Q646A4|TA2R5_PANTR,155,NSS,Pan troglodytes,9598,TAS2R5
sp|Q646A5|T2R60_PANTR,179,NVT,Pan troglodytes,9598,TAS2R60
sp|Q646A7|TA2R3_PANTR,30,NGS,Pan troglodytes,9598,TAS2R3
sp|Q646A7|TA2R3_PANTR,165,NVT,Pan troglodytes,9598,TAS2R3
sp|Q646A7|TA2R3_PANTR,216,NGT,Pan troglodytes,9598,TAS2R3
sp|Q646A9|T2R39_PANTR,141,NFS,Pan troglodytes,9598,TAS2R39
sp|Q646A9|T2R39_PANTR,185,NNS,Pan troglodytes,9598,TAS2R39
sp|Q646A9|T2R39_PANTR,194,NST,Pan troglodytes,9598,TAS2R39
sp|Q646A9|T2R39_PANTR,245,NAT,Pan troglodytes,9598,TAS2R39
sp|Q646B1|T2R40_PANTR,105,NHS,Pan troglodytes,9598,TAS2R40
sp|Q646B1|T2R40_PANTR,170,NSS,Pan troglodytes,9598,TAS2R40
sp|Q646B1|T2R40_PANTR,179,NST,Pan troglodytes,9598,TAS2R40
sp|Q646B1|T2R40_PANTR,230,NAT,Pan troglodytes,9598,TAS2R40
sp|Q646B2|T2R41_PANTR,113,NIT,Pan troglodytes,9598,TAS2R41
sp|Q646B2|T2R41_PANTR,167,NMT,Pan troglodytes,9598,TAS2R41
sp|Q646B5|T2R10_PANTR,92,NQS,Pan troglodytes,9598,TAS2R10
sp|Q646B5|T2R10_PANTR,112,NFS,Pan troglodytes,9598,TAS2R10
sp|Q646B5|T2R10_PANTR,158,NDT,Pan troglodytes,9598,TAS2R10
sp|Q646B5|T2R10_PANTR,210,NVT,Pan troglodytes,9598,TAS2R10
sp|Q646B6|T2R13_PANTR,21,NLS,Pan troglodytes,9598,TAS2R13
sp|Q646B6|T2R13_PANTR,162,NTT,Pan troglodytes,9598,TAS2R13
sp|Q646B6|T2R13_PANTR,166,NFS,Pan troglodytes,9598,TAS2R13
sp|Q646B7|T2R14_PANTR,113,NFS,Pan troglodytes,9598,TAS2R14
sp|Q646B7|T2R14_PANTR,153,NAS,Pan troglodytes,9598,TAS2R14
sp|Q646B7|T2R14_PANTR,162,NKT,Pan troglodytes,9598,TAS2R14
sp|Q646B7|T2R14_PANTR,171,NFT,Pan troglodytes,9598,TAS2R14
sp|Q646C2|T2R20_PANTR,112,NFS,Pan troglodytes,9598,TAS2R20
sp|Q646C2|T2R20_PANTR,161,NVT,Pan troglodytes,9598,TAS2R20
sp|Q646C2|T2R20_PANTR,176,NLT,Pan troglodytes,9598,TAS2R20
sp|Q646C2|T2R20_PANTR,283,NKT,Pan troglodytes,9598,TAS2R20
sp|Q646C2|T2R20_PANTR,305,NQS,Pan troglodytes,9598,TAS2R20
sp|Q646C3|T2R50_PANTR,112,NFS,Pan troglodytes,9598,TAS2R50
sp|Q646C3|T2R50_PANTR,161,NIT,Pan troglodytes,9598,TAS2R50
sp|Q646C4|TA2R7_PANTR,167,NLT,Pan troglodytes,9598,TAS2R7
sp|Q646C4|TA2R7_PANTR,175,NKT,Pan troglodytes,9598,TAS2R7
sp|Q646C5|TA2R8_PANTR,167,NIT,Pan troglodytes,9598,TAS2R8
sp|Q646C6|TA2R9_PANTR,93,NNS,Pan troglodytes,9598,TAS2R9
sp|Q646C6|TA2R9_PANTR,113,NIS,Pan troglodytes,9598,TAS2R9
sp|Q646C6|TA2R9_PANTR,164,NIT,Pan troglodytes,9598,TAS2R9
sp|Q646H0|TA2R1_PANTR,163,NAT,Pan troglodytes,9598,TAS2R1
sp|Q68US1|TCP1L_PANTR,147,NQS,Pan troglodytes,9598,TCP10L
sp|Q697L5|T2R38_PANTR,89,NHS,Pan troglodytes,9598,TAS2R38
sp|Q697L5|T2R38_PANTR,178,NNT,Pan troglodytes,9598,TAS2R38
sp|Q6B4Z5|ZFY_PANTR,284,NSS,Pan troglodytes,9598,ZFY
sp|Q6B4Z5|ZFY_PANTR,300,NDS,Pan troglodytes,9598,ZFY
sp|Q6B4Z5|ZFY_PANTR,362,NNS,Pan troglodytes,9598,ZFY
sp|Q6B4Z5|ZFY_PANTR,371,NGT,Pan troglodytes,9598,ZFY
sp|Q6B4Z5|ZFY_PANTR,640,NSS,Pan troglodytes,9598,ZFY
sp|Q6DKP5|WDR13_PANTR,274,NLT,Pan troglodytes,9598,WDR13
sp|Q6DKP5|WDR13_PANTR,289,NIS,Pan troglodytes,9598,WDR13
sp|Q6DMN8|SPAT4_PANTR,100,NGT,Pan troglodytes,9598,SPATA4
sp|Q6DMN8|SPAT4_PANTR,166,NFT,Pan troglodytes,9598,SPATA4
sp|Q6GVM7|RS4Y2_PANTR,157,NDT,Pan troglodytes,9598,RPS4Y2
sp|Q6R2R2|CTF2_PANTR,43,NTS,Pan troglodytes,9598,CTF2
sp|Q7YQM2|AFF2_PANTR,83,NHS,Pan troglodytes,9598,AFF2
sp|Q7YQM2|AFF2_PANTR,141,NST,Pan troglodytes,9598,AFF2
sp|Q7YQM2|AFF2_PANTR,219,NSS,Pan troglodytes,9598,AFF2
sp|Q7YQM2|AFF2_PANTR,313,NLS,Pan troglodytes,9598,AFF2
sp|Q7YQM2|AFF2_PANTR,502,NKS,Pan troglodytes,9598,AFF2
sp|Q7YQM2|AFF2_PANTR,510,NET,Pan troglodytes,9598,AFF2
sp|Q7YQM2|AFF2_PANTR,536,NAS,Pan troglodytes,9598,AFF2
sp|Q7YQM2|AFF2_PANTR,598,NTS,Pan troglodytes,9598,AFF2
sp|Q7YQM2|AFF2_PANTR,610,NIT,Pan troglodytes,9598,AFF2
sp|Q7YQM2|AFF2_PANTR,729,NLS,Pan troglodytes,9598,AFF2
sp|Q7YQM2|AFF2_PANTR,859,NNS,Pan troglodytes,9598,AFF2
sp|Q7YQM2|AFF2_PANTR,890,NVS,Pan troglodytes,9598,AFF2
sp|Q7YQM2|AFF2_PANTR,1153,NAS,Pan troglodytes,9598,AFF2
sp|Q7YQM2|AFF2_PANTR,1179,NVS,Pan troglodytes,9598,AFF2
sp|Q7YQM2|AFF2_PANTR,1209,NIT,Pan troglodytes,9598,AFF2
sp|Q7YR44|CDSN_PANTR,172,NGS,Pan troglodytes,9598,CDSN
sp|Q861U9|RS4Y1_PANTR,157,NDT,Pan troglodytes,9598,RPS4Y1
sp|Q861X8|AMELY_PANTR,30,NFS,Pan troglodytes,9598,AMELY
sp|Q863K1|RNAS9_PANTR,131,NRS,Pan troglodytes,9598,RNASE9
sp|Q863K1|RNAS9_PANTR,143,NLT,Pan troglodytes,9598,RNASE9
sp|Q9TU97|OR3A2_PANTR,8,NRT,Pan troglodytes,9598,OR3A2
sp|Q9TU97|OR3A2_PANTR,45,NLS,Pan troglodytes,9598,OR3A2
sp|Q9TU97|OR3A2_PANTR,68,NLS,Pan troglodytes,9598,OR3A2
sp|Q9TU99|OR1G1_PANTR,5,NLT,Pan troglodytes,9598,OR1G1
sp|Q9TU99|OR1G1_PANTR,65,NLS,Pan troglodytes,9598,OR1G1
sp|Q9TUA0|OR3A3_PANTR,8,NRT,Pan troglodytes,9598,OR3A3
sp|Q9TUA0|OR3A3_PANTR,45,NLS,Pan troglodytes,9598,OR3A3
sp|Q9TUA0|OR3A3_PANTR,68,NLS,Pan troglodytes,9598,OR3A3
sp|Q9TUA1|OR1E5_PANTR,5,NQT,Pan troglodytes,9598,OR1E5
sp|Q9TUA1|OR1E5_PANTR,65,NLS,Pan troglodytes,9598,OR1E5
sp|Q9TUA1|OR1E5_PANTR,265,NSS,Pan troglodytes,9598,OR1E5
sp|Q9TUA4|OR3A1_PANTR,8,NGT,Pan troglodytes,9598,OR3A1
sp|Q9TUA4|OR3A1_PANTR,45,NLS,Pan troglodytes,9598,OR3A1
sp|Q9TUA4|OR3A1_PANTR,68,NLS,Pan troglodytes,9598,OR3A1
sp|Q9TUA6|OR1D5_PANTR,5,NQS,Pan troglodytes,9598,OR1D5
sp|Q9TUA6|OR1D5_PANTR,65,NLS,Pan troglodytes,9598,OR1D5
sp|Q9TUA7|OR1A1_PANTR,5,NQS,Pan troglodytes,9598,OR1A1
sp|Q9TUA7|OR1A1_PANTR,65,NLS,Pan troglodytes,9598,OR1A1
sp|Q9TUA7|OR1A1_PANTR,264,NYS,Pan troglodytes,9598,OR1A1
sp|Q9TUA9|OR1E1_PANTR,5,NQT,Pan troglodytes,9598,OR1E1
sp|Q9TUA9|OR1E1_PANTR,65,NLS,Pan troglodytes,9598,OR1E1
sp|Q9TUA9|OR1E1_PANTR,265,NSS,Pan troglodytes,9598,OR1E1
sp|P59021|DSCR9_PANTR,115,NTS,Pan troglodytes,9598,DSCR9
sp|P59021|DSCR9_PANTR,131,NLS,Pan troglodytes,9598,DSCR9
sp|Q6GVM5|TXNG2_PANTR,31,NCS,Pan troglodytes,9598,TXLNGY
sp|Q6GVM5|TXNG2_PANTR,53,NRS,Pan troglodytes,9598,TXLNGY
