ProteinID,Site,Sequon,Species,TaxonID,GeneName
sp|A0A8C0N8E3|VIME_CANLF,212,NAS,Canis lupus familiaris,9615,VIM
sp|A0A8C0N8E3|VIME_CANLF,337,NES,Canis lupus familiaris,9615,VIM
sp|A0A8C0N8E3|VIME_CANLF,417,NFS,Canis lupus familiaris,9615,VIM
sp|A0A8C0N8E3|VIME_CANLF,456,NET,Canis lupus familiaris,9615,VIM
sp|A0A8C0NGY6|YAP1_CANLF,252,NKT,Canis lupus familiaris,9615,YAP1
sp|A0A8C0NGY6|YAP1_CANLF,334,NIS,Canis lupus familiaris,9615,YAP1
sp|A0A8C0NGY6|YAP1_CANLF,432,NQS,Canis lupus familiaris,9615,YAP1
sp|A0A8C0TYJ0|DLG1_CANLF,141,NLS,Canis lupus familiaris,9615,DLG1
sp|A0A8C0TYJ0|DLG1_CANLF,214,NGT,Canis lupus familiaris,9615,DLG1
sp|A0A8C0TYJ0|DLG1_CANLF,393,NTS,Canis lupus familiaris,9615,DLG1
sp|A0A8C0TYJ0|DLG1_CANLF,421,NSS,Canis lupus familiaris,9615,DLG1
sp|A0A8C0TYJ0|DLG1_CANLF,566,NSS,Canis lupus familiaris,9615,DLG1
sp|A0A8C0TYJ0|DLG1_CANLF,617,NAS,Canis lupus familiaris,9615,DLG1
sp|A0A8C0TYJ0|DLG1_CANLF,708,NAS,Canis lupus familiaris,9615,DLG1
sp|A0A8C0TYJ0|DLG1_CANLF,735,NYT,Canis lupus familiaris,9615,DLG1
sp|A0A8I3NFE2|SHIP2_CANLF,447,NVT,Canis lupus familiaris,9615,INPPL1
sp|A0A8I3NFE2|SHIP2_CANLF,557,NGT,Canis lupus familiaris,9615,INPPL1
sp|A0A8I3P7X4|CCD47_CANLF,178,NFT,Canis lupus familiaris,9615,CCDC47
sp|A0A8I3PDQ1|CASL_CANLF,379,NMS,Canis lupus familiaris,9615,NEDD9
sp|A0A8I3PDQ1|CASL_CANLF,472,NAS,Canis lupus familiaris,9615,NEDD9
sp|A0A8I3PDQ1|CASL_CANLF,575,NST,Canis lupus familiaris,9615,NEDD9
sp|A0A8I3PDQ1|CASL_CANLF,697,NSS,Canis lupus familiaris,9615,NEDD9
sp|A0A8I3PDQ1|CASL_CANLF,778,NSS,Canis lupus familiaris,9615,NEDD9
sp|A0A8I3PQN6|WWTR1_CANLF,160,NQS,Canis lupus familiaris,9615,WWTR1
sp|A0A8I3PQN6|WWTR1_CANLF,203,NLS,Canis lupus familiaris,9615,WWTR1
sp|A0A8I3PQN6|WWTR1_CANLF,293,NNS,Canis lupus familiaris,9615,WWTR1
sp|A0A8I3PQN6|WWTR1_CANLF,391,NKS,Canis lupus familiaris,9615,WWTR1
sp|A0A8I3QA39|AMOL2_CANLF,24,NLT,Canis lupus familiaris,9615,AMOTL2
sp|A0A8I3S724|AURKA_CANLF,53,NSS,Canis lupus familiaris,9615,AURKA
sp|A0A8I3S724|AURKA_CANLF,94,NNT,Canis lupus familiaris,9615,AURKA
sp|A0A8I3S724|AURKA_CANLF,109,NNS,Canis lupus familiaris,9615,AURKA
sp|A0A8I3S724|AURKA_CANLF,387,NSS,Canis lupus familiaris,9615,AURKA
sp|A0A8P0N4K0|SCRIB_CANLF,290,NLS,Canis lupus familiaris,9615,SCRIB
sp|B6V8E6|CTNB1_CANLF,220,NLS,Canis lupus familiaris,9615,CTNNB1
sp|B6V8E6|CTNB1_CANLF,287,NKT,Canis lupus familiaris,9615,CTNNB1
sp|B6V8E6|CTNB1_CANLF,387,NLS,Canis lupus familiaris,9615,CTNNB1
sp|B6V8E6|CTNB1_CANLF,426,NLT,Canis lupus familiaris,9615,CTNNB1
sp|B6V8E6|CTNB1_CANLF,691,NET,Canis lupus familiaris,9615,CTNNB1
sp|B8K1W2|ABCBB_CANLF,109,NNT,Canis lupus familiaris,9615,Abcb11e
sp|B8K1W2|ABCBB_CANLF,116,NSS,Canis lupus familiaris,9615,Abcb11e
sp|B8K1W2|ABCBB_CANLF,122,NVT,Canis lupus familiaris,9615,Abcb11e
sp|B8K1W2|ABCBB_CANLF,125,NGT,Canis lupus familiaris,9615,Abcb11e
sp|B8K1W2|ABCBB_CANLF,375,NAS,Canis lupus familiaris,9615,Abcb11e
sp|B8K1W2|ABCBB_CANLF,424,NVT,Canis lupus familiaris,9615,Abcb11e
sp|B8K1W2|ABCBB_CANLF,440,NLS,Canis lupus familiaris,9615,Abcb11e
sp|B8K1W2|ABCBB_CANLF,591,NES,Canis lupus familiaris,9615,Abcb11e
sp|B8K1W2|ABCBB_CANLF,769,NGS,Canis lupus familiaris,9615,Abcb11e
sp|B8K1W2|ABCBB_CANLF,889,NVT,Canis lupus familiaris,9615,Abcb11e
sp|D2KC46|PKHA8_CANLF,222,NGS,Canis lupus familiaris,9615,PLEKHA8
sp|D2KC46|PKHA8_CANLF,239,NKS,Canis lupus familiaris,9615,PLEKHA8
sp|D2KC46|PKHA8_CANLF,262,NIT,Canis lupus familiaris,9615,PLEKHA8
sp|D2KC46|PKHA8_CANLF,316,NTS,Canis lupus familiaris,9615,PLEKHA8
sp|E2QWQ2|NLK_CANLF,470,NLS,Canis lupus familiaris,9615,NLK
sp|E2QY99|PALS1_CANLF,82,NSS,Canis lupus familiaris,9615,PALS1
sp|E2QYC9|INADL_CANLF,101,NLT,Canis lupus familiaris,9615,PATJ
sp|E2QYC9|INADL_CANLF,189,NHT,Canis lupus familiaris,9615,PATJ
sp|E2QYC9|INADL_CANLF,196,NIS,Canis lupus familiaris,9615,PATJ
sp|E2QYC9|INADL_CANLF,231,NLT,Canis lupus familiaris,9615,PATJ
sp|E2QYC9|INADL_CANLF,351,NRS,Canis lupus familiaris,9615,PATJ
sp|E2QYC9|INADL_CANLF,747,NTT,Canis lupus familiaris,9615,PATJ
sp|E2QYC9|INADL_CANLF,805,NSS,Canis lupus familiaris,9615,PATJ
sp|E2QYC9|INADL_CANLF,1061,NFS,Canis lupus familiaris,9615,PATJ
sp|E2QYC9|INADL_CANLF,1078,NVS,Canis lupus familiaris,9615,PATJ
sp|E2QYC9|INADL_CANLF,1137,NAS,Canis lupus familiaris,9615,PATJ
sp|E2QYC9|INADL_CANLF,1304,NAS,Canis lupus familiaris,9615,PATJ
sp|E2QYC9|INADL_CANLF,1372,NES,Canis lupus familiaris,9615,PATJ
sp|E2QYC9|INADL_CANLF,1580,NGS,Canis lupus familiaris,9615,PATJ
sp|E2QYC9|INADL_CANLF,1617,NAS,Canis lupus familiaris,9615,PATJ
sp|E2QYC9|INADL_CANLF,1790,NIS,Canis lupus familiaris,9615,PATJ
sp|E2QYC9|INADL_CANLF,1800,NMS,Canis lupus familiaris,9615,PATJ
sp|E2RD63|PLD6_CANLF,136,NGS,Canis lupus familiaris,9615,PLD6
sp|E2RD63|PLD6_CANLF,177,NWT,Canis lupus familiaris,9615,PLD6
sp|E2RDZ6|SIR5_CANLF,308,NVS,Canis lupus familiaris,9615,SIRT5
sp|E2RG47|STT3B_CANLF,16,NSS,Canis lupus familiaris,9615,STT3B
sp|E2RG47|STT3B_CANLF,161,NIT,Canis lupus familiaris,9615,STT3B
sp|E2RG47|STT3B_CANLF,616,NRT,Canis lupus familiaris,9615,STT3B
sp|E2RG47|STT3B_CANLF,623,NNT,Canis lupus familiaris,9615,STT3B
sp|E2RG47|STT3B_CANLF,627,NNS,Canis lupus familiaris,9615,STT3B
sp|E2RG47|STT3B_CANLF,641,NES,Canis lupus familiaris,9615,STT3B
sp|E2RJI4|GWL_CANLF,73,NMT,Canis lupus familiaris,9615,MASTL
sp|E2RJI4|GWL_CANLF,377,NSS,Canis lupus familiaris,9615,MASTL
sp|E2RJI4|GWL_CANLF,515,NSS,Canis lupus familiaris,9615,MASTL
sp|E2RJI4|GWL_CANLF,667,NAS,Canis lupus familiaris,9615,MASTL
sp|E2RJI4|GWL_CANLF,670,NNS,Canis lupus familiaris,9615,MASTL
sp|E2RK30|PKHD1_CANLF,54,NGS,Canis lupus familiaris,9615,PKHD1
sp|E2RK30|PKHD1_CANLF,224,NVS,Canis lupus familiaris,9615,PKHD1
sp|E2RK30|PKHD1_CANLF,355,NAS,Canis lupus familiaris,9615,PKHD1
sp|E2RK30|PKHD1_CANLF,385,NYT,Canis lupus familiaris,9615,PKHD1
sp|E2RK30|PKHD1_CANLF,518,NVT,Canis lupus familiaris,9615,PKHD1
sp|E2RK30|PKHD1_CANLF,527,NAT,Canis lupus familiaris,9615,PKHD1
sp|E2RK30|PKHD1_CANLF,640,NIT,Canis lupus familiaris,9615,PKHD1
sp|E2RK30|PKHD1_CANLF,710,NIT,Canis lupus familiaris,9615,PKHD1
sp|E2RK30|PKHD1_CANLF,741,NIS,Canis lupus familiaris,9615,PKHD1
sp|E2RK30|PKHD1_CANLF,822,NFT,Canis lupus familiaris,9615,PKHD1
sp|E2RK30|PKHD1_CANLF,829,NSS,Canis lupus familiaris,9615,PKHD1
sp|E2RK30|PKHD1_CANLF,868,NLT,Canis lupus familiaris,9615,PKHD1
sp|E2RK30|PKHD1_CANLF,953,NFS,Canis lupus familiaris,9615,PKHD1
sp|E2RK30|PKHD1_CANLF,966,NKT,Canis lupus familiaris,9615,PKHD1
sp|E2RK30|PKHD1_CANLF,976,NQT,Canis lupus familiaris,9615,PKHD1
sp|E2RK30|PKHD1_CANLF,1006,NTS,Canis lupus familiaris,9615,PKHD1
sp|E2RK30|PKHD1_CANLF,1059,NIT,Canis lupus familiaris,9615,PKHD1
sp|E2RK30|PKHD1_CANLF,1083,NLT,Canis lupus familiaris,9615,PKHD1
sp|E2RK30|PKHD1_CANLF,1115,NRS,Canis lupus familiaris,9615,PKHD1
sp|E2RK30|PKHD1_CANLF,1134,NYT,Canis lupus familiaris,9615,PKHD1
sp|E2RK30|PKHD1_CANLF,1233,NRS,Canis lupus familiaris,9615,PKHD1
sp|E2RK30|PKHD1_CANLF,1240,NST,Canis lupus familiaris,9615,PKHD1
sp|E2RK30|PKHD1_CANLF,1274,NVS,Canis lupus familiaris,9615,PKHD1
sp|E2RK30|PKHD1_CANLF,1284,NLS,Canis lupus familiaris,9615,PKHD1
sp|E2RK30|PKHD1_CANLF,1308,NNS,Canis lupus familiaris,9615,PKHD1
sp|E2RK30|PKHD1_CANLF,1319,NLS,Canis lupus familiaris,9615,PKHD1
sp|E2RK30|PKHD1_CANLF,1342,NVS,Canis lupus familiaris,9615,PKHD1
sp|E2RK30|PKHD1_CANLF,1373,NMS,Canis lupus familiaris,9615,PKHD1
sp|E2RK30|PKHD1_CANLF,1445,NDS,Canis lupus familiaris,9615,PKHD1
sp|E2RK30|PKHD1_CANLF,1456,NVT,Canis lupus familiaris,9615,PKHD1
sp|E2RK30|PKHD1_CANLF,1471,NCT,Canis lupus familiaris,9615,PKHD1
sp|E2RK30|PKHD1_CANLF,1490,NIS,Canis lupus familiaris,9615,PKHD1
sp|E2RK30|PKHD1_CANLF,1528,NAS,Canis lupus familiaris,9615,PKHD1
sp|E2RK30|PKHD1_CANLF,1560,NVS,Canis lupus familiaris,9615,PKHD1
sp|E2RK30|PKHD1_CANLF,1578,NFS,Canis lupus familiaris,9615,PKHD1
sp|E2RK30|PKHD1_CANLF,1598,NST,Canis lupus familiaris,9615,PKHD1
sp|E2RK30|PKHD1_CANLF,1627,NGS,Canis lupus familiaris,9615,PKHD1
sp|E2RK30|PKHD1_CANLF,1694,NHT,Canis lupus familiaris,9615,PKHD1
sp|E2RK30|PKHD1_CANLF,1760,NVS,Canis lupus familiaris,9615,PKHD1
sp|E2RK30|PKHD1_CANLF,1775,NAT,Canis lupus familiaris,9615,PKHD1
sp|E2RK30|PKHD1_CANLF,1789,NVS,Canis lupus familiaris,9615,PKHD1
sp|E2RK30|PKHD1_CANLF,1875,NSS,Canis lupus familiaris,9615,PKHD1
sp|E2RK30|PKHD1_CANLF,1915,NFS,Canis lupus familiaris,9615,PKHD1
sp|E2RK30|PKHD1_CANLF,1941,NVT,Canis lupus familiaris,9615,PKHD1
sp|E2RK30|PKHD1_CANLF,1955,NTS,Canis lupus familiaris,9615,PKHD1
sp|E2RK30|PKHD1_CANLF,2030,NGT,Canis lupus familiaris,9615,PKHD1
sp|E2RK30|PKHD1_CANLF,2111,NFT,Canis lupus familiaris,9615,PKHD1
sp|E2RK30|PKHD1_CANLF,2140,NLT,Canis lupus familiaris,9615,PKHD1
sp|E2RK30|PKHD1_CANLF,2390,NFT,Canis lupus familiaris,9615,PKHD1
sp|E2RK30|PKHD1_CANLF,2431,NTS,Canis lupus familiaris,9615,PKHD1
sp|E2RK30|PKHD1_CANLF,2467,NTT,Canis lupus familiaris,9615,PKHD1
sp|E2RK30|PKHD1_CANLF,2531,NRS,Canis lupus familiaris,9615,PKHD1
sp|E2RK30|PKHD1_CANLF,2549,NLS,Canis lupus familiaris,9615,PKHD1
sp|E2RK30|PKHD1_CANLF,2579,NVS,Canis lupus familiaris,9615,PKHD1
sp|E2RK30|PKHD1_CANLF,2591,NKT,Canis lupus familiaris,9615,PKHD1
sp|E2RK30|PKHD1_CANLF,2749,NHT,Canis lupus familiaris,9615,PKHD1
sp|E2RK30|PKHD1_CANLF,2764,NRT,Canis lupus familiaris,9615,PKHD1
sp|E2RK30|PKHD1_CANLF,2972,NSS,Canis lupus familiaris,9615,PKHD1
sp|E2RK30|PKHD1_CANLF,3004,NAS,Canis lupus familiaris,9615,PKHD1
sp|E2RK30|PKHD1_CANLF,3053,NFS,Canis lupus familiaris,9615,PKHD1
sp|E2RK30|PKHD1_CANLF,3136,NCT,Canis lupus familiaris,9615,PKHD1
sp|E2RK30|PKHD1_CANLF,3165,NIT,Canis lupus familiaris,9615,PKHD1
sp|E2RK30|PKHD1_CANLF,3221,NLT,Canis lupus familiaris,9615,PKHD1
sp|E2RK30|PKHD1_CANLF,3484,NRS,Canis lupus familiaris,9615,PKHD1
sp|E2RK30|PKHD1_CANLF,3702,NMT,Canis lupus familiaris,9615,PKHD1
sp|E2RK30|PKHD1_CANLF,3721,NAS,Canis lupus familiaris,9615,PKHD1
sp|E2RK30|PKHD1_CANLF,3833,NFT,Canis lupus familiaris,9615,PKHD1
sp|E2RQ08|RPN1_CANLF,220,NNS,Canis lupus familiaris,9615,RPN1
sp|E2RQ08|RPN1_CANLF,299,NVS,Canis lupus familiaris,9615,RPN1
sp|F1PAA9|CADH1_CANLF,460,NVT,Canis lupus familiaris,9615,CDH1
sp|F1PAA9|CADH1_CANLF,560,NST,Canis lupus familiaris,9615,CDH1
sp|F1PAA9|CADH1_CANLF,572,NGS,Canis lupus familiaris,9615,CDH1
sp|F1PAA9|CADH1_CANLF,624,NTS,Canis lupus familiaris,9615,CDH1
sp|F1PAA9|CADH1_CANLF,639,NWT,Canis lupus familiaris,9615,CDH1
sp|F1PAA9|CADH1_CANLF,852,NSS,Canis lupus familiaris,9615,CDH1
sp|F1PBJ0|RPGF2_CANLF,138,NMT,Canis lupus familiaris,9615,RAPGEF2
sp|F1PBJ0|RPGF2_CANLF,178,NGS,Canis lupus familiaris,9615,RAPGEF2
sp|F1PBJ0|RPGF2_CANLF,455,NNT,Canis lupus familiaris,9615,RAPGEF2
sp|F1PBJ0|RPGF2_CANLF,884,NDS,Canis lupus familiaris,9615,RAPGEF2
sp|F1PBJ0|RPGF2_CANLF,940,NAT,Canis lupus familiaris,9615,RAPGEF2
sp|F1PBJ0|RPGF2_CANLF,1108,NAS,Canis lupus familiaris,9615,RAPGEF2
sp|F1PBJ0|RPGF2_CANLF,1138,NFS,Canis lupus familiaris,9615,RAPGEF2
sp|F1PBJ0|RPGF2_CANLF,1156,NSS,Canis lupus familiaris,9615,RAPGEF2
sp|F1PBJ0|RPGF2_CANLF,1310,NQS,Canis lupus familiaris,9615,RAPGEF2
sp|F1PJP5|STT3A_CANLF,381,NLS,Canis lupus familiaris,9615,STT3A
sp|F1PJP5|STT3A_CANLF,537,NRT,Canis lupus familiaris,9615,STT3A
sp|F1PJP5|STT3A_CANLF,544,NNT,Canis lupus familiaris,9615,STT3A
sp|F1PJP5|STT3A_CANLF,548,NNT,Canis lupus familiaris,9615,STT3A
sp|F1PLN3|FTO_CANLF,199,NVT,Canis lupus familiaris,9615,FTO
sp|F1PLN3|FTO_CANLF,301,NAT,Canis lupus familiaris,9615,FTO
sp|F1PRN2|MYO1D_CANLF,158,NSS,Canis lupus familiaris,9615,MYO1D
sp|F1PRN2|MYO1D_CANLF,392,NNS,Canis lupus familiaris,9615,MYO1D
sp|F1PRN2|MYO1D_CANLF,537,NSS,Canis lupus familiaris,9615,MYO1D
sp|F1PRN2|MYO1D_CANLF,903,NLT,Canis lupus familiaris,9615,MYO1D
sp|F1PRN2|MYO1D_CANLF,963,NVT,Canis lupus familiaris,9615,MYO1D
sp|F1PRN2|MYO1D_CANLF,995,NRS,Canis lupus familiaris,9615,MYO1D
sp|F1PTE3|RAB13_CANLF,34,NNT,Canis lupus familiaris,9615,RAB13
sp|F1PTE3|RAB13_CANLF,109,NAS,Canis lupus familiaris,9615,RAB13
sp|F1PTE3|RAB13_CANLF,196,NTS,Canis lupus familiaris,9615,RAB13
sp|F1PZQ5|CCD66_CANLF,93,NTS,Canis lupus familiaris,9615,CCDC66
sp|F1PZQ5|CCD66_CANLF,135,NKS,Canis lupus familiaris,9615,CCDC66
sp|F1PZQ5|CCD66_CANLF,156,NNT,Canis lupus familiaris,9615,CCDC66
sp|F1PZQ5|CCD66_CANLF,183,NKS,Canis lupus familiaris,9615,CCDC66
sp|F1PZQ5|CCD66_CANLF,586,NST,Canis lupus familiaris,9615,CCDC66
sp|F1PZQ5|CCD66_CANLF,624,NCS,Canis lupus familiaris,9615,CCDC66
sp|F1PZQ5|CCD66_CANLF,773,NRS,Canis lupus familiaris,9615,CCDC66
sp|F1PZQ5|CCD66_CANLF,784,NRT,Canis lupus familiaris,9615,CCDC66
sp|F1PZQ5|CCD66_CANLF,916,NSS,Canis lupus familiaris,9615,CCDC66
sp|H2B3G5|LI601_CANLF,52,NGS,,,
sp|H2B3G5|LI601_CANLF,67,NSS,,,
sp|H2B3G5|LI601_CANLF,90,NKT,,,
sp|O02662|ADRB3_CANLF,8,NGS,Canis lupus familiaris,9615,ADRB3
sp|O02662|ADRB3_CANLF,26,NTS,Canis lupus familiaris,9615,ADRB3
sp|O02812|MK14_CANLF,14,NKT,Canis lupus familiaris,9615,MAPK14
sp|O02812|MK14_CANLF,26,NLS,Canis lupus familiaris,9615,MAPK14
sp|O02812|MK14_CANLF,201,NQT,Canis lupus familiaris,9615,MAPK14
sp|O18733|MMP9_CANLF,38,NLT,Canis lupus familiaris,9615,MMP9
sp|O18733|MMP9_CANLF,127,NYS,Canis lupus familiaris,9615,MMP9
sp|O18735|ERBB2_CANLF,68,NAS,Canis lupus familiaris,9615,ERBB2
sp|O18735|ERBB2_CANLF,259,NHS,Canis lupus familiaris,9615,ERBB2
sp|O18735|ERBB2_CANLF,421,NLS,Canis lupus familiaris,9615,ERBB2
sp|O18735|ERBB2_CANLF,529,NCS,Canis lupus familiaris,9615,ERBB2
sp|O18735|ERBB2_CANLF,570,NGS,Canis lupus familiaris,9615,ERBB2
sp|O18735|ERBB2_CANLF,628,NCT,Canis lupus familiaris,9615,ERBB2
sp|O18735|ERBB2_CANLF,757,NTS,Canis lupus familiaris,9615,ERBB2
sp|O18840|ACTB_CANLF,12,NGS,Canis lupus familiaris,9615,ACTB
sp|O19179|GUC2D_CANLF,301,NSS,Canis lupus familiaris,9615,GUCY2D
sp|O19179|GUC2D_CANLF,1025,NMS,Canis lupus familiaris,9615,GUCY2D
sp|O46635|5HT2A_CANLF,38,NTS,Canis lupus familiaris,9615,HTR2A
sp|O46635|5HT2A_CANLF,44,NWT,Canis lupus familiaris,9615,HTR2A
sp|O46635|5HT2A_CANLF,51,NRT,Canis lupus familiaris,9615,HTR2A
sp|O46635|5HT2A_CANLF,54,NLS,Canis lupus familiaris,9615,HTR2A
sp|O46635|5HT2A_CANLF,75,NWS,Canis lupus familiaris,9615,HTR2A
sp|O46635|5HT2A_CANLF,107,NAT,Canis lupus familiaris,9615,HTR2A
sp|O46635|5HT2A_CANLF,383,NKT,Canis lupus familiaris,9615,HTR2A
sp|O46669|SCNAA_CANLF,284,NET,Canis lupus familiaris,9615,SCN10A
sp|O46669|SCNAA_CANLF,288,NYS,Canis lupus familiaris,9615,SCN10A
sp|O46669|SCNAA_CANLF,321,NGS,Canis lupus familiaris,9615,SCN10A
sp|O46669|SCNAA_CANLF,344,NYT,Canis lupus familiaris,9615,SCN10A
sp|O46669|SCNAA_CANLF,455,NGS,Canis lupus familiaris,9615,SCN10A
sp|O46669|SCNAA_CANLF,463,NAS,Canis lupus familiaris,9615,SCN10A
sp|O46669|SCNAA_CANLF,483,NKS,Canis lupus familiaris,9615,SCN10A
sp|O46669|SCNAA_CANLF,798,NLT,Canis lupus familiaris,9615,SCN10A
sp|O46669|SCNAA_CANLF,828,NIS,Canis lupus familiaris,9615,SCN10A
sp|O46669|SCNAA_CANLF,1234,NIS,Canis lupus familiaris,9615,SCN10A
sp|O46669|SCNAA_CANLF,1319,NKT,Canis lupus familiaris,9615,SCN10A
sp|O46669|SCNAA_CANLF,1335,NIS,Canis lupus familiaris,9615,SCN10A
sp|O46669|SCNAA_CANLF,1343,NHT,Canis lupus familiaris,9615,SCN10A
sp|O46669|SCNAA_CANLF,1693,NGS,Canis lupus familiaris,9615,SCN10A
sp|O46669|SCNAA_CANLF,1840,NVS,Canis lupus familiaris,9615,SCN10A
sp|O46669|SCNAA_CANLF,1939,NMS,Canis lupus familiaris,9615,SCN10A
sp|O46674|AT2A2_CANLF,19,NES,Canis lupus familiaris,9615,ATP2A2
sp|O46674|AT2A2_CANLF,421,NDS,Canis lupus familiaris,9615,ATP2A2
sp|O46674|AT2A2_CANLF,589,NLT,Canis lupus familiaris,9615,ATP2A2
sp|O46674|AT2A2_CANLF,738,NFS,Canis lupus familiaris,9615,ATP2A2
sp|O46674|AT2A2_CANLF,918,NQS,Canis lupus familiaris,9615,ATP2A2
sp|O46674|AT2A2_CANLF,962,NLT,Canis lupus familiaris,9615,ATP2A2
sp|O62683|ZO3_CANLF,86,NIT,Canis lupus familiaris,9615,TJP3
sp|O62683|ZO3_CANLF,239,NLS,Canis lupus familiaris,9615,TJP3
sp|O62683|ZO3_CANLF,425,NLT,Canis lupus familiaris,9615,TJP3
sp|O62683|ZO3_CANLF,530,NQS,Canis lupus familiaris,9615,TJP3
sp|O62683|ZO3_CANLF,766,NSS,Canis lupus familiaris,9615,TJP3
sp|O62699|NOS2_CANLF,51,NDS,Canis lupus familiaris,9615,NOS2
sp|O62699|NOS2_CANLF,427,NVT,Canis lupus familiaris,9615,NOS2
sp|O62699|NOS2_CANLF,698,NVT,Canis lupus familiaris,9615,NOS2
sp|O62699|NOS2_CANLF,746,NRT,Canis lupus familiaris,9615,NOS2
sp|O77746|PDE5A_CANLF,651,NNS,Canis lupus familiaris,9615,PDE5A
sp|O97626|CD40L_CANLF,239,NVT,Canis lupus familiaris,9615,CD40LG
sp|O97758|ZO1_CANLF,232,NGT,Canis lupus familiaris,9615,TJP1
sp|O97758|ZO1_CANLF,238,NMS,Canis lupus familiaris,9615,TJP1
sp|O97758|ZO1_CANLF,281,NAS,Canis lupus familiaris,9615,TJP1
sp|O97758|ZO1_CANLF,409,NST,Canis lupus familiaris,9615,TJP1
sp|O97758|ZO1_CANLF,891,NQT,Canis lupus familiaris,9615,TJP1
sp|O97758|ZO1_CANLF,947,NVT,Canis lupus familiaris,9615,TJP1
sp|O97758|ZO1_CANLF,1035,NLS,Canis lupus familiaris,9615,TJP1
sp|O97758|ZO1_CANLF,1285,NHT,Canis lupus familiaris,9615,TJP1
sp|O97758|ZO1_CANLF,1390,NQT,Canis lupus familiaris,9615,TJP1
sp|O97758|ZO1_CANLF,1393,NFS,Canis lupus familiaris,9615,TJP1
sp|O97758|ZO1_CANLF,1607,NLS,Canis lupus familiaris,9615,TJP1
sp|O97799|KIT_CANLF,96,NYT,Canis lupus familiaris,9615,KIT
sp|O97799|KIT_CANLF,132,NDT,Canis lupus familiaris,9615,KIT
sp|O97799|KIT_CANLF,147,NYS,Canis lupus familiaris,9615,KIT
sp|O97799|KIT_CANLF,286,NDS,Canis lupus familiaris,9615,KIT
sp|O97799|KIT_CANLF,296,NNT,Canis lupus familiaris,9615,KIT
sp|O97799|KIT_CANLF,303,NVT,Canis lupus familiaris,9615,KIT
sp|O97799|KIT_CANLF,355,NRT,Canis lupus familiaris,9615,KIT
sp|O97799|KIT_CANLF,370,NES,Canis lupus familiaris,9615,KIT
sp|O97799|KIT_CANLF,403,NSS,Canis lupus familiaris,9615,KIT
sp|O97799|KIT_CANLF,466,NSS,Canis lupus familiaris,9615,KIT
sp|O97799|KIT_CANLF,489,NGT,Canis lupus familiaris,9615,KIT
sp|O97799|KIT_CANLF,822,NDS,Canis lupus familiaris,9615,KIT
sp|O97799|KIT_CANLF,944,NCS,Canis lupus familiaris,9615,KIT
sp|P06583|AT1B1_CANLF,158,NCS,Canis lupus familiaris,9615,ATP1B1
sp|P06583|AT1B1_CANLF,193,NES,Canis lupus familiaris,9615,ATP1B1
sp|P06583|AT1B1_CANLF,265,NLT,Canis lupus familiaris,9615,ATP1B1
sp|P06857|LIPR1_CANLF,157,NYS,Canis lupus familiaris,9615,PNLIPRP1
sp|P0DV84|ALK_CANLF,185,NLS,Canis lupus familiaris,9615,ALK
sp|P0DV84|ALK_CANLF,260,NLT,Canis lupus familiaris,9615,ALK
sp|P0DV84|ALK_CANLF,301,NQS,Canis lupus familiaris,9615,ALK
sp|P0DV84|ALK_CANLF,340,NTS,Canis lupus familiaris,9615,ALK
sp|P0DV84|ALK_CANLF,427,NRS,Canis lupus familiaris,9615,ALK
sp|P0DV84|ALK_CANLF,440,NCS,Canis lupus familiaris,9615,ALK
sp|P0DV84|ALK_CANLF,461,NGT,Canis lupus familiaris,9615,ALK
sp|P0DV84|ALK_CANLF,579,NVS,Canis lupus familiaris,9615,ALK
sp|P0DV84|ALK_CANLF,587,NKT,Canis lupus familiaris,9615,ALK
sp|P0DV84|ALK_CANLF,643,NIS,Canis lupus familiaris,9615,ALK
sp|P0DV84|ALK_CANLF,724,NLS,Canis lupus familiaris,9615,ALK
sp|P0DV84|ALK_CANLF,823,NRS,Canis lupus familiaris,9615,ALK
sp|P0DV84|ALK_CANLF,878,NNS,Canis lupus familiaris,9615,ALK
sp|P0DV84|ALK_CANLF,901,NTS,Canis lupus familiaris,9615,ALK
sp|P0DV84|ALK_CANLF,1001,NCS,Canis lupus familiaris,9615,ALK
sp|P0DV84|ALK_CANLF,1130,NIT,Canis lupus familiaris,9615,ALK
sp|P11613|ACKR3_CANLF,13,NFS,Canis lupus familiaris,9615,ACKR3
sp|P11613|ACKR3_CANLF,22,NSS,Canis lupus familiaris,9615,ACKR3
sp|P11613|ACKR3_CANLF,39,NKS,Canis lupus familiaris,9615,ACKR3
sp|P11613|ACKR3_CANLF,192,NET,Canis lupus familiaris,9615,ACKR3
sp|P11617|AA2AR_CANLF,39,NVT,Canis lupus familiaris,9615,ADORA2A
sp|P11617|AA2AR_CANLF,145,NCS,Canis lupus familiaris,9615,ADORA2A
sp|P11617|AA2AR_CANLF,154,NYS,Canis lupus familiaris,9615,ADORA2A
sp|P11617|AA2AR_CANLF,348,NGS,Canis lupus familiaris,9615,ADORA2A
sp|P12637|CASQ2_CANLF,335,NVT,Canis lupus familiaris,9615,CASQ2
sp|P12637|CASQ2_CANLF,395,NNS,Canis lupus familiaris,9615,CASQ2
sp|P17124|HRH2_CANLF,4,NGT,Canis lupus familiaris,9615,HRH2
sp|P17124|HRH2_CANLF,162,NET,Canis lupus familiaris,9615,HRH2
sp|P17124|HRH2_CANLF,168,NHT,Canis lupus familiaris,9615,HRH2
sp|P17124|HRH2_CANLF,320,NSS,Canis lupus familiaris,9615,HRH2
sp|P17124|HRH2_CANLF,327,NQS,Canis lupus familiaris,9615,HRH2
sp|P19236|TRYM_CANLF,106,NVT,,,
sp|P19236|TRYM_CANLF,117,NMS,,,
sp|P19540|FA9_CANLF,29,NAT,Canis lupus familiaris,9615,F9
sp|P19540|FA9_CANLF,197,NST,Canis lupus familiaris,9615,F9
sp|P19540|FA9_CANLF,207,NVT,Canis lupus familiaris,9615,F9
sp|P19540|FA9_CANLF,297,NAT,Canis lupus familiaris,9615,F9
sp|P23685|NAC1_CANLF,41,NET,Canis lupus familiaris,9615,SLC8A1
sp|P23685|NAC1_CANLF,128,NET,Canis lupus familiaris,9615,SLC8A1
sp|P23685|NAC1_CANLF,133,NLT,Canis lupus familiaris,9615,SLC8A1
sp|P23685|NAC1_CANLF,157,NFT,Canis lupus familiaris,9615,SLC8A1
sp|P23685|NAC1_CANLF,616,NKT,Canis lupus familiaris,9615,SLC8A1
sp|P23685|NAC1_CANLF,866,NVT,Canis lupus familiaris,9615,SLC8A1
sp|P24408|RAB9A_CANLF,97,NLS,Canis lupus familiaris,9615,RAB9A
sp|P24409|RAB10_CANLF,35,NTT,Canis lupus familiaris,9615,RAB10
sp|P24409|RAB10_CANLF,99,NIS,Canis lupus familiaris,9615,RAB10
sp|P24463|CP3AC_CANLF,361,NET,Canis lupus familiaris,9615,CYP3A12
sp|P24463|CP3AC_CANLF,462,NFS,Canis lupus familiaris,9615,CYP3A12
sp|P24643|CALX_CANLF,582,NRS,Canis lupus familiaris,9615,CANX
sp|P25291|GP2_CANLF,40,NYT,Canis lupus familiaris,9615,GP2
sp|P25291|GP2_CANLF,97,NGT,Canis lupus familiaris,9615,GP2
sp|P25291|GP2_CANLF,109,NRT,Canis lupus familiaris,9615,GP2
sp|P25291|GP2_CANLF,176,NGT,Canis lupus familiaris,9615,GP2
sp|P25291|GP2_CANLF,188,NSS,Canis lupus familiaris,9615,GP2
sp|P25291|GP2_CANLF,232,NCS,Canis lupus familiaris,9615,GP2
sp|P25291|GP2_CANLF,263,NGT,Canis lupus familiaris,9615,GP2
sp|P25291|GP2_CANLF,314,NIS,Canis lupus familiaris,9615,GP2
sp|P25473|CLUS_CANLF,86,NDT,Canis lupus familiaris,9615,CLU
sp|P25473|CLUS_CANLF,103,NDT,Canis lupus familiaris,9615,CLU
sp|P25473|CLUS_CANLF,145,NQS,Canis lupus familiaris,9615,CLU
sp|P25473|CLUS_CANLF,277,NRT,Canis lupus familiaris,9615,CLU
sp|P25473|CLUS_CANLF,287,NST,Canis lupus familiaris,9615,CLU
sp|P25473|CLUS_CANLF,350,NTS,Canis lupus familiaris,9615,CLU
sp|P25473|CLUS_CANLF,370,NLT,Canis lupus familiaris,9615,CLU
sp|P27799|S6A12_CANLF,171,NHS,Canis lupus familiaris,9615,SLC6A12
sp|P27799|S6A12_CANLF,183,NFT,Canis lupus familiaris,9615,SLC6A12
sp|P30803|ADCY5_CANLF,241,NQS,Canis lupus familiaris,9615,ADCY5
sp|P30803|ADCY5_CANLF,470,NVS,Canis lupus familiaris,9615,ADCY5
sp|P30803|ADCY5_CANLF,836,NST,Canis lupus familiaris,9615,ADCY5
sp|P30803|ADCY5_CANLF,873,NIS,Canis lupus familiaris,9615,ADCY5
sp|P30803|ADCY5_CANLF,890,NLS,Canis lupus familiaris,9615,ADCY5
sp|P30803|ADCY5_CANLF,976,NGT,Canis lupus familiaris,9615,ADCY5
sp|P30803|ADCY5_CANLF,1083,NFS,Canis lupus familiaris,9615,ADCY5
sp|P30803|ADCY5_CANLF,1140,NDS,Canis lupus familiaris,9615,ADCY5
sp|P30804|ADCY6_CANLF,146,NQS,Canis lupus familiaris,9615,ADCY6
sp|P30804|ADCY6_CANLF,375,NVS,Canis lupus familiaris,9615,ADCY6
sp|P30804|ADCY6_CANLF,762,NHT,Canis lupus familiaris,9615,ADCY6
sp|P30804|ADCY6_CANLF,775,NVT,Canis lupus familiaris,9615,ADCY6
sp|P30804|ADCY6_CANLF,790,NYS,Canis lupus familiaris,9615,ADCY6
sp|P30804|ADCY6_CANLF,875,NDT,Canis lupus familiaris,9615,ADCY6
sp|P30804|ADCY6_CANLF,984,NFS,Canis lupus familiaris,9615,ADCY6
sp|P30804|ADCY6_CANLF,1041,NAS,Canis lupus familiaris,9615,ADCY6
sp|P30804|ADCY6_CANLF,1109,NVS,Canis lupus familiaris,9615,ADCY6
sp|P31637|SC5A3_CANLF,32,NRS,Canis lupus familiaris,9615,SLC5A3
sp|P31637|SC5A3_CANLF,223,NVT,Canis lupus familiaris,9615,SLC5A3
sp|P31637|SC5A3_CANLF,232,NLS,Canis lupus familiaris,9615,SLC5A3
sp|P32308|OPSD_CANLF,2,NGT,Canis lupus familiaris,9615,RHO
sp|P32308|OPSD_CANLF,15,NKT,Canis lupus familiaris,9615,RHO
sp|P32308|OPSD_CANLF,200,NES,Canis lupus familiaris,9615,RHO
sp|P33705|CD4_CANLF,123,NLT,Canis lupus familiaris,9615,CD4
sp|P33705|CD4_CANLF,168,NKS,Canis lupus familiaris,9615,CD4
sp|P33705|CD4_CANLF,176,NLS,Canis lupus familiaris,9615,CD4
sp|P33705|CD4_CANLF,324,NSS,Canis lupus familiaris,9615,CD4
sp|P33705|CD4_CANLF,329,NLT,Canis lupus familiaris,9615,CD4
sp|P33705|CD4_CANLF,389,NVS,Canis lupus familiaris,9615,CD4
sp|P33712|IGF1_CANLF,140,NAS,Canis lupus familiaris,9615,IGF1
sp|P41148|ENPL_CANLF,62,NAS,Canis lupus familiaris,9615,HSP90B1
sp|P41148|ENPL_CANLF,107,NAS,Canis lupus familiaris,9615,HSP90B1
sp|P41148|ENPL_CANLF,217,NDT,Canis lupus familiaris,9615,HSP90B1
sp|P41148|ENPL_CANLF,445,NVS,Canis lupus familiaris,9615,HSP90B1
sp|P41148|ENPL_CANLF,481,NDT,Canis lupus familiaris,9615,HSP90B1
sp|P41148|ENPL_CANLF,502,NRT,Canis lupus familiaris,9615,HSP90B1
sp|P47240|PAX8_CANLF,119,NDT,Canis lupus familiaris,9615,PAX8
sp|P47240|PAX8_CANLF,290,NLS,Canis lupus familiaris,9615,PAX8
sp|P47240|PAX8_CANLF,430,NSS,Canis lupus familiaris,9615,PAX8
sp|P47983|ZP2_CANLF,87,NCT,Canis lupus familiaris,9615,ZP2
sp|P47983|ZP2_CANLF,193,NLT,Canis lupus familiaris,9615,ZP2
sp|P47983|ZP2_CANLF,220,NAT,Canis lupus familiaris,9615,ZP2
sp|P47983|ZP2_CANLF,266,NAT,Canis lupus familiaris,9615,ZP2
sp|P47983|ZP2_CANLF,321,NSS,Canis lupus familiaris,9615,ZP2
sp|P48831|ZP3_CANLF,123,NLS,Canis lupus familiaris,9615,ZP3
sp|P48831|ZP3_CANLF,145,NVS,Canis lupus familiaris,9615,ZP3
sp|P48831|ZP3_CANLF,244,NSS,Canis lupus familiaris,9615,ZP3
sp|P49256|LMAN2_CANLF,183,NGS,Canis lupus familiaris,9615,LMAN2
sp|P49819|DLDH_CANLF,73,NET,Canis lupus familiaris,9615,DLD
sp|P49819|DLDH_CANLF,93,NNS,Canis lupus familiaris,9615,DLD
sp|P50551|VASP_CANLF,317,NST,Canis lupus familiaris,9615,VASP
sp|P50997|AT1A1_CANLF,213,NSS,Canis lupus familiaris,9615,ATP1A1
sp|P50997|AT1A1_CANLF,403,NQS,Canis lupus familiaris,9615,ATP1A1
sp|P50997|AT1A1_CANLF,481,NST,Canis lupus familiaris,9615,ATP1A1
sp|P50997|AT1A1_CANLF,495,NTS,Canis lupus familiaris,9615,ATP1A1
sp|P50997|AT1A1_CANLF,636,NET,Canis lupus familiaris,9615,ATP1A1
sp|P50997|AT1A1_CANLF,718,NDS,Canis lupus familiaris,9615,ATP1A1
sp|P51666|NR4A1_CANLF,273,NAS,Canis lupus familiaris,9615,NR4A1
sp|P52784|PFKAM_CANLF,486,NIT,Canis lupus familiaris,9615,PFKM
sp|P52784|PFKAM_CANLF,636,NYT,Canis lupus familiaris,9615,PFKM
sp|P54831|TGFB1_CANLF,82,NST,Canis lupus familiaris,9615,TGFB1
sp|P54831|TGFB1_CANLF,136,NTS,Canis lupus familiaris,9615,TGFB1
sp|P54831|TGFB1_CANLF,176,NDS,Canis lupus familiaris,9615,TGFB1
sp|P54833|ADRB2_CANLF,6,NRS,Canis lupus familiaris,9615,ADRB2
sp|P54833|ADRB2_CANLF,15,NGS,Canis lupus familiaris,9615,ADRB2
sp|P54833|ADRB2_CANLF,244,NLS,Canis lupus familiaris,9615,ADRB2
sp|P54833|ADRB2_CANLF,356,NNS,Canis lupus familiaris,9615,ADRB2
sp|P54833|ADRB2_CANLF,407,NCS,Canis lupus familiaris,9615,ADRB2
sp|P54833|ADRB2_CANLF,411,NDS,Canis lupus familiaris,9615,ADRB2
sp|P56590|CP1A1_CANLF,223,NLS,Canis lupus familiaris,9615,CYP1A1
sp|P56592|CP1A2_CANLF,253,NQT,Canis lupus familiaris,9615,CYP1A2
sp|P56592|CP1A2_CANLF,437,NKT,Canis lupus familiaris,9615,CYP1A2
sp|P56950|MDM2_CANLF,5,NMS,Canis lupus familiaris,9615,MDM2
sp|P56950|MDM2_CANLF,345,NST,Canis lupus familiaris,9615,MDM2
sp|P58027|AOFA_CANLF,181,NVT,Canis lupus familiaris,9615,MAOA
sp|P60467|SC61B_CANLF,36,NAS,Canis lupus familiaris,9615,SEC61B
sp|P60483|PTEN_CANLF,292,NGS,Canis lupus familiaris,9615,PTEN
sp|P61007|RAB8A_CANLF,34,NST,Canis lupus familiaris,9615,RAB8A
sp|P61010|SRP54_CANLF,19,NAT,Canis lupus familiaris,9615,SRP54
sp|P61010|SRP54_CANLF,151,NAT,Canis lupus familiaris,9615,SRP54
sp|P61010|SRP54_CANLF,449,NVS,Canis lupus familiaris,9615,SRP54
sp|P61105|RAB2A_CANLF,119,NKS,Canis lupus familiaris,9615,RAB2A
sp|P61105|RAB2A_CANLF,195,NAT,Canis lupus familiaris,9615,RAB2A
sp|P62490|RB11A_CANLF,124,NKS,Canis lupus familiaris,9615,RAB11A
sp|P62822|RAB1A_CANLF,157,NAT,Canis lupus familiaris,9615,RAB1A
sp|P62999|RAC1_CANLF,39,NYS,Canis lupus familiaris,9615,RAC1
sp|P63091|GNAS_CANLF,261,NQT,Canis lupus familiaris,9615,GNAS
sp|P79143|AMPN_CANLF,92,NVT,Canis lupus familiaris,9615,ANPEP
sp|P79143|AMPN_CANLF,134,NYT,Canis lupus familiaris,9615,ANPEP
sp|P79143|AMPN_CANLF,240,NIT,Canis lupus familiaris,9615,ANPEP
sp|P79143|AMPN_CANLF,271,NVT,Canis lupus familiaris,9615,ANPEP
sp|P79143|AMPN_CANLF,345,NKS,Canis lupus familiaris,9615,ANPEP
sp|P79143|AMPN_CANLF,533,NQT,Canis lupus familiaris,9615,ANPEP
sp|P79143|AMPN_CANLF,580,NVT,Canis lupus familiaris,9615,ANPEP
sp|P79143|AMPN_CANLF,633,NVT,Canis lupus familiaris,9615,ANPEP
sp|P79143|AMPN_CANLF,689,NST,Canis lupus familiaris,9615,ANPEP
sp|P79143|AMPN_CANLF,747,NWT,Canis lupus familiaris,9615,ANPEP
sp|P79143|AMPN_CANLF,826,NTS,Canis lupus familiaris,9615,ANPEP
sp|P79250|5HT1B_CANLF,24,NLS,Canis lupus familiaris,9615,HTR1B
sp|P79250|5HT1B_CANLF,31,NCS,Canis lupus familiaris,9615,HTR1B
sp|P79250|5HT1B_CANLF,244,NRT,Canis lupus familiaris,9615,HTR1B
sp|P80035|LIPF_CANLF,34,NIS,Canis lupus familiaris,9615,LIPF
sp|P80035|LIPF_CANLF,99,NNS,Canis lupus familiaris,9615,LIPF
sp|P80035|LIPF_CANLF,271,NMS,Canis lupus familiaris,9615,LIPF
sp|P80035|LIPF_CANLF,327,NLT,Canis lupus familiaris,9615,LIPF
sp|P81546|TIMP1_CANLF,53,NQT,Canis lupus familiaris,9615,TIMP1
sp|P81546|TIMP1_CANLF,77,NAS,Canis lupus familiaris,9615,TIMP1
sp|P81546|TIMP1_CANLF,101,NRS,Canis lupus familiaris,9615,TIMP1
sp|P82179|TRDN_CANLF,9,NAS,Canis lupus familiaris,9615,TRDN
sp|P82179|TRDN_CANLF,21,NGS,Canis lupus familiaris,9615,TRDN
sp|P82179|TRDN_CANLF,75,NFS,Canis lupus familiaris,9615,TRDN
sp|P82179|TRDN_CANLF,617,NVT,Canis lupus familiaris,9615,TRDN
sp|P83509|RHG35_CANLF,15,NIS,Canis lupus familiaris,9615,ARHGAP35
sp|P83509|RHG35_CANLF,817,NNS,Canis lupus familiaris,9615,ARHGAP35
sp|P83509|RHG35_CANLF,1129,NGS,Canis lupus familiaris,9615,ARHGAP35
sp|P83509|RHG35_CANLF,1133,NGS,Canis lupus familiaris,9615,ARHGAP35
sp|P83509|RHG35_CANLF,1289,NKS,Canis lupus familiaris,9615,ARHGAP35
sp|P83509|RHG35_CANLF,1396,NLS,Canis lupus familiaris,9615,ARHGAP35
sp|Q00589|SC6A6_CANLF,163,NHS,Canis lupus familiaris,9615,SLC6A6
sp|Q00589|SC6A6_CANLF,179,NKS,Canis lupus familiaris,9615,SLC6A6
sp|Q00589|SC6A6_CANLF,190,NFT,Canis lupus familiaris,9615,SLC6A6
sp|Q06220|SCF_CANLF,90,NIS,Canis lupus familiaris,9615,KITLG
sp|Q06220|SCF_CANLF,97,NYS,Canis lupus familiaris,9615,KITLG
sp|Q06220|SCF_CANLF,145,NRS,Canis lupus familiaris,9615,KITLG
sp|Q06220|SCF_CANLF,196,NDS,Canis lupus familiaris,9615,KITLG
sp|Q06220|SCF_CANLF,244,NLT,Canis lupus familiaris,9615,KITLG
sp|Q0X0E5|NB5R3_CANLF,210,NQT,Canis lupus familiaris,9615,CYB5R3
sp|Q1HE58|RB27A_CANLF,133,NKS,Canis lupus familiaris,9615,RAB27A
sp|Q1HE58|RB27A_CANLF,166,NGT,Canis lupus familiaris,9615,RAB27A
sp|Q1HE58|RB27A_CANLF,169,NIS,Canis lupus familiaris,9615,RAB27A
sp|Q1M199|EPM2A_CANLF,201,NSS,Canis lupus familiaris,9615,EPM2A
sp|Q20FD0|FGF5_CANLF,112,NGS,Canis lupus familiaris,9615,FGF5
sp|Q258K2|MYH9_CANLF,231,NSS,Canis lupus familiaris,9615,MYH9
sp|Q258K2|MYH9_CANLF,381,NVT,Canis lupus familiaris,9615,MYH9
sp|Q258K2|MYH9_CANLF,470,NYT,Canis lupus familiaris,9615,MYH9
sp|Q258K2|MYH9_CANLF,481,NHT,Canis lupus familiaris,9615,MYH9
sp|Q258K2|MYH9_CANLF,1712,NSS,Canis lupus familiaris,9615,MYH9
sp|Q258K2|MYH9_CANLF,1825,NET,Canis lupus familiaris,9615,MYH9
sp|Q258K2|MYH9_CANLF,1890,NAS,Canis lupus familiaris,9615,MYH9
sp|Q28247|CO4A5_CANLF,125,NGT,Canis lupus familiaris,9615,COL4A5
sp|Q28259|G3P_CANLF,147,NAS,Canis lupus familiaris,9615,GAPDH
sp|Q28259|G3P_CANLF,237,NVS,Canis lupus familiaris,9615,GAPDH
sp|Q28262|PAFA_CANLF,60,NGS,Canis lupus familiaris,9615,PLA2G7
sp|Q28262|PAFA_CANLF,200,NKS,Canis lupus familiaris,9615,PLA2G7
sp|Q28262|PAFA_CANLF,424,NIT,Canis lupus familiaris,9615,PLA2G7
sp|Q28265|KCMA1_CANLF,71,NGS,Canis lupus familiaris,9615,KCNMA1
sp|Q28265|KCMA1_CANLF,203,NRS,Canis lupus familiaris,9615,KCNMA1
sp|Q28265|KCMA1_CANLF,383,NIS,Canis lupus familiaris,9615,KCNMA1
sp|Q28265|KCMA1_CANLF,887,NDT,Canis lupus familiaris,9615,KCNMA1
sp|Q28269|OCLN_CANLF,299,NVS,Canis lupus familiaris,9615,OCLN
sp|Q28270|CD34_CANLF,55,NTS,Canis lupus familiaris,9615,CD34
sp|Q28270|CD34_CANLF,107,NSS,Canis lupus familiaris,9615,CD34
sp|Q28270|CD34_CANLF,126,NFS,Canis lupus familiaris,9615,CD34
sp|Q28270|CD34_CANLF,142,NGS,Canis lupus familiaris,9615,CD34
sp|Q28270|CD34_CANLF,149,NST,Canis lupus familiaris,9615,CD34
sp|Q28270|CD34_CANLF,171,NDT,Canis lupus familiaris,9615,CD34
sp|Q28270|CD34_CANLF,200,NET,Canis lupus familiaris,9615,CD34
sp|Q28270|CD34_CANLF,253,NKT,Canis lupus familiaris,9615,CD34
sp|Q28270|CD34_CANLF,366,NGT,Canis lupus familiaris,9615,CD34
sp|Q28275|FINC_CANLF,407,NYT,Canis lupus familiaris,9615,FN1
sp|Q28275|FINC_CANLF,492,NDT,Canis lupus familiaris,9615,FN1
sp|Q28275|FINC_CANLF,506,NCT,Canis lupus familiaris,9615,FN1
sp|Q28275|FINC_CANLF,841,NIT,Canis lupus familiaris,9615,FN1
sp|Q28275|FINC_CANLF,971,NET,Canis lupus familiaris,9615,FN1
sp|Q28275|FINC_CANLF,1200,NLS,Canis lupus familiaris,9615,FN1
sp|Q28275|FINC_CANLF,1208,NVS,Canis lupus familiaris,9615,FN1
sp|Q28275|FINC_CANLF,1255,NSS,Canis lupus familiaris,9615,FN1
sp|Q28275|FINC_CANLF,1762,NVS,Canis lupus familiaris,9615,FN1
sp|Q28278|PROC_CANLF,139,NCS,Canis lupus familiaris,9615,PROC
sp|Q28278|PROC_CANLF,202,NQT,Canis lupus familiaris,9615,PROC
sp|Q28278|PROC_CANLF,289,NYS,Canis lupus familiaris,9615,PROC
sp|Q28278|PROC_CANLF,350,NRT,Canis lupus familiaris,9615,PROC
sp|Q28279|CNGA1_CANLF,56,NET,Canis lupus familiaris,9615,CNGA1
sp|Q28279|CNGA1_CANLF,67,NNS,Canis lupus familiaris,9615,CNGA1
sp|Q28279|CNGA1_CANLF,91,NNS,Canis lupus familiaris,9615,CNGA1
sp|Q28279|CNGA1_CANLF,178,NWT,Canis lupus familiaris,9615,CNGA1
sp|Q28279|CNGA1_CANLF,328,NDT,Canis lupus familiaris,9615,CNGA1
sp|Q28279|CNGA1_CANLF,424,NVS,Canis lupus familiaris,9615,CNGA1
sp|Q28284|CD44_CANLF,18,NIT,Canis lupus familiaris,9615,CD44
sp|Q28284|CD44_CANLF,50,NST,Canis lupus familiaris,9615,CD44
sp|Q28284|CD44_CANLF,93,NHT,Canis lupus familiaris,9615,CD44
sp|Q28284|CD44_CANLF,103,NTS,Canis lupus familiaris,9615,CD44
sp|Q28284|CD44_CANLF,113,NAS,Canis lupus familiaris,9615,CD44
sp|Q28284|CD44_CANLF,250,NTT,Canis lupus familiaris,9615,CD44
sp|Q28293|KCNA2_CANLF,38,NIS,Canis lupus familiaris,9615,KCNA2
sp|Q28293|KCNA2_CANLF,207,NST,Canis lupus familiaris,9615,KCNA2
sp|Q28293|KCNA2_CANLF,466,NNS,Canis lupus familiaris,9615,KCNA2
sp|Q28293|KCNA2_CANLF,481,NCT,Canis lupus familiaris,9615,KCNA2
sp|Q28293|KCNA2_CANLF,491,NIT,Canis lupus familiaris,9615,KCNA2
sp|Q28294|GNAQ_CANLF,222,NVT,Canis lupus familiaris,9615,GNAQ
sp|Q28294|GNAQ_CANLF,266,NSS,Canis lupus familiaris,9615,GNAQ
sp|Q28295|VWF_CANLF,99,NGT,Canis lupus familiaris,9615,VWF
sp|Q28295|VWF_CANLF,156,NKT,Canis lupus familiaris,9615,VWF
sp|Q28295|VWF_CANLF,211,NVS,Canis lupus familiaris,9615,VWF
sp|Q28295|VWF_CANLF,666,NMT,Canis lupus familiaris,9615,VWF
sp|Q28295|VWF_CANLF,857,NCT,Canis lupus familiaris,9615,VWF
sp|Q28295|VWF_CANLF,1231,NFT,Canis lupus familiaris,9615,VWF
sp|Q28295|VWF_CANLF,1515,NKS,Canis lupus familiaris,9615,VWF
sp|Q28295|VWF_CANLF,1574,NRT,Canis lupus familiaris,9615,VWF
sp|Q28295|VWF_CANLF,2223,NTS,Canis lupus familiaris,9615,VWF
sp|Q28295|VWF_CANLF,2290,NCT,Canis lupus familiaris,9615,VWF
sp|Q28295|VWF_CANLF,2357,NFT,Canis lupus familiaris,9615,VWF
sp|Q28295|VWF_CANLF,2400,NST,Canis lupus familiaris,9615,VWF
sp|Q28295|VWF_CANLF,2546,NVS,Canis lupus familiaris,9615,VWF
sp|Q28295|VWF_CANLF,2585,NGT,Canis lupus familiaris,9615,VWF
sp|Q28295|VWF_CANLF,2790,NGS,Canis lupus familiaris,9615,VWF
sp|Q28343|PGCA_CANLF,126,NDS,Canis lupus familiaris,9615,ACAN
sp|Q28343|PGCA_CANLF,239,NET,Canis lupus familiaris,9615,ACAN
sp|Q28343|PGCA_CANLF,333,NQT,Canis lupus familiaris,9615,ACAN
sp|Q28343|PGCA_CANLF,387,NIT,Canis lupus familiaris,9615,ACAN
sp|Q28343|PGCA_CANLF,444,NRT,Canis lupus familiaris,9615,ACAN
sp|Q28343|PGCA_CANLF,620,NAT,Canis lupus familiaris,9615,ACAN
sp|Q28343|PGCA_CANLF,676,NQT,Canis lupus familiaris,9615,ACAN
sp|Q28343|PGCA_CANLF,747,NQT,Canis lupus familiaris,9615,ACAN
sp|Q28350|MYC_CANLF,17,NVS,Canis lupus familiaris,9615,MYC
sp|Q28350|MYC_CANLF,125,NQS,Canis lupus familiaris,9615,MYC
sp|Q28350|MYC_CANLF,213,NDS,Canis lupus familiaris,9615,MYC
sp|Q28923|YES_CANLF,49,NFS,Canis lupus familiaris,9615,YES1
sp|Q28923|YES_CANLF,118,NNT,Canis lupus familiaris,9615,YES1
sp|Q28923|YES_CANLF,293,NGT,Canis lupus familiaris,9615,YES1
sp|Q29536|KPYR_CANLF,118,NFS,Canis lupus familiaris,9615,PKLR
sp|Q29537|P53_CANLF,227,NSS,Canis lupus familiaris,9615,TP53
sp|Q29611|CLN3_CANLF,49,NFS,Canis lupus familiaris,9615,CLN3
sp|Q29611|CLN3_CANLF,71,NQS,Canis lupus familiaris,9615,CLN3
sp|Q29611|CLN3_CANLF,85,NSS,Canis lupus familiaris,9615,CLN3
sp|Q29611|CLN3_CANLF,268,NLS,Canis lupus familiaris,9615,CLN3
sp|Q29611|CLN3_CANLF,310,NTS,Canis lupus familiaris,9615,CLN3
sp|Q2PT31|MYOC_CANLF,43,NES,Canis lupus familiaris,9615,MYOC
sp|Q2Q421|AGRE2_CANLF,42,NAT,Canis lupus familiaris,9615,ADGRE2
sp|Q2Q421|AGRE2_CANLF,113,NES,Canis lupus familiaris,9615,ADGRE2
sp|Q2Q421|AGRE2_CANLF,178,NST,Canis lupus familiaris,9615,ADGRE2
sp|Q2Q421|AGRE2_CANLF,258,NTT,Canis lupus familiaris,9615,ADGRE2
sp|Q2Q421|AGRE2_CANLF,348,NVS,Canis lupus familiaris,9615,ADGRE2
sp|Q2Q421|AGRE2_CANLF,361,NAS,Canis lupus familiaris,9615,ADGRE2
sp|Q2Q421|AGRE2_CANLF,379,NVT,Canis lupus familiaris,9615,ADGRE2
sp|Q2Q421|AGRE2_CANLF,573,NTS,Canis lupus familiaris,9615,ADGRE2
sp|Q2Q421|AGRE2_CANLF,642,NYS,Canis lupus familiaris,9615,ADGRE2
sp|Q3LSL6|CXCR4_CANLF,11,NYT,Canis lupus familiaris,9615,CXCR4
sp|Q3LSL6|CXCR4_CANLF,193,NDS,Canis lupus familiaris,9615,CXCR4
sp|Q4VSN4|DUSTY_CANLF,596,NSS,Canis lupus familiaris,9615,DSTYK
sp|Q4VUI0|RHBG_CANLF,49,NHS,Canis lupus familiaris,9615,RHBG
sp|Q4W1W1|HACD1_CANLF,204,NVS,Canis lupus familiaris,9615,HACD1
sp|Q52S86|PODXL_CANLF,123,NKS,Canis lupus familiaris,9615,PODXL
sp|Q52S86|PODXL_CANLF,199,NST,Canis lupus familiaris,9615,PODXL
sp|Q52S86|PODXL_CANLF,373,NLT,Canis lupus familiaris,9615,PODXL
sp|Q52S86|PODXL_CANLF,383,NNS,Canis lupus familiaris,9615,PODXL
sp|Q5FBR4|RARA_CANLF,4,NSS,Canis lupus familiaris,9615,RARA
sp|Q5FBR4|RARA_CANLF,211,NNS,Canis lupus familiaris,9615,RARA
sp|Q5FBR4|RARA_CANLF,293,NRT,Canis lupus familiaris,9615,RARA
sp|Q5FBR4|RARA_CANLF,453,NRS,Canis lupus familiaris,9615,RARA
sp|Q5I2M8|TLR9_CANLF,64,NVT,Canis lupus familiaris,9615,TLR9
sp|Q5I2M8|TLR9_CANLF,129,NLS,Canis lupus familiaris,9615,TLR9
sp|Q5I2M8|TLR9_CANLF,200,NLT,Canis lupus familiaris,9615,TLR9
sp|Q5I2M8|TLR9_CANLF,210,NLT,Canis lupus familiaris,9615,TLR9
sp|Q5I2M8|TLR9_CANLF,242,NLT,Canis lupus familiaris,9615,TLR9
sp|Q5I2M8|TLR9_CANLF,340,NLS,Canis lupus familiaris,9615,TLR9
sp|Q5I2M8|TLR9_CANLF,476,NFT,Canis lupus familiaris,9615,TLR9
sp|Q5I2M8|TLR9_CANLF,515,NGS,Canis lupus familiaris,9615,TLR9
sp|Q5I2M8|TLR9_CANLF,569,NLS,Canis lupus familiaris,9615,TLR9
sp|Q5I2M8|TLR9_CANLF,671,NWS,Canis lupus familiaris,9615,TLR9
sp|Q5I2M8|TLR9_CANLF,696,NGS,Canis lupus familiaris,9615,TLR9
sp|Q5I2M8|TLR9_CANLF,701,NGT,Canis lupus familiaris,9615,TLR9
sp|Q5I2M8|TLR9_CANLF,733,NLS,Canis lupus familiaris,9615,TLR9
sp|Q5JZQ9|CLN5_CANLF,122,NYT,Canis lupus familiaris,9615,CLN5
sp|Q5JZQ9|CLN5_CANLF,135,NCT,Canis lupus familiaris,9615,CLN5
sp|Q5JZQ9|CLN5_CANLF,170,NGT,Canis lupus familiaris,9615,CLN5
sp|Q5JZQ9|CLN5_CANLF,195,NET,Canis lupus familiaris,9615,CLN5
sp|Q5JZQ9|CLN5_CANLF,247,NYT,Canis lupus familiaris,9615,CLN5
sp|Q5JZQ9|CLN5_CANLF,263,NET,Canis lupus familiaris,9615,CLN5
sp|Q5JZQ9|CLN5_CANLF,273,NKT,Canis lupus familiaris,9615,CLN5
sp|Q5JZQ9|CLN5_CANLF,344,NET,Canis lupus familiaris,9615,CLN5
sp|Q5KSK8|CXCR3_CANLF,22,NCS,Canis lupus familiaris,9615,CXCR3
sp|Q5KSK8|CXCR3_CANLF,32,NES,Canis lupus familiaris,9615,CXCR3
sp|Q5PU49|KPCD_CANLF,329,NGT,Canis lupus familiaris,9615,PRKCD
sp|Q5PU49|KPCD_CANLF,605,NWT,Canis lupus familiaris,9615,PRKCD
sp|Q5QQ56|XYLT1_CANLF,34,NFS,Canis lupus familiaris,9615,XYLT1
sp|Q5QQ56|XYLT1_CANLF,215,NGS,Canis lupus familiaris,9615,XYLT1
sp|Q5QQ56|XYLT1_CANLF,410,NLS,Canis lupus familiaris,9615,XYLT1
sp|Q5QQ56|XYLT1_CANLF,768,NVT,Canis lupus familiaris,9615,XYLT1
sp|Q5QQX7|CP19A_CANLF,12,NIT,Canis lupus familiaris,9615,CYP19A1
sp|Q5R1P0|NMDZ1_CANLF,61,NAT,Canis lupus familiaris,9615,GRIN1
sp|Q5R1P0|NMDZ1_CANLF,224,NVT,Canis lupus familiaris,9615,GRIN1
sp|Q5R1P0|NMDZ1_CANLF,260,NMT,Canis lupus familiaris,9615,GRIN1
sp|Q5R1P0|NMDZ1_CANLF,297,NES,Canis lupus familiaris,9615,GRIN1
sp|Q5R1P0|NMDZ1_CANLF,321,NIT,Canis lupus familiaris,9615,GRIN1
sp|Q5R1P0|NMDZ1_CANLF,371,NYS,Canis lupus familiaris,9615,GRIN1
sp|Q5R1P0|NMDZ1_CANLF,389,NGT,Canis lupus familiaris,9615,GRIN1
sp|Q5R1P0|NMDZ1_CANLF,461,NDT,Canis lupus familiaris,9615,GRIN1
sp|Q5R1P0|NMDZ1_CANLF,492,NFT,Canis lupus familiaris,9615,GRIN1
sp|Q5R1P0|NMDZ1_CANLF,512,NNS,Canis lupus familiaris,9615,GRIN1
sp|Q5R1P0|NMDZ1_CANLF,792,NVS,Canis lupus familiaris,9615,GRIN1
sp|Q5R1P0|NMDZ1_CANLF,933,NLS,Canis lupus familiaris,9615,GRIN1
sp|Q5R1P3|NMDE2_CANLF,74,NET,Canis lupus familiaris,9615,GRIN2B
sp|Q5R1P3|NMDE2_CANLF,341,NVT,Canis lupus familiaris,9615,GRIN2B
sp|Q5R1P3|NMDE2_CANLF,348,NLS,Canis lupus familiaris,9615,GRIN2B
sp|Q5R1P3|NMDE2_CANLF,444,NKT,Canis lupus familiaris,9615,GRIN2B
sp|Q5R1P3|NMDE2_CANLF,491,NGT,Canis lupus familiaris,9615,GRIN2B
sp|Q5R1P3|NMDE2_CANLF,542,NGT,Canis lupus familiaris,9615,GRIN2B
sp|Q5R1P3|NMDE2_CANLF,615,NNS,Canis lupus familiaris,9615,GRIN2B
sp|Q5R1P3|NMDE2_CANLF,688,NGS,Canis lupus familiaris,9615,GRIN2B
sp|Q5R1P3|NMDE2_CANLF,892,NNT,Canis lupus familiaris,9615,GRIN2B
sp|Q5R1P3|NMDE2_CANLF,910,NLS,Canis lupus familiaris,9615,GRIN2B
sp|Q5R1P3|NMDE2_CANLF,915,NGS,Canis lupus familiaris,9615,GRIN2B
sp|Q5R1P3|NMDE2_CANLF,1175,NRS,Canis lupus familiaris,9615,GRIN2B
sp|Q5R1P3|NMDE2_CANLF,1200,NLS,Canis lupus familiaris,9615,GRIN2B
sp|Q5R1P3|NMDE2_CANLF,1224,NYS,Canis lupus familiaris,9615,GRIN2B
sp|Q5R1P3|NMDE2_CANLF,1451,NQS,Canis lupus familiaris,9615,GRIN2B
sp|Q5R1P3|NMDE2_CANLF,1467,NGS,Canis lupus familiaris,9615,GRIN2B
sp|Q5TJE1|DAXX_CANLF,363,NRS,Canis lupus familiaris,9615,DAXX
sp|Q5TJF3|RING1_CANLF,9,NAS,Canis lupus familiaris,9615,RING1
sp|Q5TJF3|RING1_CANLF,289,NAT,Canis lupus familiaris,9615,RING1
sp|Q5TJF3|RING1_CANLF,376,NGS,Canis lupus familiaris,9615,RING1
sp|Q5TJF5|DHB8_CANLF,151,NIS,Canis lupus familiaris,9615,HSD17B8
sp|Q5U820|CFTR_CANLF,306,NSS,Canis lupus familiaris,9615,CFTR
sp|Q5U820|CFTR_CANLF,386,NLT,Canis lupus familiaris,9615,CFTR
sp|Q5U820|CFTR_CANLF,396,NVT,Canis lupus familiaris,9615,CFTR
sp|Q5U820|CFTR_CANLF,432,NFS,Canis lupus familiaris,9615,CFTR
sp|Q5U820|CFTR_CANLF,597,NKT,Canis lupus familiaris,9615,CFTR
sp|Q5U820|CFTR_CANLF,680,NET,Canis lupus familiaris,9615,CFTR
sp|Q5U820|CFTR_CANLF,802,NLT,Canis lupus familiaris,9615,CFTR
sp|Q5U820|CFTR_CANLF,887,NLS,Canis lupus familiaris,9615,CFTR
sp|Q5U820|CFTR_CANLF,895,NST,Canis lupus familiaris,9615,CFTR
sp|Q5U820|CFTR_CANLF,901,NSS,Canis lupus familiaris,9615,CFTR
sp|Q5U820|CFTR_CANLF,1149,NSS,Canis lupus familiaris,9615,CFTR
sp|Q5U820|CFTR_CANLF,1232,NIS,Canis lupus familiaris,9615,CFTR
sp|Q5WR10|DX39B_CANLF,182,NKS,Canis lupus familiaris,9615,DDX39B
sp|Q5WR10|DX39B_CANLF,410,NIS,Canis lupus familiaris,9615,DDX39B
sp|Q5XFN2|DESM_CANLF,287,NIS,Canis lupus familiaris,9615,DES
sp|Q5XFN2|DESM_CANLF,341,NDS,Canis lupus familiaris,9615,DES
sp|Q60F97|5HT2C_CANLF,39,NTS,Canis lupus familiaris,9615,HTR2C
sp|Q60F97|5HT2C_CANLF,86,NAT,Canis lupus familiaris,9615,HTR2C
sp|Q60F97|5HT2C_CANLF,203,NNT,Canis lupus familiaris,9615,HTR2C
sp|Q60F97|5HT2C_CANLF,270,NGT,Canis lupus familiaris,9615,HTR2C
sp|Q659L1|FUT9_CANLF,62,NET,Canis lupus familiaris,9615,FUT9
sp|Q659L1|FUT9_CANLF,101,NKS,Canis lupus familiaris,9615,FUT9
sp|Q659L1|FUT9_CANLF,153,NLT,Canis lupus familiaris,9615,FUT9
sp|Q689D1|TLR2_CANLF,16,NLS,Canis lupus familiaris,9615,TLR2
sp|Q689D1|TLR2_CANLF,115,NLS,Canis lupus familiaris,9615,TLR2
sp|Q689D1|TLR2_CANLF,200,NIS,Canis lupus familiaris,9615,TLR2
sp|Q689D1|TLR2_CANLF,246,NET,Canis lupus familiaris,9615,TLR2
sp|Q689D1|TLR2_CANLF,415,NLT,Canis lupus familiaris,9615,TLR2
sp|Q689D1|TLR2_CANLF,443,NLS,Canis lupus familiaris,9615,TLR2
sp|Q68CI2|DOPO_CANLF,177,NTS,Canis lupus familiaris,9615,DBH
sp|Q68CI2|DOPO_CANLF,267,NIT,Canis lupus familiaris,9615,DBH
sp|Q68CI2|DOPO_CANLF,315,NSS,Canis lupus familiaris,9615,DBH
sp|Q68CI2|DOPO_CANLF,512,NRS,Canis lupus familiaris,9615,DBH
sp|Q68CI2|DOPO_CANLF,574,NKS,Canis lupus familiaris,9615,DBH
sp|Q697L1|TRPV1_CANLF,171,NDT,Canis lupus familiaris,9615,TRPV1
sp|Q697L1|TRPV1_CANLF,192,NAS,Canis lupus familiaris,9615,TRPV1
sp|Q697L1|TRPV1_CANLF,605,NNS,Canis lupus familiaris,9615,TRPV1
sp|Q697L1|TRPV1_CANLF,750,NWT,Canis lupus familiaris,9615,TRPV1
sp|Q697L1|TRPV1_CANLF,791,NFS,Canis lupus familiaris,9615,TRPV1
sp|Q6F3J0|NFKB1_CANLF,246,NAS,Canis lupus familiaris,9615,NFKB1
sp|Q6F3J0|NFKB1_CANLF,322,NIT,Canis lupus familiaris,9615,NFKB1
sp|Q6F3J0|NFKB1_CANLF,369,NFS,Canis lupus familiaris,9615,NFKB1
sp|Q6F3J0|NFKB1_CANLF,441,NDS,Canis lupus familiaris,9615,NFKB1
sp|Q6F3J0|NFKB1_CANLF,456,NLS,Canis lupus familiaris,9615,NFKB1
sp|Q6F3J0|NFKB1_CANLF,694,NIS,Canis lupus familiaris,9615,NFKB1
sp|Q6JAN1|INVS_CANLF,2,NRS,Canis lupus familiaris,9615,INVS
sp|Q6JAN1|INVS_CANLF,75,NKT,Canis lupus familiaris,9615,INVS
sp|Q6JAN1|INVS_CANLF,233,NVT,Canis lupus familiaris,9615,INVS
sp|Q6JAN1|INVS_CANLF,247,NIT,Canis lupus familiaris,9615,INVS
sp|Q6JAN1|INVS_CANLF,278,NKS,Canis lupus familiaris,9615,INVS
sp|Q6JAN1|INVS_CANLF,690,NES,Canis lupus familiaris,9615,INVS
sp|Q6JAN1|INVS_CANLF,834,NKT,Canis lupus familiaris,9615,INVS
sp|Q6JAN1|INVS_CANLF,1049,NFS,Canis lupus familiaris,9615,INVS
sp|Q6Q7I7|PDGFB_CANLF,63,NLT,Canis lupus familiaris,9615,PDGFB
sp|Q6QNF3|PGFRB_CANLF,45,NIS,Canis lupus familiaris,9615,PDGFRB
sp|Q6QNF3|PGFRB_CANLF,89,NVT,Canis lupus familiaris,9615,PDGFRB
sp|Q6QNF3|PGFRB_CANLF,215,NVS,Canis lupus familiaris,9615,PDGFRB
sp|Q6QNF3|PGFRB_CANLF,230,NIT,Canis lupus familiaris,9615,PDGFRB
sp|Q6QNF3|PGFRB_CANLF,292,NVS,Canis lupus familiaris,9615,PDGFRB
sp|Q6QNF3|PGFRB_CANLF,307,NVT,Canis lupus familiaris,9615,PDGFRB
sp|Q6QNF3|PGFRB_CANLF,354,NRT,Canis lupus familiaris,9615,PDGFRB
sp|Q6QNF3|PGFRB_CANLF,371,NVS,Canis lupus familiaris,9615,PDGFRB
sp|Q6QNF3|PGFRB_CANLF,468,NSS,Canis lupus familiaris,9615,PDGFRB
sp|Q6QNF3|PGFRB_CANLF,479,NVT,Canis lupus familiaris,9615,PDGFRB
sp|Q6QNF3|PGFRB_CANLF,793,NES,Canis lupus familiaris,9615,PDGFRB
sp|Q6QNF3|PGFRB_CANLF,1052,NTS,Canis lupus familiaris,9615,PDGFRB
sp|Q6RH31|PSN1_CANLF,30,NDS,Canis lupus familiaris,9615,PSEN1
sp|Q6RH31|PSN1_CANLF,278,NET,Canis lupus familiaris,9615,PSEN1
sp|Q6RH31|PSN1_CANLF,404,NTT,Canis lupus familiaris,9615,PSEN1
sp|Q6S9C0|CXA1_CANLF,294,NNS,Canis lupus familiaris,9615,GJA1
sp|Q6S9C0|CXA1_CANLF,312,NYS,Canis lupus familiaris,9615,GJA1
sp|Q6UKI2|AMNLS_CANLF,35,NWS,Canis lupus familiaris,9615,AMN
sp|Q6UKI2|AMNLS_CANLF,39,NRT,Canis lupus familiaris,9615,AMN
sp|Q6UR05|MRP1_CANLF,23,NTS,Canis lupus familiaris,9615,ABCC1
sp|Q6UR05|MRP1_CANLF,71,NKT,Canis lupus familiaris,9615,ABCC1
sp|Q6UR05|MRP1_CANLF,648,NAT,Canis lupus familiaris,9615,ABCC1
sp|Q6UR05|MRP1_CANLF,719,NDS,Canis lupus familiaris,9615,ABCC1
sp|Q6UR05|MRP1_CANLF,767,NLS,Canis lupus familiaris,9615,ABCC1
sp|Q6UR05|MRP1_CANLF,819,NKT,Canis lupus familiaris,9615,ABCC1
sp|Q6UR05|MRP1_CANLF,916,NSS,Canis lupus familiaris,9615,ABCC1
sp|Q6UR05|MRP1_CANLF,1006,NGT,Canis lupus familiaris,9615,ABCC1
sp|Q6UR05|MRP1_CANLF,1156,NET,Canis lupus familiaris,9615,ABCC1
sp|Q6UR05|MRP1_CANLF,1314,NIT,Canis lupus familiaris,9615,ABCC1
sp|Q6UR05|MRP1_CANLF,1344,NES,Canis lupus familiaris,9615,ABCC1
sp|Q6UR05|MRP1_CANLF,1429,NLS,Canis lupus familiaris,9615,ABCC1
sp|Q6XPZ3|PAG15_CANLF,95,NRT,Canis lupus familiaris,9615,PLA2G15
sp|Q6XPZ3|PAG15_CANLF,269,NYT,Canis lupus familiaris,9615,PLA2G15
sp|Q6XPZ3|PAG15_CANLF,285,NYT,Canis lupus familiaris,9615,PLA2G15
sp|Q6XPZ3|PAG15_CANLF,394,NAT,Canis lupus familiaris,9615,PLA2G15
sp|Q6XXX9|5HT1A_CANLF,10,NNT,Canis lupus familiaris,9615,HTR1A
sp|Q6XXX9|5HT1A_CANLF,24,NAT,Canis lupus familiaris,9615,HTR1A
sp|Q6Y4Q5|MMP3_CANLF,120,NYT,Canis lupus familiaris,9615,MMP3
sp|Q6Y4Q5|MMP3_CANLF,452,NGS,Canis lupus familiaris,9615,MMP3
sp|Q6YKA4|HMGB1_CANLF,37,NFS,Canis lupus familiaris,9615,HMGB1
sp|Q6YKA4|HMGB1_CANLF,134,NNT,Canis lupus familiaris,9615,HMGB1
sp|Q75W64|AICDA_CANLF,51,NKS,Canis lupus familiaris,9615,AICDA
sp|Q75W64|AICDA_CANLF,103,NLS,Canis lupus familiaris,9615,AICDA
sp|Q75ZY9|MET_CANLF,45,NFT,Canis lupus familiaris,9615,MET
sp|Q75ZY9|MET_CANLF,106,NLS,Canis lupus familiaris,9615,MET
sp|Q75ZY9|MET_CANLF,203,NSS,Canis lupus familiaris,9615,MET
sp|Q75ZY9|MET_CANLF,359,NRS,Canis lupus familiaris,9615,MET
sp|Q75ZY9|MET_CANLF,400,NRT,Canis lupus familiaris,9615,MET
sp|Q75ZY9|MET_CANLF,406,NSS,Canis lupus familiaris,9615,MET
sp|Q75ZY9|MET_CANLF,608,NES,Canis lupus familiaris,9615,MET
sp|Q75ZY9|MET_CANLF,636,NIS,Canis lupus familiaris,9615,MET
sp|Q75ZY9|MET_CANLF,786,NFT,Canis lupus familiaris,9615,MET
sp|Q75ZY9|MET_CANLF,880,NKS,Canis lupus familiaris,9615,MET
sp|Q75ZY9|MET_CANLF,931,NFT,Canis lupus familiaris,9615,MET
sp|Q75ZY9|MET_CANLF,999,NES,Canis lupus familiaris,9615,MET
sp|Q75ZY9|MET_CANLF,1015,NSS,Canis lupus familiaris,9615,MET
sp|Q75ZY9|MET_CANLF,1019,NGS,Canis lupus familiaris,9615,MET
sp|Q75ZY9|MET_CANLF,1172,NET,Canis lupus familiaris,9615,MET
sp|Q75ZY9|MET_CANLF,1240,NKT,Canis lupus familiaris,9615,MET
sp|Q75ZY9|MET_CANLF,1354,NAT,Canis lupus familiaris,9615,MET
sp|Q76HI7|AP2B_CANLF,186,NNS,Canis lupus familiaris,9615,TFAP2B
sp|Q76HI7|AP2B_CANLF,264,NAS,Canis lupus familiaris,9615,TFAP2B
sp|Q76HI7|AP2B_CANLF,304,NVT,Canis lupus familiaris,9615,TFAP2B
sp|Q76HI7|AP2B_CANLF,434,NNT,Canis lupus familiaris,9615,TFAP2B
sp|Q7YRJ7|SOX9_CANLF,96,NGS,Canis lupus familiaris,9615,SOX9
sp|Q7YRJ7|SOX9_CANLF,147,NES,Canis lupus familiaris,9615,SOX9
sp|Q862Z3|UROM_CANLF,40,NAT,Canis lupus familiaris,9615,UMOD
sp|Q862Z3|UROM_CANLF,78,NCS,Canis lupus familiaris,9615,UMOD
sp|Q862Z3|UROM_CANLF,134,NYS,Canis lupus familiaris,9615,UMOD
sp|Q862Z3|UROM_CANLF,234,NGT,Canis lupus familiaris,9615,UMOD
sp|Q862Z3|UROM_CANLF,246,NRT,Canis lupus familiaris,9615,UMOD
sp|Q862Z3|UROM_CANLF,277,NLT,Canis lupus familiaris,9615,UMOD
sp|Q862Z3|UROM_CANLF,324,NVT,Canis lupus familiaris,9615,UMOD
sp|Q862Z3|UROM_CANLF,397,NET,Canis lupus familiaris,9615,UMOD
sp|Q862Z3|UROM_CANLF,448,NIS,Canis lupus familiaris,9615,UMOD
sp|Q862Z3|UROM_CANLF,514,NAT,Canis lupus familiaris,9615,UMOD
sp|Q865S3|ARHG2_CANLF,57,NKS,Canis lupus familiaris,9615,ARHGEF2
sp|Q865S3|ARHG2_CANLF,72,NVT,Canis lupus familiaris,9615,ARHGEF2
sp|Q865S3|ARHG2_CANLF,85,NCT,Canis lupus familiaris,9615,ARHGEF2
sp|Q865S3|ARHG2_CANLF,101,NST,Canis lupus familiaris,9615,ARHGEF2
sp|Q865S3|ARHG2_CANLF,709,NGS,Canis lupus familiaris,9615,ARHGEF2
sp|Q8HYB7|PERT_CANLF,141,NAS,Canis lupus familiaris,9615,TPO
sp|Q8HYB7|PERT_CANLF,277,NRS,Canis lupus familiaris,9615,TPO
sp|Q8HYB7|PERT_CANLF,316,NLS,Canis lupus familiaris,9615,TPO
sp|Q8HYB7|PERT_CANLF,351,NWT,Canis lupus familiaris,9615,TPO
sp|Q8HYB7|PERT_CANLF,623,NAT,Canis lupus familiaris,9615,TPO
sp|Q8HZM5|GLNA_CANLF,255,NFS,Canis lupus familiaris,9615,GLUL
sp|Q8HZM5|GLNA_CANLF,362,NET,Canis lupus familiaris,9615,GLUL
sp|Q8HZR1|PGH1_CANLF,71,NCT,Canis lupus familiaris,9615,PTGS1
sp|Q8HZR1|PGH1_CANLF,107,NAT,Canis lupus familiaris,9615,PTGS1
sp|Q8HZR1|PGH1_CANLF,147,NVS,Canis lupus familiaris,9615,PTGS1
sp|Q8HZR1|PGH1_CANLF,413,NTS,Canis lupus familiaris,9615,PTGS1
sp|Q8MJ46|PP1G_CANLF,305,NAT,Canis lupus familiaris,9615,PPP1CC
sp|Q8MJD7|CNGB3_CANLF,40,NKS,Canis lupus familiaris,9615,CNGB3
sp|Q8MJD7|CNGB3_CANLF,44,NKS,Canis lupus familiaris,9615,CNGB3
sp|Q8MJD7|CNGB3_CANLF,510,NLS,Canis lupus familiaris,9615,CNGB3
sp|Q8WMX5|S15A1_CANLF,50,NLS,Canis lupus familiaris,9615,SLC15A1
sp|Q8WMX5|S15A1_CANLF,117,NLS,Canis lupus familiaris,9615,SLC15A1
sp|Q8WMX5|S15A1_CANLF,354,NFT,Canis lupus familiaris,9615,SLC15A1
sp|Q8WMX5|S15A1_CANLF,408,NVS,Canis lupus familiaris,9615,SLC15A1
sp|Q8WMX5|S15A1_CANLF,439,NIS,Canis lupus familiaris,9615,SLC15A1
sp|Q8WMX5|S15A1_CANLF,495,NES,Canis lupus familiaris,9615,SLC15A1
sp|Q8WMX5|S15A1_CANLF,499,NIT,Canis lupus familiaris,9615,SLC15A1
sp|Q8WMX5|S15A1_CANLF,509,NVT,Canis lupus familiaris,9615,SLC15A1
sp|Q8WMX5|S15A1_CANLF,514,NAS,Canis lupus familiaris,9615,SLC15A1
sp|Q8WMX5|S15A1_CANLF,527,NIT,Canis lupus familiaris,9615,SLC15A1
sp|Q8WMX5|S15A1_CANLF,539,NCT,Canis lupus familiaris,9615,SLC15A1
sp|Q8WN22|PRKDC_CANLF,201,NNS,Canis lupus familiaris,9615,PRKDC
sp|Q8WN22|PRKDC_CANLF,243,NFT,Canis lupus familiaris,9615,PRKDC
sp|Q8WN22|PRKDC_CANLF,564,NSS,Canis lupus familiaris,9615,PRKDC
sp|Q8WN22|PRKDC_CANLF,849,NIS,Canis lupus familiaris,9615,PRKDC
sp|Q8WN22|PRKDC_CANLF,1211,NKS,Canis lupus familiaris,9615,PRKDC
sp|Q8WN22|PRKDC_CANLF,1343,NYS,Canis lupus familiaris,9615,PRKDC
sp|Q8WN22|PRKDC_CANLF,1362,NTS,Canis lupus familiaris,9615,PRKDC
sp|Q8WN22|PRKDC_CANLF,1677,NHS,Canis lupus familiaris,9615,PRKDC
sp|Q8WN22|PRKDC_CANLF,1714,NLT,Canis lupus familiaris,9615,PRKDC
sp|Q8WN22|PRKDC_CANLF,1826,NVT,Canis lupus familiaris,9615,PRKDC
sp|Q8WN22|PRKDC_CANLF,1872,NES,Canis lupus familiaris,9615,PRKDC
sp|Q8WN22|PRKDC_CANLF,2318,NMS,Canis lupus familiaris,9615,PRKDC
sp|Q8WN22|PRKDC_CANLF,2737,NRT,Canis lupus familiaris,9615,PRKDC
sp|Q8WN22|PRKDC_CANLF,2847,NIT,Canis lupus familiaris,9615,PRKDC
sp|Q8WN22|PRKDC_CANLF,2861,NST,Canis lupus familiaris,9615,PRKDC
sp|Q8WN22|PRKDC_CANLF,3129,NYS,Canis lupus familiaris,9615,PRKDC
sp|Q8WN22|PRKDC_CANLF,3166,NLS,Canis lupus familiaris,9615,PRKDC
sp|Q8WN22|PRKDC_CANLF,3267,NFS,Canis lupus familiaris,9615,PRKDC
sp|Q8WN22|PRKDC_CANLF,3835,NMS,Canis lupus familiaris,9615,PRKDC
sp|Q8WN22|PRKDC_CANLF,4048,NVT,Canis lupus familiaris,9615,PRKDC
sp|Q95153|BRCA1_CANLF,106,NFS,Canis lupus familiaris,9615,BRCA1
sp|Q95153|BRCA1_CANLF,112,NNS,Canis lupus familiaris,9615,BRCA1
sp|Q95153|BRCA1_CANLF,174,NKS,Canis lupus familiaris,9615,BRCA1
sp|Q95153|BRCA1_CANLF,284,NSS,Canis lupus familiaris,9615,BRCA1
sp|Q95153|BRCA1_CANLF,303,NNS,Canis lupus familiaris,9615,BRCA1
sp|Q95153|BRCA1_CANLF,373,NSS,Canis lupus familiaris,9615,BRCA1
sp|Q95153|BRCA1_CANLF,545,NIT,Canis lupus familiaris,9615,BRCA1
sp|Q95153|BRCA1_CANLF,553,NET,Canis lupus familiaris,9615,BRCA1
sp|Q95153|BRCA1_CANLF,597,NSS,Canis lupus familiaris,9615,BRCA1
sp|Q95153|BRCA1_CANLF,661,NKT,Canis lupus familiaris,9615,BRCA1
sp|Q95153|BRCA1_CANLF,702,NVS,Canis lupus familiaris,9615,BRCA1
sp|Q95153|BRCA1_CANLF,709,NYS,Canis lupus familiaris,9615,BRCA1
sp|Q95153|BRCA1_CANLF,822,NDT,Canis lupus familiaris,9615,BRCA1
sp|Q95153|BRCA1_CANLF,836,NHT,Canis lupus familiaris,9615,BRCA1
sp|Q95153|BRCA1_CANLF,996,NLS,Canis lupus familiaris,9615,BRCA1
sp|Q95153|BRCA1_CANLF,1216,NMS,Canis lupus familiaris,9615,BRCA1
sp|Q95153|BRCA1_CANLF,1255,NKT,Canis lupus familiaris,9615,BRCA1
sp|Q95153|BRCA1_CANLF,1431,NSS,Canis lupus familiaris,9615,BRCA1
sp|Q95153|BRCA1_CANLF,1452,NAS,Canis lupus familiaris,9615,BRCA1
sp|Q95153|BRCA1_CANLF,1629,NKS,Canis lupus familiaris,9615,BRCA1
sp|Q95158|GBGT1_CANLF,108,NLT,Canis lupus familiaris,9615,GBGT1
sp|Q95167|KCNB2_CANLF,187,NSS,Canis lupus familiaris,9615,KCNB2
sp|Q95167|KCNB2_CANLF,287,NKS,Canis lupus familiaris,9615,KCNB2
sp|Q95167|KCNB2_CANLF,446,NGS,Canis lupus familiaris,9615,KCNB2
sp|Q95167|KCNB2_CANLF,505,NKS,Canis lupus familiaris,9615,KCNB2
sp|Q95167|KCNB2_CANLF,525,NNT,Canis lupus familiaris,9615,KCNB2
sp|Q95168|ZO2_CANLF,66,NGT,Canis lupus familiaris,9615,TJP2
sp|Q95168|ZO2_CANLF,338,NGT,Canis lupus familiaris,9615,TJP2
sp|Q95168|ZO2_CANLF,344,NMS,Canis lupus familiaris,9615,TJP2
sp|Q95168|ZO2_CANLF,380,NDS,Canis lupus familiaris,9615,TJP2
sp|Q95168|ZO2_CANLF,395,NRS,Canis lupus familiaris,9615,TJP2
sp|Q95168|ZO2_CANLF,645,NKS,Canis lupus familiaris,9615,TJP2
sp|Q95168|ZO2_CANLF,786,NYT,Canis lupus familiaris,9615,TJP2
sp|Q95168|ZO2_CANLF,817,NKS,Canis lupus familiaris,9615,TJP2
sp|Q95168|ZO2_CANLF,848,NDS,Canis lupus familiaris,9615,TJP2
sp|Q95JD5|ST1B1_CANLF,240,NYT,Canis lupus familiaris,9615,SULT1B1
sp|Q95KM6|CLD2_CANLF,190,NRS,Canis lupus familiaris,9615,CLDN2
sp|Q95LA2|FMO1_CANLF,314,NNT,Canis lupus familiaris,9615,FMO1
sp|Q9GJU1|DRD2_CANLF,5,NLS,Canis lupus familiaris,9615,DRD2
sp|Q9GJU1|DRD2_CANLF,17,NWS,Canis lupus familiaris,9615,DRD2
sp|Q9GJU1|DRD2_CANLF,23,NGS,Canis lupus familiaris,9615,DRD2
sp|Q9GJU1|DRD2_CANLF,175,NNT,Canis lupus familiaris,9615,DRD2
sp|Q9GJU1|DRD2_CANLF,243,NCT,Canis lupus familiaris,9615,DRD2
sp|Q9GJU1|DRD2_CANLF,260,NGS,Canis lupus familiaris,9615,DRD2
sp|Q9GL24|CATL1_CANLF,222,NDT,Canis lupus familiaris,9615,CTSL
sp|Q9GLW0|PRGR_CANLF,670,NES,Canis lupus familiaris,9615,PGR
sp|Q9GMZ1|UCP1_CANLF,190,NCT,Canis lupus familiaris,9615,UCP1
sp|Q9MYV3|VEGFA_CANLF,100,NIT,Canis lupus familiaris,9615,VEGFA
sp|Q9MZF4|DUOX1_CANLF,94,NRT,Canis lupus familiaris,9615,DUOX1
sp|Q9MZF4|DUOX1_CANLF,342,NAS,Canis lupus familiaris,9615,DUOX1
sp|Q9MZF4|DUOX1_CANLF,354,NSS,Canis lupus familiaris,9615,DUOX1
sp|Q9MZF4|DUOX1_CANLF,461,NHT,Canis lupus familiaris,9615,DUOX1
sp|Q9MZF4|DUOX1_CANLF,534,NTS,Canis lupus familiaris,9615,DUOX1
sp|Q9MZF4|DUOX1_CANLF,1480,NRS,Canis lupus familiaris,9615,DUOX1
sp|Q9MZT1|CLCN1_CANLF,430,NNT,Canis lupus familiaris,9615,CLCN1
sp|Q9MZT1|CLCN1_CANLF,791,NMS,Canis lupus familiaris,9615,CLCN1
sp|Q9MZV7|CASP1_CANLF,337,NVS,Canis lupus familiaris,9615,CASP1
sp|Q9N1T2|RPGR_CANLF,97,NHT,Canis lupus familiaris,9615,RPGR
sp|Q9N1T2|RPGR_CANLF,150,NTS,Canis lupus familiaris,9615,RPGR
sp|Q9N1T2|RPGR_CANLF,176,NVT,Canis lupus familiaris,9615,RPGR
sp|Q9N1T2|RPGR_CANLF,305,NHT,Canis lupus familiaris,9615,RPGR
sp|Q9N1T2|RPGR_CANLF,333,NST,Canis lupus familiaris,9615,RPGR
sp|Q9N1T2|RPGR_CANLF,381,NKS,Canis lupus familiaris,9615,RPGR
sp|Q9N1T2|RPGR_CANLF,395,NLS,Canis lupus familiaris,9615,RPGR
sp|Q9N1T2|RPGR_CANLF,454,NWS,Canis lupus familiaris,9615,RPGR
sp|Q9N1T2|RPGR_CANLF,486,NSS,Canis lupus familiaris,9615,RPGR
sp|Q9N1T2|RPGR_CANLF,503,NMT,Canis lupus familiaris,9615,RPGR
sp|Q9N1T2|RPGR_CANLF,591,NDS,Canis lupus familiaris,9615,RPGR
sp|Q9N1T2|RPGR_CANLF,920,NDS,Canis lupus familiaris,9615,RPGR
sp|Q9N281|COHA1_CANLF,66,NSS,Canis lupus familiaris,9615,COL17A1
sp|Q9N281|COHA1_CANLF,74,NAS,Canis lupus familiaris,9615,COL17A1
sp|Q9N281|COHA1_CANLF,117,NSS,Canis lupus familiaris,9615,COL17A1
sp|Q9N281|COHA1_CANLF,179,NSS,Canis lupus familiaris,9615,COL17A1
sp|Q9N281|COHA1_CANLF,238,NVT,Canis lupus familiaris,9615,COL17A1
sp|Q9N281|COHA1_CANLF,263,NMT,Canis lupus familiaris,9615,COL17A1
sp|Q9N281|COHA1_CANLF,1493,NVT,Canis lupus familiaris,9615,COL17A1
sp|Q9N2J4|AQP1_CANLF,42,NQT,Canis lupus familiaris,9615,AQP1
sp|Q9TSZ3|KCNH2_CANLF,316,NST,Canis lupus familiaris,9615,KCNH2
sp|Q9TSZ3|KCNH2_CANLF,368,NVT,Canis lupus familiaris,9615,KCNH2
sp|Q9TSZ3|KCNH2_CANLF,597,NSS,Canis lupus familiaris,9615,KCNH2
sp|Q9TSZ3|KCNH2_CANLF,628,NVS,Canis lupus familiaris,9615,KCNH2
sp|Q9TSZ3|KCNH2_CANLF,657,NVS,Canis lupus familiaris,9615,KCNH2
sp|Q9TSZ3|KCNH2_CANLF,732,NRS,Canis lupus familiaris,9615,KCNH2
sp|Q9TSZ6|DAG1_CANLF,138,NGS,Canis lupus familiaris,9615,DAG1
sp|Q9TSZ6|DAG1_CANLF,638,NCS,Canis lupus familiaris,9615,DAG1
sp|Q9TSZ6|DAG1_CANLF,646,NIT,Canis lupus familiaris,9615,DAG1
sp|Q9TSZ6|DAG1_CANLF,658,NNT,Canis lupus familiaris,9615,DAG1
sp|Q9TSZ6|DAG1_CANLF,830,NQS,Canis lupus familiaris,9615,DAG1
sp|Q9TSZ6|DAG1_CANLF,879,NMT,Canis lupus familiaris,9615,DAG1
sp|Q9TT90|ANDR_CANLF,141,NDS,Canis lupus familiaris,9615,AR
sp|Q9TT90|ANDR_CANLF,635,NVT,Canis lupus familiaris,9615,AR
sp|Q9TTY2|FER_CANLF,66,NVS,Canis lupus familiaris,9615,FER
sp|Q9TTY2|FER_CANLF,299,NLT,Canis lupus familiaris,9615,FER
sp|Q9TU31|PTH1R_CANLF,151,NGS,Canis lupus familiaris,9615,PTH1R
sp|Q9TU31|PTH1R_CANLF,161,NRT,Canis lupus familiaris,9615,PTH1R
sp|Q9TU31|PTH1R_CANLF,166,NYS,Canis lupus familiaris,9615,PTH1R
sp|Q9TU31|PTH1R_CANLF,176,NET,Canis lupus familiaris,9615,PTH1R
sp|Q9TU31|PTH1R_CANLF,567,NGS,Canis lupus familiaris,9615,PTH1R
sp|Q9TU53|CUBN_CANLF,102,NIS,Canis lupus familiaris,9615,CUBN
sp|Q9TU53|CUBN_CANLF,253,NSS,Canis lupus familiaris,9615,CUBN
sp|Q9TU53|CUBN_CANLF,425,NCT,Canis lupus familiaris,9615,CUBN
sp|Q9TU53|CUBN_CANLF,708,NYT,Canis lupus familiaris,9615,CUBN
sp|Q9TU53|CUBN_CANLF,745,NFT,Canis lupus familiaris,9615,CUBN
sp|Q9TU53|CUBN_CANLF,777,NET,Canis lupus familiaris,9615,CUBN
sp|Q9TU53|CUBN_CANLF,853,NFT,Canis lupus familiaris,9615,CUBN
sp|Q9TU53|CUBN_CANLF,953,NCT,Canis lupus familiaris,9615,CUBN
sp|Q9TU53|CUBN_CANLF,980,NCT,Canis lupus familiaris,9615,CUBN
sp|Q9TU53|CUBN_CANLF,1165,NIT,Canis lupus familiaris,9615,CUBN
sp|Q9TU53|CUBN_CANLF,1214,NCT,Canis lupus familiaris,9615,CUBN
sp|Q9TU53|CUBN_CANLF,1304,NWT,Canis lupus familiaris,9615,CUBN
sp|Q9TU53|CUBN_CANLF,1316,NYT,Canis lupus familiaris,9615,CUBN
sp|Q9TU53|CUBN_CANLF,1329,NCS,Canis lupus familiaris,9615,CUBN
sp|Q9TU53|CUBN_CANLF,1497,NAS,Canis lupus familiaris,9615,CUBN
sp|Q9TU53|CUBN_CANLF,1548,NFT,Canis lupus familiaris,9615,CUBN
sp|Q9TU53|CUBN_CANLF,1643,NCS,Canis lupus familiaris,9615,CUBN
sp|Q9TU53|CUBN_CANLF,1799,NAT,Canis lupus familiaris,9615,CUBN
sp|Q9TU53|CUBN_CANLF,1816,NYS,Canis lupus familiaris,9615,CUBN
sp|Q9TU53|CUBN_CANLF,1882,NAT,Canis lupus familiaris,9615,CUBN
sp|Q9TU53|CUBN_CANLF,1961,NAS,Canis lupus familiaris,9615,CUBN
sp|Q9TU53|CUBN_CANLF,2082,NAS,Canis lupus familiaris,9615,CUBN
sp|Q9TU53|CUBN_CANLF,2114,NCS,Canis lupus familiaris,9615,CUBN
sp|Q9TU53|CUBN_CANLF,2317,NSS,Canis lupus familiaris,9615,CUBN
sp|Q9TU53|CUBN_CANLF,2383,NSS,Canis lupus familiaris,9615,CUBN
sp|Q9TU53|CUBN_CANLF,2397,NHT,Canis lupus familiaris,9615,CUBN
sp|Q9TU53|CUBN_CANLF,2515,NNS,Canis lupus familiaris,9615,CUBN
sp|Q9TU53|CUBN_CANLF,2528,NAS,Canis lupus familiaris,9615,CUBN
sp|Q9TU53|CUBN_CANLF,2578,NFT,Canis lupus familiaris,9615,CUBN
sp|Q9TU53|CUBN_CANLF,2589,NYS,Canis lupus familiaris,9615,CUBN
sp|Q9TU53|CUBN_CANLF,2607,NSS,Canis lupus familiaris,9615,CUBN
sp|Q9TU53|CUBN_CANLF,2810,NGT,Canis lupus familiaris,9615,CUBN
sp|Q9TU53|CUBN_CANLF,2920,NFT,Canis lupus familiaris,9615,CUBN
sp|Q9TU53|CUBN_CANLF,2942,NCT,Canis lupus familiaris,9615,CUBN
sp|Q9TU53|CUBN_CANLF,2986,NLS,Canis lupus familiaris,9615,CUBN
sp|Q9TU53|CUBN_CANLF,3039,NVS,Canis lupus familiaris,9615,CUBN
sp|Q9TU53|CUBN_CANLF,3100,NIS,Canis lupus familiaris,9615,CUBN
sp|Q9TU53|CUBN_CANLF,3122,NHS,Canis lupus familiaris,9615,CUBN
sp|Q9TU53|CUBN_CANLF,3265,NAT,Canis lupus familiaris,9615,CUBN
sp|Q9TU53|CUBN_CANLF,3280,NAT,Canis lupus familiaris,9615,CUBN
sp|Q9TU53|CUBN_CANLF,3292,NSS,Canis lupus familiaris,9615,CUBN
sp|Q9TU53|CUBN_CANLF,3343,NGS,Canis lupus familiaris,9615,CUBN
sp|Q9TU53|CUBN_CANLF,3354,NAS,Canis lupus familiaris,9615,CUBN
sp|Q9TU53|CUBN_CANLF,3427,NHT,Canis lupus familiaris,9615,CUBN
sp|Q9TU53|CUBN_CANLF,3454,NGS,Canis lupus familiaris,9615,CUBN
sp|Q9TU53|CUBN_CANLF,3530,NNT,Canis lupus familiaris,9615,CUBN
sp|Q9TU69|GHR_CANLF,46,NSS,Canis lupus familiaris,9615,GHR
sp|Q9TU69|GHR_CANLF,115,NSS,Canis lupus familiaris,9615,GHR
sp|Q9TU69|GHR_CANLF,156,NWT,Canis lupus familiaris,9615,GHR
sp|Q9TU69|GHR_CANLF,161,NIS,Canis lupus familiaris,9615,GHR
sp|Q9TU69|GHR_CANLF,200,NES,Canis lupus familiaris,9615,GHR
sp|Q9TU69|GHR_CANLF,400,NAS,Canis lupus familiaris,9615,GHR
sp|Q9TU69|GHR_CANLF,432,NNS,Canis lupus familiaris,9615,GHR
sp|Q9TU69|GHR_CANLF,610,NAT,Canis lupus familiaris,9615,GHR
sp|Q9TUP7|OX2R_CANLF,14,NWS,Canis lupus familiaris,9615,HCRTR2
sp|Q9TUP7|OX2R_CANLF,22,NET,Canis lupus familiaris,9615,HCRTR2
sp|Q9TUP7|OX2R_CANLF,95,NLS,Canis lupus familiaris,9615,HCRTR2
sp|Q9TUP7|OX2R_CANLF,202,NKT,Canis lupus familiaris,9615,HCRTR2
sp|Q9TUP7|OX2R_CANLF,416,NVS,Canis lupus familiaris,9615,HCRTR2
sp|Q9TUX8|NOS3_CANLF,600,NSS,Canis lupus familiaris,9615,NOS3
sp|Q9TV68|DHDH_CANLF,157,NFT,Canis lupus familiaris,9615,DHDH
sp|Q9TV68|DHDH_CANLF,279,NFT,Canis lupus familiaris,9615,DHDH
sp|Q9TVB8|RPE65_CANLF,199,NFS,Canis lupus familiaris,9615,RPE65
sp|Q9TVB8|RPE65_CANLF,282,NET,Canis lupus familiaris,9615,RPE65
sp|Q9TVB8|RPE65_CANLF,388,NTT,Canis lupus familiaris,9615,RPE65
sp|Q9XS65|PTGDS_CANLF,51,NSS,Canis lupus familiaris,9615,PTGDS
sp|Q9XS65|PTGDS_CANLF,78,NLT,Canis lupus familiaris,9615,PTGDS
sp|Q9XSB8|TPP1_CANLF,210,NLT,Canis lupus familiaris,9615,TPP1
sp|Q9XSB8|TPP1_CANLF,222,NNS,Canis lupus familiaris,9615,TPP1
sp|Q9XSB8|TPP1_CANLF,286,NIS,Canis lupus familiaris,9615,TPP1
sp|Q9XSB8|TPP1_CANLF,313,NES,Canis lupus familiaris,9615,TPP1
sp|Q9XSB8|TPP1_CANLF,443,NAS,Canis lupus familiaris,9615,TPP1
sp|Q9XSJ7|CO1A1_CANLF,1361,NIT,Canis lupus familiaris,9615,COL1A1
sp|A0A8I3MKU8|TM147_CANLF,140,NIS,Canis lupus familiaris,9615,TMEM147
sp|A0A8I3NGV2|NCLN_CANLF,241,NGS,Canis lupus familiaris,9615,NCLN
sp|A0A8I3NGV2|NCLN_CANLF,428,NLT,Canis lupus familiaris,9615,NCLN
sp|A0A8I3NQW8|ASTER_CANLF,5,NMS,Canis lupus familiaris,9615,WDR83OS
sp|A1E2V0|BIRC3_CANLF,98,NLS,Canis lupus familiaris,9615,BIRC3
sp|A1E2V0|BIRC3_CANLF,249,NLS,Canis lupus familiaris,9615,BIRC3
sp|A1YQ91|ODAM_CANLF,89,NQT,Canis lupus familiaris,9615,ODAM
sp|A2IBY8|MIP_CANLF,197,NFT,Canis lupus familiaris,9615,MIP
sp|B5RHS5|FOXI3_CANLF,209,NLS,Canis lupus familiaris,9615,FOXI3
sp|B5RHS5|FOXI3_CANLF,420,NFS,Canis lupus familiaris,9615,FOXI3
sp|B9VTT2|RHG07_CANLF,299,NST,Canis lupus familiaris,9615,DLC1
sp|B9VTT2|RHG07_CANLF,346,NQS,Canis lupus familiaris,9615,DLC1
sp|B9VTT2|RHG07_CANLF,387,NGS,Canis lupus familiaris,9615,DLC1
sp|B9VTT2|RHG07_CANLF,395,NNS,Canis lupus familiaris,9615,DLC1
sp|B9VTT2|RHG07_CANLF,418,NSS,Canis lupus familiaris,9615,DLC1
sp|B9VTT2|RHG07_CANLF,430,NSS,Canis lupus familiaris,9615,DLC1
sp|B9VTT2|RHG07_CANLF,692,NES,Canis lupus familiaris,9615,DLC1
sp|B9VTT2|RHG07_CANLF,806,NSS,Canis lupus familiaris,9615,DLC1
sp|E2R222|PCH2_CANLF,118,NIT,Canis lupus familiaris,9615,TRIP13
sp|E2R222|PCH2_CANLF,300,NIT,Canis lupus familiaris,9615,TRIP13
sp|E2R222|PCH2_CANLF,365,NVS,Canis lupus familiaris,9615,TRIP13
sp|E2R4X3|DAD1_CANLF,72,NGS,Canis lupus familiaris,9615,DAD1
sp|E2R4X3|DAD1_CANLF,77,NRS,Canis lupus familiaris,9615,DAD1
sp|E2RA18|CLGN_CANLF,584,NKS,Canis lupus familiaris,9615,CLGN
sp|E2RA18|CLGN_CANLF,587,NKS,Canis lupus familiaris,9615,CLGN
sp|E2RBS6|SETD3_CANLF,27,NLT,Canis lupus familiaris,9615,SETD3
sp|E2RBS6|SETD3_CANLF,154,NIT,Canis lupus familiaris,9615,SETD3
sp|E2RBS6|SETD3_CANLF,278,NHT,Canis lupus familiaris,9615,SETD3
sp|E2RBS6|SETD3_CANLF,331,NNS,Canis lupus familiaris,9615,SETD3
sp|E2RBS6|SETD3_CANLF,554,NGT,Canis lupus familiaris,9615,SETD3
sp|E2RED8|AP4M1_CANLF,73,NIS,Canis lupus familiaris,9615,AP4M1
sp|E2RED8|AP4M1_CANLF,202,NGS,Canis lupus familiaris,9615,AP4M1
sp|E2RFJ3|S40A1_CANLF,100,NVS,Canis lupus familiaris,9615,SLC40A1
sp|E2RFJ3|S40A1_CANLF,174,NAT,Canis lupus familiaris,9615,SLC40A1
sp|E2RFJ3|S40A1_CANLF,304,NQS,Canis lupus familiaris,9615,SLC40A1
sp|E2RFJ3|S40A1_CANLF,439,NGS,Canis lupus familiaris,9615,SLC40A1
sp|E2RFJ3|S40A1_CANLF,572,NTS,Canis lupus familiaris,9615,SLC40A1
sp|E2RK09|UBP37_CANLF,202,NRT,Canis lupus familiaris,9615,USP37
sp|E2RK09|UBP37_CANLF,225,NDS,Canis lupus familiaris,9615,USP37
sp|E2RK09|UBP37_CANLF,258,NRT,Canis lupus familiaris,9615,USP37
sp|E2RK09|UBP37_CANLF,292,NVS,Canis lupus familiaris,9615,USP37
sp|E2RK09|UBP37_CANLF,450,NKT,Canis lupus familiaris,9615,USP37
sp|E2RK09|UBP37_CANLF,571,NVT,Canis lupus familiaris,9615,USP37
sp|E2RK09|UBP37_CANLF,637,NFT,Canis lupus familiaris,9615,USP37
sp|E2RK09|UBP37_CANLF,786,NKT,Canis lupus familiaris,9615,USP37
sp|E2RK09|UBP37_CANLF,847,NNS,Canis lupus familiaris,9615,USP37
sp|E2RP94|DNMBP_CANLF,514,NAS,Canis lupus familiaris,9615,DNMBP
sp|E2RP94|DNMBP_CANLF,723,NLT,Canis lupus familiaris,9615,DNMBP
sp|E2RP94|DNMBP_CANLF,945,NST,Canis lupus familiaris,9615,DNMBP
sp|E2RP94|DNMBP_CANLF,1140,NCT,Canis lupus familiaris,9615,DNMBP
sp|E2RP94|DNMBP_CANLF,1385,NSS,Canis lupus familiaris,9615,DNMBP
sp|E2RSS3|WEE2_CANLF,15,NVS,Canis lupus familiaris,9615,WEE2
sp|F1PCT7|RPN2_CANLF,106,NET,Canis lupus familiaris,9615,RPN2
sp|F1PCT7|RPN2_CANLF,566,NVS,Canis lupus familiaris,9615,RPN2
sp|F1PCT7|RPN2_CANLF,569,NFT,Canis lupus familiaris,9615,RPN2
sp|F1PT61|MYH16_CANLF,69,NQT,Canis lupus familiaris,9615,MYH16
sp|F1PT61|MYH16_CANLF,174,NQS,Canis lupus familiaris,9615,MYH16
sp|F1PT61|MYH16_CANLF,240,NNS,Canis lupus familiaris,9615,MYH16
sp|F1PT61|MYH16_CANLF,422,NNS,Canis lupus familiaris,9615,MYH16
sp|F1PT61|MYH16_CANLF,445,NKT,Canis lupus familiaris,9615,MYH16
sp|F1PT61|MYH16_CANLF,480,NFT,Canis lupus familiaris,9615,MYH16
sp|F1PT61|MYH16_CANLF,591,NIT,Canis lupus familiaris,9615,MYH16
sp|F1PT61|MYH16_CANLF,604,NET,Canis lupus familiaris,9615,MYH16
sp|F1PT61|MYH16_CANLF,1097,NST,Canis lupus familiaris,9615,MYH16
sp|F1PT61|MYH16_CANLF,1228,NAS,Canis lupus familiaris,9615,MYH16
sp|F1PT61|MYH16_CANLF,1498,NKT,Canis lupus familiaris,9615,MYH16
sp|F1PT61|MYH16_CANLF,1631,NNS,Canis lupus familiaris,9615,MYH16
sp|F1PT61|MYH16_CANLF,1716,NQS,Canis lupus familiaris,9615,MYH16
sp|F1PT61|MYH16_CANLF,1886,NQT,Canis lupus familiaris,9615,MYH16
sp|F1PZV2|MFS12_CANLF,178,NIT,Canis lupus familiaris,9615,MFSD12
sp|F1PZV2|MFS12_CANLF,217,NLS,Canis lupus familiaris,9615,MFSD12
sp|F1PZV2|MFS12_CANLF,290,NLS,Canis lupus familiaris,9615,MFSD12
sp|F1PZV2|MFS12_CANLF,339,NLT,Canis lupus familiaris,9615,MFSD12
sp|O02771|SMN_CANLF,73,NKS,Canis lupus familiaris,9615,SMN1
sp|O02771|SMN_CANLF,79,NAT,Canis lupus familiaris,9615,SMN1
sp|O02771|SMN_CANLF,132,NVS,Canis lupus familiaris,9615,SMN1
sp|O02771|SMN_CANLF,156,NES,Canis lupus familiaris,9615,SMN1
sp|O02771|SMN_CANLF,167,NSS,Canis lupus familiaris,9615,SMN1
sp|O02813|NPY1R_CANLF,2,NST,Canis lupus familiaris,9615,NPY1R
sp|O02813|NPY1R_CANLF,11,NHS,Canis lupus familiaris,9615,NPY1R
sp|O02813|NPY1R_CANLF,17,NFS,Canis lupus familiaris,9615,NPY1R
sp|O02813|NPY1R_CANLF,72,NVT,Canis lupus familiaris,9615,NPY1R
sp|O02813|NPY1R_CANLF,80,NLS,Canis lupus familiaris,9615,NPY1R
sp|O02813|NPY1R_CANLF,185,NVT,Canis lupus familiaris,9615,NPY1R
sp|O18806|FA8_CANLF,233,NAS,Canis lupus familiaris,9615,F8
sp|O18806|FA8_CANLF,253,NRS,Canis lupus familiaris,9615,F8
sp|O18806|FA8_CANLF,595,NRS,Canis lupus familiaris,9615,F8
sp|O18806|FA8_CANLF,877,NTT,Canis lupus familiaris,9615,F8
sp|O18806|FA8_CANLF,921,NMS,Canis lupus familiaris,9615,F8
sp|O18806|FA8_CANLF,937,NNS,Canis lupus familiaris,9615,F8
sp|O18806|FA8_CANLF,956,NDS,Canis lupus familiaris,9615,F8
sp|O18806|FA8_CANLF,1007,NIS,Canis lupus familiaris,9615,F8
sp|O18806|FA8_CANLF,1019,NLT,Canis lupus familiaris,9615,F8
sp|O18806|FA8_CANLF,1037,NST,Canis lupus familiaris,9615,F8
sp|O18806|FA8_CANLF,1062,NET,Canis lupus familiaris,9615,F8
sp|O18806|FA8_CANLF,1069,NTT,Canis lupus familiaris,9615,F8
sp|O18806|FA8_CANLF,1080,NKT,Canis lupus familiaris,9615,F8
sp|O18806|FA8_CANLF,1179,NKS,Canis lupus familiaris,9615,F8
sp|O18806|FA8_CANLF,1193,NDT,Canis lupus familiaris,9615,F8
sp|O18806|FA8_CANLF,1263,NDS,Canis lupus familiaris,9615,F8
sp|O18806|FA8_CANLF,1275,NFS,Canis lupus familiaris,9615,F8
sp|O18806|FA8_CANLF,1290,NQT,Canis lupus familiaris,9615,F8
sp|O18806|FA8_CANLF,1308,NAS,Canis lupus familiaris,9615,F8
sp|O18806|FA8_CANLF,1341,NDT,Canis lupus familiaris,9615,F8
sp|O18806|FA8_CANLF,1391,NDS,Canis lupus familiaris,9615,F8
sp|O18806|FA8_CANLF,1419,NSS,Canis lupus familiaris,9615,F8
sp|O18806|FA8_CANLF,1429,NYT,Canis lupus familiaris,9615,F8
sp|O18806|FA8_CANLF,1453,NLS,Canis lupus familiaris,9615,F8
sp|O18806|FA8_CANLF,1523,NDS,Canis lupus familiaris,9615,F8
sp|O18806|FA8_CANLF,1547,NKT,Canis lupus familiaris,9615,F8
sp|O18806|FA8_CANLF,1618,NDS,Canis lupus familiaris,9615,F8
sp|O18806|FA8_CANLF,1821,NET,Canis lupus familiaris,9615,F8
sp|O18806|FA8_CANLF,2129,NST,Canis lupus familiaris,9615,F8
sp|O18806|FA8_CANLF,2281,NWT,Canis lupus familiaris,9615,F8
sp|O18835|BGLR_CANLF,172,NNT,Canis lupus familiaris,9615,GUSB
sp|O18835|BGLR_CANLF,419,NVS,Canis lupus familiaris,9615,GUSB
sp|O18835|BGLR_CANLF,630,NET,Canis lupus familiaris,9615,GUSB
sp|O18914|OPSR_CANLF,34,NAT,Canis lupus familiaris,9615,OPN1LW
sp|O19133|G6PC1_CANLF,96,NTS,Canis lupus familiaris,9615,G6PC1
sp|O19133|G6PC1_CANLF,203,NAS,Canis lupus familiaris,9615,G6PC1
sp|O19133|G6PC1_CANLF,276,NSS,Canis lupus familiaris,9615,G6PC1
sp|O46392|CO1A2_CANLF,207,NGT,Canis lupus familiaris,9615,COL1A2
sp|O46392|CO1A2_CANLF,1267,NIT,Canis lupus familiaris,9615,COL1A2
sp|O46501|PRIO_CANLF,174,NQS,Canis lupus familiaris,9615,PRNP
sp|O46501|PRIO_CANLF,184,NIT,Canis lupus familiaris,9615,PRNP
sp|O46501|PRIO_CANLF,199,NFT,Canis lupus familiaris,9615,PRNP
sp|O46612|IL1A_CANLF,98,NDT,Canis lupus familiaris,9615,IL1A
sp|O46612|IL1A_CANLF,137,NQS,Canis lupus familiaris,9615,IL1A
sp|O46634|CD166_CANLF,33,NYT,Canis lupus familiaris,9615,ALCAM
sp|O46634|CD166_CANLF,105,NIT,Canis lupus familiaris,9615,ALCAM
sp|O46634|CD166_CANLF,244,NAT,Canis lupus familiaris,9615,ALCAM
sp|O46634|CD166_CANLF,299,NAT,Canis lupus familiaris,9615,ALCAM
sp|O46634|CD166_CANLF,395,NQT,Canis lupus familiaris,9615,ALCAM
sp|O46634|CD166_CANLF,418,NVT,Canis lupus familiaris,9615,ALCAM
sp|O46634|CD166_CANLF,437,NVS,Canis lupus familiaris,9615,ALCAM
sp|O62671|CP241_CANLF,50,NKS,Canis lupus familiaris,9615,CYP2C41
sp|O62671|CP241_CANLF,55,NLS,Canis lupus familiaris,9615,CYP2C41
sp|O62729|NPY5R_CANLF,10,NKT,Canis lupus familiaris,9615,NPY5R
sp|O62729|NPY5R_CANLF,17,NNT,Canis lupus familiaris,9615,NPY5R
sp|O62729|NPY5R_CANLF,150,NLT,Canis lupus familiaris,9615,NPY5R
sp|O62729|NPY5R_CANLF,256,NLT,Canis lupus familiaris,9615,NPY5R
sp|O62729|NPY5R_CANLF,307,NHS,Canis lupus familiaris,9615,NPY5R
sp|O62729|NPY5R_CANLF,353,NRS,Canis lupus familiaris,9615,NPY5R
sp|O77560|PHOS_CANLF,6,NQS,Canis lupus familiaris,9615,PDC
sp|O77560|PHOS_CANLF,152,NSS,Canis lupus familiaris,9615,PDC
sp|O77621|ADA1A_CANLF,7,NAS,Canis lupus familiaris,9615,ADRA1A
sp|O77621|ADA1A_CANLF,13,NCT,Canis lupus familiaris,9615,ADRA1A
sp|O77621|ADA1A_CANLF,22,NIS,Canis lupus familiaris,9615,ADRA1A
sp|O77621|ADA1A_CANLF,253,NKT,Canis lupus familiaris,9615,ADRA1A
sp|O77762|IL4_CANLF,28,NIT,Canis lupus familiaris,9615,IL4
sp|O77762|IL4_CANLF,45,NDS,Canis lupus familiaris,9615,IL4
sp|O77762|IL4_CANLF,62,NTS,Canis lupus familiaris,9615,IL4
sp|O77762|IL4_CANLF,83,NCS,Canis lupus familiaris,9615,IL4
sp|O77762|IL4_CANLF,95,NLS,Canis lupus familiaris,9615,IL4
sp|O77762|IL4_CANLF,101,NKT,Canis lupus familiaris,9615,IL4
sp|O77808|V2R_CANLF,22,NGS,Canis lupus familiaris,9615,AVPR2
sp|O77808|V2R_CANLF,184,NGS,Canis lupus familiaris,9615,AVPR2
sp|O97492|CATA_CANLF,148,NNT,Canis lupus familiaris,9615,CAT
sp|O97492|CATA_CANLF,244,NLS,Canis lupus familiaris,9615,CAT
sp|O97492|CATA_CANLF,439,NVT,Canis lupus familiaris,9615,CAT
sp|O97492|CATA_CANLF,481,NFS,Canis lupus familiaris,9615,CAT
sp|O97571|CXCR2_CANLF,8,NYS,Canis lupus familiaris,9615,CXCR2
sp|O97571|CXCR2_CANLF,20,NYT,Canis lupus familiaris,9615,CXCR2
sp|O97571|CXCR2_CANLF,201,NTT,Canis lupus familiaris,9615,CXCR2
sp|O97571|CXCR2_CANLF,351,NTS,Canis lupus familiaris,9615,CXCR2
sp|O97578|CATC_CANLF,5,NCT,Canis lupus familiaris,9615,CTSC
sp|O97578|CATC_CANLF,28,NCS,Canis lupus familiaris,9615,CTSC
sp|O97578|CATC_CANLF,94,NET,Canis lupus familiaris,9615,CTSC
sp|O97578|CATC_CANLF,137,NNS,Canis lupus familiaris,9615,CTSC
sp|O97578|CATC_CANLF,249,NNT,Canis lupus familiaris,9615,CTSC
sp|O97592|DMD_CANLF,158,NFT,Canis lupus familiaris,9615,DMD
sp|O97592|DMD_CANLF,756,NFS,Canis lupus familiaris,9615,DMD
sp|O97592|DMD_CANLF,1296,NIS,Canis lupus familiaris,9615,DMD
sp|O97592|DMD_CANLF,2165,NAT,Canis lupus familiaris,9615,DMD
sp|O97592|DMD_CANLF,2273,NET,Canis lupus familiaris,9615,DMD
sp|O97592|DMD_CANLF,2353,NQT,Canis lupus familiaris,9615,DMD
sp|O97592|DMD_CANLF,2534,NKT,Canis lupus familiaris,9615,DMD
sp|O97592|DMD_CANLF,2662,NAS,Canis lupus familiaris,9615,DMD
sp|O97592|DMD_CANLF,2894,NVT,Canis lupus familiaris,9615,DMD
sp|O97592|DMD_CANLF,2986,NVS,Canis lupus familiaris,9615,DMD
sp|O97592|DMD_CANLF,3446,NGS,Canis lupus familiaris,9615,DMD
sp|O97592|DMD_CANLF,3451,NDS,Canis lupus familiaris,9615,DMD
sp|O97592|DMD_CANLF,3457,NES,Canis lupus familiaris,9615,DMD
sp|O97592|DMD_CANLF,3602,NGT,Canis lupus familiaris,9615,DMD
sp|O97592|DMD_CANLF,3659,NHS,Canis lupus familiaris,9615,DMD
sp|O97863|IL33_CANLF,14,NSS,Canis lupus familiaris,9615,IL33
sp|O97863|IL33_CANLF,177,NLS,Canis lupus familiaris,9615,IL33
sp|P05123|KCRM_CANLF,222,NKT,Canis lupus familiaris,9615,CKM
sp|P05124|KCRB_CANLF,222,NKT,Canis lupus familiaris,9615,CKB
sp|P06908|SFTPA_CANLF,20,NNT,Canis lupus familiaris,9615,SFTPA1
sp|P06908|SFTPA_CANLF,207,NYT,Canis lupus familiaris,9615,SFTPA1
sp|P09582|ESTA_CANLF,79,NLS,,,
sp|P0C8R9|ECSCR_CANLF,39,NSS,Canis lupus familiaris,9615,ECSCR
sp|P0C8R9|ECSCR_CANLF,62,NIT,Canis lupus familiaris,9615,ECSCR
sp|P0C8R9|ECSCR_CANLF,163,NNS,Canis lupus familiaris,9615,ECSCR
sp|P0CAN6|CD79A_CANLF,57,NRS,Canis lupus familiaris,9615,CD79A
sp|P0CAN6|CD79A_CANLF,66,NIT,Canis lupus familiaris,9615,CD79A
sp|P0CAN6|CD79A_CANLF,76,NAT,Canis lupus familiaris,9615,CD79A
sp|P0CAN6|CD79A_CANLF,100,NKS,Canis lupus familiaris,9615,CD79A
sp|P11614|5HT1D_CANLF,5,NQS,Canis lupus familiaris,9615,HTR1D
sp|P11614|5HT1D_CANLF,17,NRS,Canis lupus familiaris,9615,HTR1D
sp|P11614|5HT1D_CANLF,21,NAT,Canis lupus familiaris,9615,HTR1D
sp|P11614|5HT1D_CANLF,191,NTS,Canis lupus familiaris,9615,HTR1D
sp|P11616|AA1R_CANLF,159,NGS,Canis lupus familiaris,9615,ADORA1
sp|P12064|EDN2_CANLF,149,NIS,Canis lupus familiaris,9615,EDN2
sp|P13206|EDN1_CANLF,199,NRT,Canis lupus familiaris,9615,EDN1
sp|P14763|TSHR_CANLF,77,NIS,Canis lupus familiaris,9615,TSHR
sp|P14763|TSHR_CANLF,99,NLS,Canis lupus familiaris,9615,TSHR
sp|P14763|TSHR_CANLF,177,NET,Canis lupus familiaris,9615,TSHR
sp|P14763|TSHR_CANLF,198,NGT,Canis lupus familiaris,9615,TSHR
sp|P14763|TSHR_CANLF,302,NES,Canis lupus familiaris,9615,TSHR
sp|P14763|TSHR_CANLF,760,NQT,Canis lupus familiaris,9615,TSHR
sp|P15881|ITF2_CANLF,66,NLS,Canis lupus familiaris,9615,TCF4
sp|P15881|ITF2_CANLF,249,NSS,Canis lupus familiaris,9615,TCF4
sp|P15881|ITF2_CANLF,276,NGT,Canis lupus familiaris,9615,TCF4
sp|P15881|ITF2_CANLF,313,NNS,Canis lupus familiaris,9615,TCF4
sp|P15944|TRYT_CANLF,132,NVS,,,
sp|P16967|SSRA_CANLF,136,NFT,Canis lupus familiaris,9615,SSR1
sp|P16967|SSRA_CANLF,191,NQT,Canis lupus familiaris,9615,SSR1
sp|P17129|PSPB_CANLF,293,NHS,Canis lupus familiaris,9615,SFTPB
sp|P18466|HA19_CANLF,110,NQS,,,
sp|P19006|HPT_CANLF,9,NNT,Canis lupus familiaris,9615,HP
sp|P19006|HPT_CANLF,107,NLT,Canis lupus familiaris,9615,HP
sp|P19006|HPT_CANLF,214,NFT,Canis lupus familiaris,9615,HP
sp|P21842|CMA1_CANLF,121,NLT,Canis lupus familiaris,9615,CMA1
sp|P21842|CMA1_CANLF,155,NGS,Canis lupus familiaris,9615,CMA1
sp|P24460|CP2BB_CANLF,456,NFS,Canis lupus familiaris,9615,CYP2B11
sp|P27869|TMD11_CANLF,105,NST,Canis lupus familiaris,9615,TMED11
sp|P30552|GASR_CANLF,7,NRS,Canis lupus familiaris,9615,CCKBR
sp|P30552|GASR_CANLF,30,NSS,Canis lupus familiaris,9615,CCKBR
sp|P30552|GASR_CANLF,36,NLS,Canis lupus familiaris,9615,CCKBR
sp|P30552|GASR_CANLF,280,NGS,Canis lupus familiaris,9615,CCKBR
sp|P30992|C5AR1_CANLF,5,NFS,Canis lupus familiaris,9615,C5AR1
sp|P33704|ATP4B_CANLF,99,NVS,Canis lupus familiaris,9615,ATP4B
sp|P33704|ATP4B_CANLF,103,NRT,Canis lupus familiaris,9615,ATP4B
sp|P33704|ATP4B_CANLF,130,NCT,Canis lupus familiaris,9615,ATP4B
sp|P33704|ATP4B_CANLF,146,NHT,Canis lupus familiaris,9615,ATP4B
sp|P33704|ATP4B_CANLF,161,NCS,Canis lupus familiaris,9615,ATP4B
sp|P33704|ATP4B_CANLF,193,NST,Canis lupus familiaris,9615,ATP4B
sp|P33704|ATP4B_CANLF,221,NGT,Canis lupus familiaris,9615,ATP4B
sp|P33725|CXA5_CANLF,260,NCT,Canis lupus familiaris,9615,GJA5
sp|P33730|LYAM2_CANLF,26,NAS,Canis lupus familiaris,9615,SELE
sp|P33730|LYAM2_CANLF,161,NYT,Canis lupus familiaris,9615,SELE
sp|P33730|LYAM2_CANLF,204,NSS,Canis lupus familiaris,9615,SELE
sp|P33730|LYAM2_CANLF,266,NMT,Canis lupus familiaris,9615,SELE
sp|P33730|LYAM2_CANLF,313,NGS,Canis lupus familiaris,9615,SELE
sp|P33730|LYAM2_CANLF,333,NFT,Canis lupus familiaris,9615,SELE
sp|P33730|LYAM2_CANLF,528,NGS,Canis lupus familiaris,9615,SELE
sp|P33731|SRP72_CANLF,58,NGS,Canis lupus familiaris,9615,SRP72
sp|P33731|SRP72_CANLF,77,NNS,Canis lupus familiaris,9615,SRP72
sp|P33731|SRP72_CANLF,150,NLS,Canis lupus familiaris,9615,SRP72
sp|P33731|SRP72_CANLF,388,NIS,Canis lupus familiaris,9615,SRP72
sp|P38400|GNAI2_CANLF,150,NDS,Canis lupus familiaris,9615,GNAI2
sp|P39881|CUX1_CANLF,94,NGS,Canis lupus familiaris,9615,CUX1
sp|P39881|CUX1_CANLF,99,NIT,Canis lupus familiaris,9615,CUX1
sp|P40321|IL2RG_CANLF,24,NST,Canis lupus familiaris,9615,IL2RG
sp|P40321|IL2RG_CANLF,71,NCT,Canis lupus familiaris,9615,IL2RG
sp|P40321|IL2RG_CANLF,75,NSS,Canis lupus familiaris,9615,IL2RG
sp|P40321|IL2RG_CANLF,84,NLT,Canis lupus familiaris,9615,IL2RG
sp|P40321|IL2RG_CANLF,159,NLT,Canis lupus familiaris,9615,IL2RG
sp|P40321|IL2RG_CANLF,164,NLS,Canis lupus familiaris,9615,IL2RG
sp|P40321|IL2RG_CANLF,249,NTS,Canis lupus familiaris,9615,IL2RG
sp|P40321|IL2RG_CANLF,305,NFS,Canis lupus familiaris,9615,IL2RG
sp|P41547|CALC_CANLF,87,NLS,Canis lupus familiaris,9615,CALCA
sp|P42705|TPO_CANLF,185,NTS,Canis lupus familiaris,9615,THPO
sp|P42705|TPO_CANLF,197,NRT,Canis lupus familiaris,9615,THPO
sp|P42705|TPO_CANLF,206,NSS,Canis lupus familiaris,9615,THPO
sp|P42705|TPO_CANLF,234,NQT,Canis lupus familiaris,9615,THPO
sp|P42705|TPO_CANLF,241,NQT,Canis lupus familiaris,9615,THPO
sp|P42705|TPO_CANLF,255,NGT,Canis lupus familiaris,9615,THPO
sp|P42705|TPO_CANLF,332,NST,Canis lupus familiaris,9615,THPO
sp|P42705|TPO_CANLF,347,NLS,Canis lupus familiaris,9615,THPO
sp|P43240|AGTR1_CANLF,4,NSS,Canis lupus familiaris,9615,AGTR1
sp|P43240|AGTR1_CANLF,176,NIT,Canis lupus familiaris,9615,AGTR1
sp|P43240|AGTR1_CANLF,188,NST,Canis lupus familiaris,9615,AGTR1
sp|P43240|AGTR1_CANLF,346,NAS,Canis lupus familiaris,9615,AGTR1
sp|P47842|GTR3_CANLF,43,NYT,Canis lupus familiaris,9615,SLC2A3
sp|P47842|GTR3_CANLF,409,NWT,Canis lupus familiaris,9615,SLC2A3
sp|P48300|FUCO_CANLF,241,NST,Canis lupus familiaris,9615,FUCA1
sp|P48300|FUCO_CANLF,251,NDS,Canis lupus familiaris,9615,FUCA1
sp|P48300|FUCO_CANLF,268,NCS,Canis lupus familiaris,9615,FUCA1
sp|P48300|FUCO_CANLF,382,NTT,Canis lupus familiaris,9615,FUCA1
sp|P48411|IL10_CANLF,137,NKS,Canis lupus familiaris,9615,IL10
sp|P49824|MYH7_CANLF,171,NQS,Canis lupus familiaris,9615,MYH7
sp|P49824|MYH7_CANLF,240,NSS,Canis lupus familiaris,9615,MYH7
sp|P49824|MYH7_CANLF,444,NAT,Canis lupus familiaris,9615,MYH7
sp|P49824|MYH7_CANLF,479,NFT,Canis lupus familiaris,9615,MYH7
sp|P49824|MYH7_CANLF,602,NET,Canis lupus familiaris,9615,MYH7
sp|P49824|MYH7_CANLF,676,NET,Canis lupus familiaris,9615,MYH7
sp|P49824|MYH7_CANLF,977,NLT,Canis lupus familiaris,9615,MYH7
sp|P49824|MYH7_CANLF,1720,NTS,Canis lupus familiaris,9615,MYH7
sp|P49824|MYH7_CANLF,1892,NLS,Canis lupus familiaris,9615,MYH7
sp|P49894|IOD1_CANLF,198,NQS,Canis lupus familiaris,9615,DIO1
sp|P50994|ANXA4_CANLF,45,NTS,Canis lupus familiaris,9615,ANXA4
sp|P50994|ANXA4_CANLF,125,NQT,Canis lupus familiaris,9615,ANXA4
sp|P50994|ANXA4_CANLF,245,NKS,Canis lupus familiaris,9615,ANXA4
sp|P50996|ATP4A_CANLF,225,NSS,Canis lupus familiaris,9615,ATP4A
sp|P50996|ATP4A_CANLF,493,NST,Canis lupus familiaris,9615,ATP4A
sp|P50996|ATP4A_CANLF,730,NDS,Canis lupus familiaris,9615,ATP4A
sp|P52204|PRPH2_CANLF,53,NNS,Canis lupus familiaris,9615,PRPH2
sp|P52204|PRPH2_CANLF,229,NNS,Canis lupus familiaris,9615,PRPH2
sp|P54714|TPIS_CANLF,196,NVS,Canis lupus familiaris,9615,TPI1
sp|P54804|GALC_CANLF,363,NLT,Canis lupus familiaris,9615,GALC
sp|P54804|GALC_CANLF,387,NVS,Canis lupus familiaris,9615,GALC
sp|P54804|GALC_CANLF,543,NLT,Canis lupus familiaris,9615,GALC
sp|P54804|GALC_CANLF,586,NGT,Canis lupus familiaris,9615,GALC
sp|P54832|PON2_CANLF,226,NIS,Canis lupus familiaris,9615,PON2
sp|P54832|PON2_CANLF,254,NLT,Canis lupus familiaris,9615,PON2
sp|P54832|PON2_CANLF,269,NLS,Canis lupus familiaris,9615,PON2
sp|P54832|PON2_CANLF,323,NGS,Canis lupus familiaris,9615,PON2
sp|P54834|TYRO_CANLF,86,NRT,Canis lupus familiaris,9615,TYR
sp|P54834|TYRO_CANLF,111,NCT,Canis lupus familiaris,9615,TYR
sp|P54834|TYRO_CANLF,161,NGS,Canis lupus familiaris,9615,TYR
sp|P54834|TYRO_CANLF,230,NFT,Canis lupus familiaris,9615,TYR
sp|P54834|TYRO_CANLF,337,NFS,Canis lupus familiaris,9615,TYR
sp|P54834|TYRO_CANLF,371,NGT,Canis lupus familiaris,9615,TYR
sp|P55745|RAB21_CANLF,191,NGS,Canis lupus familiaris,9615,RAB21
sp|P56497|EDNRB_CANLF,59,NAS,Canis lupus familiaris,9615,EDNRB
sp|P56497|EDNRB_CANLF,119,NST,Canis lupus familiaris,9615,EDNRB
sp|P56594|CP2CL_CANLF,46,NVS,Canis lupus familiaris,9615,CYP2C21
sp|P56594|CP2CL_CANLF,157,NAS,Canis lupus familiaris,9615,CYP2C21
sp|P56594|CP2CL_CANLF,253,NFS,Canis lupus familiaris,9615,CYP2C21
sp|P56594|CP2CL_CANLF,413,NGS,Canis lupus familiaris,9615,CYP2C21
sp|P61008|SPCS3_CANLF,141,NVT,Canis lupus familiaris,9615,SPCS3
sp|P61017|RAB4B_CANLF,38,NHT,Canis lupus familiaris,9615,RAB4B
sp|P63289|VIP_CANLF,9,NYT,Canis lupus familiaris,9615,VIP
sp|P79148|ADRB1_CANLF,15,NLS,Canis lupus familiaris,9615,ADRB1
sp|P79150|FGF7_CANLF,45,NCS,Canis lupus familiaris,9615,FGF7
sp|P81999|DJB11_CANLF,261,NVT,Canis lupus familiaris,9615,DNAJB11
sp|P99502|GRP75_CANLF,114,NNT,Canis lupus familiaris,9615,HSPA9
sp|P99502|GRP75_CANLF,198,NDS,Canis lupus familiaris,9615,HSPA9
sp|P99502|GRP75_CANLF,456,NLS,Canis lupus familiaris,9615,HSPA9
sp|Q01634|IDUA_CANLF,109,NFT,Canis lupus familiaris,9615,IDUA
sp|Q01634|IDUA_CANLF,189,NVT,Canis lupus familiaris,9615,IDUA
sp|Q01634|IDUA_CANLF,242,NGT,Canis lupus familiaris,9615,IDUA
sp|Q01634|IDUA_CANLF,335,NGS,Canis lupus familiaris,9615,IDUA
sp|Q01634|IDUA_CANLF,371,NDT,Canis lupus familiaris,9615,IDUA
sp|Q01634|IDUA_CANLF,414,NHT,Canis lupus familiaris,9615,IDUA
sp|Q01685|TRAM1_CANLF,56,NVT,Canis lupus familiaris,9615,TRAM1
sp|Q01685|TRAM1_CANLF,120,NES,Canis lupus familiaris,9615,TRAM1
sp|Q01685|TRAM1_CANLF,355,NGT,Canis lupus familiaris,9615,TRAM1
sp|Q01988|UBP11_CANLF,86,NNS,Canis lupus familiaris,9615,USP11
sp|Q01988|UBP11_CANLF,207,NGT,Canis lupus familiaris,9615,USP11
sp|Q01988|UBP11_CANLF,345,NES,Canis lupus familiaris,9615,USP11
sp|Q076A3|MYH13_CANLF,172,NQS,Canis lupus familiaris,9615,MYH13
sp|Q076A3|MYH13_CANLF,242,NSS,Canis lupus familiaris,9615,MYH13
sp|Q076A3|MYH13_CANLF,326,NDS,Canis lupus familiaris,9615,MYH13
sp|Q076A3|MYH13_CANLF,481,NFT,Canis lupus familiaris,9615,MYH13
sp|Q076A3|MYH13_CANLF,604,NET,Canis lupus familiaris,9615,MYH13
sp|Q076A3|MYH13_CANLF,680,NET,Canis lupus familiaris,9615,MYH13
sp|Q076A3|MYH13_CANLF,730,NAS,Canis lupus familiaris,9615,MYH13
sp|Q076A3|MYH13_CANLF,744,NAS,Canis lupus familiaris,9615,MYH13
sp|Q076A3|MYH13_CANLF,981,NLS,Canis lupus familiaris,9615,MYH13
sp|Q076A3|MYH13_CANLF,992,NIS,Canis lupus familiaris,9615,MYH13
sp|Q076A3|MYH13_CANLF,1726,NTS,Canis lupus familiaris,9615,MYH13
sp|Q076A4|MYH8_CANLF,174,NQS,Canis lupus familiaris,9615,MYH8
sp|Q076A4|MYH8_CANLF,245,NSS,Canis lupus familiaris,9615,MYH8
sp|Q076A4|MYH8_CANLF,484,NFT,Canis lupus familiaris,9615,MYH8
sp|Q076A4|MYH8_CANLF,607,NDT,Canis lupus familiaris,9615,MYH8
sp|Q076A4|MYH8_CANLF,681,NET,Canis lupus familiaris,9615,MYH8
sp|Q076A4|MYH8_CANLF,731,NAS,Canis lupus familiaris,9615,MYH8
sp|Q076A4|MYH8_CANLF,982,NLT,Canis lupus familiaris,9615,MYH8
sp|Q076A4|MYH8_CANLF,1725,NTS,Canis lupus familiaris,9615,MYH8
sp|Q076A5|MYH4_CANLF,172,NQS,Canis lupus familiaris,9615,MYH4
sp|Q076A5|MYH4_CANLF,243,NSS,Canis lupus familiaris,9615,MYH4
sp|Q076A5|MYH4_CANLF,482,NFT,Canis lupus familiaris,9615,MYH4
sp|Q076A5|MYH4_CANLF,605,NET,Canis lupus familiaris,9615,MYH4
sp|Q076A5|MYH4_CANLF,680,NET,Canis lupus familiaris,9615,MYH4
sp|Q076A5|MYH4_CANLF,730,NAS,Canis lupus familiaris,9615,MYH4
sp|Q076A5|MYH4_CANLF,981,NLT,Canis lupus familiaris,9615,MYH4
sp|Q076A5|MYH4_CANLF,1724,NTS,Canis lupus familiaris,9615,MYH4
sp|Q076A6|MYH1_CANLF,172,NQS,Canis lupus familiaris,9615,MYH1
sp|Q076A6|MYH1_CANLF,243,NSS,Canis lupus familiaris,9615,MYH1
sp|Q076A6|MYH1_CANLF,482,NFT,Canis lupus familiaris,9615,MYH1
sp|Q076A6|MYH1_CANLF,605,NET,Canis lupus familiaris,9615,MYH1
sp|Q076A6|MYH1_CANLF,680,NET,Canis lupus familiaris,9615,MYH1
sp|Q076A6|MYH1_CANLF,730,NAS,Canis lupus familiaris,9615,MYH1
sp|Q076A6|MYH1_CANLF,981,NLT,Canis lupus familiaris,9615,MYH1
sp|Q076A6|MYH1_CANLF,1724,NTS,Canis lupus familiaris,9615,MYH1
sp|Q076A6|MYH1_CANLF,1896,NLS,Canis lupus familiaris,9615,MYH1
sp|Q076A7|MYH2_CANLF,172,NQS,Canis lupus familiaris,9615,MYH2
sp|Q076A7|MYH2_CANLF,243,NSS,Canis lupus familiaris,9615,MYH2
sp|Q076A7|MYH2_CANLF,482,NFT,Canis lupus familiaris,9615,MYH2
sp|Q076A7|MYH2_CANLF,592,NIT,Canis lupus familiaris,9615,MYH2
sp|Q076A7|MYH2_CANLF,605,NET,Canis lupus familiaris,9615,MYH2
sp|Q076A7|MYH2_CANLF,681,NET,Canis lupus familiaris,9615,MYH2
sp|Q076A7|MYH2_CANLF,731,NAS,Canis lupus familiaris,9615,MYH2
sp|Q076A7|MYH2_CANLF,982,NLT,Canis lupus familiaris,9615,MYH2
sp|Q076A7|MYH2_CANLF,1725,NTS,Canis lupus familiaris,9615,MYH2
sp|Q076A7|MYH2_CANLF,1897,NLS,Canis lupus familiaris,9615,MYH2
sp|Q0Q0E4|GATA4_CANLF,326,NKS,Canis lupus familiaris,9615,GATA4
sp|Q0Q0E4|GATA4_CANLF,349,NSS,Canis lupus familiaris,9615,GATA4
sp|Q0ZAQ8|PPARD_CANLF,191,NMT,Canis lupus familiaris,9615,PPARD
sp|Q0ZAQ8|PPARD_CANLF,307,NGT,Canis lupus familiaris,9615,PPARD
sp|Q1HGE8|HSF4_CANLF,339,NFS,Canis lupus familiaris,9615,HSF4
sp|Q28281|ARRS_CANLF,232,NNT,Canis lupus familiaris,9615,SAG
sp|Q28281|ARRS_CANLF,275,NST,Canis lupus familiaris,9615,SAG
sp|Q28292|IL1B_CANLF,41,NHS,Canis lupus familiaris,9615,IL1B
sp|Q28292|IL1B_CANLF,60,NKS,Canis lupus familiaris,9615,IL1B
sp|Q28298|RRBP1_CANLF,91,NVT,Canis lupus familiaris,9615,RRBP1
sp|Q28298|RRBP1_CANLF,207,NQS,Canis lupus familiaris,9615,RRBP1
sp|Q28298|RRBP1_CANLF,457,NQS,Canis lupus familiaris,9615,RRBP1
sp|Q28298|RRBP1_CANLF,727,NQS,Canis lupus familiaris,9615,RRBP1
sp|Q28300|GNAT1_CANLF,145,NDS,Canis lupus familiaris,9615,GNAT1
sp|Q28895|NPC2_CANLF,58,NVT,Canis lupus familiaris,9615,NPC2
sp|Q29393|PGS2_CANLF,212,NIT,Canis lupus familiaris,9615,DCN
sp|Q29393|PGS2_CANLF,263,NGT,Canis lupus familiaris,9615,DCN
sp|Q29393|PGS2_CANLF,304,NIS,Canis lupus familiaris,9615,DCN
sp|Q29467|I5P1_CANLF,298,NGT,Canis lupus familiaris,9615,INPP5A
sp|Q29473|CP2DF_CANLF,401,NLS,Canis lupus familiaris,9615,CYP2D15
sp|Q29476|ST1A1_CANLF,234,NNS,Canis lupus familiaris,9615,SULT1A1
sp|Q29476|ST1A1_CANLF,239,NYT,Canis lupus familiaris,9615,SULT1A1
sp|Q2KL21|EPOR_CANLF,76,NYS,Canis lupus familiaris,9615,EPOR
sp|Q2KL21|EPOR_CANLF,184,NIS,Canis lupus familiaris,9615,EPOR
sp|Q2THW8|ZDHC8_CANLF,61,NFS,Canis lupus familiaris,9615,ZDHHC8
sp|Q2THW8|ZDHC8_CANLF,474,NGS,Canis lupus familiaris,9615,ZDHHC8
sp|Q2THW8|ZDHC8_CANLF,543,NLS,Canis lupus familiaris,9615,ZDHHC8
sp|Q2THW9|ZDHC5_CANLF,61,NFS,Canis lupus familiaris,9615,ZDHHC5
sp|Q2THW9|ZDHC5_CANLF,239,NVS,Canis lupus familiaris,9615,ZDHHC5
sp|Q2THW9|ZDHC5_CANLF,461,NQT,Canis lupus familiaris,9615,ZDHHC5
sp|Q2THW9|ZDHC5_CANLF,465,NGS,Canis lupus familiaris,9615,ZDHHC5
sp|Q2THW9|ZDHC5_CANLF,535,NLS,Canis lupus familiaris,9615,ZDHHC5
sp|Q2VLG6|C163A_CANLF,59,NCS,Canis lupus familiaris,9615,CD163
sp|Q2VLG6|C163A_CANLF,123,NES,Canis lupus familiaris,9615,CD163
sp|Q2VLG6|C163A_CANLF,139,NCS,Canis lupus familiaris,9615,CD163
sp|Q2VLG6|C163A_CANLF,230,NES,Canis lupus familiaris,9615,CD163
sp|Q2VLG6|C163A_CANLF,319,NAS,Canis lupus familiaris,9615,CD163
sp|Q2VLG6|C163A_CANLF,331,NLS,Canis lupus familiaris,9615,CD163
sp|Q2VLG6|C163A_CANLF,444,NET,Canis lupus familiaris,9615,CD163
sp|Q2VLG6|C163A_CANLF,684,NQS,Canis lupus familiaris,9615,CD163
sp|Q2VLG6|C163A_CANLF,693,NST,Canis lupus familiaris,9615,CD163
sp|Q2VLG6|C163A_CANLF,766,NAT,Canis lupus familiaris,9615,CD163
sp|Q2VLG6|C163A_CANLF,853,NMS,Canis lupus familiaris,9615,CD163
sp|Q2VLG6|C163A_CANLF,936,NCS,Canis lupus familiaris,9615,CD163
sp|Q2VLG6|C163A_CANLF,1000,NES,Canis lupus familiaris,9615,CD163
sp|Q2VLG6|C163A_CANLF,1094,NSS,Canis lupus familiaris,9615,CD163
sp|Q2VLG6|C163A_CANLF,1112,NES,Canis lupus familiaris,9615,CD163
sp|Q30DN6|KDM5D_CANLF,1478,NKS,Canis lupus familiaris,9615,KDM5D
sp|Q30DN6|KDM5D_CANLF,1520,NDS,Canis lupus familiaris,9615,KDM5D
sp|Q32KH0|ARSK_CANLF,112,NYT,Canis lupus familiaris,9615,ARSK
sp|Q32KH0|ARSK_CANLF,197,NST,Canis lupus familiaris,9615,ARSK
sp|Q32KH0|ARSK_CANLF,266,NCT,Canis lupus familiaris,9615,ARSK
sp|Q32KH0|ARSK_CANLF,379,NLS,Canis lupus familiaris,9615,ARSK
sp|Q32KH0|ARSK_CANLF,417,NAS,Canis lupus familiaris,9615,ARSK
sp|Q32KH0|ARSK_CANLF,502,NYS,Canis lupus familiaris,9615,ARSK
sp|Q32KH5|GALNS_CANLF,203,NLT,Canis lupus familiaris,9615,GALNS
sp|Q32KH5|GALNS_CANLF,423,NVS,Canis lupus familiaris,9615,GALNS
sp|Q32KH9|ARSG_CANLF,117,NET,Canis lupus familiaris,9615,ARSG
sp|Q32KH9|ARSG_CANLF,215,NLS,Canis lupus familiaris,9615,ARSG
sp|Q32KH9|ARSG_CANLF,356,NVT,Canis lupus familiaris,9615,ARSG
sp|Q32KH9|ARSG_CANLF,497,NTS,Canis lupus familiaris,9615,ARSG
sp|Q38HS3|KLRD1_CANLF,93,NSS,Canis lupus familiaris,9615,KLRD1
sp|Q38HS3|KLRD1_CANLF,125,NGT,Canis lupus familiaris,9615,KLRD1
sp|Q38JA7|KDM5C_CANLF,315,NHS,Canis lupus familiaris,9615,KDM5C
sp|Q38JA7|KDM5C_CANLF,1413,NHS,Canis lupus familiaris,9615,KDM5C
sp|Q3BCQ4|RHCG_CANLF,48,NST,Canis lupus familiaris,9615,RHCG
sp|Q3BCQ4|RHCG_CANLF,285,NAT,Canis lupus familiaris,9615,RHCG
sp|Q3BCQ4|RHCG_CANLF,385,NRT,Canis lupus familiaris,9615,RHCG
sp|Q3BCQ5|RHAG_CANLF,37,NST,Canis lupus familiaris,9615,RHAG
sp|Q3BCQ5|RHAG_CANLF,40,NST,Canis lupus familiaris,9615,RHAG
sp|Q3BCQ5|RHAG_CANLF,274,NAT,Canis lupus familiaris,9615,RHAG
sp|Q4LAL9|CATD_CANLF,134,NGT,Canis lupus familiaris,9615,CTSD
sp|Q4LAL9|CATD_CANLF,261,NVT,Canis lupus familiaris,9615,CTSD
sp|Q4PPC4|SCN1B_CANLF,93,NGS,Canis lupus familiaris,9615,SCN1B
sp|Q4PPC4|SCN1B_CANLF,110,NVT,Canis lupus familiaris,9615,SCN1B
sp|Q4PPC4|SCN1B_CANLF,114,NHS,Canis lupus familiaris,9615,SCN1B
sp|Q4PPC4|SCN1B_CANLF,135,NTS,Canis lupus familiaris,9615,SCN1B
sp|Q4PPC4|SCN1B_CANLF,196,NAS,Canis lupus familiaris,9615,SCN1B
sp|Q4PPC4|SCN1B_CANLF,210,NCT,Canis lupus familiaris,9615,SCN1B
sp|Q4ZHR9|GCYB1_CANLF,201,NGT,Canis lupus familiaris,9615,GUCY1B1
sp|Q4ZHR9|GCYB1_CANLF,247,NCS,Canis lupus familiaris,9615,GUCY1B1
sp|Q4ZHR9|GCYB1_CANLF,419,NVT,Canis lupus familiaris,9615,GUCY1B1
sp|Q4ZHR9|GCYB1_CANLF,548,NLT,Canis lupus familiaris,9615,GUCY1B1
sp|Q4ZHR9|GCYB1_CANLF,563,NVS,Canis lupus familiaris,9615,GUCY1B1
sp|Q5CAZ6|B3GA2_CANLF,71,NES,Canis lupus familiaris,9615,B3GAT2
sp|Q5CAZ6|B3GA2_CANLF,298,NCT,Canis lupus familiaris,9615,B3GAT2
sp|Q5CB03|B3GA1_CANLF,141,NYT,Canis lupus familiaris,9615,B3GAT1
sp|Q5CB03|B3GA1_CANLF,185,NSS,Canis lupus familiaris,9615,B3GAT1
sp|Q5CB03|B3GA1_CANLF,304,NCT,Canis lupus familiaris,9615,B3GAT1
sp|Q5DUB3|NK1R_CANLF,14,NIS,Canis lupus familiaris,9615,TACR1
sp|Q5DUB3|NK1R_CANLF,18,NTS,Canis lupus familiaris,9615,TACR1
sp|Q5DUB3|NK1R_CANLF,89,NFT,Canis lupus familiaris,9615,TACR1
sp|Q5DUB3|NK1R_CANLF,385,NGS,Canis lupus familiaris,9615,TACR1
sp|Q5ECR9|CCR5_CANLF,270,NSS,Canis lupus familiaris,9615,CCR5
sp|Q5IFP1|3BHS_CANLF,271,NLS,Canis lupus familiaris,9615,HSD3B
sp|Q5KSV9|CXL10_CANLF,2,NQS,Canis lupus familiaris,9615,CXCL10
sp|Q5KSV9|CXL10_CANLF,17,NGT,Canis lupus familiaris,9615,CXCL10
sp|Q5NDE9|PMGT2_CANLF,99,NAS,Canis lupus familiaris,9615,POMGNT2
sp|Q5NDE9|PMGT2_CANLF,276,NVS,Canis lupus familiaris,9615,POMGNT2
sp|Q5NDE9|PMGT2_CANLF,337,NAS,Canis lupus familiaris,9615,POMGNT2
sp|Q5NDE9|PMGT2_CANLF,543,NHT,Canis lupus familiaris,9615,POMGNT2
sp|Q5NDE9|PMGT2_CANLF,565,NKT,Canis lupus familiaris,9615,POMGNT2
sp|Q5QQ50|XYLT2_CANLF,122,NLS,Canis lupus familiaris,9615,XYLT2
sp|Q5QQ50|XYLT2_CANLF,327,NLS,Canis lupus familiaris,9615,XYLT2
sp|Q5QQ50|XYLT2_CANLF,683,NLT,Canis lupus familiaris,9615,XYLT2
sp|Q5TJE8|B3GT4_CANLF,149,NLT,Canis lupus familiaris,9615,B3GALT4
sp|Q5TJF6|S39A7_CANLF,284,NGS,Canis lupus familiaris,9615,SLC39A7
sp|Q5TJF6|S39A7_CANLF,330,NFT,Canis lupus familiaris,9615,SLC39A7
sp|Q5TJF7|RXRB_CANLF,163,NST,Canis lupus familiaris,9615,RXRB
sp|Q5TJG6|BRD2_CANLF,4,NVT,Canis lupus familiaris,9615,BRD2
sp|Q5TJG6|BRD2_CANLF,750,NST,Canis lupus familiaris,9615,BRD2
sp|Q5VK71|AKAP8_CANLF,42,NTS,Canis lupus familiaris,9615,AKAP8
sp|Q5W416|PSB8_CANLF,189,NGT,Canis lupus familiaris,9615,PSMB8
sp|Q5XNR9|LIFR_CANLF,3,NIS,Canis lupus familiaris,9615,LIFR
sp|Q5XNR9|LIFR_CANLF,85,NRS,Canis lupus familiaris,9615,LIFR
sp|Q5XNR9|LIFR_CANLF,131,NVS,Canis lupus familiaris,9615,LIFR
sp|Q5XNR9|LIFR_CANLF,143,NLS,Canis lupus familiaris,9615,LIFR
sp|Q5XNR9|LIFR_CANLF,191,NTT,Canis lupus familiaris,9615,LIFR
sp|Q5XNR9|LIFR_CANLF,243,NIS,Canis lupus familiaris,9615,LIFR
sp|Q5XNR9|LIFR_CANLF,303,NIS,Canis lupus familiaris,9615,LIFR
sp|Q5XNR9|LIFR_CANLF,366,NTS,Canis lupus familiaris,9615,LIFR
sp|Q5XNR9|LIFR_CANLF,390,NES,Canis lupus familiaris,9615,LIFR
sp|Q5XNR9|LIFR_CANLF,407,NFT,Canis lupus familiaris,9615,LIFR
sp|Q5XNR9|LIFR_CANLF,426,NIT,Canis lupus familiaris,9615,LIFR
sp|Q5XNR9|LIFR_CANLF,445,NST,Canis lupus familiaris,9615,LIFR
sp|Q5XNR9|LIFR_CANLF,471,NKT,Canis lupus familiaris,9615,LIFR
sp|Q5XNR9|LIFR_CANLF,481,NVT,Canis lupus familiaris,9615,LIFR
sp|Q5XNR9|LIFR_CANLF,489,NSS,Canis lupus familiaris,9615,LIFR
sp|Q5XNR9|LIFR_CANLF,572,NVS,Canis lupus familiaris,9615,LIFR
sp|Q5XNR9|LIFR_CANLF,652,NMT,Canis lupus familiaris,9615,LIFR
sp|Q5XNR9|LIFR_CANLF,663,NSS,Canis lupus familiaris,9615,LIFR
sp|Q5XNR9|LIFR_CANLF,680,NST,Canis lupus familiaris,9615,LIFR
sp|Q5XNR9|LIFR_CANLF,729,NFT,Canis lupus familiaris,9615,LIFR
sp|Q5XNR9|LIFR_CANLF,787,NIT,Canis lupus familiaris,9615,LIFR
sp|Q659X0|FUT8_CANLF,263,NET,Canis lupus familiaris,9615,FUT8
sp|Q6EIY9|K2C1_CANLF,159,NQS,Canis lupus familiaris,9615,KRT1
sp|Q6EIY9|K2C1_CANLF,343,NRS,Canis lupus familiaris,9615,KRT1
sp|Q6EIY9|K2C1_CANLF,501,NVS,Canis lupus familiaris,9615,KRT1
sp|Q6EIY9|K2C1_CANLF,507,NTS,Canis lupus familiaris,9615,KRT1
sp|Q6EIZ0|K1C10_CANLF,177,NSS,Canis lupus familiaris,9615,KRT10
sp|Q6EIZ0|K1C10_CANLF,202,NLT,Canis lupus familiaris,9615,KRT10
sp|Q6EIZ0|K1C10_CANLF,286,NVS,Canis lupus familiaris,9615,KRT10
sp|Q6EIZ1|K22E_CANLF,168,NES,Canis lupus familiaris,9615,KRT2
sp|Q6EIZ1|K22E_CANLF,344,NVT,Canis lupus familiaris,9615,KRT2
sp|Q6EIZ1|K22E_CANLF,352,NRS,Canis lupus familiaris,9615,KRT2
sp|Q6EIZ1|K22E_CANLF,510,NVT,Canis lupus familiaris,9615,KRT2
sp|Q6Q7P4|EPB41_CANLF,282,NFT,Canis lupus familiaris,9615,EPB41
sp|Q6Q7P4|EPB41_CANLF,359,NQT,Canis lupus familiaris,9615,EPB41
sp|Q6QNF4|HGFA_CANLF,38,NLT,Canis lupus familiaris,9615,HGFAC
sp|Q6QNF4|HGFA_CANLF,46,NAT,Canis lupus familiaris,9615,HGFAC
sp|Q6QNF4|HGFA_CANLF,288,NGT,Canis lupus familiaris,9615,HGFAC
sp|Q6QNF4|HGFA_CANLF,467,NQT,Canis lupus familiaris,9615,HGFAC
sp|Q6QNF4|HGFA_CANLF,545,NVS,Canis lupus familiaris,9615,HGFAC
sp|Q6SLL5|CDN1B_CANLF,8,NGS,Canis lupus familiaris,9615,CDKN1B
sp|Q6SLL5|CDN1B_CANLF,168,NRT,Canis lupus familiaris,9615,CDKN1B
sp|Q6SLL5|CDN1B_CANLF,173,NVS,Canis lupus familiaris,9615,CDKN1B
sp|Q6TDU1|MGMT_CANLF,161,NYT,Canis lupus familiaris,9615,MGMT
sp|Q6TEQ7|ANXA2_CANLF,62,NRS,Canis lupus familiaris,9615,ANXA2
sp|Q6UKZ8|GDF8_CANLF,71,NIS,Canis lupus familiaris,9615,MSTN
sp|Q71DR4|CNTFR_CANLF,60,NGT,Canis lupus familiaris,9615,CNTFR
sp|Q71DR4|CNTFR_CANLF,70,NGS,Canis lupus familiaris,9615,CNTFR
sp|Q71DR4|CNTFR_CANLF,142,NVT,Canis lupus familiaris,9615,CNTFR
sp|Q71DR4|CNTFR_CANLF,190,NAT,Canis lupus familiaris,9615,CNTFR
sp|Q767J3|DNAS1_CANLF,40,NAT,Canis lupus familiaris,9615,DNASE1
sp|Q767J3|DNAS1_CANLF,128,NDT,Canis lupus familiaris,9615,DNASE1
sp|Q7YQC6|HSP71_CANLF,35,NRT,Canis lupus familiaris,9615,HSPA1
sp|Q7YQC6|HSP71_CANLF,151,NDS,Canis lupus familiaris,9615,HSPA1
sp|Q7YQC6|HSP71_CANLF,360,NKS,Canis lupus familiaris,9615,HSPA1
sp|Q7YQC6|HSP71_CANLF,417,NST,Canis lupus familiaris,9615,HSPA1
sp|Q7YQC6|HSP71_CANLF,487,NVT,Canis lupus familiaris,9615,HSPA1
sp|Q7YRB4|BDNF_CANLF,121,NMS,Canis lupus familiaris,9615,BDNF
sp|Q7YRF1|AP3B1_CANLF,75,NAS,Canis lupus familiaris,9615,AP3B1
sp|Q7YRF1|AP3B1_CANLF,401,NIS,Canis lupus familiaris,9615,AP3B1
sp|Q7YRF1|AP3B1_CANLF,808,NLT,Canis lupus familiaris,9615,AP3B1
sp|Q7YRF1|AP3B1_CANLF,847,NLS,Canis lupus familiaris,9615,AP3B1
sp|Q7YRF1|AP3B1_CANLF,904,NNT,Canis lupus familiaris,9615,AP3B1
sp|Q7YRF1|AP3B1_CANLF,1001,NET,Canis lupus familiaris,9615,AP3B1
sp|Q7YRF1|AP3B1_CANLF,1013,NFT,Canis lupus familiaris,9615,AP3B1
sp|Q7YRU7|DSG3_CANLF,109,NIT,Canis lupus familiaris,9615,DSG3
sp|Q7YRU7|DSG3_CANLF,179,NAT,Canis lupus familiaris,9615,DSG3
sp|Q7YRU7|DSG3_CANLF,458,NKT,Canis lupus familiaris,9615,DSG3
sp|Q7YRU7|DSG3_CANLF,544,NAT,Canis lupus familiaris,9615,DSG3
sp|Q7YRU7|DSG3_CANLF,952,NVT,Canis lupus familiaris,9615,DSG3
sp|Q7YRU7|DSG3_CANLF,965,NVS,Canis lupus familiaris,9615,DSG3
sp|Q864L3|SCN2B_CANLF,42,NGS,Canis lupus familiaris,9615,SCN2B
sp|Q864L3|SCN2B_CANLF,66,NWT,Canis lupus familiaris,9615,SCN2B
sp|Q864L3|SCN2B_CANLF,74,NCS,Canis lupus familiaris,9615,SCN2B
sp|Q866G7|S46A2_CANLF,61,NHS,Canis lupus familiaris,9615,SLC46A2
sp|Q866Y9|ZACN_CANLF,55,NGS,Canis lupus familiaris,9615,ZACN
sp|Q866Y9|ZACN_CANLF,99,NAS,Canis lupus familiaris,9615,ZACN
sp|Q866Y9|ZACN_CANLF,172,NLS,Canis lupus familiaris,9615,ZACN
sp|Q8HYS5|MCL1_CANLF,88,NVS,Canis lupus familiaris,9615,MCL1
sp|Q8WMD0|COMD1_CANLF,110,NQS,Canis lupus familiaris,9615,COMMD1
sp|Q8WMS0|S35A2_CANLF,47,NAS,Canis lupus familiaris,9615,SLC35A2
sp|Q8WMS0|S35A2_CANLF,161,NRS,Canis lupus familiaris,9615,SLC35A2
sp|Q8WMU5|FZD6_CANLF,38,NMT,Canis lupus familiaris,9615,FZD6
sp|Q8WMU5|FZD6_CANLF,352,NIS,Canis lupus familiaris,9615,FZD6
sp|Q8WMU5|FZD6_CANLF,641,NGT,Canis lupus familiaris,9615,FZD6
sp|Q8WNN6|SODC_CANLF,86,NVT,Canis lupus familiaris,9615,SOD1
sp|Q8WNW0|CP21A_CANLF,468,NLS,Canis lupus familiaris,9615,CYP21
sp|Q95165|SCNNB_CANLF,31,NNT,Canis lupus familiaris,9615,SCNN1B
sp|Q95165|SCNNB_CANLF,99,NAS,Canis lupus familiaris,9615,SCNN1B
sp|Q95165|SCNNB_CANLF,135,NAT,Canis lupus familiaris,9615,SCNN1B
sp|Q95165|SCNNB_CANLF,141,NVT,Canis lupus familiaris,9615,SCNN1B
sp|Q95165|SCNNB_CANLF,146,NYT,Canis lupus familiaris,9615,SCNN1B
sp|Q95165|SCNNB_CANLF,172,NGS,Canis lupus familiaris,9615,SCNN1B
sp|Q95165|SCNNB_CANLF,200,NGT,Canis lupus familiaris,9615,SCNN1B
sp|Q95165|SCNNB_CANLF,208,NFT,Canis lupus familiaris,9615,SCNN1B
sp|Q95165|SCNNB_CANLF,261,NFT,Canis lupus familiaris,9615,SCNN1B
sp|Q95165|SCNNB_CANLF,365,NGS,Canis lupus familiaris,9615,SCNN1B
sp|Q95165|SCNNB_CANLF,379,NTT,Canis lupus familiaris,9615,SCNN1B
sp|Q95165|SCNNB_CANLF,399,NCS,Canis lupus familiaris,9615,SCNN1B
sp|Q95165|SCNNB_CANLF,450,NDT,Canis lupus familiaris,9615,SCNN1B
sp|Q95165|SCNNB_CANLF,485,NIT,Canis lupus familiaris,9615,SCNN1B
sp|Q95LA1|FMO3_CANLF,61,NSS,Canis lupus familiaris,9615,FMO3
sp|Q95LA1|FMO3_CANLF,275,NGT,Canis lupus familiaris,9615,FMO3
sp|Q95MM9|SLAF1_CANLF,57,NKS,Canis lupus familiaris,9615,SLAMF1
sp|Q95MM9|SLAF1_CANLF,102,NLT,Canis lupus familiaris,9615,SLAMF1
sp|Q95MM9|SLAF1_CANLF,125,NFS,Canis lupus familiaris,9615,SLAMF1
sp|Q95MM9|SLAF1_CANLF,150,NWT,Canis lupus familiaris,9615,SLAMF1
sp|Q95MM9|SLAF1_CANLF,157,NCS,Canis lupus familiaris,9615,SLAMF1
sp|Q95MM9|SLAF1_CANLF,189,NSS,Canis lupus familiaris,9615,SLAMF1
sp|Q95MM9|SLAF1_CANLF,217,NRS,Canis lupus familiaris,9615,SLAMF1
sp|Q95MP7|FRIH_CANLF,112,NQS,Canis lupus familiaris,9615,FTH1
sp|Q95MP7|FRIH_CANLF,181,NES,Canis lupus familiaris,9615,FTH1
sp|Q9BEA0|EGF_CANLF,104,NGT,Canis lupus familiaris,9615,EGF
sp|Q9BEA0|EGF_CANLF,117,NVS,Canis lupus familiaris,9615,EGF
sp|Q9BEA0|EGF_CANLF,148,NNS,Canis lupus familiaris,9615,EGF
sp|Q9BEA0|EGF_CANLF,406,NTS,Canis lupus familiaris,9615,EGF
sp|Q9BEA0|EGF_CANLF,818,NIT,Canis lupus familiaris,9615,EGF
sp|Q9BEA0|EGF_CANLF,855,NAT,Canis lupus familiaris,9615,EGF
sp|Q9BEA0|EGF_CANLF,929,NAT,Canis lupus familiaris,9615,EGF
sp|Q9BEA0|EGF_CANLF,938,NYT,Canis lupus familiaris,9615,EGF
sp|Q9BEA0|EGF_CANLF,1110,NGS,Canis lupus familiaris,9615,EGF
sp|Q9GKK5|TBG1_CANLF,207,NTT,Canis lupus familiaris,9615,TUBG1
sp|Q9GKK5|TBG1_CANLF,380,NHT,Canis lupus familiaris,9615,TUBG1
sp|Q9GKQ8|DSG1_CANLF,36,NGT,Canis lupus familiaris,9615,DSG1
sp|Q9GKQ8|DSG1_CANLF,110,NIT,Canis lupus familiaris,9615,DSG1
sp|Q9GKQ8|DSG1_CANLF,180,NAT,Canis lupus familiaris,9615,DSG1
sp|Q9GKQ8|DSG1_CANLF,557,NLS,Canis lupus familiaris,9615,DSG1
sp|Q9GKQ8|DSG1_CANLF,851,NVT,Canis lupus familiaris,9615,DSG1
sp|Q9GKQ8|DSG1_CANLF,953,NLS,Canis lupus familiaris,9615,DSG1
sp|Q9GL27|TBXT_CANLF,78,NVS,Canis lupus familiaris,9615,TBXT
sp|Q9GL27|TBXT_CANLF,298,NNS,Canis lupus familiaris,9615,TBXT
sp|Q9GL27|TBXT_CANLF,355,NGT,Canis lupus familiaris,9615,TBXT
sp|Q9GLD3|TFR1_CANLF,261,NGS,Canis lupus familiaris,9615,TFRC
sp|Q9GLD3|TFR1_CANLF,327,NHT,Canis lupus familiaris,9615,TFRC
sp|Q9GLD3|TFR1_CANLF,384,NLT,Canis lupus familiaris,9615,TFRC
sp|Q9GLD3|TFR1_CANLF,732,NKS,Canis lupus familiaris,9615,TFRC
sp|Q9GLD3|TFR1_CANLF,737,NET,Canis lupus familiaris,9615,TFRC
sp|Q9GLK0|TGM1_CANLF,268,NES,Canis lupus familiaris,9615,TGM1
sp|Q9GLK0|TGM1_CANLF,339,NWS,Canis lupus familiaris,9615,TGM1
sp|Q9GLK0|TGM1_CANLF,666,NVS,Canis lupus familiaris,9615,TGM1
sp|Q9GLK0|TGM1_CANLF,745,NET,Canis lupus familiaris,9615,TGM1
sp|Q9GMY1|QKI_CANLF,58,NDT,Canis lupus familiaris,9615,QKI
sp|Q9GMY1|QKI_CANLF,62,NGS,Canis lupus familiaris,9615,QKI
sp|Q9GMY1|QKI_CANLF,201,NGT,Canis lupus familiaris,9615,QKI
sp|Q9GMY1|QKI_CANLF,265,NGT,Canis lupus familiaris,9615,QKI
sp|Q9MYY9|KCNJ2_CANLF,190,NET,Canis lupus familiaris,9615,KCNJ2
sp|Q9N0Y2|MX2_CANLF,313,NLT,Canis lupus familiaris,9615,MX2
sp|Q9N0Y2|MX2_CANLF,383,NKS,Canis lupus familiaris,9615,MX2
sp|Q9N0Y2|MX2_CANLF,446,NET,Canis lupus familiaris,9615,MX2
sp|Q9N0Y2|MX2_CANLF,544,NLS,Canis lupus familiaris,9615,MX2
sp|Q9N0Y2|MX2_CANLF,657,NGS,Canis lupus familiaris,9615,MX2
sp|Q9N0Y3|MX1_CANLF,566,NIS,Canis lupus familiaris,9615,MX1
sp|Q9N1R2|EAA4_CANLF,216,NGS,Canis lupus familiaris,9615,SLC1A6
sp|Q9N1R2|EAA4_CANLF,232,NGT,Canis lupus familiaris,9615,SLC1A6
sp|Q9N1R2|EAA4_CANLF,239,NVT,Canis lupus familiaris,9615,SLC1A6
sp|Q9N1R2|EAA4_CANLF,560,NES,Canis lupus familiaris,9615,SLC1A6
sp|Q9TRY9|BGAL_CANLF,27,NAS,Canis lupus familiaris,9615,GLB1
sp|Q9TRY9|BGAL_CANLF,248,NIT,Canis lupus familiaris,9615,GLB1
sp|Q9TRY9|BGAL_CANLF,465,NIT,Canis lupus familiaris,9615,GLB1
sp|Q9TRY9|BGAL_CANLF,499,NLT,Canis lupus familiaris,9615,GLB1
sp|Q9TRY9|BGAL_CANLF,546,NYT,Canis lupus familiaris,9615,GLB1
sp|Q9TRY9|BGAL_CANLF,556,NFS,Canis lupus familiaris,9615,GLB1
sp|Q9TU19|NPHP1_CANLF,34,NES,Canis lupus familiaris,9615,NPHP1
sp|Q9TU19|NPHP1_CANLF,292,NSS,Canis lupus familiaris,9615,NPHP1
sp|Q9TU19|NPHP1_CANLF,311,NST,Canis lupus familiaris,9615,NPHP1
sp|Q9XSI1|CTLA4_CANLF,113,NLT,Canis lupus familiaris,9615,CTLA4
sp|Q9XSI1|CTLA4_CANLF,145,NGT,Canis lupus familiaris,9615,CTLA4
sp|Q9XSR0|IL18_CANLF,20,NNT,Canis lupus familiaris,9615,IL18
sp|Q9XSR0|IL18_CANLF,114,NKT,Canis lupus familiaris,9615,IL18
sp|Q9XSR0|IL18_CANLF,191,NKS,Canis lupus familiaris,9615,IL18
sp|Q9XST2|GLUT4_CANLF,117,NWT,Canis lupus familiaris,9615,SLC2A4
sp|Q9XST5|MT2_CANLF,4,NCS,Canis lupus familiaris,9615,MT2A
sp|Q9XT60|SRY_CANLF,32,NST,Canis lupus familiaris,9615,SRY
sp|Q9XT74|NRAM1_CANLF,321,NSS,Canis lupus familiaris,9615,SLC11A1
sp|Q9XT74|NRAM1_CANLF,335,NLT,Canis lupus familiaris,9615,SLC11A1
sp|Q9XT82|PE2R2_CANLF,6,NNS,Canis lupus familiaris,9615,PTGER2
sp|Q9XT82|PE2R2_CANLF,96,NQT,Canis lupus familiaris,9615,PTGER2
sp|Q9XT82|PE2R2_CANLF,215,NFS,Canis lupus familiaris,9615,PTGER2
sp|Q9XT82|PE2R2_CANLF,287,NET,Canis lupus familiaris,9615,PTGER2
sp|Q9XT82|PE2R2_CANLF,351,NAS,Canis lupus familiaris,9615,PTGER2
sp|Q9ZZ64|COX1_CANLF,99,NMS,Canis lupus familiaris,9615,MT-CO1
sp|Q9ZZ64|COX1_CANLF,216,NTT,Canis lupus familiaris,9615,MT-CO1
sp|Q9ZZ64|COX1_CANLF,360,NSS,Canis lupus familiaris,9615,MT-CO1
sp|Q9ZZ64|COX1_CANLF,406,NDT,Canis lupus familiaris,9615,MT-CO1
sp|Q9ZZ64|COX1_CANLF,422,NMT,Canis lupus familiaris,9615,MT-CO1
sp|A0A5F4BST2|CRUM3_CANLF,36,NGT,Canis lupus familiaris,9615,CRB3
sp|A0A8J8|ANGP2_CANLF,88,NNT,Canis lupus familiaris,9615,ANGPT2
sp|A0A8J8|ANGP2_CANLF,118,NQT,Canis lupus familiaris,9615,ANGPT2
sp|A0A8J8|ANGP2_CANLF,132,NQT,Canis lupus familiaris,9615,ANGPT2
sp|A0A8J8|ANGP2_CANLF,150,NQT,Canis lupus familiaris,9615,ANGPT2
sp|A0A8J8|ANGP2_CANLF,239,NNS,Canis lupus familiaris,9615,ANGPT2
sp|A0A8J8|ANGP2_CANLF,303,NST,Canis lupus familiaris,9615,ANGPT2
sp|A0PA85|DCE1_CANLF,342,NAT,Canis lupus familiaris,9615,GAD1
sp|A1XD97|TFP11_CANLF,351,NLS,Canis lupus familiaris,9615,TFIP11
sp|A1XD97|TFP11_CANLF,372,NLS,Canis lupus familiaris,9615,TFIP11
sp|A2SXS5|MEN1_CANLF,571,NSS,Canis lupus familiaris,9615,MEN1
sp|A7YH32|CING_CANLF,857,NDS,Canis lupus familiaris,9615,CGN
sp|D0VWQ3|RL18_CANLF,40,NST,Canis lupus familiaris,9615,RPL18
sp|D0VWQ3|RL18_CANLF,77,NKT,Canis lupus familiaris,9615,RPL18
sp|D0VWQ5|RL19_CANLF,27,NET,Canis lupus familiaris,9615,RPL19
sp|E2QSX5|IFT43_CANLF,41,NSS,Canis lupus familiaris,9615,IFT43
sp|E2QTD3|TDRD5_CANLF,275,NHT,Canis lupus familiaris,9615,TDRD5
sp|E2QTD3|TDRD5_CANLF,345,NVT,Canis lupus familiaris,9615,TDRD5
sp|E2QTD3|TDRD5_CANLF,443,NKS,Canis lupus familiaris,9615,TDRD5
sp|E2QUD0|GATA_CANLF,78,NFS,Canis lupus familiaris,9615,QRSL1
sp|E2QUD0|GATA_CANLF,101,NAT,Canis lupus familiaris,9615,QRSL1
sp|E2QUD0|GATA_CANLF,437,NRT,Canis lupus familiaris,9615,QRSL1
sp|E2QUI9|NNRD_CANLF,240,NVT,Canis lupus familiaris,9615,NAXD
sp|E2QUI9|NNRD_CANLF,297,NGS,Canis lupus familiaris,9615,NAXD
sp|E2R1I5|CCD39_CANLF,275,NNT,Canis lupus familiaris,9615,CCDC39
sp|E2R1I5|CCD39_CANLF,319,NRS,Canis lupus familiaris,9615,CCDC39
sp|E2R1I5|CCD39_CANLF,331,NIS,Canis lupus familiaris,9615,CCDC39
sp|E2R1I5|CCD39_CANLF,353,NQS,Canis lupus familiaris,9615,CCDC39
sp|E2R1I5|CCD39_CANLF,548,NKT,Canis lupus familiaris,9615,CCDC39
sp|E2R1I5|CCD39_CANLF,623,NLS,Canis lupus familiaris,9615,CCDC39
sp|E2R1I5|CCD39_CANLF,918,NIS,Canis lupus familiaris,9615,CCDC39
sp|E2R766|EXOC6_CANLF,124,NIT,Canis lupus familiaris,9615,EXOC6
sp|E2R766|EXOC6_CANLF,424,NET,Canis lupus familiaris,9615,EXOC6
sp|E2R766|EXOC6_CANLF,443,NYS,Canis lupus familiaris,9615,EXOC6
sp|E2R766|EXOC6_CANLF,552,NTT,Canis lupus familiaris,9615,EXOC6
sp|E2R766|EXOC6_CANLF,569,NIT,Canis lupus familiaris,9615,EXOC6
sp|E2R766|EXOC6_CANLF,572,NIS,Canis lupus familiaris,9615,EXOC6
sp|E2R9X2|ARI5B_CANLF,237,NES,Canis lupus familiaris,9615,ARID5B
sp|E2R9X2|ARI5B_CANLF,273,NNS,Canis lupus familiaris,9615,ARID5B
sp|E2R9X2|ARI5B_CANLF,428,NSS,Canis lupus familiaris,9615,ARID5B
sp|E2R9X2|ARI5B_CANLF,435,NKT,Canis lupus familiaris,9615,ARID5B
sp|E2R9X2|ARI5B_CANLF,625,NCT,Canis lupus familiaris,9615,ARID5B
sp|E2R9X2|ARI5B_CANLF,673,NYT,Canis lupus familiaris,9615,ARID5B
sp|E2R9X2|ARI5B_CANLF,867,NSS,Canis lupus familiaris,9615,ARID5B
sp|E2R9X2|ARI5B_CANLF,1107,NQT,Canis lupus familiaris,9615,ARID5B
sp|E2RDV1|TDRD7_CANLF,241,NLS,Canis lupus familiaris,9615,TDRD7
sp|E2RDV1|TDRD7_CANLF,250,NVT,Canis lupus familiaris,9615,TDRD7
sp|E2RDV1|TDRD7_CANLF,658,NAT,Canis lupus familiaris,9615,TDRD7
sp|E2RDV1|TDRD7_CANLF,824,NCS,Canis lupus familiaris,9615,TDRD7
sp|E2RK33|GATC_CANLF,139,NIS,Canis lupus familiaris,9615,GATC
sp|E2RP87|FCG3A_CANLF,56,NYT,Canis lupus familiaris,9615,FCGR3A
sp|E2RP87|FCG3A_CANLF,77,NAS,Canis lupus familiaris,9615,FCGR3A
sp|E2RP87|FCG3A_CANLF,152,NNS,Canis lupus familiaris,9615,FCGR3A
sp|E2RP87|FCG3A_CANLF,166,NGS,Canis lupus familiaris,9615,FCGR3A
sp|E2RP87|FCG3A_CANLF,179,NES,Canis lupus familiaris,9615,FCGR3A
sp|E2RQ15|RAB25_CANLF,3,NRT,Canis lupus familiaris,9615,RAB25
sp|E2RQ15|RAB25_CANLF,125,NKS,Canis lupus familiaris,9615,RAB25
sp|E2RQ15|RAB25_CANLF,183,NST,Canis lupus familiaris,9615,RAB25
sp|E2RSQ2|HORM1_CANLF,134,NQS,Canis lupus familiaris,9615,HORMAD1
sp|O02678|PGS1_CANLF,271,NGS,Canis lupus familiaris,9615,BGN
sp|O02678|PGS1_CANLF,312,NIT,Canis lupus familiaris,9615,BGN
sp|O18740|K1C9_CANLF,28,NRS,Canis lupus familiaris,9615,KRT9
sp|O18740|K1C9_CANLF,201,NIT,Canis lupus familiaris,9615,KRT9
sp|O18740|K1C9_CANLF,207,NKT,Canis lupus familiaris,9615,KRT9
sp|O18874|ALL2_CANLF,45,NKS,,,
sp|O62682|FGF8_CANLF,68,NYT,Canis lupus familiaris,9615,FGF8
sp|O62732|SYN1_CANLF,388,NKS,Canis lupus familiaris,9615,SYN1
sp|O62802|IL2RA_CANLF,67,NSS,Canis lupus familiaris,9615,IL2RA
sp|O77616|MSHR_CANLF,15,NGT,Canis lupus familiaris,9615,MC1R
sp|O77616|MSHR_CANLF,29,NQT,Canis lupus familiaris,9615,MC1R
sp|O77616|MSHR_CANLF,184,NHT,Canis lupus familiaris,9615,MC1R
sp|O97945|IFNA3_CANLF,94,NTS,,,
sp|O97945|IFNA3_CANLF,101,NMT,,,
sp|O97945|IFNA3_CANLF,156,NHS,,,
sp|P01002|IPSG_CANLF,89,NYS,,,
sp|P06625|SRPRA_CANLF,44,NNS,Canis lupus familiaris,9615,SRPRA
sp|P06625|SRPRA_CANLF,108,NGT,Canis lupus familiaris,9615,SRPRA
sp|P06625|SRPRA_CANLF,306,NAS,Canis lupus familiaris,9615,SRPRA
sp|P18470|HB2D_CANLF,48,NGT,,,
sp|P18842|LSHB_CANLF,30,NAT,Canis lupus familiaris,9615,LHB
sp|P23438|SSRB_CANLF,88,NVS,Canis lupus familiaris,9615,SSR2
sp|P23438|SSRB_CANLF,104,NFT,Canis lupus familiaris,9615,SSR2
sp|P28228|CXG1_CANLF,15,NHS,Canis lupus familiaris,9615,GJC1
sp|P28228|CXG1_CANLF,379,NKS,Canis lupus familiaris,9615,GJC1
sp|P30955|OLFD_CANLF,5,NQT,,,
sp|P30955|OLFD_CANLF,65,NLS,,,
sp|P30955|OLFD_CANLF,264,NNS,,,
sp|P32750|CHLE_CANLF,39,NAT,Canis lupus familiaris,9615,BCHE
sp|P33703|APOH_CANLF,117,NGS,Canis lupus familiaris,9615,APOH
sp|P33703|APOH_CANLF,162,NNS,Canis lupus familiaris,9615,APOH
sp|P33703|APOH_CANLF,183,NDT,Canis lupus familiaris,9615,APOH
sp|P33703|APOH_CANLF,193,NWT,Canis lupus familiaris,9615,APOH
sp|P33703|APOH_CANLF,253,NWS,Canis lupus familiaris,9615,APOH
sp|P33706|CD8A_CANLF,156,NAS,Canis lupus familiaris,9615,CD8A
sp|P33707|EPO_CANLF,64,NVT,Canis lupus familiaris,9615,EPO
sp|P33707|EPO_CANLF,78,NIT,Canis lupus familiaris,9615,EPO
sp|P33707|EPO_CANLF,123,NAS,Canis lupus familiaris,9615,EPO
sp|P33729|ICAM1_CANLF,44,NCS,Canis lupus familiaris,9615,ICAM1
sp|P33729|ICAM1_CANLF,50,NQT,Canis lupus familiaris,9615,ICAM1
sp|P33729|ICAM1_CANLF,125,NLT,Canis lupus familiaris,9615,ICAM1
sp|P33729|ICAM1_CANLF,140,NLT,Canis lupus familiaris,9615,ICAM1
sp|P33729|ICAM1_CANLF,178,NFS,Canis lupus familiaris,9615,ICAM1
sp|P33729|ICAM1_CANLF,197,NSS,Canis lupus familiaris,9615,ICAM1
sp|P33729|ICAM1_CANLF,299,NVT,Canis lupus familiaris,9615,ICAM1
sp|P33729|ICAM1_CANLF,309,NLT,Canis lupus familiaris,9615,ICAM1
sp|P33729|ICAM1_CANLF,354,NAS,Canis lupus familiaris,9615,ICAM1
sp|P33729|ICAM1_CANLF,380,NQT,Canis lupus familiaris,9615,ICAM1
sp|P33729|ICAM1_CANLF,401,NWT,Canis lupus familiaris,9615,ICAM1
sp|P34819|BMP7_CANLF,114,NET,Canis lupus familiaris,9615,BMP7
sp|P42161|IFNG_CANLF,2,NYT,Canis lupus familiaris,9615,IFNG
sp|P42161|IFNG_CANLF,39,NAS,Canis lupus familiaris,9615,IFNG
sp|P42161|IFNG_CANLF,106,NSS,Canis lupus familiaris,9615,IFNG
sp|P43698|TITF1_CANLF,93,NMS,Canis lupus familiaris,9615,TITF1
sp|P43698|TITF1_CANLF,136,NMS,Canis lupus familiaris,9615,TITF1
sp|P43698|TITF1_CANLF,351,NSS,Canis lupus familiaris,9615,TITF1
sp|P48749|CSF2_CANLF,44,NNS,Canis lupus familiaris,9615,CSF2
sp|P49670|SMS_CANLF,61,NQT,Canis lupus familiaris,9615,SST
sp|P49926|CRF_CANLF,80,NKS,Canis lupus familiaris,9615,CRH
sp|P52206|GNA11_CANLF,179,NVT,Canis lupus familiaris,9615,GNA11
sp|P54828|TSHB_CANLF,43,NTT,Canis lupus familiaris,9615,TSHB
sp|P55261|CBPB1_CANLF,292,NLS,Canis lupus familiaris,9615,CPB1
sp|P61162|ACTZ_CANLF,16,NGS,Canis lupus familiaris,9615,ACTR1A
sp|P67780|COX2_CANLF,180,NQT,Canis lupus familiaris,9615,MT-CO2
sp|P67780|COX2_CANLF,203,NHS,Canis lupus familiaris,9615,MT-CO2
sp|P79145|CREM_CANLF,37,NES,Canis lupus familiaris,9615,CREM
sp|P79145|CREM_CANLF,44,NQT,Canis lupus familiaris,9615,CREM
sp|P79145|CREM_CANLF,341,NKT,Canis lupus familiaris,9615,CREM
sp|P79149|PININ_CANLF,421,NET,Canis lupus familiaris,9615,PNN
sp|P79149|PININ_CANLF,450,NAS,Canis lupus familiaris,9615,PNN
sp|P79149|PININ_CANLF,624,NKT,Canis lupus familiaris,9615,PNN
sp|P81255|IFNA1_CANLF,101,NMT,,,
sp|P81255|IFNA1_CANLF,156,NHS,,,
sp|P81708|LYSC1_CANLF,49,NGS,,,
sp|P92604|NU1M_CANLF,157,NGS,Canis lupus familiaris,9615,MT-ND1
sp|P92604|NU1M_CANLF,258,NFT,Canis lupus familiaris,9615,MT-ND1
sp|Q00M95|RHDF2_CANLF,26,NLS,Canis lupus familiaris,9615,RHBDF2
sp|Q00M95|RHDF2_CANLF,350,NRS,Canis lupus familiaris,9615,RHBDF2
sp|Q00M95|RHDF2_CANLF,555,NRT,Canis lupus familiaris,9615,RHBDF2
sp|Q00M95|RHDF2_CANLF,722,NLS,Canis lupus familiaris,9615,RHBDF2
sp|Q075B4|CASPC_CANLF,186,NLS,,,
sp|Q075B4|CASPC_CANLF,319,NVS,,,
sp|Q0V8T0|CNTP5_CANLF,282,NFS,Canis lupus familiaris,9615,CNTNAP5
sp|Q0V8T0|CNTP5_CANLF,355,NVT,Canis lupus familiaris,9615,CNTNAP5
sp|Q0V8T0|CNTP5_CANLF,372,NSS,Canis lupus familiaris,9615,CNTNAP5
sp|Q0V8T0|CNTP5_CANLF,496,NLT,Canis lupus familiaris,9615,CNTNAP5
sp|Q0V8T0|CNTP5_CANLF,535,NFS,Canis lupus familiaris,9615,CNTNAP5
sp|Q0V8T0|CNTP5_CANLF,571,NCS,Canis lupus familiaris,9615,CNTNAP5
sp|Q0V8T0|CNTP5_CANLF,622,NIT,Canis lupus familiaris,9615,CNTNAP5
sp|Q0V8T0|CNTP5_CANLF,635,NNT,Canis lupus familiaris,9615,CNTNAP5
sp|Q0V8T0|CNTP5_CANLF,746,NDT,Canis lupus familiaris,9615,CNTNAP5
sp|Q0V8T0|CNTP5_CANLF,768,NRS,Canis lupus familiaris,9615,CNTNAP5
sp|Q0V8T0|CNTP5_CANLF,1021,NIS,Canis lupus familiaris,9615,CNTNAP5
sp|Q0V8T0|CNTP5_CANLF,1057,NSS,Canis lupus familiaris,9615,CNTNAP5
sp|Q0V8T0|CNTP5_CANLF,1070,NGS,Canis lupus familiaris,9615,CNTNAP5
sp|Q0V8T0|CNTP5_CANLF,1124,NFS,Canis lupus familiaris,9615,CNTNAP5
sp|Q28260|VCAM1_CANLF,76,NNS,Canis lupus familiaris,9615,VCAM1
sp|Q28260|VCAM1_CANLF,273,NAT,Canis lupus familiaris,9615,VCAM1
sp|Q28260|VCAM1_CANLF,531,NMT,Canis lupus familiaris,9615,VCAM1
sp|Q28266|KCMB1_CANLF,80,NVS,Canis lupus familiaris,9615,KCNMB1
sp|Q28266|KCMB1_CANLF,142,NET,Canis lupus familiaris,9615,KCNMB1
sp|Q28266|KCMB1_CANLF,181,NQS,Canis lupus familiaris,9615,KCNMB1
sp|Q28267|IL12A_CANLF,42,NHS,Canis lupus familiaris,9615,IL12A
sp|Q28267|IL12A_CANLF,96,NES,Canis lupus familiaris,9615,IL12A
sp|Q28267|IL12A_CANLF,110,NGS,Canis lupus familiaris,9615,IL12A
sp|Q28267|IL12A_CANLF,220,NSS,Canis lupus familiaris,9615,IL12A
sp|Q28268|IL12B_CANLF,135,NYS,Canis lupus familiaris,9615,IL12B
sp|Q28268|IL12B_CANLF,223,NYT,Canis lupus familiaris,9615,IL12B
sp|Q28283|TRIB2_CANLF,19,NKT,Canis lupus familiaris,9615,TRIB2
sp|Q28283|TRIB2_CANLF,53,NLS,Canis lupus familiaris,9615,TRIB2
sp|Q28283|TRIB2_CANLF,225,NTS,Canis lupus familiaris,9615,TRIB2
sp|Q28296|MAL_CANLF,125,NIS,Canis lupus familiaris,9615,MAL
sp|Q28309|AA3R_CANLF,4,NGT,Canis lupus familiaris,9615,ADORA3
sp|Q28309|AA3R_CANLF,12,NVT,Canis lupus familiaris,9615,ADORA3
sp|Q28309|AA3R_CANLF,160,NVT,Canis lupus familiaris,9615,ADORA3
sp|Q28309|AA3R_CANLF,211,NFS,Canis lupus familiaris,9615,ADORA3
sp|Q28346|RL4_CANLF,21,NVT,Canis lupus familiaris,9615,RPL4
sp|Q28346|RL4_CANLF,116,NTT,Canis lupus familiaris,9615,RPL4
sp|Q28346|RL4_CANLF,231,NVS,Canis lupus familiaris,9615,RPL4
sp|Q28894|WFDC2_CANLF,44,NCT,Canis lupus familiaris,9615,WFDC2
sp|Q28896|CD52_CANLF,26,NST,Canis lupus familiaris,9615,CD52
sp|Q29416|IL2_CANLF,112,NVT,Canis lupus familiaris,9615,IL2
sp|Q2KNA0|CYTSA_CANLF,30,NSS,Canis lupus familiaris,9615,SPECC1L
sp|Q2KNA0|CYTSA_CANLF,96,NKS,Canis lupus familiaris,9615,SPECC1L
sp|Q2KNA0|CYTSA_CANLF,133,NQS,Canis lupus familiaris,9615,SPECC1L
sp|Q2KNA0|CYTSA_CANLF,302,NQS,Canis lupus familiaris,9615,SPECC1L
sp|Q2KNA0|CYTSA_CANLF,387,NAS,Canis lupus familiaris,9615,SPECC1L
sp|Q2KNA0|CYTSA_CANLF,666,NMT,Canis lupus familiaris,9615,SPECC1L
sp|Q2KNA0|CYTSA_CANLF,1035,NFS,Canis lupus familiaris,9615,SPECC1L
sp|Q2KNA0|CYTSA_CANLF,1071,NFT,Canis lupus familiaris,9615,SPECC1L
sp|Q2LEC2|CRBB2_CANLF,116,NFT,Canis lupus familiaris,9615,CRYBB2
sp|Q2PQH8|GDE_CANLF,219,NHT,Canis lupus familiaris,9615,AGL
sp|Q2PQH8|GDE_CANLF,802,NIT,Canis lupus familiaris,9615,AGL
sp|Q2PQH8|GDE_CANLF,840,NLS,Canis lupus familiaris,9615,AGL
sp|Q2PQH8|GDE_CANLF,928,NWS,Canis lupus familiaris,9615,AGL
sp|Q2PQH8|GDE_CANLF,1033,NGS,Canis lupus familiaris,9615,AGL
sp|Q2PQH8|GDE_CANLF,1237,NIT,Canis lupus familiaris,9615,AGL
sp|Q2PQH8|GDE_CANLF,1381,NFT,Canis lupus familiaris,9615,AGL
sp|Q2TFN9|HSP74_CANLF,45,NRS,Canis lupus familiaris,9615,HSPA4
sp|Q2TFN9|HSP74_CANLF,111,NFT,Canis lupus familiaris,9615,HSPA4
sp|Q2TFN9|HSP74_CANLF,172,NET,Canis lupus familiaris,9615,HSPA4
sp|Q2TFN9|HSP74_CANLF,280,NAS,Canis lupus familiaris,9615,HSPA4
sp|Q2TFN9|HSP74_CANLF,423,NHS,Canis lupus familiaris,9615,HSPA4
sp|Q2TLZ1|MACOI_CANLF,324,NAS,Canis lupus familiaris,9615,MACO1
sp|Q2TLZ1|MACOI_CANLF,330,NSS,Canis lupus familiaris,9615,MACO1
sp|Q2TLZ1|MACOI_CANLF,340,NGS,Canis lupus familiaris,9615,MACO1
sp|Q2TLZ1|MACOI_CANLF,452,NIS,Canis lupus familiaris,9615,MACO1
sp|Q2TLZ1|MACOI_CANLF,655,NAS,Canis lupus familiaris,9615,MACO1
sp|Q32KH7|ARSI_CANLF,277,NIT,Canis lupus familiaris,9615,ARSI
sp|Q32KH7|ARSI_CANLF,289,NNS,Canis lupus familiaris,9615,ARSI
sp|Q32KH7|ARSI_CANLF,467,NIS,Canis lupus familiaris,9615,ARSI
sp|Q32KH7|ARSI_CANLF,497,NRT,Canis lupus familiaris,9615,ARSI
sp|Q34101|CYB_CANLF,15,NNS,Canis lupus familiaris,9615,MT-CYB
sp|Q34101|CYB_CANLF,26,NIS,Canis lupus familiaris,9615,MT-CYB
sp|Q34101|CYB_CANLF,255,NYT,Canis lupus familiaris,9615,MT-CYB
sp|Q3C2E2|CD20_CANLF,140,NIT,Canis lupus familiaris,9615,MS4A1
sp|Q3C2E2|CD20_CANLF,293,NDS,Canis lupus familiaris,9615,MS4A1
sp|Q3YIX4|PEBP1_CANLF,140,NRS,Canis lupus familiaris,9615,PEBP1
sp|Q3ZKN1|CATK_CANLF,104,NDT,Canis lupus familiaris,9615,CTSK
sp|Q3ZKN1|CATK_CANLF,162,NLS,Canis lupus familiaris,9615,CTSK
sp|Q49HH9|TS1R3_CANLF,56,NAT,Canis lupus familiaris,9615,TAS1R3
sp|Q49HH9|TS1R3_CANLF,83,NRS,Canis lupus familiaris,9615,TAS1R3
sp|Q49HH9|TS1R3_CANLF,128,NYT,Canis lupus familiaris,9615,TAS1R3
sp|Q49HH9|TS1R3_CANLF,262,NQS,Canis lupus familiaris,9615,TAS1R3
sp|Q49HH9|TS1R3_CANLF,409,NAS,Canis lupus familiaris,9615,TAS1R3
sp|Q49HH9|TS1R3_CANLF,430,NLT,Canis lupus familiaris,9615,TAS1R3
sp|Q49HI0|TS1R2_CANLF,84,NRS,Canis lupus familiaris,9615,TAS1R2
sp|Q49HI0|TS1R2_CANLF,292,NFT,Canis lupus familiaris,9615,TAS1R2
sp|Q49HI0|TS1R2_CANLF,312,NLT,Canis lupus familiaris,9615,TAS1R2
sp|Q49HI0|TS1R2_CANLF,351,NRT,Canis lupus familiaris,9615,TAS1R2
sp|Q49HI0|TS1R2_CANLF,427,NFT,Canis lupus familiaris,9615,TAS1R2
sp|Q49HI0|TS1R2_CANLF,479,NIS,Canis lupus familiaris,9615,TAS1R2
sp|Q49HI0|TS1R2_CANLF,486,NNT,Canis lupus familiaris,9615,TAS1R2
sp|Q49HI0|TS1R2_CANLF,526,NRT,Canis lupus familiaris,9615,TAS1R2
sp|Q49HI0|TS1R2_CANLF,546,NDT,Canis lupus familiaris,9615,TAS1R2
sp|Q49HI0|TS1R2_CANLF,728,NTS,Canis lupus familiaris,9615,TAS1R2
sp|Q49LX5|SSR1_CANLF,4,NGT,Canis lupus familiaris,9615,SSTR1
sp|Q49LX5|SSR1_CANLF,43,NAS,Canis lupus familiaris,9615,SSTR1
sp|Q49LX5|SSR1_CANLF,47,NGT,Canis lupus familiaris,9615,SSTR1
sp|Q49LX5|SSR1_CANLF,381,NGT,Canis lupus familiaris,9615,SSTR1
sp|Q49LX6|SSR2_CANLF,9,NES,Canis lupus familiaris,9615,SSTR2
sp|Q49LX6|SSR2_CANLF,29,NSS,Canis lupus familiaris,9615,SSTR2
sp|Q49LX6|SSR2_CANLF,32,NQT,Canis lupus familiaris,9615,SSTR2
sp|Q49LX6|SSR2_CANLF,276,NVS,Canis lupus familiaris,9615,SSTR2
sp|Q49LX6|SSR2_CANLF,351,NET,Canis lupus familiaris,9615,SSTR2
sp|Q4ZHS0|GCYA1_CANLF,332,NQT,Canis lupus familiaris,9615,GUCY1A1
sp|Q4ZHS0|GCYA1_CANLF,479,NVT,Canis lupus familiaris,9615,GUCY1A1
sp|Q4ZHS0|GCYA1_CANLF,600,NVT,Canis lupus familiaris,9615,GUCY1A1
sp|Q4ZHS0|GCYA1_CANLF,617,NVS,Canis lupus familiaris,9615,GUCY1A1
sp|Q53VB8|FRIL_CANLF,8,NYS,Canis lupus familiaris,9615,FTL
sp|Q5D0K2|CCKAR_CANLF,10,NGS,Canis lupus familiaris,9615,CCKAR
sp|Q5D0K2|CCKAR_CANLF,24,NET,Canis lupus familiaris,9615,CCKAR
sp|Q5D0K2|CCKAR_CANLF,190,NQT,Canis lupus familiaris,9615,CCKAR
sp|Q5DUB2|NK2R_CANLF,11,NIS,Canis lupus familiaris,9615,TACR2
sp|Q5DUB2|NK2R_CANLF,18,NNT,Canis lupus familiaris,9615,TACR2
sp|Q5DUB2|NK2R_CANLF,51,NAT,Canis lupus familiaris,9615,TACR2
sp|Q5DUB2|NK2R_CANLF,189,NGS,Canis lupus familiaris,9615,TACR2
sp|Q5F2N4|FUT10_CANLF,110,NRT,Canis lupus familiaris,9615,FUT10
sp|Q5F2N4|FUT10_CANLF,168,NYT,Canis lupus familiaris,9615,FUT10
sp|Q5F2N4|FUT10_CANLF,318,NRS,Canis lupus familiaris,9615,FUT10
sp|Q5F2N4|FUT10_CANLF,465,NFS,Canis lupus familiaris,9615,FUT10
sp|Q5JZQ7|CLN8_CANLF,50,NAT,Canis lupus familiaris,9615,CLN8
sp|Q5JZQ8|CLN6_CANLF,157,NLS,Canis lupus familiaris,9615,CLN6
sp|Q5KSU9|EDNRA_CANLF,29,NLS,Canis lupus familiaris,9615,EDNRA
sp|Q5KSU9|EDNRA_CANLF,61,NGS,Canis lupus familiaris,9615,EDNRA
sp|Q5KSU9|EDNRA_CANLF,97,NAT,Canis lupus familiaris,9615,EDNRA
sp|Q5KSU9|EDNRA_CANLF,241,NAT,Canis lupus familiaris,9615,EDNRA
sp|Q5KSU9|EDNRA_CANLF,286,NGS,Canis lupus familiaris,9615,EDNRA
sp|Q5KSU9|EDNRA_CANLF,400,NGT,Canis lupus familiaris,9615,EDNRA
sp|Q5NDL9|EOGT_CANLF,263,NNS,Canis lupus familiaris,9615,EOGT
sp|Q5NDL9|EOGT_CANLF,354,NIT,Canis lupus familiaris,9615,EOGT
sp|Q5NDL9|EOGT_CANLF,493,NYS,Canis lupus familiaris,9615,EOGT
sp|Q5Q9Z2|VHL_CANLF,78,NRS,Canis lupus familiaris,9615,VHL
sp|Q5Q9Z2|VHL_CANLF,131,NQT,Canis lupus familiaris,9615,VHL
sp|Q5Q9Z2|VHL_CANLF,150,NIT,Canis lupus familiaris,9615,VHL
sp|Q5TJE2|ZBT22_CANLF,201,NQS,Canis lupus familiaris,9615,ZBTB22
sp|Q5TJE4|TPSN_CANLF,253,NGT,Canis lupus familiaris,9615,TAPBP
sp|Q5TJF0|VPS52_CANLF,524,NQT,Canis lupus familiaris,9615,VPS52
sp|Q5TJF0|VPS52_CANLF,669,NGT,Canis lupus familiaris,9615,VPS52
sp|Q5UK76|ASIP_CANLF,38,NSS,Canis lupus familiaris,9615,ASIP
sp|Q5W7P8|TRBM_CANLF,114,NRT,Canis lupus familiaris,9615,THBD
sp|Q5W7P8|TRBM_CANLF,300,NAS,Canis lupus familiaris,9615,THBD
sp|Q5W7P8|TRBM_CANLF,410,NQT,Canis lupus familiaris,9615,THBD
sp|Q5WR07|TNFB_CANLF,95,NNS,Canis lupus familiaris,9615,LTA
sp|Q5WR09|VATG1_CANLF,68,NLS,Canis lupus familiaris,9615,ATP6V1G1
sp|Q5XM32|RXFP2_CANLF,37,NLT,Canis lupus familiaris,9615,RXFP2
sp|Q5XM32|RXFP2_CANLF,121,NTT,Canis lupus familiaris,9615,RXFP2
sp|Q5XM32|RXFP2_CANLF,257,NSS,Canis lupus familiaris,9615,RXFP2
sp|Q5XM32|RXFP2_CANLF,318,NLS,Canis lupus familiaris,9615,RXFP2
sp|Q5XM32|RXFP2_CANLF,361,NLS,Canis lupus familiaris,9615,RXFP2
sp|Q5XM32|RXFP2_CANLF,430,NTT,Canis lupus familiaris,9615,RXFP2
sp|Q5XWD5|IF_CANLF,100,NSS,Canis lupus familiaris,9615,CBLIF
sp|Q5XWD5|IF_CANLF,209,NIS,Canis lupus familiaris,9615,CBLIF
sp|Q5XWD5|IF_CANLF,311,NIT,Canis lupus familiaris,9615,CBLIF
sp|Q5XWD5|IF_CANLF,330,NET,Canis lupus familiaris,9615,CBLIF
sp|Q5XWD5|IF_CANLF,413,NFT,Canis lupus familiaris,9615,CBLIF
sp|Q60FC1|ANGP1_CANLF,92,NYT,Canis lupus familiaris,9615,ANGPT1
sp|Q60FC1|ANGP1_CANLF,122,NHT,Canis lupus familiaris,9615,ANGPT1
sp|Q60FC1|ANGP1_CANLF,154,NQT,Canis lupus familiaris,9615,ANGPT1
sp|Q60FC1|ANGP1_CANLF,243,NNS,Canis lupus familiaris,9615,ANGPT1
sp|Q60FC1|ANGP1_CANLF,294,NKS,Canis lupus familiaris,9615,ANGPT1
sp|Q659K0|CCNB3_CANLF,62,NAS,Canis lupus familiaris,9615,CCNB3
sp|Q659K0|CCNB3_CANLF,123,NIT,Canis lupus familiaris,9615,CCNB3
sp|Q659K0|CCNB3_CANLF,348,NTS,Canis lupus familiaris,9615,CCNB3
sp|Q659K0|CCNB3_CANLF,473,NTT,Canis lupus familiaris,9615,CCNB3
sp|Q659K0|CCNB3_CANLF,609,NVS,Canis lupus familiaris,9615,CCNB3
sp|Q659K0|CCNB3_CANLF,844,NTT,Canis lupus familiaris,9615,CCNB3
sp|Q659K0|CCNB3_CANLF,898,NIT,Canis lupus familiaris,9615,CCNB3
sp|Q68A93|CCL25_CANLF,92,NNT,Canis lupus familiaris,9615,CCL25
sp|Q68Y86|CCL24_CANLF,54,NGS,Canis lupus familiaris,9615,CCL24
sp|Q68Y86|CCL24_CANLF,115,NST,Canis lupus familiaris,9615,CCL24
sp|Q6AW47|EST5A_CANLF,82,NDS,Canis lupus familiaris,9615,CES5A
sp|Q6AW47|EST5A_CANLF,281,NVS,Canis lupus familiaris,9615,CES5A
sp|Q6AW47|EST5A_CANLF,363,NKS,Canis lupus familiaris,9615,CES5A
sp|Q6AW47|EST5A_CANLF,524,NIS,Canis lupus familiaris,9615,CES5A
sp|Q6DYE7|RENI_CANLF,70,NST,Canis lupus familiaris,9615,REN
sp|Q6DYE7|RENI_CANLF,140,NGT,Canis lupus familiaris,9615,REN
sp|Q6EE22|UNK_CANLF,83,NYS,Canis lupus familiaris,9615,UNK
sp|Q6EE22|UNK_CANLF,139,NCT,Canis lupus familiaris,9615,UNK
sp|Q6EE22|UNK_CANLF,538,NST,Canis lupus familiaris,9615,UNK
sp|Q6EE22|UNK_CANLF,618,NSS,Canis lupus familiaris,9615,UNK
sp|Q6EE22|UNK_CANLF,658,NGT,Canis lupus familiaris,9615,UNK
sp|Q6K1J1|UDB31_CANLF,316,NMT,Canis lupus familiaris,9615,UGT2B31
sp|Q6W3F4|AA2BR_CANLF,152,NCT,Canis lupus familiaris,9615,ADORA2B
sp|Q6W3F4|AA2BR_CANLF,162,NES,Canis lupus familiaris,9615,ADORA2B
sp|Q7YR73|ICOS_CANLF,23,NDS,Canis lupus familiaris,9615,ICOS
sp|Q7YR73|ICOS_CANLF,122,NIS,Canis lupus familiaris,9615,ICOS
sp|Q7YRL5|TNR5_CANLF,153,NVS,Canis lupus familiaris,9615,CD40
sp|Q7YRL5|TNR5_CANLF,180,NKT,Canis lupus familiaris,9615,CD40
sp|Q861Q9|TBX4_CANLF,550,NWT,Canis lupus familiaris,9615,TBX4
sp|Q863A2|TBX2_CANLF,214,NIS,Canis lupus familiaris,9615,TBX2
sp|Q863Z4|MTPN_CANLF,29,NRT,Canis lupus familiaris,9615,MTPN
sp|Q865C0|CAH6_CANLF,256,NKT,Canis lupus familiaris,9615,CA6
sp|Q867B0|CELA1_CANLF,79,NLS,Canis lupus familiaris,9615,CELA1
sp|Q867B0|CELA1_CANLF,141,NNS,Canis lupus familiaris,9615,CELA1
sp|Q867B0|CELA1_CANLF,233,NVS,Canis lupus familiaris,9615,CELA1
sp|Q867B7|HGF_CANLF,294,NDT,Canis lupus familiaris,9615,HGF
sp|Q867B7|HGF_CANLF,402,NLS,Canis lupus familiaris,9615,HGF
sp|Q867B7|HGF_CANLF,568,NVS,Canis lupus familiaris,9615,HGF
sp|Q867B7|HGF_CANLF,655,NES,Canis lupus familiaris,9615,HGF
sp|Q8HX86|TPMT_CANLF,104,NLS,Canis lupus familiaris,9615,TPMT
sp|Q8HX86|TPMT_CANLF,127,NIS,Canis lupus familiaris,9615,TPMT
sp|Q8HXG3|RHPN2_CANLF,95,NIS,Canis lupus familiaris,9615,RHPN2
sp|Q8HY67|AN32A_CANLF,13,NRT,Canis lupus familiaris,9615,ANP32A
sp|Q8HY67|AN32A_CANLF,89,NLT,Canis lupus familiaris,9615,ANP32A
sp|Q8HY67|AN32A_CANLF,94,NLS,Canis lupus familiaris,9615,ANP32A
sp|Q8HY81|CATS_CANLF,104,NVT,Canis lupus familiaris,9615,CTSS
sp|Q8HZV4|TBD_CANLF,74,NQT,Canis lupus familiaris,9615,TUBD1
sp|Q8HZV4|TBD_CANLF,339,NTS,Canis lupus familiaris,9615,TUBD1
sp|Q8MJ04|RP1_CANLF,67,NLS,Canis lupus familiaris,9615,RP1
sp|Q8MJ04|RP1_CANLF,80,NIS,Canis lupus familiaris,9615,RP1
sp|Q8MJ04|RP1_CANLF,307,NDS,Canis lupus familiaris,9615,RP1
sp|Q8MJ04|RP1_CANLF,496,NKS,Canis lupus familiaris,9615,RP1
sp|Q8MJ04|RP1_CANLF,564,NGS,Canis lupus familiaris,9615,RP1
sp|Q8MJ04|RP1_CANLF,588,NKT,Canis lupus familiaris,9615,RP1
sp|Q8MJ04|RP1_CANLF,618,NDS,Canis lupus familiaris,9615,RP1
sp|Q8MJ04|RP1_CANLF,859,NNS,Canis lupus familiaris,9615,RP1
sp|Q8MJ04|RP1_CANLF,977,NAS,Canis lupus familiaris,9615,RP1
sp|Q8MJ04|RP1_CANLF,1211,NCS,Canis lupus familiaris,9615,RP1
sp|Q8MJ04|RP1_CANLF,1263,NKT,Canis lupus familiaris,9615,RP1
sp|Q8MJ04|RP1_CANLF,1273,NLS,Canis lupus familiaris,9615,RP1
sp|Q8MJ04|RP1_CANLF,1318,NHS,Canis lupus familiaris,9615,RP1
sp|Q8MJ04|RP1_CANLF,1338,NTS,Canis lupus familiaris,9615,RP1
sp|Q8MJ04|RP1_CANLF,1390,NIS,Canis lupus familiaris,9615,RP1
sp|Q8MJ04|RP1_CANLF,1393,NLS,Canis lupus familiaris,9615,RP1
sp|Q8MJ04|RP1_CANLF,1402,NET,Canis lupus familiaris,9615,RP1
sp|Q8MJ04|RP1_CANLF,1420,NYS,Canis lupus familiaris,9615,RP1
sp|Q8MJ04|RP1_CANLF,1459,NIS,Canis lupus familiaris,9615,RP1
sp|Q8MJ04|RP1_CANLF,1511,NIT,Canis lupus familiaris,9615,RP1
sp|Q8MJ04|RP1_CANLF,1611,NGS,Canis lupus familiaris,9615,RP1
sp|Q8MJ04|RP1_CANLF,1689,NSS,Canis lupus familiaris,9615,RP1
sp|Q8MJ04|RP1_CANLF,1839,NKT,Canis lupus familiaris,9615,RP1
sp|Q8MJ04|RP1_CANLF,1963,NKT,Canis lupus familiaris,9615,RP1
sp|Q8MJ04|RP1_CANLF,2049,NQT,Canis lupus familiaris,9615,RP1
sp|Q8MJ04|RP1_CANLF,2105,NIS,Canis lupus familiaris,9615,RP1
sp|Q8MJ36|HSPB8_CANLF,138,NFT,Canis lupus familiaris,9615,HSPB8
sp|Q8MJU5|FETA_CANLF,14,NFS,Canis lupus familiaris,9615,AFP
sp|Q8MJU5|FETA_CANLF,251,NFT,Canis lupus familiaris,9615,AFP
sp|Q8MJW8|CCR4_CANLF,183,NHT,Canis lupus familiaris,9615,CCR4
sp|Q8MJW8|CCR4_CANLF,194,NST,Canis lupus familiaris,9615,CCR4
sp|Q8MKD5|TNNI3_CANLF,122,NIT,Canis lupus familiaris,9615,TNNI3
sp|Q8SPS9|DYLT3_CANLF,100,NRT,Canis lupus familiaris,9615,DYNLT3
sp|Q8SQ72|SGCG_CANLF,110,NVT,Canis lupus familiaris,9615,SGCG
sp|Q95154|OLF1_CANLF,4,NYT,,,
sp|Q95154|OLF1_CANLF,64,NLS,,,
sp|Q95154|OLF1_CANLF,88,NKS,,,
sp|Q95154|OLF1_CANLF,152,NMS,,,
sp|Q95156|OLF3_CANLF,5,NQT,,,
sp|Q95156|OLF3_CANLF,65,NLS,,,
sp|Q95157|OLF4_CANLF,5,NDT,,,
sp|Q95157|OLF4_CANLF,65,NLS,,,
sp|Q95J76|IL5_CANLF,6,NLS,Canis lupus familiaris,9615,IL5
sp|Q95J76|IL5_CANLF,76,NQT,Canis lupus familiaris,9615,IL5
sp|Q95J76|IL5_CANLF,90,NLS,Canis lupus familiaris,9615,IL5
sp|Q95KN1|CLUL1_CANLF,196,NRS,Canis lupus familiaris,9615,CLUL1
sp|Q95KN1|CLUL1_CANLF,257,NFS,Canis lupus familiaris,9615,CLUL1
sp|Q95KN1|CLUL1_CANLF,285,NDS,Canis lupus familiaris,9615,CLUL1
sp|Q95KN1|CLUL1_CANLF,311,NLS,Canis lupus familiaris,9615,CLUL1
sp|Q95KN1|CLUL1_CANLF,351,NIS,Canis lupus familiaris,9615,CLUL1
sp|Q95KN1|CLUL1_CANLF,412,NFS,Canis lupus familiaris,9615,CLUL1
sp|Q95KN1|CLUL1_CANLF,430,NFT,Canis lupus familiaris,9615,CLUL1
sp|Q95LF0|I13R2_CANLF,114,NGS,Canis lupus familiaris,9615,IL13RA2
sp|Q95LF0|I13R2_CANLF,214,NGS,Canis lupus familiaris,9615,IL13RA2
sp|Q95LF0|I13R2_CANLF,298,NES,Canis lupus familiaris,9615,IL13RA2
sp|Q9BDP4|VA0E1_CANLF,70,NET,Canis lupus familiaris,9615,ATP6V0E1
sp|Q9BDQ5|BKRB1_CANLF,13,NRS,Canis lupus familiaris,9615,BDKRB1
sp|Q9BDQ5|BKRB1_CANLF,21,NAT,Canis lupus familiaris,9615,BDKRB1
sp|Q9BDQ5|BKRB1_CANLF,95,NIS,Canis lupus familiaris,9615,BDKRB1
sp|Q9BDQ5|BKRB1_CANLF,182,NDS,Canis lupus familiaris,9615,BDKRB1
sp|Q9BDX4|IL3_CANLF,46,NKS,Canis lupus familiaris,9615,IL3
sp|Q9BDX4|IL3_CANLF,79,NAS,Canis lupus familiaris,9615,IL3
sp|Q9BEH0|IL1RA_CANLF,109,NIT,Canis lupus familiaris,9615,IL1RN
sp|Q9BGL8|PE2R1_CANLF,8,NLS,Canis lupus familiaris,9615,PTGER1
sp|Q9BGL8|PE2R1_CANLF,25,NAS,Canis lupus familiaris,9615,PTGER1
sp|Q9GK08|MSX2_CANLF,180,NLT,Canis lupus familiaris,9615,MSX2
sp|Q9GL21|UACA_CANLF,202,NRT,Canis lupus familiaris,9615,UACA
sp|Q9GL21|UACA_CANLF,431,NQT,Canis lupus familiaris,9615,UACA
sp|Q9GL21|UACA_CANLF,734,NLT,Canis lupus familiaris,9615,UACA
sp|Q9GL21|UACA_CANLF,788,NDS,Canis lupus familiaris,9615,UACA
sp|Q9GL21|UACA_CANLF,794,NVS,Canis lupus familiaris,9615,UACA
sp|Q9GL21|UACA_CANLF,847,NTS,Canis lupus familiaris,9615,UACA
sp|Q9GL21|UACA_CANLF,1124,NST,Canis lupus familiaris,9615,UACA
sp|Q9GL21|UACA_CANLF,1160,NSS,Canis lupus familiaris,9615,UACA
sp|Q9GL21|UACA_CANLF,1195,NKT,Canis lupus familiaris,9615,UACA
sp|Q9GL25|ESPB1_CANLF,27,NLS,Canis lupus familiaris,9615,ELSPBP1
sp|Q9GL25|ESPB1_CANLF,159,NST,Canis lupus familiaris,9615,ELSPBP1
sp|Q9GL25|ESPB1_CANLF,226,NLT,Canis lupus familiaris,9615,ELSPBP1
sp|Q9GLJ9|SCAMP_CANLF,70,NAT,Canis lupus familiaris,9615,SCAMPER
sp|Q9GMY6|PEPA_CANLF,44,NQS,Canis lupus familiaris,9615,PGA
sp|Q9MYU8|E41L5_CANLF,397,NVS,Canis lupus familiaris,9615,EPB41L5
sp|Q9MYU8|E41L5_CANLF,403,NGS,Canis lupus familiaris,9615,EPB41L5
sp|Q9MYU8|E41L5_CANLF,475,NYT,Canis lupus familiaris,9615,EPB41L5
sp|Q9MZI6|GNRHR_CANLF,17,NNS,Canis lupus familiaris,9615,GNRHR
sp|Q9MZI6|GNRHR_CANLF,52,NAS,Canis lupus familiaris,9615,GNRHR
sp|Q9MZI6|GNRHR_CANLF,101,NIT,Canis lupus familiaris,9615,GNRHR
sp|Q9MZI6|GNRHR_CANLF,251,NQS,Canis lupus familiaris,9615,GNRHR
sp|Q9N2I9|UCP3_CANLF,184,NIT,Canis lupus familiaris,9615,UCP3
sp|Q9TSX8|VNN1_CANLF,39,NAT,Canis lupus familiaris,9615,VNN1
sp|Q9TSX8|VNN1_CANLF,87,NFS,Canis lupus familiaris,9615,VNN1
sp|Q9TSX8|VNN1_CANLF,147,NAS,Canis lupus familiaris,9615,VNN1
sp|Q9TSX8|VNN1_CANLF,316,NWT,Canis lupus familiaris,9615,VNN1
sp|Q9TSX8|VNN1_CANLF,354,NYT,Canis lupus familiaris,9615,VNN1
sp|Q9TSZ2|HEY1_CANLF,31,NLS,Canis lupus familiaris,9615,HEY1
sp|Q9TSZ2|HEY1_CANLF,66,NNS,Canis lupus familiaris,9615,HEY1
sp|Q9TTD8|PROP1_CANLF,45,NLS,Canis lupus familiaris,9615,PROP1
sp|Q9TTI7|PIT1_CANLF,277,NQS,Canis lupus familiaris,9615,POU1F1
sp|Q9TTQ9|GPR83_CANLF,37,NAS,Canis lupus familiaris,9615,GPR83
sp|Q9TTQ9|GPR83_CANLF,45,NYS,Canis lupus familiaris,9615,GPR83
sp|Q9TTQ9|GPR83_CANLF,133,NST,Canis lupus familiaris,9615,GPR83
sp|Q9TTW3|TEKT1_CANLF,164,NRS,Canis lupus familiaris,9615,TEKT1
sp|Q9TTW3|TEKT1_CANLF,193,NNS,Canis lupus familiaris,9615,TEKT1
sp|Q9TTW3|TEKT1_CANLF,233,NNS,Canis lupus familiaris,9615,TEKT1
sp|Q9TTW3|TEKT1_CANLF,295,NMT,Canis lupus familiaris,9615,TEKT1
sp|Q9TUB3|FOSB_CANLF,275,NLT,Canis lupus familiaris,9615,FOSB
sp|Q9TV56|S10A4_CANLF,30,NRS,Canis lupus familiaris,9615,S100A4
sp|Q9XSR1|ZN252_CANLF,125,NVS,Canis lupus familiaris,9615,ZNF252
sp|Q9XSR1|ZN252_CANLF,136,NKT,Canis lupus familiaris,9615,ZNF252
sp|Q9XSR1|ZN252_CANLF,162,NSS,Canis lupus familiaris,9615,ZNF252
sp|Q9XSR1|ZN252_CANLF,468,NRT,Canis lupus familiaris,9615,ZNF252
sp|Q9XSR3|RBM47_CANLF,304,NGT,Canis lupus familiaris,9615,RBM47
sp|Q9XSU0|RL13A_CANLF,42,NIS,Canis lupus familiaris,9615,RPL13A
sp|Q9XSU4|RS11_CANLF,65,NVS,Canis lupus familiaris,9615,RPS11
sp|Q9XSU4|RS11_CANLF,108,NMS,Canis lupus familiaris,9615,RPS11
sp|Q9XSV5|LY65C_CANLF,73,NSS,Canis lupus familiaris,9615,LY6G5C
sp|Q9XSW8|GLHA_CANLF,80,NIT,Canis lupus familiaris,9615,CGA
sp|Q9XSW8|GLHA_CANLF,106,NHT,Canis lupus familiaris,9615,CGA
sp|Q9XT54|PDE6D_CANLF,64,NFS,Canis lupus familiaris,9615,PDE6D
sp|Q9XT54|PDE6D_CANLF,100,NST,Canis lupus familiaris,9615,PDE6D
sp|Q9ZZ57|NU5M_CANLF,270,NQT,Canis lupus familiaris,9615,MT-ND5
sp|Q9ZZ57|NU5M_CANLF,400,NTS,Canis lupus familiaris,9615,MT-ND5
sp|Q9ZZ57|NU5M_CANLF,505,NLT,Canis lupus familiaris,9615,MT-ND5
sp|Q9ZZ58|NU4M_CANLF,26,NTT,Canis lupus familiaris,9615,MT-ND4
sp|Q9ZZ58|NU4M_CANLF,51,NSS,Canis lupus familiaris,9615,MT-ND4
sp|Q9ZZ58|NU4M_CANLF,138,NQT,Canis lupus familiaris,9615,MT-ND4
sp|Q9ZZ58|NU4M_CANLF,390,NIT,Canis lupus familiaris,9615,MT-ND4
sp|Q9ZZ60|NU3M_CANLF,10,NVT,Canis lupus familiaris,9615,MT-ND3
sp|Q9ZZ61|COX3_CANLF,133,NTS,Canis lupus familiaris,9615,MT-CO3
sp|Q9ZZ62|ATP6_CANLF,163,NIT,Canis lupus familiaris,9615,MT-ATP6
sp|Q9ZZ62|ATP6_CANLF,183,NIS,Canis lupus familiaris,9615,MT-ATP6
sp|Q9ZZ65|NU2M_CANLF,171,NQT,Canis lupus familiaris,9615,MT-ND2
sp|Q9ZZ65|NU2M_CANLF,204,NLT,Canis lupus familiaris,9615,MT-ND2
sp|Q9ZZ65|NU2M_CANLF,222,NSS,Canis lupus familiaris,9615,MT-ND2
sp|A0M8U6|TES_CANLF,103,NVS,Canis lupus familiaris,9615,TES
sp|A0M8U6|TES_CANLF,379,NFS,Canis lupus familiaris,9615,TES
sp|A4Z944|ZBED5_CANLF,14,NTS,Canis lupus familiaris,9615,ZBED5
sp|A4Z944|ZBED5_CANLF,142,NSS,Canis lupus familiaris,9615,ZBED5
sp|A4Z944|ZBED5_CANLF,191,NES,Canis lupus familiaris,9615,ZBED5
sp|A4Z944|ZBED5_CANLF,200,NVS,Canis lupus familiaris,9615,ZBED5
sp|A4Z944|ZBED5_CANLF,246,NST,Canis lupus familiaris,9615,ZBED5
sp|A4Z944|ZBED5_CANLF,299,NKS,Canis lupus familiaris,9615,ZBED5
sp|A4Z944|ZBED5_CANLF,315,NAT,Canis lupus familiaris,9615,ZBED5
sp|A4Z944|ZBED5_CANLF,468,NSS,Canis lupus familiaris,9615,ZBED5
sp|A4Z944|ZBED5_CANLF,489,NLS,Canis lupus familiaris,9615,ZBED5
sp|A4Z944|ZBED5_CANLF,496,NVT,Canis lupus familiaris,9615,ZBED5
sp|A4Z944|ZBED5_CANLF,539,NST,Canis lupus familiaris,9615,ZBED5
sp|A4Z944|ZBED5_CANLF,571,NNT,Canis lupus familiaris,9615,ZBED5
sp|A4Z944|ZBED5_CANLF,608,NFS,Canis lupus familiaris,9615,ZBED5
sp|A4Z944|ZBED5_CANLF,675,NIT,Canis lupus familiaris,9615,ZBED5
sp|A8C750|THADA_CANLF,127,NTT,Canis lupus familiaris,9615,THADA
sp|A8C750|THADA_CANLF,140,NIS,Canis lupus familiaris,9615,THADA
sp|A8C750|THADA_CANLF,322,NGS,Canis lupus familiaris,9615,THADA
sp|A8C750|THADA_CANLF,560,NCS,Canis lupus familiaris,9615,THADA
sp|A8C750|THADA_CANLF,645,NRS,Canis lupus familiaris,9615,THADA
sp|A8C750|THADA_CANLF,1019,NVS,Canis lupus familiaris,9615,THADA
sp|A8C750|THADA_CANLF,1125,NVS,Canis lupus familiaris,9615,THADA
sp|A8C750|THADA_CANLF,1248,NSS,Canis lupus familiaris,9615,THADA
sp|A8C750|THADA_CANLF,1389,NCT,Canis lupus familiaris,9615,THADA
sp|E2QXH7|HORM2_CANLF,252,NST,Canis lupus familiaris,9615,HORMAD2
sp|E2RKA8|RL32_CANLF,92,NKS,Canis lupus familiaris,9615,RPL32
sp|E2RKA8|RL32_CANLF,102,NVS,Canis lupus familiaris,9615,RPL32
sp|E2RR58|RL12_CANLF,103,NIT,Canis lupus familiaris,9615,RPL12
sp|O18873|ALL1_CANLF,80,NIT,,,
sp|P62286|ASPM_CANLF,102,NWT,Canis lupus familiaris,9615,ASPM
sp|P62286|ASPM_CANLF,168,NKT,Canis lupus familiaris,9615,ASPM
sp|P62286|ASPM_CANLF,201,NNS,Canis lupus familiaris,9615,ASPM
sp|P62286|ASPM_CANLF,270,NET,Canis lupus familiaris,9615,ASPM
sp|P62286|ASPM_CANLF,275,NST,Canis lupus familiaris,9615,ASPM
sp|P62286|ASPM_CANLF,301,NIT,Canis lupus familiaris,9615,ASPM
sp|P62286|ASPM_CANLF,497,NFT,Canis lupus familiaris,9615,ASPM
sp|P62286|ASPM_CANLF,714,NIS,Canis lupus familiaris,9615,ASPM
sp|P62286|ASPM_CANLF,983,NLS,Canis lupus familiaris,9615,ASPM
sp|P62286|ASPM_CANLF,1125,NFT,Canis lupus familiaris,9615,ASPM
sp|P62286|ASPM_CANLF,1172,NSS,Canis lupus familiaris,9615,ASPM
sp|P62286|ASPM_CANLF,1193,NTS,Canis lupus familiaris,9615,ASPM
sp|P62286|ASPM_CANLF,1227,NHS,Canis lupus familiaris,9615,ASPM
sp|P62286|ASPM_CANLF,1340,NES,Canis lupus familiaris,9615,ASPM
sp|P62286|ASPM_CANLF,1672,NAT,Canis lupus familiaris,9615,ASPM
sp|P62286|ASPM_CANLF,2054,NYT,Canis lupus familiaris,9615,ASPM
sp|P62286|ASPM_CANLF,3299,NRS,Canis lupus familiaris,9615,ASPM
sp|P62286|ASPM_CANLF,3416,NSS,Canis lupus familiaris,9615,ASPM
sp|Q1ZZS1|LGSN_CANLF,17,NET,Canis lupus familiaris,9615,LGSN
sp|Q1ZZS1|LGSN_CANLF,67,NMS,Canis lupus familiaris,9615,LGSN
sp|Q1ZZS1|LGSN_CANLF,91,NQT,Canis lupus familiaris,9615,LGSN
sp|Q2XNS1|RN141_CANLF,87,NKS,Canis lupus familiaris,9615,RNF141
sp|Q2XNS1|RN141_CANLF,131,NSS,Canis lupus familiaris,9615,RNF141
sp|Q2XNS1|RN141_CANLF,200,NES,Canis lupus familiaris,9615,RNF141
sp|Q32KH8|ARSH_CANLF,27,NNT,Canis lupus familiaris,9615,ARSH
sp|Q32KH8|ARSH_CANLF,95,NET,Canis lupus familiaris,9615,ARSH
sp|Q32KH8|ARSH_CANLF,314,NHT,Canis lupus familiaris,9615,ARSH
sp|Q4TUC0|RTBDN_CANLF,177,NIS,Canis lupus familiaris,9615,RTBDN
sp|Q5TJE5|RGL2_CANLF,348,NFS,Canis lupus familiaris,9615,RGL2
sp|Q5TJE5|RGL2_CANLF,394,NYS,Canis lupus familiaris,9615,RGL2
sp|Q5TJE7|WDR46_CANLF,91,NLS,Canis lupus familiaris,9615,WDR46
sp|Q5TJE7|WDR46_CANLF,203,NYS,Canis lupus familiaris,9615,WDR46
sp|Q5TJE7|WDR46_CANLF,339,NGT,Canis lupus familiaris,9615,WDR46
sp|Q5XNS0|TBX19_CANLF,183,NCS,Canis lupus familiaris,9615,TBX19
sp|Q5XNS0|TBX19_CANLF,301,NHS,Canis lupus familiaris,9615,TBX19
sp|Q6JLC9|ZN331_CANLF,38,NYS,Canis lupus familiaris,9615,ZNF331
sp|Q6JLC9|ZN331_CANLF,66,NLS,Canis lupus familiaris,9615,ZNF331
sp|Q6JLC9|ZN331_CANLF,116,NTS,Canis lupus familiaris,9615,ZNF331
sp|Q6Q308|PLEK_CANLF,168,NKS,Canis lupus familiaris,9615,PLEK
sp|Q6Q308|PLEK_CANLF,229,NSS,Canis lupus familiaris,9615,PLEK
sp|Q95155|OLF2_CANLF,5,NCS,,,
sp|Q95155|OLF2_CANLF,89,NKS,,,
sp|Q9GL23|APAF_CANLF,6,NYS,Canis lupus familiaris,9615,APAF1
sp|Q9N0W9|IL13_CANLF,38,NIT,Canis lupus familiaris,9615,IL13
sp|Q9N0W9|IL13_CANLF,48,NGS,Canis lupus familiaris,9615,IL13
sp|Q9N0W9|IL13_CANLF,56,NLT,Canis lupus familiaris,9615,IL13
sp|Q9N0W9|IL13_CANLF,71,NVS,Canis lupus familiaris,9615,IL13
sp|Q9TTY4|MAGBA_CANLF,80,NES,Canis lupus familiaris,9615,MAGEB10
sp|P01874|IGHM_CANLF,50,NST,,,
sp|P01874|IGHM_CANLF,206,NAS,,,
sp|P01874|IGHM_CANLF,269,NIS,,,
sp|P01874|IGHM_CANLF,276,NGT,,,
sp|P01874|IGHM_CANLF,437,NVS,,,
sp|P0C5H0|GLOD5_CANLF,13,NSS,Canis lupus familiaris,9615,GLOD5
