ProteinID,Site,Sequon,Species,TaxonID,GeneName
sp|P31034|CBK1_KLULA,98,NNS,Kluyveromyces lactis (strain ATCC 8585 / CBS 2359 / DSM 70799 / NBRC 1267 / NRRL Y-1140 / WM37),284590,CBK1
sp|P31034|CBK1_KLULA,210,NGS,Kluyveromyces lactis (strain ATCC 8585 / CBS 2359 / DSM 70799 / NBRC 1267 / NRRL Y-1140 / WM37),284590,CBK1
sp|P31034|CBK1_KLULA,491,NET,Kluyveromyces lactis (strain ATCC 8585 / CBS 2359 / DSM 70799 / NBRC 1267 / NRRL Y-1140 / WM37),284590,CBK1
sp|P33284|HXK_KLULA,209,NDT,Kluyveromyces lactis (strain ATCC 8585 / CBS 2359 / DSM 70799 / NBRC 1267 / NRRL Y-1140 / WM37),284590,RAG5
sp|P40230|RAG8_KLULA,410,NGS,Kluyveromyces lactis (strain ATCC 8585 / CBS 2359 / DSM 70799 / NBRC 1267 / NRRL Y-1140 / WM37),284590,RAG8
sp|P40230|RAG8_KLULA,489,NDT,Kluyveromyces lactis (strain ATCC 8585 / CBS 2359 / DSM 70799 / NBRC 1267 / NRRL Y-1140 / WM37),284590,RAG8
sp|Q03216|PFKA2_KLULA,9,NGT,Kluyveromyces lactis (strain ATCC 8585 / CBS 2359 / DSM 70799 / NBRC 1267 / NRRL Y-1140 / WM37),284590,PFK2
sp|Q03216|PFKA2_KLULA,103,NET,Kluyveromyces lactis (strain ATCC 8585 / CBS 2359 / DSM 70799 / NBRC 1267 / NRRL Y-1140 / WM37),284590,PFK2
sp|Q03216|PFKA2_KLULA,236,NWS,Kluyveromyces lactis (strain ATCC 8585 / CBS 2359 / DSM 70799 / NBRC 1267 / NRRL Y-1140 / WM37),284590,PFK2
sp|Q03216|PFKA2_KLULA,681,NYT,Kluyveromyces lactis (strain ATCC 8585 / CBS 2359 / DSM 70799 / NBRC 1267 / NRRL Y-1140 / WM37),284590,PFK2
sp|Q03216|PFKA2_KLULA,778,NLT,Kluyveromyces lactis (strain ATCC 8585 / CBS 2359 / DSM 70799 / NBRC 1267 / NRRL Y-1140 / WM37),284590,PFK2
sp|Q03216|PFKA2_KLULA,801,NAS,Kluyveromyces lactis (strain ATCC 8585 / CBS 2359 / DSM 70799 / NBRC 1267 / NRRL Y-1140 / WM37),284590,PFK2
sp|Q6CJC4|ARO1_KLULA,43,NDT,Kluyveromyces lactis (strain ATCC 8585 / CBS 2359 / DSM 70799 / NBRC 1267 / NRRL Y-1140 / WM37),284590,ARO1
sp|Q6CJC4|ARO1_KLULA,46,NVS,Kluyveromyces lactis (strain ATCC 8585 / CBS 2359 / DSM 70799 / NBRC 1267 / NRRL Y-1140 / WM37),284590,ARO1
sp|Q6CJC4|ARO1_KLULA,218,NNS,Kluyveromyces lactis (strain ATCC 8585 / CBS 2359 / DSM 70799 / NBRC 1267 / NRRL Y-1140 / WM37),284590,ARO1
sp|Q6CJC4|ARO1_KLULA,231,NET,Kluyveromyces lactis (strain ATCC 8585 / CBS 2359 / DSM 70799 / NBRC 1267 / NRRL Y-1140 / WM37),284590,ARO1
sp|Q6CJC4|ARO1_KLULA,746,NGT,Kluyveromyces lactis (strain ATCC 8585 / CBS 2359 / DSM 70799 / NBRC 1267 / NRRL Y-1140 / WM37),284590,ARO1
sp|Q6CJC4|ARO1_KLULA,750,NTT,Kluyveromyces lactis (strain ATCC 8585 / CBS 2359 / DSM 70799 / NBRC 1267 / NRRL Y-1140 / WM37),284590,ARO1
sp|Q6CJC4|ARO1_KLULA,1026,NFT,Kluyveromyces lactis (strain ATCC 8585 / CBS 2359 / DSM 70799 / NBRC 1267 / NRRL Y-1140 / WM37),284590,ARO1
sp|Q6CJC4|ARO1_KLULA,1248,NMT,Kluyveromyces lactis (strain ATCC 8585 / CBS 2359 / DSM 70799 / NBRC 1267 / NRRL Y-1140 / WM37),284590,ARO1
sp|Q6CJC4|ARO1_KLULA,1447,NRT,Kluyveromyces lactis (strain ATCC 8585 / CBS 2359 / DSM 70799 / NBRC 1267 / NRRL Y-1140 / WM37),284590,ARO1
sp|Q6CJC4|ARO1_KLULA,1512,NSS,Kluyveromyces lactis (strain ATCC 8585 / CBS 2359 / DSM 70799 / NBRC 1267 / NRRL Y-1140 / WM37),284590,ARO1
sp|Q6CKE9|ESA1_KLULA,100,NKS,Kluyveromyces lactis (strain ATCC 8585 / CBS 2359 / DSM 70799 / NBRC 1267 / NRRL Y-1140 / WM37),284590,ESA1
sp|Q6CLY8|EAT1_KLULA,312,NAT,Kluyveromyces lactis (strain ATCC 8585 / CBS 2359 / DSM 70799 / NBRC 1267 / NRRL Y-1140 / WM37),284590,EAT1
sp|Q6CN95|HAT1_KLULA,19,NLS,Kluyveromyces lactis (strain ATCC 8585 / CBS 2359 / DSM 70799 / NBRC 1267 / NRRL Y-1140 / WM37),284590,HAT1
sp|Q6CN95|HAT1_KLULA,169,NDS,Kluyveromyces lactis (strain ATCC 8585 / CBS 2359 / DSM 70799 / NBRC 1267 / NRRL Y-1140 / WM37),284590,HAT1
sp|Q6CN95|HAT1_KLULA,259,NES,Kluyveromyces lactis (strain ATCC 8585 / CBS 2359 / DSM 70799 / NBRC 1267 / NRRL Y-1140 / WM37),284590,HAT1
sp|Q6CP76|ATM_KLULA,23,NDS,Kluyveromyces lactis (strain ATCC 8585 / CBS 2359 / DSM 70799 / NBRC 1267 / NRRL Y-1140 / WM37),284590,TEL1
sp|Q6CP76|ATM_KLULA,246,NLS,Kluyveromyces lactis (strain ATCC 8585 / CBS 2359 / DSM 70799 / NBRC 1267 / NRRL Y-1140 / WM37),284590,TEL1
sp|Q6CP76|ATM_KLULA,282,NKT,Kluyveromyces lactis (strain ATCC 8585 / CBS 2359 / DSM 70799 / NBRC 1267 / NRRL Y-1140 / WM37),284590,TEL1
sp|Q6CP76|ATM_KLULA,546,NES,Kluyveromyces lactis (strain ATCC 8585 / CBS 2359 / DSM 70799 / NBRC 1267 / NRRL Y-1140 / WM37),284590,TEL1
sp|Q6CP76|ATM_KLULA,699,NYT,Kluyveromyces lactis (strain ATCC 8585 / CBS 2359 / DSM 70799 / NBRC 1267 / NRRL Y-1140 / WM37),284590,TEL1
sp|Q6CP76|ATM_KLULA,829,NRT,Kluyveromyces lactis (strain ATCC 8585 / CBS 2359 / DSM 70799 / NBRC 1267 / NRRL Y-1140 / WM37),284590,TEL1
sp|Q6CP76|ATM_KLULA,938,NLS,Kluyveromyces lactis (strain ATCC 8585 / CBS 2359 / DSM 70799 / NBRC 1267 / NRRL Y-1140 / WM37),284590,TEL1
sp|Q6CP76|ATM_KLULA,941,NSS,Kluyveromyces lactis (strain ATCC 8585 / CBS 2359 / DSM 70799 / NBRC 1267 / NRRL Y-1140 / WM37),284590,TEL1
sp|Q6CP76|ATM_KLULA,1037,NFS,Kluyveromyces lactis (strain ATCC 8585 / CBS 2359 / DSM 70799 / NBRC 1267 / NRRL Y-1140 / WM37),284590,TEL1
sp|Q6CP76|ATM_KLULA,1210,NSS,Kluyveromyces lactis (strain ATCC 8585 / CBS 2359 / DSM 70799 / NBRC 1267 / NRRL Y-1140 / WM37),284590,TEL1
sp|Q6CP76|ATM_KLULA,1221,NSS,Kluyveromyces lactis (strain ATCC 8585 / CBS 2359 / DSM 70799 / NBRC 1267 / NRRL Y-1140 / WM37),284590,TEL1
sp|Q6CP76|ATM_KLULA,1545,NLT,Kluyveromyces lactis (strain ATCC 8585 / CBS 2359 / DSM 70799 / NBRC 1267 / NRRL Y-1140 / WM37),284590,TEL1
sp|Q6CP76|ATM_KLULA,1942,NNT,Kluyveromyces lactis (strain ATCC 8585 / CBS 2359 / DSM 70799 / NBRC 1267 / NRRL Y-1140 / WM37),284590,TEL1
sp|Q6CP76|ATM_KLULA,1954,NFT,Kluyveromyces lactis (strain ATCC 8585 / CBS 2359 / DSM 70799 / NBRC 1267 / NRRL Y-1140 / WM37),284590,TEL1
sp|Q6CP76|ATM_KLULA,2043,NLT,Kluyveromyces lactis (strain ATCC 8585 / CBS 2359 / DSM 70799 / NBRC 1267 / NRRL Y-1140 / WM37),284590,TEL1
sp|Q6CP76|ATM_KLULA,2051,NVS,Kluyveromyces lactis (strain ATCC 8585 / CBS 2359 / DSM 70799 / NBRC 1267 / NRRL Y-1140 / WM37),284590,TEL1
sp|Q6CP76|ATM_KLULA,2461,NKT,Kluyveromyces lactis (strain ATCC 8585 / CBS 2359 / DSM 70799 / NBRC 1267 / NRRL Y-1140 / WM37),284590,TEL1
sp|Q6CP76|ATM_KLULA,2468,NLS,Kluyveromyces lactis (strain ATCC 8585 / CBS 2359 / DSM 70799 / NBRC 1267 / NRRL Y-1140 / WM37),284590,TEL1
sp|Q6CP76|ATM_KLULA,2522,NHS,Kluyveromyces lactis (strain ATCC 8585 / CBS 2359 / DSM 70799 / NBRC 1267 / NRRL Y-1140 / WM37),284590,TEL1
sp|Q6CPU0|DXO1_KLULA,71,NCS,Kluyveromyces lactis (strain ATCC 8585 / CBS 2359 / DSM 70799 / NBRC 1267 / NRRL Y-1140 / WM37),284590,DXO1
sp|Q6CPU0|DXO1_KLULA,334,NNS,Kluyveromyces lactis (strain ATCC 8585 / CBS 2359 / DSM 70799 / NBRC 1267 / NRRL Y-1140 / WM37),284590,DXO1
sp|Q6CPU0|DXO1_KLULA,387,NLT,Kluyveromyces lactis (strain ATCC 8585 / CBS 2359 / DSM 70799 / NBRC 1267 / NRRL Y-1140 / WM37),284590,DXO1
sp|Q6CR51|SSN3_KLULA,7,NNS,Kluyveromyces lactis (strain ATCC 8585 / CBS 2359 / DSM 70799 / NBRC 1267 / NRRL Y-1140 / WM37),284590,SSN3
sp|Q6CR51|SSN3_KLULA,56,NQS,Kluyveromyces lactis (strain ATCC 8585 / CBS 2359 / DSM 70799 / NBRC 1267 / NRRL Y-1140 / WM37),284590,SSN3
sp|Q6CR51|SSN3_KLULA,142,NRS,Kluyveromyces lactis (strain ATCC 8585 / CBS 2359 / DSM 70799 / NBRC 1267 / NRRL Y-1140 / WM37),284590,SSN3
sp|Q6CR51|SSN3_KLULA,153,NLT,Kluyveromyces lactis (strain ATCC 8585 / CBS 2359 / DSM 70799 / NBRC 1267 / NRRL Y-1140 / WM37),284590,SSN3
sp|Q6CR51|SSN3_KLULA,171,NNS,Kluyveromyces lactis (strain ATCC 8585 / CBS 2359 / DSM 70799 / NBRC 1267 / NRRL Y-1140 / WM37),284590,SSN3
sp|Q6CR51|SSN3_KLULA,174,NST,Kluyveromyces lactis (strain ATCC 8585 / CBS 2359 / DSM 70799 / NBRC 1267 / NRRL Y-1140 / WM37),284590,SSN3
sp|Q6CR51|SSN3_KLULA,191,NSS,Kluyveromyces lactis (strain ATCC 8585 / CBS 2359 / DSM 70799 / NBRC 1267 / NRRL Y-1140 / WM37),284590,SSN3
sp|Q6CR51|SSN3_KLULA,197,NNS,Kluyveromyces lactis (strain ATCC 8585 / CBS 2359 / DSM 70799 / NBRC 1267 / NRRL Y-1140 / WM37),284590,SSN3
sp|Q6CR51|SSN3_KLULA,447,NLT,Kluyveromyces lactis (strain ATCC 8585 / CBS 2359 / DSM 70799 / NBRC 1267 / NRRL Y-1140 / WM37),284590,SSN3
sp|Q6CR51|SSN3_KLULA,531,NHS,Kluyveromyces lactis (strain ATCC 8585 / CBS 2359 / DSM 70799 / NBRC 1267 / NRRL Y-1140 / WM37),284590,SSN3
sp|Q6CSX2|ATG1_KLULA,20,NYS,Kluyveromyces lactis (strain ATCC 8585 / CBS 2359 / DSM 70799 / NBRC 1267 / NRRL Y-1140 / WM37),284590,ATG1
sp|Q6CSX2|ATG1_KLULA,216,NTS,Kluyveromyces lactis (strain ATCC 8585 / CBS 2359 / DSM 70799 / NBRC 1267 / NRRL Y-1140 / WM37),284590,ATG1
sp|Q6CSX2|ATG1_KLULA,374,NTS,Kluyveromyces lactis (strain ATCC 8585 / CBS 2359 / DSM 70799 / NBRC 1267 / NRRL Y-1140 / WM37),284590,ATG1
sp|Q6CSX2|ATG1_KLULA,564,NIT,Kluyveromyces lactis (strain ATCC 8585 / CBS 2359 / DSM 70799 / NBRC 1267 / NRRL Y-1140 / WM37),284590,ATG1
sp|Q6CSX2|ATG1_KLULA,610,NGS,Kluyveromyces lactis (strain ATCC 8585 / CBS 2359 / DSM 70799 / NBRC 1267 / NRRL Y-1140 / WM37),284590,ATG1
sp|Q6CSX2|ATG1_KLULA,629,NQT,Kluyveromyces lactis (strain ATCC 8585 / CBS 2359 / DSM 70799 / NBRC 1267 / NRRL Y-1140 / WM37),284590,ATG1
sp|Q6CSX2|ATG1_KLULA,686,NES,Kluyveromyces lactis (strain ATCC 8585 / CBS 2359 / DSM 70799 / NBRC 1267 / NRRL Y-1140 / WM37),284590,ATG1
sp|Q6CSX2|ATG1_KLULA,690,NCT,Kluyveromyces lactis (strain ATCC 8585 / CBS 2359 / DSM 70799 / NBRC 1267 / NRRL Y-1140 / WM37),284590,ATG1
sp|Q6CSX2|ATG1_KLULA,724,NTS,Kluyveromyces lactis (strain ATCC 8585 / CBS 2359 / DSM 70799 / NBRC 1267 / NRRL Y-1140 / WM37),284590,ATG1
sp|Q6CSX2|ATG1_KLULA,800,NIT,Kluyveromyces lactis (strain ATCC 8585 / CBS 2359 / DSM 70799 / NBRC 1267 / NRRL Y-1140 / WM37),284590,ATG1
sp|Q6CT34|ATR_KLULA,180,NYS,Kluyveromyces lactis (strain ATCC 8585 / CBS 2359 / DSM 70799 / NBRC 1267 / NRRL Y-1140 / WM37),284590,MEC1
sp|Q6CT34|ATR_KLULA,405,NAS,Kluyveromyces lactis (strain ATCC 8585 / CBS 2359 / DSM 70799 / NBRC 1267 / NRRL Y-1140 / WM37),284590,MEC1
sp|Q6CT34|ATR_KLULA,566,NSS,Kluyveromyces lactis (strain ATCC 8585 / CBS 2359 / DSM 70799 / NBRC 1267 / NRRL Y-1140 / WM37),284590,MEC1
sp|Q6CT34|ATR_KLULA,759,NFS,Kluyveromyces lactis (strain ATCC 8585 / CBS 2359 / DSM 70799 / NBRC 1267 / NRRL Y-1140 / WM37),284590,MEC1
sp|Q6CT34|ATR_KLULA,1049,NLS,Kluyveromyces lactis (strain ATCC 8585 / CBS 2359 / DSM 70799 / NBRC 1267 / NRRL Y-1140 / WM37),284590,MEC1
sp|Q6CT34|ATR_KLULA,1059,NHS,Kluyveromyces lactis (strain ATCC 8585 / CBS 2359 / DSM 70799 / NBRC 1267 / NRRL Y-1140 / WM37),284590,MEC1
sp|Q6CT34|ATR_KLULA,1171,NLT,Kluyveromyces lactis (strain ATCC 8585 / CBS 2359 / DSM 70799 / NBRC 1267 / NRRL Y-1140 / WM37),284590,MEC1
sp|Q6CT34|ATR_KLULA,1229,NLS,Kluyveromyces lactis (strain ATCC 8585 / CBS 2359 / DSM 70799 / NBRC 1267 / NRRL Y-1140 / WM37),284590,MEC1
sp|Q6CT34|ATR_KLULA,1282,NGT,Kluyveromyces lactis (strain ATCC 8585 / CBS 2359 / DSM 70799 / NBRC 1267 / NRRL Y-1140 / WM37),284590,MEC1
sp|Q6CT34|ATR_KLULA,1373,NLT,Kluyveromyces lactis (strain ATCC 8585 / CBS 2359 / DSM 70799 / NBRC 1267 / NRRL Y-1140 / WM37),284590,MEC1
sp|Q6CT34|ATR_KLULA,1405,NST,Kluyveromyces lactis (strain ATCC 8585 / CBS 2359 / DSM 70799 / NBRC 1267 / NRRL Y-1140 / WM37),284590,MEC1
sp|Q6CT34|ATR_KLULA,1565,NAS,Kluyveromyces lactis (strain ATCC 8585 / CBS 2359 / DSM 70799 / NBRC 1267 / NRRL Y-1140 / WM37),284590,MEC1
sp|Q6CT34|ATR_KLULA,1699,NSS,Kluyveromyces lactis (strain ATCC 8585 / CBS 2359 / DSM 70799 / NBRC 1267 / NRRL Y-1140 / WM37),284590,MEC1
sp|Q6CT34|ATR_KLULA,1788,NNS,Kluyveromyces lactis (strain ATCC 8585 / CBS 2359 / DSM 70799 / NBRC 1267 / NRRL Y-1140 / WM37),284590,MEC1
sp|Q6CT34|ATR_KLULA,1796,NYS,Kluyveromyces lactis (strain ATCC 8585 / CBS 2359 / DSM 70799 / NBRC 1267 / NRRL Y-1140 / WM37),284590,MEC1
sp|Q6CT34|ATR_KLULA,2186,NIT,Kluyveromyces lactis (strain ATCC 8585 / CBS 2359 / DSM 70799 / NBRC 1267 / NRRL Y-1140 / WM37),284590,MEC1
sp|Q6CT34|ATR_KLULA,2275,NLS,Kluyveromyces lactis (strain ATCC 8585 / CBS 2359 / DSM 70799 / NBRC 1267 / NRRL Y-1140 / WM37),284590,MEC1
sp|Q6CVA2|STE20_KLULA,51,NLS,Kluyveromyces lactis (strain ATCC 8585 / CBS 2359 / DSM 70799 / NBRC 1267 / NRRL Y-1140 / WM37),284590,STE20
sp|Q6CVA2|STE20_KLULA,119,NVS,Kluyveromyces lactis (strain ATCC 8585 / CBS 2359 / DSM 70799 / NBRC 1267 / NRRL Y-1140 / WM37),284590,STE20
sp|Q6CVA2|STE20_KLULA,170,NLT,Kluyveromyces lactis (strain ATCC 8585 / CBS 2359 / DSM 70799 / NBRC 1267 / NRRL Y-1140 / WM37),284590,STE20
sp|Q6CVA2|STE20_KLULA,227,NST,Kluyveromyces lactis (strain ATCC 8585 / CBS 2359 / DSM 70799 / NBRC 1267 / NRRL Y-1140 / WM37),284590,STE20
sp|Q6CVA2|STE20_KLULA,312,NQT,Kluyveromyces lactis (strain ATCC 8585 / CBS 2359 / DSM 70799 / NBRC 1267 / NRRL Y-1140 / WM37),284590,STE20
sp|Q6CVA2|STE20_KLULA,352,NSS,Kluyveromyces lactis (strain ATCC 8585 / CBS 2359 / DSM 70799 / NBRC 1267 / NRRL Y-1140 / WM37),284590,STE20
sp|Q6CVA2|STE20_KLULA,395,NGS,Kluyveromyces lactis (strain ATCC 8585 / CBS 2359 / DSM 70799 / NBRC 1267 / NRRL Y-1140 / WM37),284590,STE20
sp|Q6CVA2|STE20_KLULA,519,NDT,Kluyveromyces lactis (strain ATCC 8585 / CBS 2359 / DSM 70799 / NBRC 1267 / NRRL Y-1140 / WM37),284590,STE20
sp|Q6CVA2|STE20_KLULA,657,NTS,Kluyveromyces lactis (strain ATCC 8585 / CBS 2359 / DSM 70799 / NBRC 1267 / NRRL Y-1140 / WM37),284590,STE20
sp|Q6CVA2|STE20_KLULA,721,NAS,Kluyveromyces lactis (strain ATCC 8585 / CBS 2359 / DSM 70799 / NBRC 1267 / NRRL Y-1140 / WM37),284590,STE20
sp|Q6CVA2|STE20_KLULA,894,NET,Kluyveromyces lactis (strain ATCC 8585 / CBS 2359 / DSM 70799 / NBRC 1267 / NRRL Y-1140 / WM37),284590,STE20
sp|Q6CVA2|STE20_KLULA,907,NGT,Kluyveromyces lactis (strain ATCC 8585 / CBS 2359 / DSM 70799 / NBRC 1267 / NRRL Y-1140 / WM37),284590,STE20
sp|Q6CVA2|STE20_KLULA,917,NLS,Kluyveromyces lactis (strain ATCC 8585 / CBS 2359 / DSM 70799 / NBRC 1267 / NRRL Y-1140 / WM37),284590,STE20
sp|Q6CVA2|STE20_KLULA,956,NTS,Kluyveromyces lactis (strain ATCC 8585 / CBS 2359 / DSM 70799 / NBRC 1267 / NRRL Y-1140 / WM37),284590,STE20
sp|Q6CWQ4|AURK_KLULA,94,NMT,Kluyveromyces lactis (strain ATCC 8585 / CBS 2359 / DSM 70799 / NBRC 1267 / NRRL Y-1140 / WM37),284590,IPL1
sp|Q6CWQ4|AURK_KLULA,159,NLT,Kluyveromyces lactis (strain ATCC 8585 / CBS 2359 / DSM 70799 / NBRC 1267 / NRRL Y-1140 / WM37),284590,IPL1
sp|Q6CWQ4|AURK_KLULA,196,NET,Kluyveromyces lactis (strain ATCC 8585 / CBS 2359 / DSM 70799 / NBRC 1267 / NRRL Y-1140 / WM37),284590,IPL1
sp|Q6CWQ4|AURK_KLULA,234,NNT,Kluyveromyces lactis (strain ATCC 8585 / CBS 2359 / DSM 70799 / NBRC 1267 / NRRL Y-1140 / WM37),284590,IPL1
sp|Q6CWQ4|AURK_KLULA,319,NVS,Kluyveromyces lactis (strain ATCC 8585 / CBS 2359 / DSM 70799 / NBRC 1267 / NRRL Y-1140 / WM37),284590,IPL1
sp|Q6CXB9|BUD32_KLULA,42,NRT,Kluyveromyces lactis (strain ATCC 8585 / CBS 2359 / DSM 70799 / NBRC 1267 / NRRL Y-1140 / WM37),284590,BUD32
sp|Q6CXB9|BUD32_KLULA,131,NAS,Kluyveromyces lactis (strain ATCC 8585 / CBS 2359 / DSM 70799 / NBRC 1267 / NRRL Y-1140 / WM37),284590,BUD32
sp|Q6CXN5|HAL5_KLULA,151,NRS,Kluyveromyces lactis (strain ATCC 8585 / CBS 2359 / DSM 70799 / NBRC 1267 / NRRL Y-1140 / WM37),284590,KLLA0A06820g
sp|Q6CXN5|HAL5_KLULA,240,NTS,Kluyveromyces lactis (strain ATCC 8585 / CBS 2359 / DSM 70799 / NBRC 1267 / NRRL Y-1140 / WM37),284590,KLLA0A06820g
sp|Q6CXN5|HAL5_KLULA,367,NQS,Kluyveromyces lactis (strain ATCC 8585 / CBS 2359 / DSM 70799 / NBRC 1267 / NRRL Y-1140 / WM37),284590,KLLA0A06820g
sp|Q6CXN5|HAL5_KLULA,391,NKS,Kluyveromyces lactis (strain ATCC 8585 / CBS 2359 / DSM 70799 / NBRC 1267 / NRRL Y-1140 / WM37),284590,KLLA0A06820g
sp|Q6CXN5|HAL5_KLULA,529,NKS,Kluyveromyces lactis (strain ATCC 8585 / CBS 2359 / DSM 70799 / NBRC 1267 / NRRL Y-1140 / WM37),284590,KLLA0A06820g
sp|Q6CXW4|GCN5_KLULA,76,NGT,Kluyveromyces lactis (strain ATCC 8585 / CBS 2359 / DSM 70799 / NBRC 1267 / NRRL Y-1140 / WM37),284590,GCN5
sp|Q6CXW4|GCN5_KLULA,113,NAS,Kluyveromyces lactis (strain ATCC 8585 / CBS 2359 / DSM 70799 / NBRC 1267 / NRRL Y-1140 / WM37),284590,GCN5
sp|Q6CXW4|GCN5_KLULA,487,NTS,Kluyveromyces lactis (strain ATCC 8585 / CBS 2359 / DSM 70799 / NBRC 1267 / NRRL Y-1140 / WM37),284590,GCN5
sp|O13471|HIS2_KLULA,49,NIS,Kluyveromyces lactis (strain ATCC 8585 / CBS 2359 / DSM 70799 / NBRC 1267 / NRRL Y-1140 / WM37),284590,HIS4
sp|O13471|HIS2_KLULA,266,NDS,Kluyveromyces lactis (strain ATCC 8585 / CBS 2359 / DSM 70799 / NBRC 1267 / NRRL Y-1140 / WM37),284590,HIS4
sp|O13471|HIS2_KLULA,577,NDT,Kluyveromyces lactis (strain ATCC 8585 / CBS 2359 / DSM 70799 / NBRC 1267 / NRRL Y-1140 / WM37),284590,HIS4
sp|O13471|HIS2_KLULA,723,NHT,Kluyveromyces lactis (strain ATCC 8585 / CBS 2359 / DSM 70799 / NBRC 1267 / NRRL Y-1140 / WM37),284590,HIS4
sp|O13473|CBF5_KLULA,17,NTS,Kluyveromyces lactis (strain ATCC 8585 / CBS 2359 / DSM 70799 / NBRC 1267 / NRRL Y-1140 / WM37),284590,CBF5
sp|O13473|CBF5_KLULA,144,NLT,Kluyveromyces lactis (strain ATCC 8585 / CBS 2359 / DSM 70799 / NBRC 1267 / NRRL Y-1140 / WM37),284590,CBF5
sp|O59863|PLB_KLULA,84,NDT,Kluyveromyces lactis (strain ATCC 8585 / CBS 2359 / DSM 70799 / NBRC 1267 / NRRL Y-1140 / WM37),284590,PLB
sp|O59863|PLB_KLULA,126,NRT,Kluyveromyces lactis (strain ATCC 8585 / CBS 2359 / DSM 70799 / NBRC 1267 / NRRL Y-1140 / WM37),284590,PLB
sp|O59863|PLB_KLULA,163,NWT,Kluyveromyces lactis (strain ATCC 8585 / CBS 2359 / DSM 70799 / NBRC 1267 / NRRL Y-1140 / WM37),284590,PLB
sp|O59863|PLB_KLULA,173,NMT,Kluyveromyces lactis (strain ATCC 8585 / CBS 2359 / DSM 70799 / NBRC 1267 / NRRL Y-1140 / WM37),284590,PLB
sp|O59863|PLB_KLULA,218,NTS,Kluyveromyces lactis (strain ATCC 8585 / CBS 2359 / DSM 70799 / NBRC 1267 / NRRL Y-1140 / WM37),284590,PLB
sp|O59863|PLB_KLULA,280,NAT,Kluyveromyces lactis (strain ATCC 8585 / CBS 2359 / DSM 70799 / NBRC 1267 / NRRL Y-1140 / WM37),284590,PLB
sp|O59863|PLB_KLULA,310,NVT,Kluyveromyces lactis (strain ATCC 8585 / CBS 2359 / DSM 70799 / NBRC 1267 / NRRL Y-1140 / WM37),284590,PLB
sp|O59863|PLB_KLULA,313,NGT,Kluyveromyces lactis (strain ATCC 8585 / CBS 2359 / DSM 70799 / NBRC 1267 / NRRL Y-1140 / WM37),284590,PLB
sp|O59863|PLB_KLULA,317,NVT,Kluyveromyces lactis (strain ATCC 8585 / CBS 2359 / DSM 70799 / NBRC 1267 / NRRL Y-1140 / WM37),284590,PLB
sp|O59863|PLB_KLULA,348,NTT,Kluyveromyces lactis (strain ATCC 8585 / CBS 2359 / DSM 70799 / NBRC 1267 / NRRL Y-1140 / WM37),284590,PLB
sp|O59863|PLB_KLULA,391,NYS,Kluyveromyces lactis (strain ATCC 8585 / CBS 2359 / DSM 70799 / NBRC 1267 / NRRL Y-1140 / WM37),284590,PLB
sp|O59863|PLB_KLULA,492,NLT,Kluyveromyces lactis (strain ATCC 8585 / CBS 2359 / DSM 70799 / NBRC 1267 / NRRL Y-1140 / WM37),284590,PLB
sp|O59863|PLB_KLULA,516,NTS,Kluyveromyces lactis (strain ATCC 8585 / CBS 2359 / DSM 70799 / NBRC 1267 / NRRL Y-1140 / WM37),284590,PLB
sp|O59863|PLB_KLULA,544,NLT,Kluyveromyces lactis (strain ATCC 8585 / CBS 2359 / DSM 70799 / NBRC 1267 / NRRL Y-1140 / WM37),284590,PLB
sp|O59863|PLB_KLULA,568,NYT,Kluyveromyces lactis (strain ATCC 8585 / CBS 2359 / DSM 70799 / NBRC 1267 / NRRL Y-1140 / WM37),284590,PLB
sp|O59863|PLB_KLULA,585,NGT,Kluyveromyces lactis (strain ATCC 8585 / CBS 2359 / DSM 70799 / NBRC 1267 / NRRL Y-1140 / WM37),284590,PLB
sp|P09231|KEX1A_KLULA,121,NIS,Kluyveromyces lactis (strain ATCC 8585 / CBS 2359 / DSM 70799 / NBRC 1267 / NRRL Y-1140 / WM37),284590,KEX1
sp|P09231|KEX1A_KLULA,144,NVT,Kluyveromyces lactis (strain ATCC 8585 / CBS 2359 / DSM 70799 / NBRC 1267 / NRRL Y-1140 / WM37),284590,KEX1
sp|P09231|KEX1A_KLULA,152,NIT,Kluyveromyces lactis (strain ATCC 8585 / CBS 2359 / DSM 70799 / NBRC 1267 / NRRL Y-1140 / WM37),284590,KEX1
sp|P09231|KEX1A_KLULA,392,NLT,Kluyveromyces lactis (strain ATCC 8585 / CBS 2359 / DSM 70799 / NBRC 1267 / NRRL Y-1140 / WM37),284590,KEX1
sp|P09231|KEX1A_KLULA,538,NWT,Kluyveromyces lactis (strain ATCC 8585 / CBS 2359 / DSM 70799 / NBRC 1267 / NRRL Y-1140 / WM37),284590,KEX1
sp|P09231|KEX1A_KLULA,691,NQT,Kluyveromyces lactis (strain ATCC 8585 / CBS 2359 / DSM 70799 / NBRC 1267 / NRRL Y-1140 / WM37),284590,KEX1
sp|P09231|KEX1A_KLULA,731,NES,Kluyveromyces lactis (strain ATCC 8585 / CBS 2359 / DSM 70799 / NBRC 1267 / NRRL Y-1140 / WM37),284590,KEX1
sp|P09609|GAL10_KLULA,36,NLS,Kluyveromyces lactis (strain ATCC 8585 / CBS 2359 / DSM 70799 / NBRC 1267 / NRRL Y-1140 / WM37),284590,GAL10
sp|P09609|GAL10_KLULA,39,NSS,Kluyveromyces lactis (strain ATCC 8585 / CBS 2359 / DSM 70799 / NBRC 1267 / NRRL Y-1140 / WM37),284590,GAL10
sp|P09609|GAL10_KLULA,306,NLT,Kluyveromyces lactis (strain ATCC 8585 / CBS 2359 / DSM 70799 / NBRC 1267 / NRRL Y-1140 / WM37),284590,GAL10
sp|P09609|GAL10_KLULA,400,NET,Kluyveromyces lactis (strain ATCC 8585 / CBS 2359 / DSM 70799 / NBRC 1267 / NRRL Y-1140 / WM37),284590,GAL10
sp|P09609|GAL10_KLULA,425,NGT,Kluyveromyces lactis (strain ATCC 8585 / CBS 2359 / DSM 70799 / NBRC 1267 / NRRL Y-1140 / WM37),284590,GAL10
sp|P09609|GAL10_KLULA,521,NIT,Kluyveromyces lactis (strain ATCC 8585 / CBS 2359 / DSM 70799 / NBRC 1267 / NRRL Y-1140 / WM37),284590,GAL10
sp|P09609|GAL10_KLULA,524,NHT,Kluyveromyces lactis (strain ATCC 8585 / CBS 2359 / DSM 70799 / NBRC 1267 / NRRL Y-1140 / WM37),284590,GAL10
sp|P09609|GAL10_KLULA,573,NDS,Kluyveromyces lactis (strain ATCC 8585 / CBS 2359 / DSM 70799 / NBRC 1267 / NRRL Y-1140 / WM37),284590,GAL10
sp|P22010|BIP_KLULA,618,NES,Kluyveromyces lactis (strain ATCC 8585 / CBS 2359 / DSM 70799 / NBRC 1267 / NRRL Y-1140 / WM37),284590,GRP78
sp|P22121|HSF_KLULA,4,NDS,Kluyveromyces lactis (strain ATCC 8585 / CBS 2359 / DSM 70799 / NBRC 1267 / NRRL Y-1140 / WM37),284590,HSF
sp|P22121|HSF_KLULA,113,NSS,Kluyveromyces lactis (strain ATCC 8585 / CBS 2359 / DSM 70799 / NBRC 1267 / NRRL Y-1140 / WM37),284590,HSF
sp|P22121|HSF_KLULA,129,NAT,Kluyveromyces lactis (strain ATCC 8585 / CBS 2359 / DSM 70799 / NBRC 1267 / NRRL Y-1140 / WM37),284590,HSF
sp|P22121|HSF_KLULA,272,NDS,Kluyveromyces lactis (strain ATCC 8585 / CBS 2359 / DSM 70799 / NBRC 1267 / NRRL Y-1140 / WM37),284590,HSF
sp|P22121|HSF_KLULA,408,NNT,Kluyveromyces lactis (strain ATCC 8585 / CBS 2359 / DSM 70799 / NBRC 1267 / NRRL Y-1140 / WM37),284590,HSF
sp|P22121|HSF_KLULA,420,NET,Kluyveromyces lactis (strain ATCC 8585 / CBS 2359 / DSM 70799 / NBRC 1267 / NRRL Y-1140 / WM37),284590,HSF
sp|P22121|HSF_KLULA,456,NRS,Kluyveromyces lactis (strain ATCC 8585 / CBS 2359 / DSM 70799 / NBRC 1267 / NRRL Y-1140 / WM37),284590,HSF
sp|P33294|SIR2_KLULA,100,NGT,Kluyveromyces lactis (strain ATCC 8585 / CBS 2359 / DSM 70799 / NBRC 1267 / NRRL Y-1140 / WM37),284590,SIR2
sp|P33294|SIR2_KLULA,132,NGT,Kluyveromyces lactis (strain ATCC 8585 / CBS 2359 / DSM 70799 / NBRC 1267 / NRRL Y-1140 / WM37),284590,SIR2
sp|P33294|SIR2_KLULA,140,NGT,Kluyveromyces lactis (strain ATCC 8585 / CBS 2359 / DSM 70799 / NBRC 1267 / NRRL Y-1140 / WM37),284590,SIR2
sp|P33294|SIR2_KLULA,244,NSS,Kluyveromyces lactis (strain ATCC 8585 / CBS 2359 / DSM 70799 / NBRC 1267 / NRRL Y-1140 / WM37),284590,SIR2
sp|P33294|SIR2_KLULA,250,NVS,Kluyveromyces lactis (strain ATCC 8585 / CBS 2359 / DSM 70799 / NBRC 1267 / NRRL Y-1140 / WM37),284590,SIR2
sp|P33294|SIR2_KLULA,397,NYT,Kluyveromyces lactis (strain ATCC 8585 / CBS 2359 / DSM 70799 / NBRC 1267 / NRRL Y-1140 / WM37),284590,SIR2
sp|P33294|SIR2_KLULA,613,NES,Kluyveromyces lactis (strain ATCC 8585 / CBS 2359 / DSM 70799 / NBRC 1267 / NRRL Y-1140 / WM37),284590,SIR2
sp|P33294|SIR2_KLULA,666,NQT,Kluyveromyces lactis (strain ATCC 8585 / CBS 2359 / DSM 70799 / NBRC 1267 / NRRL Y-1140 / WM37),284590,SIR2
sp|P46070|TF3B_KLULA,26,NTT,Kluyveromyces lactis (strain ATCC 8585 / CBS 2359 / DSM 70799 / NBRC 1267 / NRRL Y-1140 / WM37),284590,TDS4
sp|P46070|TF3B_KLULA,275,NTT,Kluyveromyces lactis (strain ATCC 8585 / CBS 2359 / DSM 70799 / NBRC 1267 / NRRL Y-1140 / WM37),284590,TDS4
sp|P46070|TF3B_KLULA,483,NTS,Kluyveromyces lactis (strain ATCC 8585 / CBS 2359 / DSM 70799 / NBRC 1267 / NRRL Y-1140 / WM37),284590,TDS4
sp|P46070|TF3B_KLULA,497,NQS,Kluyveromyces lactis (strain ATCC 8585 / CBS 2359 / DSM 70799 / NBRC 1267 / NRRL Y-1140 / WM37),284590,TDS4
sp|P49349|FPPS_KLULA,271,NAT,Kluyveromyces lactis (strain ATCC 8585 / CBS 2359 / DSM 70799 / NBRC 1267 / NRRL Y-1140 / WM37),284590,FPS1
sp|P49376|ATPB_KLULA,102,NVS,Kluyveromyces lactis (strain ATCC 8585 / CBS 2359 / DSM 70799 / NBRC 1267 / NRRL Y-1140 / WM37),284590,ATP2
sp|P49380|PMA1_KLULA,695,NRS,Kluyveromyces lactis (strain ATCC 8585 / CBS 2359 / DSM 70799 / NBRC 1267 / NRRL Y-1140 / WM37),284590,PMA1
sp|P54111|GPA2_KLULA,62,NNS,Kluyveromyces lactis (strain ATCC 8585 / CBS 2359 / DSM 70799 / NBRC 1267 / NRRL Y-1140 / WM37),284590,GPA2
sp|P54111|GPA2_KLULA,102,NNS,Kluyveromyces lactis (strain ATCC 8585 / CBS 2359 / DSM 70799 / NBRC 1267 / NRRL Y-1140 / WM37),284590,GPA2
sp|P54111|GPA2_KLULA,127,NDS,Kluyveromyces lactis (strain ATCC 8585 / CBS 2359 / DSM 70799 / NBRC 1267 / NRRL Y-1140 / WM37),284590,GPA2
sp|P54111|GPA2_KLULA,136,NNS,Kluyveromyces lactis (strain ATCC 8585 / CBS 2359 / DSM 70799 / NBRC 1267 / NRRL Y-1140 / WM37),284590,GPA2
sp|P54111|GPA2_KLULA,160,NST,Kluyveromyces lactis (strain ATCC 8585 / CBS 2359 / DSM 70799 / NBRC 1267 / NRRL Y-1140 / WM37),284590,GPA2
sp|P54111|GPA2_KLULA,176,NNS,Kluyveromyces lactis (strain ATCC 8585 / CBS 2359 / DSM 70799 / NBRC 1267 / NRRL Y-1140 / WM37),284590,GPA2
sp|P54111|GPA2_KLULA,195,NDS,Kluyveromyces lactis (strain ATCC 8585 / CBS 2359 / DSM 70799 / NBRC 1267 / NRRL Y-1140 / WM37),284590,GPA2
sp|P54111|GPA2_KLULA,210,NGT,Kluyveromyces lactis (strain ATCC 8585 / CBS 2359 / DSM 70799 / NBRC 1267 / NRRL Y-1140 / WM37),284590,GPA2
sp|P54111|GPA2_KLULA,214,NAS,Kluyveromyces lactis (strain ATCC 8585 / CBS 2359 / DSM 70799 / NBRC 1267 / NRRL Y-1140 / WM37),284590,GPA2
sp|P54111|GPA2_KLULA,419,NVT,Kluyveromyces lactis (strain ATCC 8585 / CBS 2359 / DSM 70799 / NBRC 1267 / NRRL Y-1140 / WM37),284590,GPA2
sp|Q03215|PFKA1_KLULA,2,NNS,Kluyveromyces lactis (strain ATCC 8585 / CBS 2359 / DSM 70799 / NBRC 1267 / NRRL Y-1140 / WM37),284590,PFK1
sp|Q03215|PFKA1_KLULA,106,NQT,Kluyveromyces lactis (strain ATCC 8585 / CBS 2359 / DSM 70799 / NBRC 1267 / NRRL Y-1140 / WM37),284590,PFK1
sp|Q03215|PFKA1_KLULA,156,NAS,Kluyveromyces lactis (strain ATCC 8585 / CBS 2359 / DSM 70799 / NBRC 1267 / NRRL Y-1140 / WM37),284590,PFK1
sp|Q03215|PFKA1_KLULA,323,NLT,Kluyveromyces lactis (strain ATCC 8585 / CBS 2359 / DSM 70799 / NBRC 1267 / NRRL Y-1140 / WM37),284590,PFK1
sp|Q03215|PFKA1_KLULA,426,NNT,Kluyveromyces lactis (strain ATCC 8585 / CBS 2359 / DSM 70799 / NBRC 1267 / NRRL Y-1140 / WM37),284590,PFK1
sp|Q03215|PFKA1_KLULA,494,NMT,Kluyveromyces lactis (strain ATCC 8585 / CBS 2359 / DSM 70799 / NBRC 1267 / NRRL Y-1140 / WM37),284590,PFK1
sp|Q03215|PFKA1_KLULA,642,NRS,Kluyveromyces lactis (strain ATCC 8585 / CBS 2359 / DSM 70799 / NBRC 1267 / NRRL Y-1140 / WM37),284590,PFK1
sp|Q03215|PFKA1_KLULA,907,NGS,Kluyveromyces lactis (strain ATCC 8585 / CBS 2359 / DSM 70799 / NBRC 1267 / NRRL Y-1140 / WM37),284590,PFK1
sp|Q03215|PFKA1_KLULA,922,NET,Kluyveromyces lactis (strain ATCC 8585 / CBS 2359 / DSM 70799 / NBRC 1267 / NRRL Y-1140 / WM37),284590,PFK1
sp|Q05959|TF2B_KLULA,233,NIT,Kluyveromyces lactis (strain ATCC 8585 / CBS 2359 / DSM 70799 / NBRC 1267 / NRRL Y-1140 / WM37),284590,SUA7
sp|Q05959|TF2B_KLULA,298,NIS,Kluyveromyces lactis (strain ATCC 8585 / CBS 2359 / DSM 70799 / NBRC 1267 / NRRL Y-1140 / WM37),284590,SUA7
sp|Q6CID0|NCB5R_KLULA,115,NIS,Kluyveromyces lactis (strain ATCC 8585 / CBS 2359 / DSM 70799 / NBRC 1267 / NRRL Y-1140 / WM37),284590,CBR1
sp|Q6CID0|NCB5R_KLULA,170,NDS,Kluyveromyces lactis (strain ATCC 8585 / CBS 2359 / DSM 70799 / NBRC 1267 / NRRL Y-1140 / WM37),284590,CBR1
sp|Q6CID0|NCB5R_KLULA,183,NQT,Kluyveromyces lactis (strain ATCC 8585 / CBS 2359 / DSM 70799 / NBRC 1267 / NRRL Y-1140 / WM37),284590,CBR1
sp|Q6CIF0|CHL1_KLULA,71,NLS,Kluyveromyces lactis (strain ATCC 8585 / CBS 2359 / DSM 70799 / NBRC 1267 / NRRL Y-1140 / WM37),284590,CHL1
sp|Q6CIF0|CHL1_KLULA,527,NDS,Kluyveromyces lactis (strain ATCC 8585 / CBS 2359 / DSM 70799 / NBRC 1267 / NRRL Y-1140 / WM37),284590,CHL1
sp|Q6CIF0|CHL1_KLULA,590,NES,Kluyveromyces lactis (strain ATCC 8585 / CBS 2359 / DSM 70799 / NBRC 1267 / NRRL Y-1140 / WM37),284590,CHL1
sp|Q6CIF0|CHL1_KLULA,746,NQS,Kluyveromyces lactis (strain ATCC 8585 / CBS 2359 / DSM 70799 / NBRC 1267 / NRRL Y-1140 / WM37),284590,CHL1
sp|Q6CIR0|DBP10_KLULA,103,NES,Kluyveromyces lactis (strain ATCC 8585 / CBS 2359 / DSM 70799 / NBRC 1267 / NRRL Y-1140 / WM37),284590,DBP10
sp|Q6CIR0|DBP10_KLULA,114,NTT,Kluyveromyces lactis (strain ATCC 8585 / CBS 2359 / DSM 70799 / NBRC 1267 / NRRL Y-1140 / WM37),284590,DBP10
sp|Q6CIR0|DBP10_KLULA,140,NIS,Kluyveromyces lactis (strain ATCC 8585 / CBS 2359 / DSM 70799 / NBRC 1267 / NRRL Y-1140 / WM37),284590,DBP10
sp|Q6CIR0|DBP10_KLULA,492,NYS,Kluyveromyces lactis (strain ATCC 8585 / CBS 2359 / DSM 70799 / NBRC 1267 / NRRL Y-1140 / WM37),284590,DBP10
sp|Q6CIR0|DBP10_KLULA,565,NFT,Kluyveromyces lactis (strain ATCC 8585 / CBS 2359 / DSM 70799 / NBRC 1267 / NRRL Y-1140 / WM37),284590,DBP10
sp|Q6CIT4|SET1_KLULA,39,NGS,Kluyveromyces lactis (strain ATCC 8585 / CBS 2359 / DSM 70799 / NBRC 1267 / NRRL Y-1140 / WM37),284590,SET1
sp|Q6CIT4|SET1_KLULA,60,NES,Kluyveromyces lactis (strain ATCC 8585 / CBS 2359 / DSM 70799 / NBRC 1267 / NRRL Y-1140 / WM37),284590,SET1
sp|Q6CIT4|SET1_KLULA,111,NES,Kluyveromyces lactis (strain ATCC 8585 / CBS 2359 / DSM 70799 / NBRC 1267 / NRRL Y-1140 / WM37),284590,SET1
sp|Q6CIT4|SET1_KLULA,438,NIT,Kluyveromyces lactis (strain ATCC 8585 / CBS 2359 / DSM 70799 / NBRC 1267 / NRRL Y-1140 / WM37),284590,SET1
sp|Q6CIT4|SET1_KLULA,676,NKS,Kluyveromyces lactis (strain ATCC 8585 / CBS 2359 / DSM 70799 / NBRC 1267 / NRRL Y-1140 / WM37),284590,SET1
sp|Q6CIT4|SET1_KLULA,800,NGT,Kluyveromyces lactis (strain ATCC 8585 / CBS 2359 / DSM 70799 / NBRC 1267 / NRRL Y-1140 / WM37),284590,SET1
sp|Q6CIT4|SET1_KLULA,817,NAS,Kluyveromyces lactis (strain ATCC 8585 / CBS 2359 / DSM 70799 / NBRC 1267 / NRRL Y-1140 / WM37),284590,SET1
sp|Q6CIV2|DBP2_KLULA,468,NKS,Kluyveromyces lactis (strain ATCC 8585 / CBS 2359 / DSM 70799 / NBRC 1267 / NRRL Y-1140 / WM37),284590,DBP2
sp|Q6CIV2|DBP2_KLULA,545,NRS,Kluyveromyces lactis (strain ATCC 8585 / CBS 2359 / DSM 70799 / NBRC 1267 / NRRL Y-1140 / WM37),284590,DBP2
sp|Q6CJ38|SWR1_KLULA,42,NTS,Kluyveromyces lactis (strain ATCC 8585 / CBS 2359 / DSM 70799 / NBRC 1267 / NRRL Y-1140 / WM37),284590,SWR1
sp|Q6CJ38|SWR1_KLULA,71,NAS,Kluyveromyces lactis (strain ATCC 8585 / CBS 2359 / DSM 70799 / NBRC 1267 / NRRL Y-1140 / WM37),284590,SWR1
sp|Q6CJ38|SWR1_KLULA,248,NES,Kluyveromyces lactis (strain ATCC 8585 / CBS 2359 / DSM 70799 / NBRC 1267 / NRRL Y-1140 / WM37),284590,SWR1
sp|Q6CJ38|SWR1_KLULA,272,NKS,Kluyveromyces lactis (strain ATCC 8585 / CBS 2359 / DSM 70799 / NBRC 1267 / NRRL Y-1140 / WM37),284590,SWR1
sp|Q6CJ38|SWR1_KLULA,281,NES,Kluyveromyces lactis (strain ATCC 8585 / CBS 2359 / DSM 70799 / NBRC 1267 / NRRL Y-1140 / WM37),284590,SWR1
sp|Q6CJ38|SWR1_KLULA,290,NTT,Kluyveromyces lactis (strain ATCC 8585 / CBS 2359 / DSM 70799 / NBRC 1267 / NRRL Y-1140 / WM37),284590,SWR1
sp|Q6CJ38|SWR1_KLULA,626,NET,Kluyveromyces lactis (strain ATCC 8585 / CBS 2359 / DSM 70799 / NBRC 1267 / NRRL Y-1140 / WM37),284590,SWR1
sp|Q6CJ38|SWR1_KLULA,713,NNS,Kluyveromyces lactis (strain ATCC 8585 / CBS 2359 / DSM 70799 / NBRC 1267 / NRRL Y-1140 / WM37),284590,SWR1
sp|Q6CJ38|SWR1_KLULA,782,NKT,Kluyveromyces lactis (strain ATCC 8585 / CBS 2359 / DSM 70799 / NBRC 1267 / NRRL Y-1140 / WM37),284590,SWR1
sp|Q6CJ38|SWR1_KLULA,1126,NHS,Kluyveromyces lactis (strain ATCC 8585 / CBS 2359 / DSM 70799 / NBRC 1267 / NRRL Y-1140 / WM37),284590,SWR1
sp|Q6CJ38|SWR1_KLULA,1153,NDS,Kluyveromyces lactis (strain ATCC 8585 / CBS 2359 / DSM 70799 / NBRC 1267 / NRRL Y-1140 / WM37),284590,SWR1
sp|Q6CJ38|SWR1_KLULA,1393,NLT,Kluyveromyces lactis (strain ATCC 8585 / CBS 2359 / DSM 70799 / NBRC 1267 / NRRL Y-1140 / WM37),284590,SWR1
sp|Q6CJA8|HOG1_KLULA,353,NAT,Kluyveromyces lactis (strain ATCC 8585 / CBS 2359 / DSM 70799 / NBRC 1267 / NRRL Y-1140 / WM37),284590,HOG1
sp|Q6CJA8|HOG1_KLULA,426,NET,Kluyveromyces lactis (strain ATCC 8585 / CBS 2359 / DSM 70799 / NBRC 1267 / NRRL Y-1140 / WM37),284590,HOG1
sp|Q6CJU1|DBP5_KLULA,28,NDT,Kluyveromyces lactis (strain ATCC 8585 / CBS 2359 / DSM 70799 / NBRC 1267 / NRRL Y-1140 / WM37),284590,DBP5
sp|Q6CJU1|DBP5_KLULA,148,NST,Kluyveromyces lactis (strain ATCC 8585 / CBS 2359 / DSM 70799 / NBRC 1267 / NRRL Y-1140 / WM37),284590,DBP5
sp|Q6CJU1|DBP5_KLULA,287,NVS,Kluyveromyces lactis (strain ATCC 8585 / CBS 2359 / DSM 70799 / NBRC 1267 / NRRL Y-1140 / WM37),284590,DBP5
sp|Q6CJV1|DRS1_KLULA,45,NKS,Kluyveromyces lactis (strain ATCC 8585 / CBS 2359 / DSM 70799 / NBRC 1267 / NRRL Y-1140 / WM37),284590,DRS1
sp|Q6CJV1|DRS1_KLULA,478,NTS,Kluyveromyces lactis (strain ATCC 8585 / CBS 2359 / DSM 70799 / NBRC 1267 / NRRL Y-1140 / WM37),284590,DRS1
sp|Q6CKI1|PRP5_KLULA,97,NST,Kluyveromyces lactis (strain ATCC 8585 / CBS 2359 / DSM 70799 / NBRC 1267 / NRRL Y-1140 / WM37),284590,PRP5
sp|Q6CKI1|PRP5_KLULA,108,NDT,Kluyveromyces lactis (strain ATCC 8585 / CBS 2359 / DSM 70799 / NBRC 1267 / NRRL Y-1140 / WM37),284590,PRP5
sp|Q6CKI1|PRP5_KLULA,153,NIS,Kluyveromyces lactis (strain ATCC 8585 / CBS 2359 / DSM 70799 / NBRC 1267 / NRRL Y-1140 / WM37),284590,PRP5
sp|Q6CKI1|PRP5_KLULA,161,NDS,Kluyveromyces lactis (strain ATCC 8585 / CBS 2359 / DSM 70799 / NBRC 1267 / NRRL Y-1140 / WM37),284590,PRP5
sp|Q6CKI1|PRP5_KLULA,763,NDT,Kluyveromyces lactis (strain ATCC 8585 / CBS 2359 / DSM 70799 / NBRC 1267 / NRRL Y-1140 / WM37),284590,PRP5
sp|Q6CKZ4|DBP6_KLULA,189,NIT,Kluyveromyces lactis (strain ATCC 8585 / CBS 2359 / DSM 70799 / NBRC 1267 / NRRL Y-1140 / WM37),284590,DBP6
sp|Q6CKZ4|DBP6_KLULA,193,NFS,Kluyveromyces lactis (strain ATCC 8585 / CBS 2359 / DSM 70799 / NBRC 1267 / NRRL Y-1140 / WM37),284590,DBP6
sp|Q6CKZ4|DBP6_KLULA,214,NSS,Kluyveromyces lactis (strain ATCC 8585 / CBS 2359 / DSM 70799 / NBRC 1267 / NRRL Y-1140 / WM37),284590,DBP6
sp|Q6CKZ4|DBP6_KLULA,234,NAS,Kluyveromyces lactis (strain ATCC 8585 / CBS 2359 / DSM 70799 / NBRC 1267 / NRRL Y-1140 / WM37),284590,DBP6
sp|Q6CKZ4|DBP6_KLULA,290,NVS,Kluyveromyces lactis (strain ATCC 8585 / CBS 2359 / DSM 70799 / NBRC 1267 / NRRL Y-1140 / WM37),284590,DBP6
sp|Q6CKZ4|DBP6_KLULA,349,NQS,Kluyveromyces lactis (strain ATCC 8585 / CBS 2359 / DSM 70799 / NBRC 1267 / NRRL Y-1140 / WM37),284590,DBP6
sp|Q6CKZ4|DBP6_KLULA,492,NIS,Kluyveromyces lactis (strain ATCC 8585 / CBS 2359 / DSM 70799 / NBRC 1267 / NRRL Y-1140 / WM37),284590,DBP6
sp|Q6CM95|SUB2_KLULA,318,NAS,Kluyveromyces lactis (strain ATCC 8585 / CBS 2359 / DSM 70799 / NBRC 1267 / NRRL Y-1140 / WM37),284590,SUB2
sp|Q6CMN5|PAN2_KLULA,254,NHT,Kluyveromyces lactis (strain ATCC 8585 / CBS 2359 / DSM 70799 / NBRC 1267 / NRRL Y-1140 / WM37),284590,PAN2
sp|Q6CMN5|PAN2_KLULA,332,NRS,Kluyveromyces lactis (strain ATCC 8585 / CBS 2359 / DSM 70799 / NBRC 1267 / NRRL Y-1140 / WM37),284590,PAN2
sp|Q6CMN5|PAN2_KLULA,412,NNS,Kluyveromyces lactis (strain ATCC 8585 / CBS 2359 / DSM 70799 / NBRC 1267 / NRRL Y-1140 / WM37),284590,PAN2
sp|Q6CMN5|PAN2_KLULA,419,NRS,Kluyveromyces lactis (strain ATCC 8585 / CBS 2359 / DSM 70799 / NBRC 1267 / NRRL Y-1140 / WM37),284590,PAN2
sp|Q6CMN5|PAN2_KLULA,508,NTT,Kluyveromyces lactis (strain ATCC 8585 / CBS 2359 / DSM 70799 / NBRC 1267 / NRRL Y-1140 / WM37),284590,PAN2
sp|Q6CMN5|PAN2_KLULA,615,NLS,Kluyveromyces lactis (strain ATCC 8585 / CBS 2359 / DSM 70799 / NBRC 1267 / NRRL Y-1140 / WM37),284590,PAN2
sp|Q6CMN5|PAN2_KLULA,624,NLS,Kluyveromyces lactis (strain ATCC 8585 / CBS 2359 / DSM 70799 / NBRC 1267 / NRRL Y-1140 / WM37),284590,PAN2
sp|Q6CMN5|PAN2_KLULA,724,NQT,Kluyveromyces lactis (strain ATCC 8585 / CBS 2359 / DSM 70799 / NBRC 1267 / NRRL Y-1140 / WM37),284590,PAN2
sp|Q6CMN5|PAN2_KLULA,871,NIS,Kluyveromyces lactis (strain ATCC 8585 / CBS 2359 / DSM 70799 / NBRC 1267 / NRRL Y-1140 / WM37),284590,PAN2
sp|Q6CN92|SPB4_KLULA,229,NSS,Kluyveromyces lactis (strain ATCC 8585 / CBS 2359 / DSM 70799 / NBRC 1267 / NRRL Y-1140 / WM37),284590,SPB4
sp|Q6CN92|SPB4_KLULA,318,NLT,Kluyveromyces lactis (strain ATCC 8585 / CBS 2359 / DSM 70799 / NBRC 1267 / NRRL Y-1140 / WM37),284590,SPB4
sp|Q6CN92|SPB4_KLULA,405,NLT,Kluyveromyces lactis (strain ATCC 8585 / CBS 2359 / DSM 70799 / NBRC 1267 / NRRL Y-1140 / WM37),284590,SPB4
sp|Q6CNR9|LONM_KLULA,29,NAT,Kluyveromyces lactis (strain ATCC 8585 / CBS 2359 / DSM 70799 / NBRC 1267 / NRRL Y-1140 / WM37),284590,PIM1
sp|Q6CNR9|LONM_KLULA,118,NDT,Kluyveromyces lactis (strain ATCC 8585 / CBS 2359 / DSM 70799 / NBRC 1267 / NRRL Y-1140 / WM37),284590,PIM1
sp|Q6CNR9|LONM_KLULA,155,NGS,Kluyveromyces lactis (strain ATCC 8585 / CBS 2359 / DSM 70799 / NBRC 1267 / NRRL Y-1140 / WM37),284590,PIM1
sp|Q6CNR9|LONM_KLULA,163,NGS,Kluyveromyces lactis (strain ATCC 8585 / CBS 2359 / DSM 70799 / NBRC 1267 / NRRL Y-1140 / WM37),284590,PIM1
sp|Q6CNR9|LONM_KLULA,335,NLT,Kluyveromyces lactis (strain ATCC 8585 / CBS 2359 / DSM 70799 / NBRC 1267 / NRRL Y-1140 / WM37),284590,PIM1
sp|Q6CNR9|LONM_KLULA,349,NVS,Kluyveromyces lactis (strain ATCC 8585 / CBS 2359 / DSM 70799 / NBRC 1267 / NRRL Y-1140 / WM37),284590,PIM1
sp|Q6CNR9|LONM_KLULA,696,NNS,Kluyveromyces lactis (strain ATCC 8585 / CBS 2359 / DSM 70799 / NBRC 1267 / NRRL Y-1140 / WM37),284590,PIM1
sp|Q6CNR9|LONM_KLULA,770,NIT,Kluyveromyces lactis (strain ATCC 8585 / CBS 2359 / DSM 70799 / NBRC 1267 / NRRL Y-1140 / WM37),284590,PIM1
sp|Q6CNR9|LONM_KLULA,836,NKS,Kluyveromyces lactis (strain ATCC 8585 / CBS 2359 / DSM 70799 / NBRC 1267 / NRRL Y-1140 / WM37),284590,PIM1
sp|Q6CNR9|LONM_KLULA,1052,NLS,Kluyveromyces lactis (strain ATCC 8585 / CBS 2359 / DSM 70799 / NBRC 1267 / NRRL Y-1140 / WM37),284590,PIM1
sp|Q6CNT6|PP4C_KLULA,35,NES,Kluyveromyces lactis (strain ATCC 8585 / CBS 2359 / DSM 70799 / NBRC 1267 / NRRL Y-1140 / WM37),284590,PPH3
sp|Q6CNT6|PP4C_KLULA,38,NVT,Kluyveromyces lactis (strain ATCC 8585 / CBS 2359 / DSM 70799 / NBRC 1267 / NRRL Y-1140 / WM37),284590,PPH3
sp|Q6CNU6|MET3_KLULA,215,NNS,Kluyveromyces lactis (strain ATCC 8585 / CBS 2359 / DSM 70799 / NBRC 1267 / NRRL Y-1140 / WM37),284590,MET3
sp|Q6CNU6|MET3_KLULA,355,NIS,Kluyveromyces lactis (strain ATCC 8585 / CBS 2359 / DSM 70799 / NBRC 1267 / NRRL Y-1140 / WM37),284590,MET3
sp|Q6CNU6|MET3_KLULA,454,NAS,Kluyveromyces lactis (strain ATCC 8585 / CBS 2359 / DSM 70799 / NBRC 1267 / NRRL Y-1140 / WM37),284590,MET3
sp|Q6CNY4|INO80_KLULA,12,NDS,Kluyveromyces lactis (strain ATCC 8585 / CBS 2359 / DSM 70799 / NBRC 1267 / NRRL Y-1140 / WM37),284590,INO80
sp|Q6CNY4|INO80_KLULA,180,NLS,Kluyveromyces lactis (strain ATCC 8585 / CBS 2359 / DSM 70799 / NBRC 1267 / NRRL Y-1140 / WM37),284590,INO80
sp|Q6CNY4|INO80_KLULA,189,NAT,Kluyveromyces lactis (strain ATCC 8585 / CBS 2359 / DSM 70799 / NBRC 1267 / NRRL Y-1140 / WM37),284590,INO80
sp|Q6CNY4|INO80_KLULA,221,NVS,Kluyveromyces lactis (strain ATCC 8585 / CBS 2359 / DSM 70799 / NBRC 1267 / NRRL Y-1140 / WM37),284590,INO80
sp|Q6CNY4|INO80_KLULA,257,NDS,Kluyveromyces lactis (strain ATCC 8585 / CBS 2359 / DSM 70799 / NBRC 1267 / NRRL Y-1140 / WM37),284590,INO80
sp|Q6CNY4|INO80_KLULA,277,NKS,Kluyveromyces lactis (strain ATCC 8585 / CBS 2359 / DSM 70799 / NBRC 1267 / NRRL Y-1140 / WM37),284590,INO80
sp|Q6CNY4|INO80_KLULA,698,NAS,Kluyveromyces lactis (strain ATCC 8585 / CBS 2359 / DSM 70799 / NBRC 1267 / NRRL Y-1140 / WM37),284590,INO80
sp|Q6CNY4|INO80_KLULA,1080,NYS,Kluyveromyces lactis (strain ATCC 8585 / CBS 2359 / DSM 70799 / NBRC 1267 / NRRL Y-1140 / WM37),284590,INO80
sp|Q6CNY4|INO80_KLULA,1200,NST,Kluyveromyces lactis (strain ATCC 8585 / CBS 2359 / DSM 70799 / NBRC 1267 / NRRL Y-1140 / WM37),284590,INO80
sp|Q6CNY4|INO80_KLULA,1299,NNS,Kluyveromyces lactis (strain ATCC 8585 / CBS 2359 / DSM 70799 / NBRC 1267 / NRRL Y-1140 / WM37),284590,INO80
sp|Q6CNY4|INO80_KLULA,1402,NLT,Kluyveromyces lactis (strain ATCC 8585 / CBS 2359 / DSM 70799 / NBRC 1267 / NRRL Y-1140 / WM37),284590,INO80
sp|Q6CQA1|MS116_KLULA,68,NSS,Kluyveromyces lactis (strain ATCC 8585 / CBS 2359 / DSM 70799 / NBRC 1267 / NRRL Y-1140 / WM37),284590,MSS116
sp|Q6CQA1|MS116_KLULA,74,NRS,Kluyveromyces lactis (strain ATCC 8585 / CBS 2359 / DSM 70799 / NBRC 1267 / NRRL Y-1140 / WM37),284590,MSS116
sp|Q6CQA1|MS116_KLULA,99,NGS,Kluyveromyces lactis (strain ATCC 8585 / CBS 2359 / DSM 70799 / NBRC 1267 / NRRL Y-1140 / WM37),284590,MSS116
sp|Q6CQA1|MS116_KLULA,121,NVT,Kluyveromyces lactis (strain ATCC 8585 / CBS 2359 / DSM 70799 / NBRC 1267 / NRRL Y-1140 / WM37),284590,MSS116
sp|Q6CQA1|MS116_KLULA,365,NDS,Kluyveromyces lactis (strain ATCC 8585 / CBS 2359 / DSM 70799 / NBRC 1267 / NRRL Y-1140 / WM37),284590,MSS116
sp|Q6CQA1|MS116_KLULA,680,NFT,Kluyveromyces lactis (strain ATCC 8585 / CBS 2359 / DSM 70799 / NBRC 1267 / NRRL Y-1140 / WM37),284590,MSS116
sp|Q6CQX2|MPH1_KLULA,39,NRS,Kluyveromyces lactis (strain ATCC 8585 / CBS 2359 / DSM 70799 / NBRC 1267 / NRRL Y-1140 / WM37),284590,MPH1
sp|Q6CQX2|MPH1_KLULA,43,NQT,Kluyveromyces lactis (strain ATCC 8585 / CBS 2359 / DSM 70799 / NBRC 1267 / NRRL Y-1140 / WM37),284590,MPH1
sp|Q6CQX2|MPH1_KLULA,245,NTS,Kluyveromyces lactis (strain ATCC 8585 / CBS 2359 / DSM 70799 / NBRC 1267 / NRRL Y-1140 / WM37),284590,MPH1
sp|Q6CQX2|MPH1_KLULA,411,NKT,Kluyveromyces lactis (strain ATCC 8585 / CBS 2359 / DSM 70799 / NBRC 1267 / NRRL Y-1140 / WM37),284590,MPH1
sp|Q6CQX2|MPH1_KLULA,947,NRT,Kluyveromyces lactis (strain ATCC 8585 / CBS 2359 / DSM 70799 / NBRC 1267 / NRRL Y-1140 / WM37),284590,MPH1
sp|Q6CQX2|MPH1_KLULA,959,NRS,Kluyveromyces lactis (strain ATCC 8585 / CBS 2359 / DSM 70799 / NBRC 1267 / NRRL Y-1140 / WM37),284590,MPH1
sp|Q6CQX2|MPH1_KLULA,977,NET,Kluyveromyces lactis (strain ATCC 8585 / CBS 2359 / DSM 70799 / NBRC 1267 / NRRL Y-1140 / WM37),284590,MPH1
sp|Q6CQX2|MPH1_KLULA,985,NMT,Kluyveromyces lactis (strain ATCC 8585 / CBS 2359 / DSM 70799 / NBRC 1267 / NRRL Y-1140 / WM37),284590,MPH1
sp|Q6CRA9|BUR1_KLULA,144,NNT,Kluyveromyces lactis (strain ATCC 8585 / CBS 2359 / DSM 70799 / NBRC 1267 / NRRL Y-1140 / WM37),284590,BUR1
sp|Q6CRA9|BUR1_KLULA,349,NET,Kluyveromyces lactis (strain ATCC 8585 / CBS 2359 / DSM 70799 / NBRC 1267 / NRRL Y-1140 / WM37),284590,BUR1
sp|Q6CRA9|BUR1_KLULA,409,NES,Kluyveromyces lactis (strain ATCC 8585 / CBS 2359 / DSM 70799 / NBRC 1267 / NRRL Y-1140 / WM37),284590,BUR1
sp|Q6CRA9|BUR1_KLULA,586,NTS,Kluyveromyces lactis (strain ATCC 8585 / CBS 2359 / DSM 70799 / NBRC 1267 / NRRL Y-1140 / WM37),284590,BUR1
sp|Q6CRF4|DBP4_KLULA,184,NTS,Kluyveromyces lactis (strain ATCC 8585 / CBS 2359 / DSM 70799 / NBRC 1267 / NRRL Y-1140 / WM37),284590,DBP4
sp|Q6CRF4|DBP4_KLULA,255,NSS,Kluyveromyces lactis (strain ATCC 8585 / CBS 2359 / DSM 70799 / NBRC 1267 / NRRL Y-1140 / WM37),284590,DBP4
sp|Q6CRF4|DBP4_KLULA,503,NTS,Kluyveromyces lactis (strain ATCC 8585 / CBS 2359 / DSM 70799 / NBRC 1267 / NRRL Y-1140 / WM37),284590,DBP4
sp|Q6CRF4|DBP4_KLULA,540,NQT,Kluyveromyces lactis (strain ATCC 8585 / CBS 2359 / DSM 70799 / NBRC 1267 / NRRL Y-1140 / WM37),284590,DBP4
sp|Q6CRF4|DBP4_KLULA,550,NVT,Kluyveromyces lactis (strain ATCC 8585 / CBS 2359 / DSM 70799 / NBRC 1267 / NRRL Y-1140 / WM37),284590,DBP4
sp|Q6CRF4|DBP4_KLULA,702,NLS,Kluyveromyces lactis (strain ATCC 8585 / CBS 2359 / DSM 70799 / NBRC 1267 / NRRL Y-1140 / WM37),284590,DBP4
sp|Q6CRN7|CENPP_KLULA,19,NDS,Kluyveromyces lactis (strain ATCC 8585 / CBS 2359 / DSM 70799 / NBRC 1267 / NRRL Y-1140 / WM37),284590,CTF19
sp|Q6CRN7|CENPP_KLULA,148,NES,Kluyveromyces lactis (strain ATCC 8585 / CBS 2359 / DSM 70799 / NBRC 1267 / NRRL Y-1140 / WM37),284590,CTF19
sp|Q6CRN7|CENPP_KLULA,213,NNT,Kluyveromyces lactis (strain ATCC 8585 / CBS 2359 / DSM 70799 / NBRC 1267 / NRRL Y-1140 / WM37),284590,CTF19
sp|Q6CSN2|PUL2_KLULA,116,NHS,Kluyveromyces lactis (strain ATCC 8585 / CBS 2359 / DSM 70799 / NBRC 1267 / NRRL Y-1140 / WM37),284590,PUL2
sp|Q6CSN2|PUL2_KLULA,141,NGS,Kluyveromyces lactis (strain ATCC 8585 / CBS 2359 / DSM 70799 / NBRC 1267 / NRRL Y-1140 / WM37),284590,PUL2
sp|Q6CSN2|PUL2_KLULA,442,NIT,Kluyveromyces lactis (strain ATCC 8585 / CBS 2359 / DSM 70799 / NBRC 1267 / NRRL Y-1140 / WM37),284590,PUL2
sp|Q6CSW1|ROK1_KLULA,20,NRT,Kluyveromyces lactis (strain ATCC 8585 / CBS 2359 / DSM 70799 / NBRC 1267 / NRRL Y-1140 / WM37),284590,ROK1
sp|Q6CSW1|ROK1_KLULA,118,NVS,Kluyveromyces lactis (strain ATCC 8585 / CBS 2359 / DSM 70799 / NBRC 1267 / NRRL Y-1140 / WM37),284590,ROK1
sp|Q6CSW1|ROK1_KLULA,152,NFT,Kluyveromyces lactis (strain ATCC 8585 / CBS 2359 / DSM 70799 / NBRC 1267 / NRRL Y-1140 / WM37),284590,ROK1
sp|Q6CSW1|ROK1_KLULA,576,NDS,Kluyveromyces lactis (strain ATCC 8585 / CBS 2359 / DSM 70799 / NBRC 1267 / NRRL Y-1140 / WM37),284590,ROK1
sp|Q6CSZ7|DHH1_KLULA,82,NGT,Kluyveromyces lactis (strain ATCC 8585 / CBS 2359 / DSM 70799 / NBRC 1267 / NRRL Y-1140 / WM37),284590,DHH1
sp|Q6CSZ7|DHH1_KLULA,281,NST,Kluyveromyces lactis (strain ATCC 8585 / CBS 2359 / DSM 70799 / NBRC 1267 / NRRL Y-1140 / WM37),284590,DHH1
sp|Q6CT08|ATG9_KLULA,245,NIS,Kluyveromyces lactis (strain ATCC 8585 / CBS 2359 / DSM 70799 / NBRC 1267 / NRRL Y-1140 / WM37),284590,ATG9
sp|Q6CT08|ATG9_KLULA,415,NAT,Kluyveromyces lactis (strain ATCC 8585 / CBS 2359 / DSM 70799 / NBRC 1267 / NRRL Y-1140 / WM37),284590,ATG9
sp|Q6CT08|ATG9_KLULA,846,NRS,Kluyveromyces lactis (strain ATCC 8585 / CBS 2359 / DSM 70799 / NBRC 1267 / NRRL Y-1140 / WM37),284590,ATG9
sp|Q6CT08|ATG9_KLULA,871,NKS,Kluyveromyces lactis (strain ATCC 8585 / CBS 2359 / DSM 70799 / NBRC 1267 / NRRL Y-1140 / WM37),284590,ATG9
sp|Q6CT49|PRP28_KLULA,123,NIS,Kluyveromyces lactis (strain ATCC 8585 / CBS 2359 / DSM 70799 / NBRC 1267 / NRRL Y-1140 / WM37),284590,PRP28
sp|Q6CT49|PRP28_KLULA,456,NVS,Kluyveromyces lactis (strain ATCC 8585 / CBS 2359 / DSM 70799 / NBRC 1267 / NRRL Y-1140 / WM37),284590,PRP28
sp|Q6CTN7|MAK5_KLULA,30,NHS,Kluyveromyces lactis (strain ATCC 8585 / CBS 2359 / DSM 70799 / NBRC 1267 / NRRL Y-1140 / WM37),284590,MAK5
sp|Q6CTN7|MAK5_KLULA,720,NKT,Kluyveromyces lactis (strain ATCC 8585 / CBS 2359 / DSM 70799 / NBRC 1267 / NRRL Y-1140 / WM37),284590,MAK5
sp|Q6CUB4|KU70_KLULA,89,NCS,Kluyveromyces lactis (strain ATCC 8585 / CBS 2359 / DSM 70799 / NBRC 1267 / NRRL Y-1140 / WM37),284590,KU70
sp|Q6CUB4|KU70_KLULA,251,NAS,Kluyveromyces lactis (strain ATCC 8585 / CBS 2359 / DSM 70799 / NBRC 1267 / NRRL Y-1140 / WM37),284590,KU70
sp|Q6CUB4|KU70_KLULA,307,NGS,Kluyveromyces lactis (strain ATCC 8585 / CBS 2359 / DSM 70799 / NBRC 1267 / NRRL Y-1140 / WM37),284590,KU70
sp|Q6CUB4|KU70_KLULA,466,NHS,Kluyveromyces lactis (strain ATCC 8585 / CBS 2359 / DSM 70799 / NBRC 1267 / NRRL Y-1140 / WM37),284590,KU70
sp|Q6CUI6|DBP9_KLULA,126,NLS,Kluyveromyces lactis (strain ATCC 8585 / CBS 2359 / DSM 70799 / NBRC 1267 / NRRL Y-1140 / WM37),284590,DBP9
sp|Q6CUI6|DBP9_KLULA,131,NVS,Kluyveromyces lactis (strain ATCC 8585 / CBS 2359 / DSM 70799 / NBRC 1267 / NRRL Y-1140 / WM37),284590,DBP9
sp|Q6CUS7|DPOE_KLULA,1026,NKS,Kluyveromyces lactis (strain ATCC 8585 / CBS 2359 / DSM 70799 / NBRC 1267 / NRRL Y-1140 / WM37),284590,POL2
sp|Q6CUS7|DPOE_KLULA,1199,NKS,Kluyveromyces lactis (strain ATCC 8585 / CBS 2359 / DSM 70799 / NBRC 1267 / NRRL Y-1140 / WM37),284590,POL2
sp|Q6CUS7|DPOE_KLULA,1361,NES,Kluyveromyces lactis (strain ATCC 8585 / CBS 2359 / DSM 70799 / NBRC 1267 / NRRL Y-1140 / WM37),284590,POL2
sp|Q6CUS7|DPOE_KLULA,1525,NVS,Kluyveromyces lactis (strain ATCC 8585 / CBS 2359 / DSM 70799 / NBRC 1267 / NRRL Y-1140 / WM37),284590,POL2
sp|Q6CUS7|DPOE_KLULA,1731,NST,Kluyveromyces lactis (strain ATCC 8585 / CBS 2359 / DSM 70799 / NBRC 1267 / NRRL Y-1140 / WM37),284590,POL2
sp|Q6CUS7|DPOE_KLULA,1769,NIT,Kluyveromyces lactis (strain ATCC 8585 / CBS 2359 / DSM 70799 / NBRC 1267 / NRRL Y-1140 / WM37),284590,POL2
sp|Q6CUS7|DPOE_KLULA,1938,NAS,Kluyveromyces lactis (strain ATCC 8585 / CBS 2359 / DSM 70799 / NBRC 1267 / NRRL Y-1140 / WM37),284590,POL2
sp|Q6CUS7|DPOE_KLULA,1970,NFS,Kluyveromyces lactis (strain ATCC 8585 / CBS 2359 / DSM 70799 / NBRC 1267 / NRRL Y-1140 / WM37),284590,POL2
sp|Q6CUS7|DPOE_KLULA,2098,NRS,Kluyveromyces lactis (strain ATCC 8585 / CBS 2359 / DSM 70799 / NBRC 1267 / NRRL Y-1140 / WM37),284590,POL2
sp|Q6CUZ3|HXKG_KLULA,205,NDT,Kluyveromyces lactis (strain ATCC 8585 / CBS 2359 / DSM 70799 / NBRC 1267 / NRRL Y-1140 / WM37),284590,GLK1
sp|Q6CUZ3|HXKG_KLULA,416,NQS,Kluyveromyces lactis (strain ATCC 8585 / CBS 2359 / DSM 70799 / NBRC 1267 / NRRL Y-1140 / WM37),284590,GLK1
sp|Q6CV82|ITPA_KLULA,161,NET,Kluyveromyces lactis (strain ATCC 8585 / CBS 2359 / DSM 70799 / NBRC 1267 / NRRL Y-1140 / WM37),284590,HAM1
sp|Q6CVE9|MYO1_KLULA,60,NGT,Kluyveromyces lactis (strain ATCC 8585 / CBS 2359 / DSM 70799 / NBRC 1267 / NRRL Y-1140 / WM37),284590,MYO1
sp|Q6CVE9|MYO1_KLULA,181,NNS,Kluyveromyces lactis (strain ATCC 8585 / CBS 2359 / DSM 70799 / NBRC 1267 / NRRL Y-1140 / WM37),284590,MYO1
sp|Q6CVE9|MYO1_KLULA,303,NVT,Kluyveromyces lactis (strain ATCC 8585 / CBS 2359 / DSM 70799 / NBRC 1267 / NRRL Y-1140 / WM37),284590,MYO1
sp|Q6CVE9|MYO1_KLULA,390,NVS,Kluyveromyces lactis (strain ATCC 8585 / CBS 2359 / DSM 70799 / NBRC 1267 / NRRL Y-1140 / WM37),284590,MYO1
sp|Q6CVE9|MYO1_KLULA,607,NQT,Kluyveromyces lactis (strain ATCC 8585 / CBS 2359 / DSM 70799 / NBRC 1267 / NRRL Y-1140 / WM37),284590,MYO1
sp|Q6CVE9|MYO1_KLULA,861,NIS,Kluyveromyces lactis (strain ATCC 8585 / CBS 2359 / DSM 70799 / NBRC 1267 / NRRL Y-1140 / WM37),284590,MYO1
sp|Q6CVE9|MYO1_KLULA,983,NQS,Kluyveromyces lactis (strain ATCC 8585 / CBS 2359 / DSM 70799 / NBRC 1267 / NRRL Y-1140 / WM37),284590,MYO1
sp|Q6CVQ9|CENPO_KLULA,52,NFS,Kluyveromyces lactis (strain ATCC 8585 / CBS 2359 / DSM 70799 / NBRC 1267 / NRRL Y-1140 / WM37),284590,MCM21
sp|Q6CVQ9|CENPO_KLULA,62,NTT,Kluyveromyces lactis (strain ATCC 8585 / CBS 2359 / DSM 70799 / NBRC 1267 / NRRL Y-1140 / WM37),284590,MCM21
sp|Q6CVQ9|CENPO_KLULA,68,NLS,Kluyveromyces lactis (strain ATCC 8585 / CBS 2359 / DSM 70799 / NBRC 1267 / NRRL Y-1140 / WM37),284590,MCM21
sp|Q6CVQ9|CENPO_KLULA,243,NVS,Kluyveromyces lactis (strain ATCC 8585 / CBS 2359 / DSM 70799 / NBRC 1267 / NRRL Y-1140 / WM37),284590,MCM21
sp|Q6CVQ9|CENPO_KLULA,274,NIS,Kluyveromyces lactis (strain ATCC 8585 / CBS 2359 / DSM 70799 / NBRC 1267 / NRRL Y-1140 / WM37),284590,MCM21
sp|Q6CWC2|NTE1_KLULA,50,NYS,Kluyveromyces lactis (strain ATCC 8585 / CBS 2359 / DSM 70799 / NBRC 1267 / NRRL Y-1140 / WM37),284590,NTE1
sp|Q6CWC2|NTE1_KLULA,163,NAT,Kluyveromyces lactis (strain ATCC 8585 / CBS 2359 / DSM 70799 / NBRC 1267 / NRRL Y-1140 / WM37),284590,NTE1
sp|Q6CWC2|NTE1_KLULA,207,NRS,Kluyveromyces lactis (strain ATCC 8585 / CBS 2359 / DSM 70799 / NBRC 1267 / NRRL Y-1140 / WM37),284590,NTE1
sp|Q6CWC2|NTE1_KLULA,222,NNT,Kluyveromyces lactis (strain ATCC 8585 / CBS 2359 / DSM 70799 / NBRC 1267 / NRRL Y-1140 / WM37),284590,NTE1
sp|Q6CWC2|NTE1_KLULA,231,NLT,Kluyveromyces lactis (strain ATCC 8585 / CBS 2359 / DSM 70799 / NBRC 1267 / NRRL Y-1140 / WM37),284590,NTE1
sp|Q6CWC2|NTE1_KLULA,271,NLS,Kluyveromyces lactis (strain ATCC 8585 / CBS 2359 / DSM 70799 / NBRC 1267 / NRRL Y-1140 / WM37),284590,NTE1
sp|Q6CWC2|NTE1_KLULA,398,NNS,Kluyveromyces lactis (strain ATCC 8585 / CBS 2359 / DSM 70799 / NBRC 1267 / NRRL Y-1140 / WM37),284590,NTE1
sp|Q6CWC2|NTE1_KLULA,442,NSS,Kluyveromyces lactis (strain ATCC 8585 / CBS 2359 / DSM 70799 / NBRC 1267 / NRRL Y-1140 / WM37),284590,NTE1
sp|Q6CWC2|NTE1_KLULA,459,NFS,Kluyveromyces lactis (strain ATCC 8585 / CBS 2359 / DSM 70799 / NBRC 1267 / NRRL Y-1140 / WM37),284590,NTE1
sp|Q6CWC2|NTE1_KLULA,551,NRT,Kluyveromyces lactis (strain ATCC 8585 / CBS 2359 / DSM 70799 / NBRC 1267 / NRRL Y-1140 / WM37),284590,NTE1
sp|Q6CWC2|NTE1_KLULA,565,NGS,Kluyveromyces lactis (strain ATCC 8585 / CBS 2359 / DSM 70799 / NBRC 1267 / NRRL Y-1140 / WM37),284590,NTE1
sp|Q6CWC2|NTE1_KLULA,877,NKS,Kluyveromyces lactis (strain ATCC 8585 / CBS 2359 / DSM 70799 / NBRC 1267 / NRRL Y-1140 / WM37),284590,NTE1
sp|Q6CWC2|NTE1_KLULA,1245,NST,Kluyveromyces lactis (strain ATCC 8585 / CBS 2359 / DSM 70799 / NBRC 1267 / NRRL Y-1140 / WM37),284590,NTE1
sp|Q6CWC2|NTE1_KLULA,1248,NIT,Kluyveromyces lactis (strain ATCC 8585 / CBS 2359 / DSM 70799 / NBRC 1267 / NRRL Y-1140 / WM37),284590,NTE1
sp|Q6CWM0|DUS3_KLULA,45,NGS,Kluyveromyces lactis (strain ATCC 8585 / CBS 2359 / DSM 70799 / NBRC 1267 / NRRL Y-1140 / WM37),284590,DUS3
sp|Q6CWM0|DUS3_KLULA,233,NTS,Kluyveromyces lactis (strain ATCC 8585 / CBS 2359 / DSM 70799 / NBRC 1267 / NRRL Y-1140 / WM37),284590,DUS3
sp|Q6CWM0|DUS3_KLULA,377,NVT,Kluyveromyces lactis (strain ATCC 8585 / CBS 2359 / DSM 70799 / NBRC 1267 / NRRL Y-1140 / WM37),284590,DUS3
sp|Q6CWQ5|MRH4_KLULA,294,NIS,Kluyveromyces lactis (strain ATCC 8585 / CBS 2359 / DSM 70799 / NBRC 1267 / NRRL Y-1140 / WM37),284590,MRH4
sp|Q6CWQ5|MRH4_KLULA,449,NDS,Kluyveromyces lactis (strain ATCC 8585 / CBS 2359 / DSM 70799 / NBRC 1267 / NRRL Y-1140 / WM37),284590,MRH4
sp|Q6CWQ5|MRH4_KLULA,580,NVS,Kluyveromyces lactis (strain ATCC 8585 / CBS 2359 / DSM 70799 / NBRC 1267 / NRRL Y-1140 / WM37),284590,MRH4
sp|Q6CXB7|HAS1_KLULA,105,NGT,Kluyveromyces lactis (strain ATCC 8585 / CBS 2359 / DSM 70799 / NBRC 1267 / NRRL Y-1140 / WM37),284590,HAS1
sp|Q6CXB7|HAS1_KLULA,478,NIT,Kluyveromyces lactis (strain ATCC 8585 / CBS 2359 / DSM 70799 / NBRC 1267 / NRRL Y-1140 / WM37),284590,HAS1
sp|Q6CXT4|IF4A_KLULA,285,NFT,Kluyveromyces lactis (strain ATCC 8585 / CBS 2359 / DSM 70799 / NBRC 1267 / NRRL Y-1140 / WM37),284590,TIF1
sp|Q6CXW0|DBP8_KLULA,264,NRT,Kluyveromyces lactis (strain ATCC 8585 / CBS 2359 / DSM 70799 / NBRC 1267 / NRRL Y-1140 / WM37),284590,DBP8
sp|Q6CXW0|DBP8_KLULA,425,NES,Kluyveromyces lactis (strain ATCC 8585 / CBS 2359 / DSM 70799 / NBRC 1267 / NRRL Y-1140 / WM37),284590,DBP8
sp|Q8NJ72|ACEA_KLULA,74,NGT,Kluyveromyces lactis (strain ATCC 8585 / CBS 2359 / DSM 70799 / NBRC 1267 / NRRL Y-1140 / WM37),284590,ICL1
sp|Q8NJ72|ACEA_KLULA,428,NLS,Kluyveromyces lactis (strain ATCC 8585 / CBS 2359 / DSM 70799 / NBRC 1267 / NRRL Y-1140 / WM37),284590,ICL1
sp|Q8NJ72|ACEA_KLULA,434,NWT,Kluyveromyces lactis (strain ATCC 8585 / CBS 2359 / DSM 70799 / NBRC 1267 / NRRL Y-1140 / WM37),284590,ICL1
sp|Q92441|CYSD_KLULA,37,NDS,Kluyveromyces lactis (strain ATCC 8585 / CBS 2359 / DSM 70799 / NBRC 1267 / NRRL Y-1140 / WM37),284590,MET17
sp|Q92441|CYSD_KLULA,353,NAS,Kluyveromyces lactis (strain ATCC 8585 / CBS 2359 / DSM 70799 / NBRC 1267 / NRRL Y-1140 / WM37),284590,MET17
sp|Q9HEM6|GDA1_KLULA,126,NET,Kluyveromyces lactis (strain ATCC 8585 / CBS 2359 / DSM 70799 / NBRC 1267 / NRRL Y-1140 / WM37),284590,GDA1
sp|Q9HEM6|GDA1_KLULA,167,NCT,Kluyveromyces lactis (strain ATCC 8585 / CBS 2359 / DSM 70799 / NBRC 1267 / NRRL Y-1140 / WM37),284590,GDA1
sp|Q9HEM6|GDA1_KLULA,513,NWS,Kluyveromyces lactis (strain ATCC 8585 / CBS 2359 / DSM 70799 / NBRC 1267 / NRRL Y-1140 / WM37),284590,GDA1
sp|Q9Y7B7|GPA1_KLULA,235,NRS,Kluyveromyces lactis (strain ATCC 8585 / CBS 2359 / DSM 70799 / NBRC 1267 / NRRL Y-1140 / WM37),284590,GPA1
sp|Q9Y7B7|GPA1_KLULA,406,NRS,Kluyveromyces lactis (strain ATCC 8585 / CBS 2359 / DSM 70799 / NBRC 1267 / NRRL Y-1140 / WM37),284590,GPA1
sp|O13366|ODPA_KLULA,22,NFS,Kluyveromyces lactis (strain ATCC 8585 / CBS 2359 / DSM 70799 / NBRC 1267 / NRRL Y-1140 / WM37),284590,PDA1
sp|O13474|PYRE_KLULA,195,NLS,Kluyveromyces lactis (strain ATCC 8585 / CBS 2359 / DSM 70799 / NBRC 1267 / NRRL Y-1140 / WM37),284590,URA5
sp|O13476|LIPB_KLULA,233,NDT,Kluyveromyces lactis (strain ATCC 8585 / CBS 2359 / DSM 70799 / NBRC 1267 / NRRL Y-1140 / WM37),284590,LIPB
sp|O42726|UBP2_KLULA,136,NFT,Kluyveromyces lactis (strain ATCC 8585 / CBS 2359 / DSM 70799 / NBRC 1267 / NRRL Y-1140 / WM37),284590,UBP2
sp|O42726|UBP2_KLULA,415,NLS,Kluyveromyces lactis (strain ATCC 8585 / CBS 2359 / DSM 70799 / NBRC 1267 / NRRL Y-1140 / WM37),284590,UBP2
sp|O42726|UBP2_KLULA,441,NIS,Kluyveromyces lactis (strain ATCC 8585 / CBS 2359 / DSM 70799 / NBRC 1267 / NRRL Y-1140 / WM37),284590,UBP2
sp|O42726|UBP2_KLULA,615,NCT,Kluyveromyces lactis (strain ATCC 8585 / CBS 2359 / DSM 70799 / NBRC 1267 / NRRL Y-1140 / WM37),284590,UBP2
sp|O42726|UBP2_KLULA,633,NAS,Kluyveromyces lactis (strain ATCC 8585 / CBS 2359 / DSM 70799 / NBRC 1267 / NRRL Y-1140 / WM37),284590,UBP2
sp|O42726|UBP2_KLULA,1185,NFT,Kluyveromyces lactis (strain ATCC 8585 / CBS 2359 / DSM 70799 / NBRC 1267 / NRRL Y-1140 / WM37),284590,UBP2
sp|O60011|ACS1_KLULA,21,NAS,Kluyveromyces lactis (strain ATCC 8585 / CBS 2359 / DSM 70799 / NBRC 1267 / NRRL Y-1140 / WM37),284590,ACS1
sp|O60011|ACS1_KLULA,388,NFS,Kluyveromyces lactis (strain ATCC 8585 / CBS 2359 / DSM 70799 / NBRC 1267 / NRRL Y-1140 / WM37),284590,ACS1
sp|O60011|ACS1_KLULA,574,NVS,Kluyveromyces lactis (strain ATCC 8585 / CBS 2359 / DSM 70799 / NBRC 1267 / NRRL Y-1140 / WM37),284590,ACS1
sp|O60011|ACS1_KLULA,620,NKS,Kluyveromyces lactis (strain ATCC 8585 / CBS 2359 / DSM 70799 / NBRC 1267 / NRRL Y-1140 / WM37),284590,ACS1
sp|O60014|UBR1_KLULA,3,NDT,Kluyveromyces lactis (strain ATCC 8585 / CBS 2359 / DSM 70799 / NBRC 1267 / NRRL Y-1140 / WM37),284590,UBR1
sp|O60014|UBR1_KLULA,294,NYS,Kluyveromyces lactis (strain ATCC 8585 / CBS 2359 / DSM 70799 / NBRC 1267 / NRRL Y-1140 / WM37),284590,UBR1
sp|O60014|UBR1_KLULA,379,NST,Kluyveromyces lactis (strain ATCC 8585 / CBS 2359 / DSM 70799 / NBRC 1267 / NRRL Y-1140 / WM37),284590,UBR1
sp|O60014|UBR1_KLULA,706,NLS,Kluyveromyces lactis (strain ATCC 8585 / CBS 2359 / DSM 70799 / NBRC 1267 / NRRL Y-1140 / WM37),284590,UBR1
sp|O60014|UBR1_KLULA,1212,NYS,Kluyveromyces lactis (strain ATCC 8585 / CBS 2359 / DSM 70799 / NBRC 1267 / NRRL Y-1140 / WM37),284590,UBR1
sp|O60014|UBR1_KLULA,1644,NIT,Kluyveromyces lactis (strain ATCC 8585 / CBS 2359 / DSM 70799 / NBRC 1267 / NRRL Y-1140 / WM37),284590,UBR1
sp|O60014|UBR1_KLULA,1702,NIS,Kluyveromyces lactis (strain ATCC 8585 / CBS 2359 / DSM 70799 / NBRC 1267 / NRRL Y-1140 / WM37),284590,UBR1
sp|O60014|UBR1_KLULA,1718,NIS,Kluyveromyces lactis (strain ATCC 8585 / CBS 2359 / DSM 70799 / NBRC 1267 / NRRL Y-1140 / WM37),284590,UBR1
sp|O60014|UBR1_KLULA,1779,NRT,Kluyveromyces lactis (strain ATCC 8585 / CBS 2359 / DSM 70799 / NBRC 1267 / NRRL Y-1140 / WM37),284590,UBR1
sp|O60014|UBR1_KLULA,1920,NAS,Kluyveromyces lactis (strain ATCC 8585 / CBS 2359 / DSM 70799 / NBRC 1267 / NRRL Y-1140 / WM37),284590,UBR1
sp|O94229|IDH1_KLULA,230,NAS,Kluyveromyces lactis (strain ATCC 8585 / CBS 2359 / DSM 70799 / NBRC 1267 / NRRL Y-1140 / WM37),284590,IDH1
sp|O94230|IDH2_KLULA,114,NLT,Kluyveromyces lactis (strain ATCC 8585 / CBS 2359 / DSM 70799 / NBRC 1267 / NRRL Y-1140 / WM37),284590,IDH2
sp|O94230|IDH2_KLULA,346,NRT,Kluyveromyces lactis (strain ATCC 8585 / CBS 2359 / DSM 70799 / NBRC 1267 / NRRL Y-1140 / WM37),284590,IDH2
sp|P07921|LACP_KLULA,41,NTS,Kluyveromyces lactis (strain ATCC 8585 / CBS 2359 / DSM 70799 / NBRC 1267 / NRRL Y-1140 / WM37),284590,LAC12
sp|P07921|LACP_KLULA,111,NSS,Kluyveromyces lactis (strain ATCC 8585 / CBS 2359 / DSM 70799 / NBRC 1267 / NRRL Y-1140 / WM37),284590,LAC12
sp|P07921|LACP_KLULA,231,NSS,Kluyveromyces lactis (strain ATCC 8585 / CBS 2359 / DSM 70799 / NBRC 1267 / NRRL Y-1140 / WM37),284590,LAC12
sp|P07921|LACP_KLULA,459,NLT,Kluyveromyces lactis (strain ATCC 8585 / CBS 2359 / DSM 70799 / NBRC 1267 / NRRL Y-1140 / WM37),284590,LAC12
sp|P08657|LAC9_KLULA,59,NET,Kluyveromyces lactis (strain ATCC 8585 / CBS 2359 / DSM 70799 / NBRC 1267 / NRRL Y-1140 / WM37),284590,LAC9
sp|P08657|LAC9_KLULA,72,NDS,Kluyveromyces lactis (strain ATCC 8585 / CBS 2359 / DSM 70799 / NBRC 1267 / NRRL Y-1140 / WM37),284590,LAC9
sp|P08657|LAC9_KLULA,274,NIS,Kluyveromyces lactis (strain ATCC 8585 / CBS 2359 / DSM 70799 / NBRC 1267 / NRRL Y-1140 / WM37),284590,LAC9
sp|P08657|LAC9_KLULA,348,NIT,Kluyveromyces lactis (strain ATCC 8585 / CBS 2359 / DSM 70799 / NBRC 1267 / NRRL Y-1140 / WM37),284590,LAC9
sp|P08657|LAC9_KLULA,352,NVS,Kluyveromyces lactis (strain ATCC 8585 / CBS 2359 / DSM 70799 / NBRC 1267 / NRRL Y-1140 / WM37),284590,LAC9
sp|P08657|LAC9_KLULA,374,NDS,Kluyveromyces lactis (strain ATCC 8585 / CBS 2359 / DSM 70799 / NBRC 1267 / NRRL Y-1140 / WM37),284590,LAC9
sp|P08657|LAC9_KLULA,511,NST,Kluyveromyces lactis (strain ATCC 8585 / CBS 2359 / DSM 70799 / NBRC 1267 / NRRL Y-1140 / WM37),284590,LAC9
sp|P08657|LAC9_KLULA,586,NNS,Kluyveromyces lactis (strain ATCC 8585 / CBS 2359 / DSM 70799 / NBRC 1267 / NRRL Y-1140 / WM37),284590,LAC9
sp|P08657|LAC9_KLULA,623,NET,Kluyveromyces lactis (strain ATCC 8585 / CBS 2359 / DSM 70799 / NBRC 1267 / NRRL Y-1140 / WM37),284590,LAC9
sp|P08657|LAC9_KLULA,757,NYS,Kluyveromyces lactis (strain ATCC 8585 / CBS 2359 / DSM 70799 / NBRC 1267 / NRRL Y-1140 / WM37),284590,LAC9
sp|P08657|LAC9_KLULA,768,NKS,Kluyveromyces lactis (strain ATCC 8585 / CBS 2359 / DSM 70799 / NBRC 1267 / NRRL Y-1140 / WM37),284590,LAC9
sp|P08657|LAC9_KLULA,849,NTT,Kluyveromyces lactis (strain ATCC 8585 / CBS 2359 / DSM 70799 / NBRC 1267 / NRRL Y-1140 / WM37),284590,LAC9
sp|P09580|GAL7_KLULA,122,NLS,Kluyveromyces lactis (strain ATCC 8585 / CBS 2359 / DSM 70799 / NBRC 1267 / NRRL Y-1140 / WM37),284590,GAL7
sp|P09580|GAL7_KLULA,229,NDS,Kluyveromyces lactis (strain ATCC 8585 / CBS 2359 / DSM 70799 / NBRC 1267 / NRRL Y-1140 / WM37),284590,GAL7
sp|P09580|GAL7_KLULA,274,NLT,Kluyveromyces lactis (strain ATCC 8585 / CBS 2359 / DSM 70799 / NBRC 1267 / NRRL Y-1140 / WM37),284590,GAL7
sp|P09580|GAL7_KLULA,299,NAT,Kluyveromyces lactis (strain ATCC 8585 / CBS 2359 / DSM 70799 / NBRC 1267 / NRRL Y-1140 / WM37),284590,GAL7
sp|P09608|GAL1_KLULA,410,NES,Kluyveromyces lactis (strain ATCC 8585 / CBS 2359 / DSM 70799 / NBRC 1267 / NRRL Y-1140 / WM37),284590,GAL1
sp|P09608|GAL1_KLULA,437,NGS,Kluyveromyces lactis (strain ATCC 8585 / CBS 2359 / DSM 70799 / NBRC 1267 / NRRL Y-1140 / WM37),284590,GAL1
sp|P12341|G6PI_KLULA,101,NFT,Kluyveromyces lactis (strain ATCC 8585 / CBS 2359 / DSM 70799 / NBRC 1267 / NRRL Y-1140 / WM37),284590,RAG2
sp|P12341|G6PI_KLULA,115,NRS,Kluyveromyces lactis (strain ATCC 8585 / CBS 2359 / DSM 70799 / NBRC 1267 / NRRL Y-1140 / WM37),284590,RAG2
sp|P12341|G6PI_KLULA,127,NVT,Kluyveromyces lactis (strain ATCC 8585 / CBS 2359 / DSM 70799 / NBRC 1267 / NRRL Y-1140 / WM37),284590,RAG2
sp|P12341|G6PI_KLULA,230,NAT,Kluyveromyces lactis (strain ATCC 8585 / CBS 2359 / DSM 70799 / NBRC 1267 / NRRL Y-1140 / WM37),284590,RAG2
sp|P12341|G6PI_KLULA,259,NAT,Kluyveromyces lactis (strain ATCC 8585 / CBS 2359 / DSM 70799 / NBRC 1267 / NRRL Y-1140 / WM37),284590,RAG2
sp|P12341|G6PI_KLULA,382,NYS,Kluyveromyces lactis (strain ATCC 8585 / CBS 2359 / DSM 70799 / NBRC 1267 / NRRL Y-1140 / WM37),284590,RAG2
sp|P13998|IPYR_KLULA,105,NES,Kluyveromyces lactis (strain ATCC 8585 / CBS 2359 / DSM 70799 / NBRC 1267 / NRRL Y-1140 / WM37),284590,IPP1
sp|P13998|IPYR_KLULA,245,NTT,Kluyveromyces lactis (strain ATCC 8585 / CBS 2359 / DSM 70799 / NBRC 1267 / NRRL Y-1140 / WM37),284590,IPP1
sp|P17819|G3P1_KLULA,146,NAS,Kluyveromyces lactis (strain ATCC 8585 / CBS 2359 / DSM 70799 / NBRC 1267 / NRRL Y-1140 / WM37),284590,GAP1
sp|P18631|RAG1_KLULA,89,NQT,Kluyveromyces lactis (strain ATCC 8585 / CBS 2359 / DSM 70799 / NBRC 1267 / NRRL Y-1140 / WM37),284590,RAG1
sp|P18631|RAG1_KLULA,226,NYS,Kluyveromyces lactis (strain ATCC 8585 / CBS 2359 / DSM 70799 / NBRC 1267 / NRRL Y-1140 / WM37),284590,RAG1
sp|P18631|RAG1_KLULA,306,NAS,Kluyveromyces lactis (strain ATCC 8585 / CBS 2359 / DSM 70799 / NBRC 1267 / NRRL Y-1140 / WM37),284590,RAG1
sp|P20369|ADH1_KLULA,97,NGS,Kluyveromyces lactis (strain ATCC 8585 / CBS 2359 / DSM 70799 / NBRC 1267 / NRRL Y-1140 / WM37),284590,ADH1
sp|P20369|ADH1_KLULA,110,NES,Kluyveromyces lactis (strain ATCC 8585 / CBS 2359 / DSM 70799 / NBRC 1267 / NRRL Y-1140 / WM37),284590,ADH1
sp|P20369|ADH1_KLULA,247,NVS,Kluyveromyces lactis (strain ATCC 8585 / CBS 2359 / DSM 70799 / NBRC 1267 / NRRL Y-1140 / WM37),284590,ADH1
sp|P20369|ADH1_KLULA,265,NGT,Kluyveromyces lactis (strain ATCC 8585 / CBS 2359 / DSM 70799 / NBRC 1267 / NRRL Y-1140 / WM37),284590,ADH1
sp|P23390|LEU3_KLULA,344,NST,Kluyveromyces lactis (strain ATCC 8585 / CBS 2359 / DSM 70799 / NBRC 1267 / NRRL Y-1140 / WM37),284590,LEU2
sp|P26375|ABF1_KLULA,81,NNS,Kluyveromyces lactis (strain ATCC 8585 / CBS 2359 / DSM 70799 / NBRC 1267 / NRRL Y-1140 / WM37),284590,ABF1
sp|P26375|ABF1_KLULA,171,NLS,Kluyveromyces lactis (strain ATCC 8585 / CBS 2359 / DSM 70799 / NBRC 1267 / NRRL Y-1140 / WM37),284590,ABF1
sp|P26375|ABF1_KLULA,426,NQS,Kluyveromyces lactis (strain ATCC 8585 / CBS 2359 / DSM 70799 / NBRC 1267 / NRRL Y-1140 / WM37),284590,ABF1
sp|P26375|ABF1_KLULA,471,NVS,Kluyveromyces lactis (strain ATCC 8585 / CBS 2359 / DSM 70799 / NBRC 1267 / NRRL Y-1140 / WM37),284590,ABF1
sp|P32257|MED15_KLULA,248,NKS,Kluyveromyces lactis (strain ATCC 8585 / CBS 2359 / DSM 70799 / NBRC 1267 / NRRL Y-1140 / WM37),284590,GAL11
sp|P32257|MED15_KLULA,261,NTS,Kluyveromyces lactis (strain ATCC 8585 / CBS 2359 / DSM 70799 / NBRC 1267 / NRRL Y-1140 / WM37),284590,GAL11
sp|P32257|MED15_KLULA,632,NLT,Kluyveromyces lactis (strain ATCC 8585 / CBS 2359 / DSM 70799 / NBRC 1267 / NRRL Y-1140 / WM37),284590,GAL11
sp|P32257|MED15_KLULA,680,NNS,Kluyveromyces lactis (strain ATCC 8585 / CBS 2359 / DSM 70799 / NBRC 1267 / NRRL Y-1140 / WM37),284590,GAL11
sp|P32257|MED15_KLULA,693,NAT,Kluyveromyces lactis (strain ATCC 8585 / CBS 2359 / DSM 70799 / NBRC 1267 / NRRL Y-1140 / WM37),284590,GAL11
sp|P32257|MED15_KLULA,753,NAS,Kluyveromyces lactis (strain ATCC 8585 / CBS 2359 / DSM 70799 / NBRC 1267 / NRRL Y-1140 / WM37),284590,GAL11
sp|P32257|MED15_KLULA,776,NKS,Kluyveromyces lactis (strain ATCC 8585 / CBS 2359 / DSM 70799 / NBRC 1267 / NRRL Y-1140 / WM37),284590,GAL11
sp|P32257|MED15_KLULA,869,NGT,Kluyveromyces lactis (strain ATCC 8585 / CBS 2359 / DSM 70799 / NBRC 1267 / NRRL Y-1140 / WM37),284590,GAL11
sp|P32257|MED15_KLULA,934,NST,Kluyveromyces lactis (strain ATCC 8585 / CBS 2359 / DSM 70799 / NBRC 1267 / NRRL Y-1140 / WM37),284590,GAL11
sp|P32257|MED15_KLULA,1016,NES,Kluyveromyces lactis (strain ATCC 8585 / CBS 2359 / DSM 70799 / NBRC 1267 / NRRL Y-1140 / WM37),284590,GAL11
sp|P34214|TAL1_KLULA,166,NLT,Kluyveromyces lactis (strain ATCC 8585 / CBS 2359 / DSM 70799 / NBRC 1267 / NRRL Y-1140 / WM37),284590,TAL1
sp|P34214|TAL1_KLULA,183,NVT,Kluyveromyces lactis (strain ATCC 8585 / CBS 2359 / DSM 70799 / NBRC 1267 / NRRL Y-1140 / WM37),284590,TAL1
sp|P39679|MBP1_KLULA,36,NAT,Kluyveromyces lactis (strain ATCC 8585 / CBS 2359 / DSM 70799 / NBRC 1267 / NRRL Y-1140 / WM37),284590,MBP1
sp|P39679|MBP1_KLULA,305,NGT,Kluyveromyces lactis (strain ATCC 8585 / CBS 2359 / DSM 70799 / NBRC 1267 / NRRL Y-1140 / WM37),284590,MBP1
sp|P39679|MBP1_KLULA,345,NDT,Kluyveromyces lactis (strain ATCC 8585 / CBS 2359 / DSM 70799 / NBRC 1267 / NRRL Y-1140 / WM37),284590,MBP1
sp|P39679|MBP1_KLULA,349,NES,Kluyveromyces lactis (strain ATCC 8585 / CBS 2359 / DSM 70799 / NBRC 1267 / NRRL Y-1140 / WM37),284590,MBP1
sp|P39679|MBP1_KLULA,524,NNS,Kluyveromyces lactis (strain ATCC 8585 / CBS 2359 / DSM 70799 / NBRC 1267 / NRRL Y-1140 / WM37),284590,MBP1
sp|P40418|SWI6_KLULA,36,NLS,Kluyveromyces lactis (strain ATCC 8585 / CBS 2359 / DSM 70799 / NBRC 1267 / NRRL Y-1140 / WM37),284590,SWI6
sp|P40418|SWI6_KLULA,96,NLT,Kluyveromyces lactis (strain ATCC 8585 / CBS 2359 / DSM 70799 / NBRC 1267 / NRRL Y-1140 / WM37),284590,SWI6
sp|P40418|SWI6_KLULA,128,NHT,Kluyveromyces lactis (strain ATCC 8585 / CBS 2359 / DSM 70799 / NBRC 1267 / NRRL Y-1140 / WM37),284590,SWI6
sp|P40418|SWI6_KLULA,143,NNS,Kluyveromyces lactis (strain ATCC 8585 / CBS 2359 / DSM 70799 / NBRC 1267 / NRRL Y-1140 / WM37),284590,SWI6
sp|P40418|SWI6_KLULA,152,NVT,Kluyveromyces lactis (strain ATCC 8585 / CBS 2359 / DSM 70799 / NBRC 1267 / NRRL Y-1140 / WM37),284590,SWI6
sp|P40418|SWI6_KLULA,167,NGT,Kluyveromyces lactis (strain ATCC 8585 / CBS 2359 / DSM 70799 / NBRC 1267 / NRRL Y-1140 / WM37),284590,SWI6
sp|P40418|SWI6_KLULA,226,NYS,Kluyveromyces lactis (strain ATCC 8585 / CBS 2359 / DSM 70799 / NBRC 1267 / NRRL Y-1140 / WM37),284590,SWI6
sp|P40418|SWI6_KLULA,288,NTS,Kluyveromyces lactis (strain ATCC 8585 / CBS 2359 / DSM 70799 / NBRC 1267 / NRRL Y-1140 / WM37),284590,SWI6
sp|P40418|SWI6_KLULA,453,NNS,Kluyveromyces lactis (strain ATCC 8585 / CBS 2359 / DSM 70799 / NBRC 1267 / NRRL Y-1140 / WM37),284590,SWI6
sp|P40418|SWI6_KLULA,637,NLS,Kluyveromyces lactis (strain ATCC 8585 / CBS 2359 / DSM 70799 / NBRC 1267 / NRRL Y-1140 / WM37),284590,SWI6
sp|P40952|KYE1_KLULA,107,NKS,Kluyveromyces lactis (strain ATCC 8585 / CBS 2359 / DSM 70799 / NBRC 1267 / NRRL Y-1140 / WM37),284590,KYE1
sp|P41767|RF1M_KLULA,22,NSS,Kluyveromyces lactis (strain ATCC 8585 / CBS 2359 / DSM 70799 / NBRC 1267 / NRRL Y-1140 / WM37),284590,MRF1
sp|P41767|RF1M_KLULA,117,NKT,Kluyveromyces lactis (strain ATCC 8585 / CBS 2359 / DSM 70799 / NBRC 1267 / NRRL Y-1140 / WM37),284590,MRF1
sp|P41767|RF1M_KLULA,181,NAS,Kluyveromyces lactis (strain ATCC 8585 / CBS 2359 / DSM 70799 / NBRC 1267 / NRRL Y-1140 / WM37),284590,MRF1
sp|P41767|RF1M_KLULA,271,NTT,Kluyveromyces lactis (strain ATCC 8585 / CBS 2359 / DSM 70799 / NBRC 1267 / NRRL Y-1140 / WM37),284590,MRF1
sp|P48241|LCB2_KLULA,158,NLS,Kluyveromyces lactis (strain ATCC 8585 / CBS 2359 / DSM 70799 / NBRC 1267 / NRRL Y-1140 / WM37),284590,LCB2
sp|P48241|LCB2_KLULA,248,NHT,Kluyveromyces lactis (strain ATCC 8585 / CBS 2359 / DSM 70799 / NBRC 1267 / NRRL Y-1140 / WM37),284590,LCB2
sp|P48828|G6PD_KLULA,393,NQT,Kluyveromyces lactis (strain ATCC 8585 / CBS 2359 / DSM 70799 / NBRC 1267 / NRRL Y-1140 / WM37),284590,ZWF
sp|P49348|APA2_KLULA,283,NAT,Kluyveromyces lactis (strain ATCC 8585 / CBS 2359 / DSM 70799 / NBRC 1267 / NRRL Y-1140 / WM37),284590,APA2
sp|P49375|ATPA_KLULA,66,NET,Kluyveromyces lactis (strain ATCC 8585 / CBS 2359 / DSM 70799 / NBRC 1267 / NRRL Y-1140 / WM37),284590,ATP1
sp|P49375|ATPA_KLULA,162,NAS,Kluyveromyces lactis (strain ATCC 8585 / CBS 2359 / DSM 70799 / NBRC 1267 / NRRL Y-1140 / WM37),284590,ATP1
sp|P49375|ATPA_KLULA,231,NGT,Kluyveromyces lactis (strain ATCC 8585 / CBS 2359 / DSM 70799 / NBRC 1267 / NRRL Y-1140 / WM37),284590,ATP1
sp|P49377|ATPG_KLULA,215,NVS,Kluyveromyces lactis (strain ATCC 8585 / CBS 2359 / DSM 70799 / NBRC 1267 / NRRL Y-1140 / WM37),284590,ATP3
sp|P49377|ATPG_KLULA,250,NAS,Kluyveromyces lactis (strain ATCC 8585 / CBS 2359 / DSM 70799 / NBRC 1267 / NRRL Y-1140 / WM37),284590,ATP3
sp|P49377|ATPG_KLULA,267,NRT,Kluyveromyces lactis (strain ATCC 8585 / CBS 2359 / DSM 70799 / NBRC 1267 / NRRL Y-1140 / WM37),284590,ATP3
sp|P49378|XYL1_KLULA,174,NFS,Kluyveromyces lactis (strain ATCC 8585 / CBS 2359 / DSM 70799 / NBRC 1267 / NRRL Y-1140 / WM37),284590,XYL1
sp|P49379|CBF1_KLULA,179,NDS,Kluyveromyces lactis (strain ATCC 8585 / CBS 2359 / DSM 70799 / NBRC 1267 / NRRL Y-1140 / WM37),284590,CBF1
sp|P49379|CBF1_KLULA,194,NET,Kluyveromyces lactis (strain ATCC 8585 / CBS 2359 / DSM 70799 / NBRC 1267 / NRRL Y-1140 / WM37),284590,CBF1
sp|P49381|TREA_KLULA,351,NRS,Kluyveromyces lactis (strain ATCC 8585 / CBS 2359 / DSM 70799 / NBRC 1267 / NRRL Y-1140 / WM37),284590,NTH1
sp|P49381|TREA_KLULA,445,NVS,Kluyveromyces lactis (strain ATCC 8585 / CBS 2359 / DSM 70799 / NBRC 1267 / NRRL Y-1140 / WM37),284590,NTH1
sp|P49381|TREA_KLULA,650,NHT,Kluyveromyces lactis (strain ATCC 8585 / CBS 2359 / DSM 70799 / NBRC 1267 / NRRL Y-1140 / WM37),284590,NTH1
sp|P49381|TREA_KLULA,712,NSS,Kluyveromyces lactis (strain ATCC 8585 / CBS 2359 / DSM 70799 / NBRC 1267 / NRRL Y-1140 / WM37),284590,NTH1
sp|P49384|ADH3_KLULA,121,NGS,Kluyveromyces lactis (strain ATCC 8585 / CBS 2359 / DSM 70799 / NBRC 1267 / NRRL Y-1140 / WM37),284590,ADH3
sp|P49384|ADH3_KLULA,134,NES,Kluyveromyces lactis (strain ATCC 8585 / CBS 2359 / DSM 70799 / NBRC 1267 / NRRL Y-1140 / WM37),284590,ADH3
sp|P49384|ADH3_KLULA,271,NVS,Kluyveromyces lactis (strain ATCC 8585 / CBS 2359 / DSM 70799 / NBRC 1267 / NRRL Y-1140 / WM37),284590,ADH3
sp|P49384|ADH3_KLULA,280,NAS,Kluyveromyces lactis (strain ATCC 8585 / CBS 2359 / DSM 70799 / NBRC 1267 / NRRL Y-1140 / WM37),284590,ADH3
sp|P49385|ADH4_KLULA,25,NSS,Kluyveromyces lactis (strain ATCC 8585 / CBS 2359 / DSM 70799 / NBRC 1267 / NRRL Y-1140 / WM37),284590,ADH4
sp|P49385|ADH4_KLULA,122,NGS,Kluyveromyces lactis (strain ATCC 8585 / CBS 2359 / DSM 70799 / NBRC 1267 / NRRL Y-1140 / WM37),284590,ADH4
sp|P49385|ADH4_KLULA,272,NVS,Kluyveromyces lactis (strain ATCC 8585 / CBS 2359 / DSM 70799 / NBRC 1267 / NRRL Y-1140 / WM37),284590,ADH4
sp|P50898|MIG1_KLULA,113,NDS,Kluyveromyces lactis (strain ATCC 8585 / CBS 2359 / DSM 70799 / NBRC 1267 / NRRL Y-1140 / WM37),284590,MIG1
sp|P50898|MIG1_KLULA,184,NNS,Kluyveromyces lactis (strain ATCC 8585 / CBS 2359 / DSM 70799 / NBRC 1267 / NRRL Y-1140 / WM37),284590,MIG1
sp|P50898|MIG1_KLULA,232,NNS,Kluyveromyces lactis (strain ATCC 8585 / CBS 2359 / DSM 70799 / NBRC 1267 / NRRL Y-1140 / WM37),284590,MIG1
sp|P50898|MIG1_KLULA,269,NHS,Kluyveromyces lactis (strain ATCC 8585 / CBS 2359 / DSM 70799 / NBRC 1267 / NRRL Y-1140 / WM37),284590,MIG1
sp|P50898|MIG1_KLULA,308,NLS,Kluyveromyces lactis (strain ATCC 8585 / CBS 2359 / DSM 70799 / NBRC 1267 / NRRL Y-1140 / WM37),284590,MIG1
sp|P50898|MIG1_KLULA,343,NSS,Kluyveromyces lactis (strain ATCC 8585 / CBS 2359 / DSM 70799 / NBRC 1267 / NRRL Y-1140 / WM37),284590,MIG1
sp|P52289|PPA5_KLULA,23,NGT,Kluyveromyces lactis (strain ATCC 8585 / CBS 2359 / DSM 70799 / NBRC 1267 / NRRL Y-1140 / WM37),284590,PHO5
sp|P52289|PPA5_KLULA,31,NSS,Kluyveromyces lactis (strain ATCC 8585 / CBS 2359 / DSM 70799 / NBRC 1267 / NRRL Y-1140 / WM37),284590,PHO5
sp|P52289|PPA5_KLULA,129,NST,Kluyveromyces lactis (strain ATCC 8585 / CBS 2359 / DSM 70799 / NBRC 1267 / NRRL Y-1140 / WM37),284590,PHO5
sp|P52289|PPA5_KLULA,201,NET,Kluyveromyces lactis (strain ATCC 8585 / CBS 2359 / DSM 70799 / NBRC 1267 / NRRL Y-1140 / WM37),284590,PHO5
sp|P52289|PPA5_KLULA,229,NAT,Kluyveromyces lactis (strain ATCC 8585 / CBS 2359 / DSM 70799 / NBRC 1267 / NRRL Y-1140 / WM37),284590,PHO5
sp|P52289|PPA5_KLULA,250,NLT,Kluyveromyces lactis (strain ATCC 8585 / CBS 2359 / DSM 70799 / NBRC 1267 / NRRL Y-1140 / WM37),284590,PHO5
sp|P52289|PPA5_KLULA,317,NAS,Kluyveromyces lactis (strain ATCC 8585 / CBS 2359 / DSM 70799 / NBRC 1267 / NRRL Y-1140 / WM37),284590,PHO5
sp|P52289|PPA5_KLULA,392,NAS,Kluyveromyces lactis (strain ATCC 8585 / CBS 2359 / DSM 70799 / NBRC 1267 / NRRL Y-1140 / WM37),284590,PHO5
sp|P52289|PPA5_KLULA,447,NTT,Kluyveromyces lactis (strain ATCC 8585 / CBS 2359 / DSM 70799 / NBRC 1267 / NRRL Y-1140 / WM37),284590,PHO5
sp|P53768|HAP2_KLULA,11,NFS,Kluyveromyces lactis (strain ATCC 8585 / CBS 2359 / DSM 70799 / NBRC 1267 / NRRL Y-1140 / WM37),284590,HAP2
sp|P53768|HAP2_KLULA,75,NST,Kluyveromyces lactis (strain ATCC 8585 / CBS 2359 / DSM 70799 / NBRC 1267 / NRRL Y-1140 / WM37),284590,HAP2
sp|P53768|HAP2_KLULA,259,NDS,Kluyveromyces lactis (strain ATCC 8585 / CBS 2359 / DSM 70799 / NBRC 1267 / NRRL Y-1140 / WM37),284590,HAP2
sp|P54788|ORC1_KLULA,79,NTS,Kluyveromyces lactis (strain ATCC 8585 / CBS 2359 / DSM 70799 / NBRC 1267 / NRRL Y-1140 / WM37),284590,ORC1
sp|P54788|ORC1_KLULA,225,NKS,Kluyveromyces lactis (strain ATCC 8585 / CBS 2359 / DSM 70799 / NBRC 1267 / NRRL Y-1140 / WM37),284590,ORC1
sp|P54788|ORC1_KLULA,279,NES,Kluyveromyces lactis (strain ATCC 8585 / CBS 2359 / DSM 70799 / NBRC 1267 / NRRL Y-1140 / WM37),284590,ORC1
sp|P54788|ORC1_KLULA,295,NAS,Kluyveromyces lactis (strain ATCC 8585 / CBS 2359 / DSM 70799 / NBRC 1267 / NRRL Y-1140 / WM37),284590,ORC1
sp|P54788|ORC1_KLULA,636,NES,Kluyveromyces lactis (strain ATCC 8585 / CBS 2359 / DSM 70799 / NBRC 1267 / NRRL Y-1140 / WM37),284590,ORC1
sp|P54788|ORC1_KLULA,736,NGT,Kluyveromyces lactis (strain ATCC 8585 / CBS 2359 / DSM 70799 / NBRC 1267 / NRRL Y-1140 / WM37),284590,ORC1
sp|P54788|ORC1_KLULA,756,NES,Kluyveromyces lactis (strain ATCC 8585 / CBS 2359 / DSM 70799 / NBRC 1267 / NRRL Y-1140 / WM37),284590,ORC1
sp|P54788|ORC1_KLULA,824,NDS,Kluyveromyces lactis (strain ATCC 8585 / CBS 2359 / DSM 70799 / NBRC 1267 / NRRL Y-1140 / WM37),284590,ORC1
sp|P54788|ORC1_KLULA,867,NIS,Kluyveromyces lactis (strain ATCC 8585 / CBS 2359 / DSM 70799 / NBRC 1267 / NRRL Y-1140 / WM37),284590,ORC1
sp|P56095|AP1_KLULA,29,NNS,Kluyveromyces lactis (strain ATCC 8585 / CBS 2359 / DSM 70799 / NBRC 1267 / NRRL Y-1140 / WM37),284590,YAP1
sp|P56095|AP1_KLULA,201,NKS,Kluyveromyces lactis (strain ATCC 8585 / CBS 2359 / DSM 70799 / NBRC 1267 / NRRL Y-1140 / WM37),284590,YAP1
sp|P56095|AP1_KLULA,210,NHS,Kluyveromyces lactis (strain ATCC 8585 / CBS 2359 / DSM 70799 / NBRC 1267 / NRRL Y-1140 / WM37),284590,YAP1
sp|P56095|AP1_KLULA,218,NSS,Kluyveromyces lactis (strain ATCC 8585 / CBS 2359 / DSM 70799 / NBRC 1267 / NRRL Y-1140 / WM37),284590,YAP1
sp|P56095|AP1_KLULA,246,NVT,Kluyveromyces lactis (strain ATCC 8585 / CBS 2359 / DSM 70799 / NBRC 1267 / NRRL Y-1140 / WM37),284590,YAP1
sp|P56095|AP1_KLULA,303,NIT,Kluyveromyces lactis (strain ATCC 8585 / CBS 2359 / DSM 70799 / NBRC 1267 / NRRL Y-1140 / WM37),284590,YAP1
sp|P56095|AP1_KLULA,352,NDS,Kluyveromyces lactis (strain ATCC 8585 / CBS 2359 / DSM 70799 / NBRC 1267 / NRRL Y-1140 / WM37),284590,YAP1
sp|P56095|AP1_KLULA,366,NDS,Kluyveromyces lactis (strain ATCC 8585 / CBS 2359 / DSM 70799 / NBRC 1267 / NRRL Y-1140 / WM37),284590,YAP1
sp|P56095|AP1_KLULA,406,NYS,Kluyveromyces lactis (strain ATCC 8585 / CBS 2359 / DSM 70799 / NBRC 1267 / NRRL Y-1140 / WM37),284590,YAP1
sp|P56095|AP1_KLULA,412,NNT,Kluyveromyces lactis (strain ATCC 8585 / CBS 2359 / DSM 70799 / NBRC 1267 / NRRL Y-1140 / WM37),284590,YAP1
sp|P78697|DIM1_KLULA,70,NLT,Kluyveromyces lactis (strain ATCC 8585 / CBS 2359 / DSM 70799 / NBRC 1267 / NRRL Y-1140 / WM37),284590,DIM1
sp|P78697|DIM1_KLULA,185,NVT,Kluyveromyces lactis (strain ATCC 8585 / CBS 2359 / DSM 70799 / NBRC 1267 / NRRL Y-1140 / WM37),284590,DIM1
sp|P78697|DIM1_KLULA,236,NRT,Kluyveromyces lactis (strain ATCC 8585 / CBS 2359 / DSM 70799 / NBRC 1267 / NRRL Y-1140 / WM37),284590,DIM1
sp|P78698|HEM1_KLULA,78,NSS,Kluyveromyces lactis (strain ATCC 8585 / CBS 2359 / DSM 70799 / NBRC 1267 / NRRL Y-1140 / WM37),284590,HEM1
sp|P78700|ATPD_KLULA,132,NVS,Kluyveromyces lactis (strain ATCC 8585 / CBS 2359 / DSM 70799 / NBRC 1267 / NRRL Y-1140 / WM37),284590,ATP16
sp|P87164|SEF1_KLULA,56,NGT,Kluyveromyces lactis (strain ATCC 8585 / CBS 2359 / DSM 70799 / NBRC 1267 / NRRL Y-1140 / WM37),284590,SEF1
sp|P87164|SEF1_KLULA,93,NIS,Kluyveromyces lactis (strain ATCC 8585 / CBS 2359 / DSM 70799 / NBRC 1267 / NRRL Y-1140 / WM37),284590,SEF1
sp|P87164|SEF1_KLULA,96,NNS,Kluyveromyces lactis (strain ATCC 8585 / CBS 2359 / DSM 70799 / NBRC 1267 / NRRL Y-1140 / WM37),284590,SEF1
sp|P87164|SEF1_KLULA,129,NAS,Kluyveromyces lactis (strain ATCC 8585 / CBS 2359 / DSM 70799 / NBRC 1267 / NRRL Y-1140 / WM37),284590,SEF1
sp|P87164|SEF1_KLULA,182,NES,Kluyveromyces lactis (strain ATCC 8585 / CBS 2359 / DSM 70799 / NBRC 1267 / NRRL Y-1140 / WM37),284590,SEF1
sp|P87164|SEF1_KLULA,283,NDS,Kluyveromyces lactis (strain ATCC 8585 / CBS 2359 / DSM 70799 / NBRC 1267 / NRRL Y-1140 / WM37),284590,SEF1
sp|P87164|SEF1_KLULA,316,NSS,Kluyveromyces lactis (strain ATCC 8585 / CBS 2359 / DSM 70799 / NBRC 1267 / NRRL Y-1140 / WM37),284590,SEF1
sp|P87164|SEF1_KLULA,884,NLS,Kluyveromyces lactis (strain ATCC 8585 / CBS 2359 / DSM 70799 / NBRC 1267 / NRRL Y-1140 / WM37),284590,SEF1
sp|P87164|SEF1_KLULA,942,NST,Kluyveromyces lactis (strain ATCC 8585 / CBS 2359 / DSM 70799 / NBRC 1267 / NRRL Y-1140 / WM37),284590,SEF1
sp|P87164|SEF1_KLULA,980,NNS,Kluyveromyces lactis (strain ATCC 8585 / CBS 2359 / DSM 70799 / NBRC 1267 / NRRL Y-1140 / WM37),284590,SEF1
sp|P87164|SEF1_KLULA,990,NKT,Kluyveromyces lactis (strain ATCC 8585 / CBS 2359 / DSM 70799 / NBRC 1267 / NRRL Y-1140 / WM37),284590,SEF1
sp|P87164|SEF1_KLULA,998,NGT,Kluyveromyces lactis (strain ATCC 8585 / CBS 2359 / DSM 70799 / NBRC 1267 / NRRL Y-1140 / WM37),284590,SEF1
sp|P87164|SEF1_KLULA,1007,NST,Kluyveromyces lactis (strain ATCC 8585 / CBS 2359 / DSM 70799 / NBRC 1267 / NRRL Y-1140 / WM37),284590,SEF1
sp|P87164|SEF1_KLULA,1073,NVT,Kluyveromyces lactis (strain ATCC 8585 / CBS 2359 / DSM 70799 / NBRC 1267 / NRRL Y-1140 / WM37),284590,SEF1
sp|P87164|SEF1_KLULA,1101,NSS,Kluyveromyces lactis (strain ATCC 8585 / CBS 2359 / DSM 70799 / NBRC 1267 / NRRL Y-1140 / WM37),284590,SEF1
sp|P87250|MTF1_KLULA,140,NLT,Kluyveromyces lactis (strain ATCC 8585 / CBS 2359 / DSM 70799 / NBRC 1267 / NRRL Y-1140 / WM37),284590,MTF1
sp|P87250|MTF1_KLULA,235,NKS,Kluyveromyces lactis (strain ATCC 8585 / CBS 2359 / DSM 70799 / NBRC 1267 / NRRL Y-1140 / WM37),284590,MTF1
sp|Q00976|SPT16_KLULA,277,NDS,Kluyveromyces lactis (strain ATCC 8585 / CBS 2359 / DSM 70799 / NBRC 1267 / NRRL Y-1140 / WM37),284590,SPT16
sp|Q00976|SPT16_KLULA,300,NIT,Kluyveromyces lactis (strain ATCC 8585 / CBS 2359 / DSM 70799 / NBRC 1267 / NRRL Y-1140 / WM37),284590,SPT16
sp|Q00976|SPT16_KLULA,395,NIS,Kluyveromyces lactis (strain ATCC 8585 / CBS 2359 / DSM 70799 / NBRC 1267 / NRRL Y-1140 / WM37),284590,SPT16
sp|Q00976|SPT16_KLULA,578,NGS,Kluyveromyces lactis (strain ATCC 8585 / CBS 2359 / DSM 70799 / NBRC 1267 / NRRL Y-1140 / WM37),284590,SPT16
sp|Q00976|SPT16_KLULA,669,NKT,Kluyveromyces lactis (strain ATCC 8585 / CBS 2359 / DSM 70799 / NBRC 1267 / NRRL Y-1140 / WM37),284590,SPT16
sp|Q00976|SPT16_KLULA,926,NWS,Kluyveromyces lactis (strain ATCC 8585 / CBS 2359 / DSM 70799 / NBRC 1267 / NRRL Y-1140 / WM37),284590,SPT16
sp|Q05079|F16P_KLULA,35,NAT,Kluyveromyces lactis (strain ATCC 8585 / CBS 2359 / DSM 70799 / NBRC 1267 / NRRL Y-1140 / WM37),284590,FBP1
sp|Q05079|F16P_KLULA,74,NST,Kluyveromyces lactis (strain ATCC 8585 / CBS 2359 / DSM 70799 / NBRC 1267 / NRRL Y-1140 / WM37),284590,FBP1
sp|Q08398|MTAL1_KLULA,78,NKS,Kluyveromyces lactis (strain ATCC 8585 / CBS 2359 / DSM 70799 / NBRC 1267 / NRRL Y-1140 / WM37),284590,MATALPHA1
sp|Q08400|STE12_KLULA,385,NAS,Kluyveromyces lactis (strain ATCC 8585 / CBS 2359 / DSM 70799 / NBRC 1267 / NRRL Y-1140 / WM37),284590,STE12
sp|Q08400|STE12_KLULA,465,NRS,Kluyveromyces lactis (strain ATCC 8585 / CBS 2359 / DSM 70799 / NBRC 1267 / NRRL Y-1140 / WM37),284590,STE12
sp|Q08400|STE12_KLULA,535,NHS,Kluyveromyces lactis (strain ATCC 8585 / CBS 2359 / DSM 70799 / NBRC 1267 / NRRL Y-1140 / WM37),284590,STE12
sp|Q08400|STE12_KLULA,632,NRT,Kluyveromyces lactis (strain ATCC 8585 / CBS 2359 / DSM 70799 / NBRC 1267 / NRRL Y-1140 / WM37),284590,STE12
sp|Q08400|STE12_KLULA,651,NTS,Kluyveromyces lactis (strain ATCC 8585 / CBS 2359 / DSM 70799 / NBRC 1267 / NRRL Y-1140 / WM37),284590,STE12
sp|Q12627|DLD1_KLULA,117,NFT,Kluyveromyces lactis (strain ATCC 8585 / CBS 2359 / DSM 70799 / NBRC 1267 / NRRL Y-1140 / WM37),284590,DLD1
sp|Q12627|DLD1_KLULA,270,NIT,Kluyveromyces lactis (strain ATCC 8585 / CBS 2359 / DSM 70799 / NBRC 1267 / NRRL Y-1140 / WM37),284590,DLD1
sp|Q12627|DLD1_KLULA,366,NQS,Kluyveromyces lactis (strain ATCC 8585 / CBS 2359 / DSM 70799 / NBRC 1267 / NRRL Y-1140 / WM37),284590,DLD1
sp|Q12627|DLD1_KLULA,409,NNT,Kluyveromyces lactis (strain ATCC 8585 / CBS 2359 / DSM 70799 / NBRC 1267 / NRRL Y-1140 / WM37),284590,DLD1
sp|Q12627|DLD1_KLULA,466,NAT,Kluyveromyces lactis (strain ATCC 8585 / CBS 2359 / DSM 70799 / NBRC 1267 / NRRL Y-1140 / WM37),284590,DLD1
sp|Q12627|DLD1_KLULA,473,NAS,Kluyveromyces lactis (strain ATCC 8585 / CBS 2359 / DSM 70799 / NBRC 1267 / NRRL Y-1140 / WM37),284590,DLD1
sp|Q12629|PDC1_KLULA,30,NLS,Kluyveromyces lactis (strain ATCC 8585 / CBS 2359 / DSM 70799 / NBRC 1267 / NRRL Y-1140 / WM37),284590,PDC1
sp|Q12629|PDC1_KLULA,131,NIS,Kluyveromyces lactis (strain ATCC 8585 / CBS 2359 / DSM 70799 / NBRC 1267 / NRRL Y-1140 / WM37),284590,PDC1
sp|Q12629|PDC1_KLULA,396,NQT,Kluyveromyces lactis (strain ATCC 8585 / CBS 2359 / DSM 70799 / NBRC 1267 / NRRL Y-1140 / WM37),284590,PDC1
sp|Q12629|PDC1_KLULA,402,NNT,Kluyveromyces lactis (strain ATCC 8585 / CBS 2359 / DSM 70799 / NBRC 1267 / NRRL Y-1140 / WM37),284590,PDC1
sp|Q12630|TKT1_KLULA,196,NVS,Kluyveromyces lactis (strain ATCC 8585 / CBS 2359 / DSM 70799 / NBRC 1267 / NRRL Y-1140 / WM37),284590,TKL1
sp|Q12630|TKT1_KLULA,297,NKS,Kluyveromyces lactis (strain ATCC 8585 / CBS 2359 / DSM 70799 / NBRC 1267 / NRRL Y-1140 / WM37),284590,TKL1
sp|Q12630|TKT1_KLULA,386,NLT,Kluyveromyces lactis (strain ATCC 8585 / CBS 2359 / DSM 70799 / NBRC 1267 / NRRL Y-1140 / WM37),284590,TKL1
sp|Q6CIB4|GBU1_KLULA,28,NLT,Kluyveromyces lactis (strain ATCC 8585 / CBS 2359 / DSM 70799 / NBRC 1267 / NRRL Y-1140 / WM37),284590,GBU1
sp|Q6CIH3|ERB1_KLULA,5,NSS,Kluyveromyces lactis (strain ATCC 8585 / CBS 2359 / DSM 70799 / NBRC 1267 / NRRL Y-1140 / WM37),284590,ERB1
sp|Q6CIH3|ERB1_KLULA,9,NGS,Kluyveromyces lactis (strain ATCC 8585 / CBS 2359 / DSM 70799 / NBRC 1267 / NRRL Y-1140 / WM37),284590,ERB1
sp|Q6CIH3|ERB1_KLULA,79,NTS,Kluyveromyces lactis (strain ATCC 8585 / CBS 2359 / DSM 70799 / NBRC 1267 / NRRL Y-1140 / WM37),284590,ERB1
sp|Q6CIH3|ERB1_KLULA,204,NLT,Kluyveromyces lactis (strain ATCC 8585 / CBS 2359 / DSM 70799 / NBRC 1267 / NRRL Y-1140 / WM37),284590,ERB1
sp|Q6CIH3|ERB1_KLULA,602,NTS,Kluyveromyces lactis (strain ATCC 8585 / CBS 2359 / DSM 70799 / NBRC 1267 / NRRL Y-1140 / WM37),284590,ERB1
sp|Q6CII3|FET3_KLULA,31,NWT,Kluyveromyces lactis (strain ATCC 8585 / CBS 2359 / DSM 70799 / NBRC 1267 / NRRL Y-1140 / WM37),284590,FET3
sp|Q6CII3|FET3_KLULA,81,NTS,Kluyveromyces lactis (strain ATCC 8585 / CBS 2359 / DSM 70799 / NBRC 1267 / NRRL Y-1140 / WM37),284590,FET3
sp|Q6CII3|FET3_KLULA,92,NGT,Kluyveromyces lactis (strain ATCC 8585 / CBS 2359 / DSM 70799 / NBRC 1267 / NRRL Y-1140 / WM37),284590,FET3
sp|Q6CII3|FET3_KLULA,117,NFT,Kluyveromyces lactis (strain ATCC 8585 / CBS 2359 / DSM 70799 / NBRC 1267 / NRRL Y-1140 / WM37),284590,FET3
sp|Q6CII3|FET3_KLULA,199,NNT,Kluyveromyces lactis (strain ATCC 8585 / CBS 2359 / DSM 70799 / NBRC 1267 / NRRL Y-1140 / WM37),284590,FET3
sp|Q6CII3|FET3_KLULA,203,NMT,Kluyveromyces lactis (strain ATCC 8585 / CBS 2359 / DSM 70799 / NBRC 1267 / NRRL Y-1140 / WM37),284590,FET3
sp|Q6CII3|FET3_KLULA,249,NTT,Kluyveromyces lactis (strain ATCC 8585 / CBS 2359 / DSM 70799 / NBRC 1267 / NRRL Y-1140 / WM37),284590,FET3
sp|Q6CII3|FET3_KLULA,270,NDT,Kluyveromyces lactis (strain ATCC 8585 / CBS 2359 / DSM 70799 / NBRC 1267 / NRRL Y-1140 / WM37),284590,FET3
sp|Q6CII3|FET3_KLULA,297,NAT,Kluyveromyces lactis (strain ATCC 8585 / CBS 2359 / DSM 70799 / NBRC 1267 / NRRL Y-1140 / WM37),284590,FET3
sp|Q6CII3|FET3_KLULA,364,NLT,Kluyveromyces lactis (strain ATCC 8585 / CBS 2359 / DSM 70799 / NBRC 1267 / NRRL Y-1140 / WM37),284590,FET3
sp|Q6CII3|FET3_KLULA,413,NDT,Kluyveromyces lactis (strain ATCC 8585 / CBS 2359 / DSM 70799 / NBRC 1267 / NRRL Y-1140 / WM37),284590,FET3
sp|Q6CII9|ARGJ_KLULA,56,NTS,Kluyveromyces lactis (strain ATCC 8585 / CBS 2359 / DSM 70799 / NBRC 1267 / NRRL Y-1140 / WM37),284590,KLLA0F26268g
sp|Q6CII9|ARGJ_KLULA,129,NAT,Kluyveromyces lactis (strain ATCC 8585 / CBS 2359 / DSM 70799 / NBRC 1267 / NRRL Y-1140 / WM37),284590,KLLA0F26268g
sp|Q6CII9|ARGJ_KLULA,193,NGT,Kluyveromyces lactis (strain ATCC 8585 / CBS 2359 / DSM 70799 / NBRC 1267 / NRRL Y-1140 / WM37),284590,KLLA0F26268g
sp|Q6CII9|ARGJ_KLULA,255,NDT,Kluyveromyces lactis (strain ATCC 8585 / CBS 2359 / DSM 70799 / NBRC 1267 / NRRL Y-1140 / WM37),284590,KLLA0F26268g
sp|Q6CII9|ARGJ_KLULA,368,NVS,Kluyveromyces lactis (strain ATCC 8585 / CBS 2359 / DSM 70799 / NBRC 1267 / NRRL Y-1140 / WM37),284590,KLLA0F26268g
sp|Q6CIN0|CLU_KLULA,33,NVS,Kluyveromyces lactis (strain ATCC 8585 / CBS 2359 / DSM 70799 / NBRC 1267 / NRRL Y-1140 / WM37),284590,CLU1
sp|Q6CIN0|CLU_KLULA,74,NGS,Kluyveromyces lactis (strain ATCC 8585 / CBS 2359 / DSM 70799 / NBRC 1267 / NRRL Y-1140 / WM37),284590,CLU1
sp|Q6CIN0|CLU_KLULA,137,NGS,Kluyveromyces lactis (strain ATCC 8585 / CBS 2359 / DSM 70799 / NBRC 1267 / NRRL Y-1140 / WM37),284590,CLU1
sp|Q6CIN0|CLU_KLULA,213,NET,Kluyveromyces lactis (strain ATCC 8585 / CBS 2359 / DSM 70799 / NBRC 1267 / NRRL Y-1140 / WM37),284590,CLU1
sp|Q6CIN0|CLU_KLULA,228,NKS,Kluyveromyces lactis (strain ATCC 8585 / CBS 2359 / DSM 70799 / NBRC 1267 / NRRL Y-1140 / WM37),284590,CLU1
sp|Q6CIN0|CLU_KLULA,332,NSS,Kluyveromyces lactis (strain ATCC 8585 / CBS 2359 / DSM 70799 / NBRC 1267 / NRRL Y-1140 / WM37),284590,CLU1
sp|Q6CIN0|CLU_KLULA,625,NDT,Kluyveromyces lactis (strain ATCC 8585 / CBS 2359 / DSM 70799 / NBRC 1267 / NRRL Y-1140 / WM37),284590,CLU1
sp|Q6CIN0|CLU_KLULA,809,NES,Kluyveromyces lactis (strain ATCC 8585 / CBS 2359 / DSM 70799 / NBRC 1267 / NRRL Y-1140 / WM37),284590,CLU1
sp|Q6CIN0|CLU_KLULA,1149,NES,Kluyveromyces lactis (strain ATCC 8585 / CBS 2359 / DSM 70799 / NBRC 1267 / NRRL Y-1140 / WM37),284590,CLU1
sp|Q6CIN0|CLU_KLULA,1222,NIS,Kluyveromyces lactis (strain ATCC 8585 / CBS 2359 / DSM 70799 / NBRC 1267 / NRRL Y-1140 / WM37),284590,CLU1
sp|Q6CIN0|CLU_KLULA,1240,NKS,Kluyveromyces lactis (strain ATCC 8585 / CBS 2359 / DSM 70799 / NBRC 1267 / NRRL Y-1140 / WM37),284590,CLU1
sp|Q6CIQ1|CARA_KLULA,17,NNS,Kluyveromyces lactis (strain ATCC 8585 / CBS 2359 / DSM 70799 / NBRC 1267 / NRRL Y-1140 / WM37),284590,CPA1
sp|Q6CIQ1|CARA_KLULA,131,NVT,Kluyveromyces lactis (strain ATCC 8585 / CBS 2359 / DSM 70799 / NBRC 1267 / NRRL Y-1140 / WM37),284590,CPA1
sp|Q6CIQ1|CARA_KLULA,219,NVT,Kluyveromyces lactis (strain ATCC 8585 / CBS 2359 / DSM 70799 / NBRC 1267 / NRRL Y-1140 / WM37),284590,CPA1
sp|Q6CIQ1|CARA_KLULA,382,NMS,Kluyveromyces lactis (strain ATCC 8585 / CBS 2359 / DSM 70799 / NBRC 1267 / NRRL Y-1140 / WM37),284590,CPA1
sp|Q6CIQ1|CARA_KLULA,399,NTS,Kluyveromyces lactis (strain ATCC 8585 / CBS 2359 / DSM 70799 / NBRC 1267 / NRRL Y-1140 / WM37),284590,CPA1
sp|Q6CIR6|ETR1_KLULA,355,NAS,Kluyveromyces lactis (strain ATCC 8585 / CBS 2359 / DSM 70799 / NBRC 1267 / NRRL Y-1140 / WM37),284590,ETR1
sp|Q6CIT6|NM111_KLULA,33,NTS,Kluyveromyces lactis (strain ATCC 8585 / CBS 2359 / DSM 70799 / NBRC 1267 / NRRL Y-1140 / WM37),284590,NMA111
sp|Q6CIT6|NM111_KLULA,344,NGT,Kluyveromyces lactis (strain ATCC 8585 / CBS 2359 / DSM 70799 / NBRC 1267 / NRRL Y-1140 / WM37),284590,NMA111
sp|Q6CIT6|NM111_KLULA,474,NLT,Kluyveromyces lactis (strain ATCC 8585 / CBS 2359 / DSM 70799 / NBRC 1267 / NRRL Y-1140 / WM37),284590,NMA111
sp|Q6CIT6|NM111_KLULA,694,NIS,Kluyveromyces lactis (strain ATCC 8585 / CBS 2359 / DSM 70799 / NBRC 1267 / NRRL Y-1140 / WM37),284590,NMA111
sp|Q6CJ49|SPC34_KLULA,165,NGS,Kluyveromyces lactis (strain ATCC 8585 / CBS 2359 / DSM 70799 / NBRC 1267 / NRRL Y-1140 / WM37),284590,SPC34
sp|Q6CJ57|UTP10_KLULA,15,NAT,Kluyveromyces lactis (strain ATCC 8585 / CBS 2359 / DSM 70799 / NBRC 1267 / NRRL Y-1140 / WM37),284590,UTP10
sp|Q6CJ57|UTP10_KLULA,271,NKS,Kluyveromyces lactis (strain ATCC 8585 / CBS 2359 / DSM 70799 / NBRC 1267 / NRRL Y-1140 / WM37),284590,UTP10
sp|Q6CJ57|UTP10_KLULA,423,NLT,Kluyveromyces lactis (strain ATCC 8585 / CBS 2359 / DSM 70799 / NBRC 1267 / NRRL Y-1140 / WM37),284590,UTP10
sp|Q6CJ57|UTP10_KLULA,464,NGS,Kluyveromyces lactis (strain ATCC 8585 / CBS 2359 / DSM 70799 / NBRC 1267 / NRRL Y-1140 / WM37),284590,UTP10
sp|Q6CJ57|UTP10_KLULA,714,NKT,Kluyveromyces lactis (strain ATCC 8585 / CBS 2359 / DSM 70799 / NBRC 1267 / NRRL Y-1140 / WM37),284590,UTP10
sp|Q6CJ57|UTP10_KLULA,836,NKS,Kluyveromyces lactis (strain ATCC 8585 / CBS 2359 / DSM 70799 / NBRC 1267 / NRRL Y-1140 / WM37),284590,UTP10
sp|Q6CJ57|UTP10_KLULA,918,NGS,Kluyveromyces lactis (strain ATCC 8585 / CBS 2359 / DSM 70799 / NBRC 1267 / NRRL Y-1140 / WM37),284590,UTP10
sp|Q6CJ57|UTP10_KLULA,1008,NKS,Kluyveromyces lactis (strain ATCC 8585 / CBS 2359 / DSM 70799 / NBRC 1267 / NRRL Y-1140 / WM37),284590,UTP10
sp|Q6CJ57|UTP10_KLULA,1127,NMS,Kluyveromyces lactis (strain ATCC 8585 / CBS 2359 / DSM 70799 / NBRC 1267 / NRRL Y-1140 / WM37),284590,UTP10
sp|Q6CJ57|UTP10_KLULA,1157,NTS,Kluyveromyces lactis (strain ATCC 8585 / CBS 2359 / DSM 70799 / NBRC 1267 / NRRL Y-1140 / WM37),284590,UTP10
sp|Q6CJ57|UTP10_KLULA,1199,NMT,Kluyveromyces lactis (strain ATCC 8585 / CBS 2359 / DSM 70799 / NBRC 1267 / NRRL Y-1140 / WM37),284590,UTP10
sp|Q6CJ57|UTP10_KLULA,1474,NNS,Kluyveromyces lactis (strain ATCC 8585 / CBS 2359 / DSM 70799 / NBRC 1267 / NRRL Y-1140 / WM37),284590,UTP10
sp|Q6CJ57|UTP10_KLULA,1570,NMS,Kluyveromyces lactis (strain ATCC 8585 / CBS 2359 / DSM 70799 / NBRC 1267 / NRRL Y-1140 / WM37),284590,UTP10
sp|Q6CJ57|UTP10_KLULA,1585,NKT,Kluyveromyces lactis (strain ATCC 8585 / CBS 2359 / DSM 70799 / NBRC 1267 / NRRL Y-1140 / WM37),284590,UTP10
sp|Q6CJ57|UTP10_KLULA,1620,NVS,Kluyveromyces lactis (strain ATCC 8585 / CBS 2359 / DSM 70799 / NBRC 1267 / NRRL Y-1140 / WM37),284590,UTP10
sp|Q6CJ57|UTP10_KLULA,1681,NNS,Kluyveromyces lactis (strain ATCC 8585 / CBS 2359 / DSM 70799 / NBRC 1267 / NRRL Y-1140 / WM37),284590,UTP10
sp|Q6CJ61|RIB7_KLULA,161,NFT,Kluyveromyces lactis (strain ATCC 8585 / CBS 2359 / DSM 70799 / NBRC 1267 / NRRL Y-1140 / WM37),284590,RIB7
sp|Q6CJ86|GABAT_KLULA,167,NSS,Kluyveromyces lactis (strain ATCC 8585 / CBS 2359 / DSM 70799 / NBRC 1267 / NRRL Y-1140 / WM37),284590,KLLA0F20548g
sp|Q6CJ86|GABAT_KLULA,173,NTS,Kluyveromyces lactis (strain ATCC 8585 / CBS 2359 / DSM 70799 / NBRC 1267 / NRRL Y-1140 / WM37),284590,KLLA0F20548g
sp|Q6CJ97|SEY1_KLULA,94,NQS,Kluyveromyces lactis (strain ATCC 8585 / CBS 2359 / DSM 70799 / NBRC 1267 / NRRL Y-1140 / WM37),284590,SEY1
sp|Q6CJ97|SEY1_KLULA,161,NLS,Kluyveromyces lactis (strain ATCC 8585 / CBS 2359 / DSM 70799 / NBRC 1267 / NRRL Y-1140 / WM37),284590,SEY1
sp|Q6CJ97|SEY1_KLULA,680,NTT,Kluyveromyces lactis (strain ATCC 8585 / CBS 2359 / DSM 70799 / NBRC 1267 / NRRL Y-1140 / WM37),284590,SEY1
sp|Q6CJC2|ERG27_KLULA,33,NLT,Kluyveromyces lactis (strain ATCC 8585 / CBS 2359 / DSM 70799 / NBRC 1267 / NRRL Y-1140 / WM37),284590,ERG27
sp|Q6CJC2|ERG27_KLULA,61,NRT,Kluyveromyces lactis (strain ATCC 8585 / CBS 2359 / DSM 70799 / NBRC 1267 / NRRL Y-1140 / WM37),284590,ERG27
sp|Q6CJC5|SWF1_KLULA,73,NDT,Kluyveromyces lactis (strain ATCC 8585 / CBS 2359 / DSM 70799 / NBRC 1267 / NRRL Y-1140 / WM37),284590,SWF1
sp|Q6CJG5|TPIS_KLULA,14,NGS,Kluyveromyces lactis (strain ATCC 8585 / CBS 2359 / DSM 70799 / NBRC 1267 / NRRL Y-1140 / WM37),284590,TPI1
sp|Q6CJG5|TPIS_KLULA,103,NET,Kluyveromyces lactis (strain ATCC 8585 / CBS 2359 / DSM 70799 / NBRC 1267 / NRRL Y-1140 / WM37),284590,TPI1
sp|Q6CJG5|TPIS_KLULA,137,NIT,Kluyveromyces lactis (strain ATCC 8585 / CBS 2359 / DSM 70799 / NBRC 1267 / NRRL Y-1140 / WM37),284590,TPI1
sp|Q6CJI9|CHO2_KLULA,82,NTT,Kluyveromyces lactis (strain ATCC 8585 / CBS 2359 / DSM 70799 / NBRC 1267 / NRRL Y-1140 / WM37),284590,CHO2
sp|Q6CJI9|CHO2_KLULA,196,NIT,Kluyveromyces lactis (strain ATCC 8585 / CBS 2359 / DSM 70799 / NBRC 1267 / NRRL Y-1140 / WM37),284590,CHO2
sp|Q6CJI9|CHO2_KLULA,327,NYS,Kluyveromyces lactis (strain ATCC 8585 / CBS 2359 / DSM 70799 / NBRC 1267 / NRRL Y-1140 / WM37),284590,CHO2
sp|Q6CJI9|CHO2_KLULA,388,NMT,Kluyveromyces lactis (strain ATCC 8585 / CBS 2359 / DSM 70799 / NBRC 1267 / NRRL Y-1140 / WM37),284590,CHO2
sp|Q6CJI9|CHO2_KLULA,524,NFS,Kluyveromyces lactis (strain ATCC 8585 / CBS 2359 / DSM 70799 / NBRC 1267 / NRRL Y-1140 / WM37),284590,CHO2
sp|Q6CJM4|RAD5_KLULA,25,NES,Kluyveromyces lactis (strain ATCC 8585 / CBS 2359 / DSM 70799 / NBRC 1267 / NRRL Y-1140 / WM37),284590,RAD5
sp|Q6CJM4|RAD5_KLULA,55,NTS,Kluyveromyces lactis (strain ATCC 8585 / CBS 2359 / DSM 70799 / NBRC 1267 / NRRL Y-1140 / WM37),284590,RAD5
sp|Q6CJM4|RAD5_KLULA,302,NKS,Kluyveromyces lactis (strain ATCC 8585 / CBS 2359 / DSM 70799 / NBRC 1267 / NRRL Y-1140 / WM37),284590,RAD5
sp|Q6CJM4|RAD5_KLULA,634,NRS,Kluyveromyces lactis (strain ATCC 8585 / CBS 2359 / DSM 70799 / NBRC 1267 / NRRL Y-1140 / WM37),284590,RAD5
sp|Q6CJM4|RAD5_KLULA,773,NYT,Kluyveromyces lactis (strain ATCC 8585 / CBS 2359 / DSM 70799 / NBRC 1267 / NRRL Y-1140 / WM37),284590,RAD5
sp|Q6CJM4|RAD5_KLULA,810,NST,Kluyveromyces lactis (strain ATCC 8585 / CBS 2359 / DSM 70799 / NBRC 1267 / NRRL Y-1140 / WM37),284590,RAD5
sp|Q6CJM4|RAD5_KLULA,814,NIS,Kluyveromyces lactis (strain ATCC 8585 / CBS 2359 / DSM 70799 / NBRC 1267 / NRRL Y-1140 / WM37),284590,RAD5
sp|Q6CJM4|RAD5_KLULA,1030,NLT,Kluyveromyces lactis (strain ATCC 8585 / CBS 2359 / DSM 70799 / NBRC 1267 / NRRL Y-1140 / WM37),284590,RAD5
sp|Q6CJR2|ALG8_KLULA,144,NTS,Kluyveromyces lactis (strain ATCC 8585 / CBS 2359 / DSM 70799 / NBRC 1267 / NRRL Y-1140 / WM37),284590,ALG8
sp|Q6CJR2|ALG8_KLULA,344,NNS,Kluyveromyces lactis (strain ATCC 8585 / CBS 2359 / DSM 70799 / NBRC 1267 / NRRL Y-1140 / WM37),284590,ALG8
sp|Q6CJR2|ALG8_KLULA,482,NRS,Kluyveromyces lactis (strain ATCC 8585 / CBS 2359 / DSM 70799 / NBRC 1267 / NRRL Y-1140 / WM37),284590,ALG8
sp|Q6CJS8|DRE2_KLULA,113,NGS,Kluyveromyces lactis (strain ATCC 8585 / CBS 2359 / DSM 70799 / NBRC 1267 / NRRL Y-1140 / WM37),284590,DRE2
sp|Q6CJS8|DRE2_KLULA,155,NKT,Kluyveromyces lactis (strain ATCC 8585 / CBS 2359 / DSM 70799 / NBRC 1267 / NRRL Y-1140 / WM37),284590,DRE2
sp|Q6CJS8|DRE2_KLULA,209,NNS,Kluyveromyces lactis (strain ATCC 8585 / CBS 2359 / DSM 70799 / NBRC 1267 / NRRL Y-1140 / WM37),284590,DRE2
sp|Q6CJU4|CCR4_KLULA,229,NST,Kluyveromyces lactis (strain ATCC 8585 / CBS 2359 / DSM 70799 / NBRC 1267 / NRRL Y-1140 / WM37),284590,CCR4
sp|Q6CJU4|CCR4_KLULA,446,NNT,Kluyveromyces lactis (strain ATCC 8585 / CBS 2359 / DSM 70799 / NBRC 1267 / NRRL Y-1140 / WM37),284590,CCR4
sp|Q6CJU4|CCR4_KLULA,523,NYS,Kluyveromyces lactis (strain ATCC 8585 / CBS 2359 / DSM 70799 / NBRC 1267 / NRRL Y-1140 / WM37),284590,CCR4
sp|Q6CJU4|CCR4_KLULA,699,NFS,Kluyveromyces lactis (strain ATCC 8585 / CBS 2359 / DSM 70799 / NBRC 1267 / NRRL Y-1140 / WM37),284590,CCR4
sp|Q6CJU4|CCR4_KLULA,703,NLS,Kluyveromyces lactis (strain ATCC 8585 / CBS 2359 / DSM 70799 / NBRC 1267 / NRRL Y-1140 / WM37),284590,CCR4
sp|Q6CJU4|CCR4_KLULA,720,NMT,Kluyveromyces lactis (strain ATCC 8585 / CBS 2359 / DSM 70799 / NBRC 1267 / NRRL Y-1140 / WM37),284590,CCR4
sp|Q6CJU4|CCR4_KLULA,781,NAT,Kluyveromyces lactis (strain ATCC 8585 / CBS 2359 / DSM 70799 / NBRC 1267 / NRRL Y-1140 / WM37),284590,CCR4
sp|Q6CJU9|MMM1_KLULA,27,NMT,Kluyveromyces lactis (strain ATCC 8585 / CBS 2359 / DSM 70799 / NBRC 1267 / NRRL Y-1140 / WM37),284590,MMM1
sp|Q6CJU9|MMM1_KLULA,32,NGT,Kluyveromyces lactis (strain ATCC 8585 / CBS 2359 / DSM 70799 / NBRC 1267 / NRRL Y-1140 / WM37),284590,MMM1
sp|Q6CJU9|MMM1_KLULA,35,NDT,Kluyveromyces lactis (strain ATCC 8585 / CBS 2359 / DSM 70799 / NBRC 1267 / NRRL Y-1140 / WM37),284590,MMM1
sp|Q6CJU9|MMM1_KLULA,46,NKS,Kluyveromyces lactis (strain ATCC 8585 / CBS 2359 / DSM 70799 / NBRC 1267 / NRRL Y-1140 / WM37),284590,MMM1
sp|Q6CJY0|CENPQ_KLULA,124,NVS,Kluyveromyces lactis (strain ATCC 8585 / CBS 2359 / DSM 70799 / NBRC 1267 / NRRL Y-1140 / WM37),284590,OKP1
sp|Q6CK32|DBP7_KLULA,13,NFT,Kluyveromyces lactis (strain ATCC 8585 / CBS 2359 / DSM 70799 / NBRC 1267 / NRRL Y-1140 / WM37),284590,DBP7
sp|Q6CK32|DBP7_KLULA,76,NST,Kluyveromyces lactis (strain ATCC 8585 / CBS 2359 / DSM 70799 / NBRC 1267 / NRRL Y-1140 / WM37),284590,DBP7
sp|Q6CK32|DBP7_KLULA,93,NSS,Kluyveromyces lactis (strain ATCC 8585 / CBS 2359 / DSM 70799 / NBRC 1267 / NRRL Y-1140 / WM37),284590,DBP7
sp|Q6CK32|DBP7_KLULA,219,NIT,Kluyveromyces lactis (strain ATCC 8585 / CBS 2359 / DSM 70799 / NBRC 1267 / NRRL Y-1140 / WM37),284590,DBP7
sp|Q6CK32|DBP7_KLULA,361,NVT,Kluyveromyces lactis (strain ATCC 8585 / CBS 2359 / DSM 70799 / NBRC 1267 / NRRL Y-1140 / WM37),284590,DBP7
sp|Q6CK32|DBP7_KLULA,367,NVT,Kluyveromyces lactis (strain ATCC 8585 / CBS 2359 / DSM 70799 / NBRC 1267 / NRRL Y-1140 / WM37),284590,DBP7
sp|Q6CK32|DBP7_KLULA,477,NDT,Kluyveromyces lactis (strain ATCC 8585 / CBS 2359 / DSM 70799 / NBRC 1267 / NRRL Y-1140 / WM37),284590,DBP7
sp|Q6CK32|DBP7_KLULA,629,NAT,Kluyveromyces lactis (strain ATCC 8585 / CBS 2359 / DSM 70799 / NBRC 1267 / NRRL Y-1140 / WM37),284590,DBP7
sp|Q6CK38|SLD2_KLULA,90,NNT,Kluyveromyces lactis (strain ATCC 8585 / CBS 2359 / DSM 70799 / NBRC 1267 / NRRL Y-1140 / WM37),284590,SLD2
sp|Q6CK38|SLD2_KLULA,143,NFS,Kluyveromyces lactis (strain ATCC 8585 / CBS 2359 / DSM 70799 / NBRC 1267 / NRRL Y-1140 / WM37),284590,SLD2
sp|Q6CK38|SLD2_KLULA,149,NSS,Kluyveromyces lactis (strain ATCC 8585 / CBS 2359 / DSM 70799 / NBRC 1267 / NRRL Y-1140 / WM37),284590,SLD2
sp|Q6CK38|SLD2_KLULA,158,NLS,Kluyveromyces lactis (strain ATCC 8585 / CBS 2359 / DSM 70799 / NBRC 1267 / NRRL Y-1140 / WM37),284590,SLD2
sp|Q6CK38|SLD2_KLULA,269,NET,Kluyveromyces lactis (strain ATCC 8585 / CBS 2359 / DSM 70799 / NBRC 1267 / NRRL Y-1140 / WM37),284590,SLD2
sp|Q6CK57|KAD2_KLULA,30,NLT,Kluyveromyces lactis (strain ATCC 8585 / CBS 2359 / DSM 70799 / NBRC 1267 / NRRL Y-1140 / WM37),284590,ADK1
sp|Q6CK59|H2A_KLULA,100,NVT,Kluyveromyces lactis (strain ATCC 8585 / CBS 2359 / DSM 70799 / NBRC 1267 / NRRL Y-1140 / WM37),284590,HTA1
sp|Q6CKC6|PFF1_KLULA,117,NDS,Kluyveromyces lactis (strain ATCC 8585 / CBS 2359 / DSM 70799 / NBRC 1267 / NRRL Y-1140 / WM37),284590,KLLA0F11748g
sp|Q6CKC6|PFF1_KLULA,341,NSS,Kluyveromyces lactis (strain ATCC 8585 / CBS 2359 / DSM 70799 / NBRC 1267 / NRRL Y-1140 / WM37),284590,KLLA0F11748g
sp|Q6CKC6|PFF1_KLULA,524,NAT,Kluyveromyces lactis (strain ATCC 8585 / CBS 2359 / DSM 70799 / NBRC 1267 / NRRL Y-1140 / WM37),284590,KLLA0F11748g
sp|Q6CKC6|PFF1_KLULA,540,NDT,Kluyveromyces lactis (strain ATCC 8585 / CBS 2359 / DSM 70799 / NBRC 1267 / NRRL Y-1140 / WM37),284590,KLLA0F11748g
sp|Q6CKC6|PFF1_KLULA,729,NVS,Kluyveromyces lactis (strain ATCC 8585 / CBS 2359 / DSM 70799 / NBRC 1267 / NRRL Y-1140 / WM37),284590,KLLA0F11748g
sp|Q6CKC6|PFF1_KLULA,794,NTT,Kluyveromyces lactis (strain ATCC 8585 / CBS 2359 / DSM 70799 / NBRC 1267 / NRRL Y-1140 / WM37),284590,KLLA0F11748g
sp|Q6CKC6|PFF1_KLULA,810,NET,Kluyveromyces lactis (strain ATCC 8585 / CBS 2359 / DSM 70799 / NBRC 1267 / NRRL Y-1140 / WM37),284590,KLLA0F11748g
sp|Q6CKE2|ATG5_KLULA,95,NSS,Kluyveromyces lactis (strain ATCC 8585 / CBS 2359 / DSM 70799 / NBRC 1267 / NRRL Y-1140 / WM37),284590,ATG5
sp|Q6CKE2|ATG5_KLULA,152,NGS,Kluyveromyces lactis (strain ATCC 8585 / CBS 2359 / DSM 70799 / NBRC 1267 / NRRL Y-1140 / WM37),284590,ATG5
sp|Q6CKE2|ATG5_KLULA,192,NKT,Kluyveromyces lactis (strain ATCC 8585 / CBS 2359 / DSM 70799 / NBRC 1267 / NRRL Y-1140 / WM37),284590,ATG5
sp|Q6CKF0|PTPA2_KLULA,16,NNS,Kluyveromyces lactis (strain ATCC 8585 / CBS 2359 / DSM 70799 / NBRC 1267 / NRRL Y-1140 / WM37),284590,RRD2
sp|Q6CKF0|PTPA2_KLULA,75,NTS,Kluyveromyces lactis (strain ATCC 8585 / CBS 2359 / DSM 70799 / NBRC 1267 / NRRL Y-1140 / WM37),284590,RRD2
sp|Q6CKF0|PTPA2_KLULA,158,NDS,Kluyveromyces lactis (strain ATCC 8585 / CBS 2359 / DSM 70799 / NBRC 1267 / NRRL Y-1140 / WM37),284590,RRD2
sp|Q6CKH5|DAD3_KLULA,34,NNT,Kluyveromyces lactis (strain ATCC 8585 / CBS 2359 / DSM 70799 / NBRC 1267 / NRRL Y-1140 / WM37),284590,DAD3
sp|Q6CKI0|MCES_KLULA,136,NYS,Kluyveromyces lactis (strain ATCC 8585 / CBS 2359 / DSM 70799 / NBRC 1267 / NRRL Y-1140 / WM37),284590,ABD1
sp|Q6CKI0|MCES_KLULA,194,NAS,Kluyveromyces lactis (strain ATCC 8585 / CBS 2359 / DSM 70799 / NBRC 1267 / NRRL Y-1140 / WM37),284590,ABD1
sp|Q6CKK4|KEX1_KLULA,80,NQT,Kluyveromyces lactis (strain ATCC 8585 / CBS 2359 / DSM 70799 / NBRC 1267 / NRRL Y-1140 / WM37),284590,KEX1
sp|Q6CKK4|KEX1_KLULA,425,NHT,Kluyveromyces lactis (strain ATCC 8585 / CBS 2359 / DSM 70799 / NBRC 1267 / NRRL Y-1140 / WM37),284590,KEX1
sp|Q6CKK4|KEX1_KLULA,459,NLT,Kluyveromyces lactis (strain ATCC 8585 / CBS 2359 / DSM 70799 / NBRC 1267 / NRRL Y-1140 / WM37),284590,KEX1
sp|Q6CKK4|KEX1_KLULA,467,NAS,Kluyveromyces lactis (strain ATCC 8585 / CBS 2359 / DSM 70799 / NBRC 1267 / NRRL Y-1140 / WM37),284590,KEX1
sp|Q6CKK4|KEX1_KLULA,589,NKS,Kluyveromyces lactis (strain ATCC 8585 / CBS 2359 / DSM 70799 / NBRC 1267 / NRRL Y-1140 / WM37),284590,KEX1
sp|Q6CKK4|KEX1_KLULA,622,NKS,Kluyveromyces lactis (strain ATCC 8585 / CBS 2359 / DSM 70799 / NBRC 1267 / NRRL Y-1140 / WM37),284590,KEX1
sp|Q6CKL8|SLX1_KLULA,56,NGT,Kluyveromyces lactis (strain ATCC 8585 / CBS 2359 / DSM 70799 / NBRC 1267 / NRRL Y-1140 / WM37),284590,SLX1
sp|Q6CKL8|SLX1_KLULA,201,NLT,Kluyveromyces lactis (strain ATCC 8585 / CBS 2359 / DSM 70799 / NBRC 1267 / NRRL Y-1140 / WM37),284590,SLX1
sp|Q6CKX0|XRN2_KLULA,224,NTT,Kluyveromyces lactis (strain ATCC 8585 / CBS 2359 / DSM 70799 / NBRC 1267 / NRRL Y-1140 / WM37),284590,RAT1
sp|Q6CKX0|XRN2_KLULA,271,NLS,Kluyveromyces lactis (strain ATCC 8585 / CBS 2359 / DSM 70799 / NBRC 1267 / NRRL Y-1140 / WM37),284590,RAT1
sp|Q6CKX0|XRN2_KLULA,417,NVS,Kluyveromyces lactis (strain ATCC 8585 / CBS 2359 / DSM 70799 / NBRC 1267 / NRRL Y-1140 / WM37),284590,RAT1
sp|Q6CKX0|XRN2_KLULA,449,NLS,Kluyveromyces lactis (strain ATCC 8585 / CBS 2359 / DSM 70799 / NBRC 1267 / NRRL Y-1140 / WM37),284590,RAT1
sp|Q6CKX0|XRN2_KLULA,949,NNS,Kluyveromyces lactis (strain ATCC 8585 / CBS 2359 / DSM 70799 / NBRC 1267 / NRRL Y-1140 / WM37),284590,RAT1
sp|Q6CKX0|XRN2_KLULA,971,NNS,Kluyveromyces lactis (strain ATCC 8585 / CBS 2359 / DSM 70799 / NBRC 1267 / NRRL Y-1140 / WM37),284590,RAT1
sp|Q6CL17|VPS27_KLULA,129,NDS,Kluyveromyces lactis (strain ATCC 8585 / CBS 2359 / DSM 70799 / NBRC 1267 / NRRL Y-1140 / WM37),284590,VPS27
sp|Q6CL17|VPS27_KLULA,324,NTS,Kluyveromyces lactis (strain ATCC 8585 / CBS 2359 / DSM 70799 / NBRC 1267 / NRRL Y-1140 / WM37),284590,VPS27
sp|Q6CL17|VPS27_KLULA,424,NIS,Kluyveromyces lactis (strain ATCC 8585 / CBS 2359 / DSM 70799 / NBRC 1267 / NRRL Y-1140 / WM37),284590,VPS27
sp|Q6CL17|VPS27_KLULA,541,NTT,Kluyveromyces lactis (strain ATCC 8585 / CBS 2359 / DSM 70799 / NBRC 1267 / NRRL Y-1140 / WM37),284590,VPS27
sp|Q6CL17|VPS27_KLULA,566,NIT,Kluyveromyces lactis (strain ATCC 8585 / CBS 2359 / DSM 70799 / NBRC 1267 / NRRL Y-1140 / WM37),284590,VPS27
sp|Q6CL19|ATG3_KLULA,222,NIS,Kluyveromyces lactis (strain ATCC 8585 / CBS 2359 / DSM 70799 / NBRC 1267 / NRRL Y-1140 / WM37),284590,ATG3
sp|Q6CL75|SEC31_KLULA,163,NQS,Kluyveromyces lactis (strain ATCC 8585 / CBS 2359 / DSM 70799 / NBRC 1267 / NRRL Y-1140 / WM37),284590,SEC31
sp|Q6CL75|SEC31_KLULA,194,NHS,Kluyveromyces lactis (strain ATCC 8585 / CBS 2359 / DSM 70799 / NBRC 1267 / NRRL Y-1140 / WM37),284590,SEC31
sp|Q6CL75|SEC31_KLULA,274,NTS,Kluyveromyces lactis (strain ATCC 8585 / CBS 2359 / DSM 70799 / NBRC 1267 / NRRL Y-1140 / WM37),284590,SEC31
sp|Q6CL75|SEC31_KLULA,326,NLS,Kluyveromyces lactis (strain ATCC 8585 / CBS 2359 / DSM 70799 / NBRC 1267 / NRRL Y-1140 / WM37),284590,SEC31
sp|Q6CL75|SEC31_KLULA,336,NES,Kluyveromyces lactis (strain ATCC 8585 / CBS 2359 / DSM 70799 / NBRC 1267 / NRRL Y-1140 / WM37),284590,SEC31
sp|Q6CL75|SEC31_KLULA,350,NVT,Kluyveromyces lactis (strain ATCC 8585 / CBS 2359 / DSM 70799 / NBRC 1267 / NRRL Y-1140 / WM37),284590,SEC31
sp|Q6CL75|SEC31_KLULA,373,NKS,Kluyveromyces lactis (strain ATCC 8585 / CBS 2359 / DSM 70799 / NBRC 1267 / NRRL Y-1140 / WM37),284590,SEC31
sp|Q6CL75|SEC31_KLULA,434,NAT,Kluyveromyces lactis (strain ATCC 8585 / CBS 2359 / DSM 70799 / NBRC 1267 / NRRL Y-1140 / WM37),284590,SEC31
sp|Q6CL75|SEC31_KLULA,446,NLS,Kluyveromyces lactis (strain ATCC 8585 / CBS 2359 / DSM 70799 / NBRC 1267 / NRRL Y-1140 / WM37),284590,SEC31
sp|Q6CL75|SEC31_KLULA,593,NYT,Kluyveromyces lactis (strain ATCC 8585 / CBS 2359 / DSM 70799 / NBRC 1267 / NRRL Y-1140 / WM37),284590,SEC31
sp|Q6CL75|SEC31_KLULA,688,NQT,Kluyveromyces lactis (strain ATCC 8585 / CBS 2359 / DSM 70799 / NBRC 1267 / NRRL Y-1140 / WM37),284590,SEC31
sp|Q6CL75|SEC31_KLULA,700,NVT,Kluyveromyces lactis (strain ATCC 8585 / CBS 2359 / DSM 70799 / NBRC 1267 / NRRL Y-1140 / WM37),284590,SEC31
sp|Q6CL75|SEC31_KLULA,750,NST,Kluyveromyces lactis (strain ATCC 8585 / CBS 2359 / DSM 70799 / NBRC 1267 / NRRL Y-1140 / WM37),284590,SEC31
sp|Q6CL75|SEC31_KLULA,945,NST,Kluyveromyces lactis (strain ATCC 8585 / CBS 2359 / DSM 70799 / NBRC 1267 / NRRL Y-1140 / WM37),284590,SEC31
sp|Q6CL75|SEC31_KLULA,1192,NYS,Kluyveromyces lactis (strain ATCC 8585 / CBS 2359 / DSM 70799 / NBRC 1267 / NRRL Y-1140 / WM37),284590,SEC31
sp|Q6CL75|SEC31_KLULA,1206,NHS,Kluyveromyces lactis (strain ATCC 8585 / CBS 2359 / DSM 70799 / NBRC 1267 / NRRL Y-1140 / WM37),284590,SEC31
sp|Q6CL78|PPID_KLULA,82,NGT,Kluyveromyces lactis (strain ATCC 8585 / CBS 2359 / DSM 70799 / NBRC 1267 / NRRL Y-1140 / WM37),284590,CPR6
sp|Q6CL78|PPID_KLULA,98,NFT,Kluyveromyces lactis (strain ATCC 8585 / CBS 2359 / DSM 70799 / NBRC 1267 / NRRL Y-1140 / WM37),284590,CPR6
sp|Q6CL78|PPID_KLULA,119,NGS,Kluyveromyces lactis (strain ATCC 8585 / CBS 2359 / DSM 70799 / NBRC 1267 / NRRL Y-1140 / WM37),284590,CPR6
sp|Q6CL78|PPID_KLULA,156,NAT,Kluyveromyces lactis (strain ATCC 8585 / CBS 2359 / DSM 70799 / NBRC 1267 / NRRL Y-1140 / WM37),284590,CPR6
sp|Q6CL78|PPID_KLULA,201,NIT,Kluyveromyces lactis (strain ATCC 8585 / CBS 2359 / DSM 70799 / NBRC 1267 / NRRL Y-1140 / WM37),284590,CPR6
sp|Q6CL78|PPID_KLULA,286,NYS,Kluyveromyces lactis (strain ATCC 8585 / CBS 2359 / DSM 70799 / NBRC 1267 / NRRL Y-1140 / WM37),284590,CPR6
sp|Q6CLD3|LKHA4_KLULA,7,NKT,Kluyveromyces lactis (strain ATCC 8585 / CBS 2359 / DSM 70799 / NBRC 1267 / NRRL Y-1140 / WM37),284590,KLLA0F03883g
sp|Q6CLD3|LKHA4_KLULA,312,NMT,Kluyveromyces lactis (strain ATCC 8585 / CBS 2359 / DSM 70799 / NBRC 1267 / NRRL Y-1140 / WM37),284590,KLLA0F03883g
sp|Q6CLD3|LKHA4_KLULA,346,NCS,Kluyveromyces lactis (strain ATCC 8585 / CBS 2359 / DSM 70799 / NBRC 1267 / NRRL Y-1140 / WM37),284590,KLLA0F03883g
sp|Q6CLD6|ALG11_KLULA,44,NNS,Kluyveromyces lactis (strain ATCC 8585 / CBS 2359 / DSM 70799 / NBRC 1267 / NRRL Y-1140 / WM37),284590,ALG11
sp|Q6CLD6|ALG11_KLULA,66,NSS,Kluyveromyces lactis (strain ATCC 8585 / CBS 2359 / DSM 70799 / NBRC 1267 / NRRL Y-1140 / WM37),284590,ALG11
sp|Q6CLD6|ALG11_KLULA,161,NGS,Kluyveromyces lactis (strain ATCC 8585 / CBS 2359 / DSM 70799 / NBRC 1267 / NRRL Y-1140 / WM37),284590,ALG11
sp|Q6CLD6|ALG11_KLULA,303,NST,Kluyveromyces lactis (strain ATCC 8585 / CBS 2359 / DSM 70799 / NBRC 1267 / NRRL Y-1140 / WM37),284590,ALG11
sp|Q6CLD6|ALG11_KLULA,490,NET,Kluyveromyces lactis (strain ATCC 8585 / CBS 2359 / DSM 70799 / NBRC 1267 / NRRL Y-1140 / WM37),284590,ALG11
sp|Q6CLD6|ALG11_KLULA,562,NLT,Kluyveromyces lactis (strain ATCC 8585 / CBS 2359 / DSM 70799 / NBRC 1267 / NRRL Y-1140 / WM37),284590,ALG11
sp|Q6CLE0|SEC24_KLULA,106,NIS,Kluyveromyces lactis (strain ATCC 8585 / CBS 2359 / DSM 70799 / NBRC 1267 / NRRL Y-1140 / WM37),284590,SEC24
sp|Q6CLE0|SEC24_KLULA,185,NDT,Kluyveromyces lactis (strain ATCC 8585 / CBS 2359 / DSM 70799 / NBRC 1267 / NRRL Y-1140 / WM37),284590,SEC24
sp|Q6CLE0|SEC24_KLULA,190,NCS,Kluyveromyces lactis (strain ATCC 8585 / CBS 2359 / DSM 70799 / NBRC 1267 / NRRL Y-1140 / WM37),284590,SEC24
sp|Q6CLE0|SEC24_KLULA,205,NNS,Kluyveromyces lactis (strain ATCC 8585 / CBS 2359 / DSM 70799 / NBRC 1267 / NRRL Y-1140 / WM37),284590,SEC24
sp|Q6CLE0|SEC24_KLULA,292,NHS,Kluyveromyces lactis (strain ATCC 8585 / CBS 2359 / DSM 70799 / NBRC 1267 / NRRL Y-1140 / WM37),284590,SEC24
sp|Q6CLE0|SEC24_KLULA,470,NTS,Kluyveromyces lactis (strain ATCC 8585 / CBS 2359 / DSM 70799 / NBRC 1267 / NRRL Y-1140 / WM37),284590,SEC24
sp|Q6CLE0|SEC24_KLULA,580,NRS,Kluyveromyces lactis (strain ATCC 8585 / CBS 2359 / DSM 70799 / NBRC 1267 / NRRL Y-1140 / WM37),284590,SEC24
sp|Q6CLE0|SEC24_KLULA,679,NKS,Kluyveromyces lactis (strain ATCC 8585 / CBS 2359 / DSM 70799 / NBRC 1267 / NRRL Y-1140 / WM37),284590,SEC24
sp|Q6CLE0|SEC24_KLULA,786,NST,Kluyveromyces lactis (strain ATCC 8585 / CBS 2359 / DSM 70799 / NBRC 1267 / NRRL Y-1140 / WM37),284590,SEC24
sp|Q6CLH3|EIF3C_KLULA,46,NDS,Kluyveromyces lactis (strain ATCC 8585 / CBS 2359 / DSM 70799 / NBRC 1267 / NRRL Y-1140 / WM37),284590,NIP1
sp|Q6CLH3|EIF3C_KLULA,58,NDS,Kluyveromyces lactis (strain ATCC 8585 / CBS 2359 / DSM 70799 / NBRC 1267 / NRRL Y-1140 / WM37),284590,NIP1
sp|Q6CLH3|EIF3C_KLULA,91,NYS,Kluyveromyces lactis (strain ATCC 8585 / CBS 2359 / DSM 70799 / NBRC 1267 / NRRL Y-1140 / WM37),284590,NIP1
sp|Q6CLH3|EIF3C_KLULA,192,NTT,Kluyveromyces lactis (strain ATCC 8585 / CBS 2359 / DSM 70799 / NBRC 1267 / NRRL Y-1140 / WM37),284590,NIP1
sp|Q6CLH3|EIF3C_KLULA,205,NET,Kluyveromyces lactis (strain ATCC 8585 / CBS 2359 / DSM 70799 / NBRC 1267 / NRRL Y-1140 / WM37),284590,NIP1
sp|Q6CLH3|EIF3C_KLULA,255,NIS,Kluyveromyces lactis (strain ATCC 8585 / CBS 2359 / DSM 70799 / NBRC 1267 / NRRL Y-1140 / WM37),284590,NIP1
sp|Q6CLH3|EIF3C_KLULA,480,NES,Kluyveromyces lactis (strain ATCC 8585 / CBS 2359 / DSM 70799 / NBRC 1267 / NRRL Y-1140 / WM37),284590,NIP1
sp|Q6CLN0|KDSR_KLULA,71,NDT,Kluyveromyces lactis (strain ATCC 8585 / CBS 2359 / DSM 70799 / NBRC 1267 / NRRL Y-1140 / WM37),284590,TSC10
sp|Q6CLN0|KDSR_KLULA,76,NET,Kluyveromyces lactis (strain ATCC 8585 / CBS 2359 / DSM 70799 / NBRC 1267 / NRRL Y-1140 / WM37),284590,TSC10
sp|Q6CLN0|KDSR_KLULA,137,NYS,Kluyveromyces lactis (strain ATCC 8585 / CBS 2359 / DSM 70799 / NBRC 1267 / NRRL Y-1140 / WM37),284590,TSC10
sp|Q6CLN0|KDSR_KLULA,214,NIT,Kluyveromyces lactis (strain ATCC 8585 / CBS 2359 / DSM 70799 / NBRC 1267 / NRRL Y-1140 / WM37),284590,TSC10
sp|Q6CLN0|KDSR_KLULA,288,NIT,Kluyveromyces lactis (strain ATCC 8585 / CBS 2359 / DSM 70799 / NBRC 1267 / NRRL Y-1140 / WM37),284590,TSC10
sp|Q6CLQ5|GLYM_KLULA,29,NAS,Kluyveromyces lactis (strain ATCC 8585 / CBS 2359 / DSM 70799 / NBRC 1267 / NRRL Y-1140 / WM37),284590,SHM1
sp|Q6CLQ5|GLYM_KLULA,70,NFT,Kluyveromyces lactis (strain ATCC 8585 / CBS 2359 / DSM 70799 / NBRC 1267 / NRRL Y-1140 / WM37),284590,SHM1
sp|Q6CLQ5|GLYM_KLULA,308,NFS,Kluyveromyces lactis (strain ATCC 8585 / CBS 2359 / DSM 70799 / NBRC 1267 / NRRL Y-1140 / WM37),284590,SHM1
sp|Q6CLQ5|GLYM_KLULA,321,NHT,Kluyveromyces lactis (strain ATCC 8585 / CBS 2359 / DSM 70799 / NBRC 1267 / NRRL Y-1140 / WM37),284590,SHM1
sp|Q6CLQ5|GLYM_KLULA,377,NLS,Kluyveromyces lactis (strain ATCC 8585 / CBS 2359 / DSM 70799 / NBRC 1267 / NRRL Y-1140 / WM37),284590,SHM1
sp|Q6CLR3|DED1_KLULA,7,NMS,Kluyveromyces lactis (strain ATCC 8585 / CBS 2359 / DSM 70799 / NBRC 1267 / NRRL Y-1140 / WM37),284590,DED1
sp|Q6CLR3|DED1_KLULA,10,NLS,Kluyveromyces lactis (strain ATCC 8585 / CBS 2359 / DSM 70799 / NBRC 1267 / NRRL Y-1140 / WM37),284590,DED1
sp|Q6CLR3|DED1_KLULA,16,NDS,Kluyveromyces lactis (strain ATCC 8585 / CBS 2359 / DSM 70799 / NBRC 1267 / NRRL Y-1140 / WM37),284590,DED1
sp|Q6CLR3|DED1_KLULA,88,NDS,Kluyveromyces lactis (strain ATCC 8585 / CBS 2359 / DSM 70799 / NBRC 1267 / NRRL Y-1140 / WM37),284590,DED1
sp|Q6CLR3|DED1_KLULA,100,NSS,Kluyveromyces lactis (strain ATCC 8585 / CBS 2359 / DSM 70799 / NBRC 1267 / NRRL Y-1140 / WM37),284590,DED1
sp|Q6CLR3|DED1_KLULA,390,NIT,Kluyveromyces lactis (strain ATCC 8585 / CBS 2359 / DSM 70799 / NBRC 1267 / NRRL Y-1140 / WM37),284590,DED1
sp|Q6CLR3|DED1_KLULA,404,NDT,Kluyveromyces lactis (strain ATCC 8585 / CBS 2359 / DSM 70799 / NBRC 1267 / NRRL Y-1140 / WM37),284590,DED1
sp|Q6CLR3|DED1_KLULA,484,NVT,Kluyveromyces lactis (strain ATCC 8585 / CBS 2359 / DSM 70799 / NBRC 1267 / NRRL Y-1140 / WM37),284590,DED1
sp|Q6CLR3|DED1_KLULA,571,NST,Kluyveromyces lactis (strain ATCC 8585 / CBS 2359 / DSM 70799 / NBRC 1267 / NRRL Y-1140 / WM37),284590,DED1
sp|Q6CLR3|DED1_KLULA,608,NSS,Kluyveromyces lactis (strain ATCC 8585 / CBS 2359 / DSM 70799 / NBRC 1267 / NRRL Y-1140 / WM37),284590,DED1
sp|Q6CLR3|DED1_KLULA,615,NSS,Kluyveromyces lactis (strain ATCC 8585 / CBS 2359 / DSM 70799 / NBRC 1267 / NRRL Y-1140 / WM37),284590,DED1
sp|Q6CLR3|DED1_KLULA,618,NSS,Kluyveromyces lactis (strain ATCC 8585 / CBS 2359 / DSM 70799 / NBRC 1267 / NRRL Y-1140 / WM37),284590,DED1
sp|Q6CLY1|NPL4_KLULA,86,NVS,Kluyveromyces lactis (strain ATCC 8585 / CBS 2359 / DSM 70799 / NBRC 1267 / NRRL Y-1140 / WM37),284590,NPL4
sp|Q6CLY1|NPL4_KLULA,94,NMT,Kluyveromyces lactis (strain ATCC 8585 / CBS 2359 / DSM 70799 / NBRC 1267 / NRRL Y-1140 / WM37),284590,NPL4
sp|Q6CLY1|NPL4_KLULA,373,NVS,Kluyveromyces lactis (strain ATCC 8585 / CBS 2359 / DSM 70799 / NBRC 1267 / NRRL Y-1140 / WM37),284590,NPL4
sp|Q6CLY1|NPL4_KLULA,432,NET,Kluyveromyces lactis (strain ATCC 8585 / CBS 2359 / DSM 70799 / NBRC 1267 / NRRL Y-1140 / WM37),284590,NPL4
sp|Q6CLY1|NPL4_KLULA,452,NLT,Kluyveromyces lactis (strain ATCC 8585 / CBS 2359 / DSM 70799 / NBRC 1267 / NRRL Y-1140 / WM37),284590,NPL4
sp|Q6CLY1|NPL4_KLULA,489,NTT,Kluyveromyces lactis (strain ATCC 8585 / CBS 2359 / DSM 70799 / NBRC 1267 / NRRL Y-1140 / WM37),284590,NPL4
sp|Q6CLZ6|PNG1_KLULA,31,NGS,Kluyveromyces lactis (strain ATCC 8585 / CBS 2359 / DSM 70799 / NBRC 1267 / NRRL Y-1140 / WM37),284590,PNG1
sp|Q6CLZ6|PNG1_KLULA,94,NAS,Kluyveromyces lactis (strain ATCC 8585 / CBS 2359 / DSM 70799 / NBRC 1267 / NRRL Y-1140 / WM37),284590,PNG1
sp|Q6CLZ6|PNG1_KLULA,124,NCS,Kluyveromyces lactis (strain ATCC 8585 / CBS 2359 / DSM 70799 / NBRC 1267 / NRRL Y-1140 / WM37),284590,PNG1
sp|Q6CM10|SEC16_KLULA,26,NGS,Kluyveromyces lactis (strain ATCC 8585 / CBS 2359 / DSM 70799 / NBRC 1267 / NRRL Y-1140 / WM37),284590,SEC16
sp|Q6CM10|SEC16_KLULA,99,NDT,Kluyveromyces lactis (strain ATCC 8585 / CBS 2359 / DSM 70799 / NBRC 1267 / NRRL Y-1140 / WM37),284590,SEC16
sp|Q6CM10|SEC16_KLULA,288,NDT,Kluyveromyces lactis (strain ATCC 8585 / CBS 2359 / DSM 70799 / NBRC 1267 / NRRL Y-1140 / WM37),284590,SEC16
sp|Q6CM10|SEC16_KLULA,307,NSS,Kluyveromyces lactis (strain ATCC 8585 / CBS 2359 / DSM 70799 / NBRC 1267 / NRRL Y-1140 / WM37),284590,SEC16
sp|Q6CM10|SEC16_KLULA,473,NNS,Kluyveromyces lactis (strain ATCC 8585 / CBS 2359 / DSM 70799 / NBRC 1267 / NRRL Y-1140 / WM37),284590,SEC16
sp|Q6CM10|SEC16_KLULA,476,NSS,Kluyveromyces lactis (strain ATCC 8585 / CBS 2359 / DSM 70799 / NBRC 1267 / NRRL Y-1140 / WM37),284590,SEC16
sp|Q6CM10|SEC16_KLULA,552,NNT,Kluyveromyces lactis (strain ATCC 8585 / CBS 2359 / DSM 70799 / NBRC 1267 / NRRL Y-1140 / WM37),284590,SEC16
sp|Q6CM10|SEC16_KLULA,700,NAS,Kluyveromyces lactis (strain ATCC 8585 / CBS 2359 / DSM 70799 / NBRC 1267 / NRRL Y-1140 / WM37),284590,SEC16
sp|Q6CM10|SEC16_KLULA,777,NSS,Kluyveromyces lactis (strain ATCC 8585 / CBS 2359 / DSM 70799 / NBRC 1267 / NRRL Y-1140 / WM37),284590,SEC16
sp|Q6CM10|SEC16_KLULA,883,NGS,Kluyveromyces lactis (strain ATCC 8585 / CBS 2359 / DSM 70799 / NBRC 1267 / NRRL Y-1140 / WM37),284590,SEC16
sp|Q6CM10|SEC16_KLULA,929,NDS,Kluyveromyces lactis (strain ATCC 8585 / CBS 2359 / DSM 70799 / NBRC 1267 / NRRL Y-1140 / WM37),284590,SEC16
sp|Q6CM10|SEC16_KLULA,973,NDT,Kluyveromyces lactis (strain ATCC 8585 / CBS 2359 / DSM 70799 / NBRC 1267 / NRRL Y-1140 / WM37),284590,SEC16
sp|Q6CM10|SEC16_KLULA,1047,NLS,Kluyveromyces lactis (strain ATCC 8585 / CBS 2359 / DSM 70799 / NBRC 1267 / NRRL Y-1140 / WM37),284590,SEC16
sp|Q6CM10|SEC16_KLULA,1248,NSS,Kluyveromyces lactis (strain ATCC 8585 / CBS 2359 / DSM 70799 / NBRC 1267 / NRRL Y-1140 / WM37),284590,SEC16
sp|Q6CM10|SEC16_KLULA,1361,NRS,Kluyveromyces lactis (strain ATCC 8585 / CBS 2359 / DSM 70799 / NBRC 1267 / NRRL Y-1140 / WM37),284590,SEC16
sp|Q6CM10|SEC16_KLULA,1371,NNS,Kluyveromyces lactis (strain ATCC 8585 / CBS 2359 / DSM 70799 / NBRC 1267 / NRRL Y-1140 / WM37),284590,SEC16
sp|Q6CM10|SEC16_KLULA,1425,NST,Kluyveromyces lactis (strain ATCC 8585 / CBS 2359 / DSM 70799 / NBRC 1267 / NRRL Y-1140 / WM37),284590,SEC16
sp|Q6CM10|SEC16_KLULA,1463,NST,Kluyveromyces lactis (strain ATCC 8585 / CBS 2359 / DSM 70799 / NBRC 1267 / NRRL Y-1140 / WM37),284590,SEC16
sp|Q6CM10|SEC16_KLULA,1490,NSS,Kluyveromyces lactis (strain ATCC 8585 / CBS 2359 / DSM 70799 / NBRC 1267 / NRRL Y-1140 / WM37),284590,SEC16
sp|Q6CM10|SEC16_KLULA,1622,NVT,Kluyveromyces lactis (strain ATCC 8585 / CBS 2359 / DSM 70799 / NBRC 1267 / NRRL Y-1140 / WM37),284590,SEC16
sp|Q6CM10|SEC16_KLULA,1672,NMS,Kluyveromyces lactis (strain ATCC 8585 / CBS 2359 / DSM 70799 / NBRC 1267 / NRRL Y-1140 / WM37),284590,SEC16
sp|Q6CM10|SEC16_KLULA,1730,NNS,Kluyveromyces lactis (strain ATCC 8585 / CBS 2359 / DSM 70799 / NBRC 1267 / NRRL Y-1140 / WM37),284590,SEC16
sp|Q6CM10|SEC16_KLULA,1736,NET,Kluyveromyces lactis (strain ATCC 8585 / CBS 2359 / DSM 70799 / NBRC 1267 / NRRL Y-1140 / WM37),284590,SEC16
sp|Q6CM10|SEC16_KLULA,1776,NKT,Kluyveromyces lactis (strain ATCC 8585 / CBS 2359 / DSM 70799 / NBRC 1267 / NRRL Y-1140 / WM37),284590,SEC16
sp|Q6CM10|SEC16_KLULA,1811,NDS,Kluyveromyces lactis (strain ATCC 8585 / CBS 2359 / DSM 70799 / NBRC 1267 / NRRL Y-1140 / WM37),284590,SEC16
sp|Q6CM10|SEC16_KLULA,1908,NES,Kluyveromyces lactis (strain ATCC 8585 / CBS 2359 / DSM 70799 / NBRC 1267 / NRRL Y-1140 / WM37),284590,SEC16
sp|Q6CM10|SEC16_KLULA,2040,NLS,Kluyveromyces lactis (strain ATCC 8585 / CBS 2359 / DSM 70799 / NBRC 1267 / NRRL Y-1140 / WM37),284590,SEC16
sp|Q6CM42|ADE_KLULA,141,NIS,Kluyveromyces lactis (strain ATCC 8585 / CBS 2359 / DSM 70799 / NBRC 1267 / NRRL Y-1140 / WM37),284590,AAH1
sp|Q6CM87|ENOPH_KLULA,147,NTS,Kluyveromyces lactis (strain ATCC 8585 / CBS 2359 / DSM 70799 / NBRC 1267 / NRRL Y-1140 / WM37),284590,UTR4
sp|Q6CM87|ENOPH_KLULA,217,NFS,Kluyveromyces lactis (strain ATCC 8585 / CBS 2359 / DSM 70799 / NBRC 1267 / NRRL Y-1140 / WM37),284590,UTR4
sp|Q6CMB8|EAF1_KLULA,8,NAT,Kluyveromyces lactis (strain ATCC 8585 / CBS 2359 / DSM 70799 / NBRC 1267 / NRRL Y-1140 / WM37),284590,EAF1
sp|Q6CMB8|EAF1_KLULA,87,NRS,Kluyveromyces lactis (strain ATCC 8585 / CBS 2359 / DSM 70799 / NBRC 1267 / NRRL Y-1140 / WM37),284590,EAF1
sp|Q6CMB8|EAF1_KLULA,235,NLS,Kluyveromyces lactis (strain ATCC 8585 / CBS 2359 / DSM 70799 / NBRC 1267 / NRRL Y-1140 / WM37),284590,EAF1
sp|Q6CMB8|EAF1_KLULA,238,NST,Kluyveromyces lactis (strain ATCC 8585 / CBS 2359 / DSM 70799 / NBRC 1267 / NRRL Y-1140 / WM37),284590,EAF1
sp|Q6CMB8|EAF1_KLULA,287,NVS,Kluyveromyces lactis (strain ATCC 8585 / CBS 2359 / DSM 70799 / NBRC 1267 / NRRL Y-1140 / WM37),284590,EAF1
sp|Q6CMB8|EAF1_KLULA,481,NTS,Kluyveromyces lactis (strain ATCC 8585 / CBS 2359 / DSM 70799 / NBRC 1267 / NRRL Y-1140 / WM37),284590,EAF1
sp|Q6CMB8|EAF1_KLULA,537,NSS,Kluyveromyces lactis (strain ATCC 8585 / CBS 2359 / DSM 70799 / NBRC 1267 / NRRL Y-1140 / WM37),284590,EAF1
sp|Q6CMB8|EAF1_KLULA,828,NMS,Kluyveromyces lactis (strain ATCC 8585 / CBS 2359 / DSM 70799 / NBRC 1267 / NRRL Y-1140 / WM37),284590,EAF1
sp|Q6CMB8|EAF1_KLULA,946,NFT,Kluyveromyces lactis (strain ATCC 8585 / CBS 2359 / DSM 70799 / NBRC 1267 / NRRL Y-1140 / WM37),284590,EAF1
sp|Q6CMC2|UBA4_KLULA,8,NES,Kluyveromyces lactis (strain ATCC 8585 / CBS 2359 / DSM 70799 / NBRC 1267 / NRRL Y-1140 / WM37),284590,UBA4
sp|Q6CMC2|UBA4_KLULA,37,NAS,Kluyveromyces lactis (strain ATCC 8585 / CBS 2359 / DSM 70799 / NBRC 1267 / NRRL Y-1140 / WM37),284590,UBA4
sp|Q6CMC2|UBA4_KLULA,71,NAS,Kluyveromyces lactis (strain ATCC 8585 / CBS 2359 / DSM 70799 / NBRC 1267 / NRRL Y-1140 / WM37),284590,UBA4
sp|Q6CMC2|UBA4_KLULA,103,NDT,Kluyveromyces lactis (strain ATCC 8585 / CBS 2359 / DSM 70799 / NBRC 1267 / NRRL Y-1140 / WM37),284590,UBA4
sp|Q6CMC2|UBA4_KLULA,319,NYS,Kluyveromyces lactis (strain ATCC 8585 / CBS 2359 / DSM 70799 / NBRC 1267 / NRRL Y-1140 / WM37),284590,UBA4
sp|Q6CMC2|UBA4_KLULA,340,NSS,Kluyveromyces lactis (strain ATCC 8585 / CBS 2359 / DSM 70799 / NBRC 1267 / NRRL Y-1140 / WM37),284590,UBA4
sp|Q6CMC2|UBA4_KLULA,368,NIT,Kluyveromyces lactis (strain ATCC 8585 / CBS 2359 / DSM 70799 / NBRC 1267 / NRRL Y-1140 / WM37),284590,UBA4
sp|Q6CMC2|UBA4_KLULA,405,NDS,Kluyveromyces lactis (strain ATCC 8585 / CBS 2359 / DSM 70799 / NBRC 1267 / NRRL Y-1140 / WM37),284590,UBA4
sp|Q6CME1|RTC1_KLULA,164,NTS,Kluyveromyces lactis (strain ATCC 8585 / CBS 2359 / DSM 70799 / NBRC 1267 / NRRL Y-1140 / WM37),284590,RTC1
sp|Q6CME1|RTC1_KLULA,208,NKT,Kluyveromyces lactis (strain ATCC 8585 / CBS 2359 / DSM 70799 / NBRC 1267 / NRRL Y-1140 / WM37),284590,RTC1
sp|Q6CME1|RTC1_KLULA,289,NDT,Kluyveromyces lactis (strain ATCC 8585 / CBS 2359 / DSM 70799 / NBRC 1267 / NRRL Y-1140 / WM37),284590,RTC1
sp|Q6CME1|RTC1_KLULA,367,NIS,Kluyveromyces lactis (strain ATCC 8585 / CBS 2359 / DSM 70799 / NBRC 1267 / NRRL Y-1140 / WM37),284590,RTC1
sp|Q6CME1|RTC1_KLULA,374,NSS,Kluyveromyces lactis (strain ATCC 8585 / CBS 2359 / DSM 70799 / NBRC 1267 / NRRL Y-1140 / WM37),284590,RTC1
sp|Q6CME1|RTC1_KLULA,382,NLS,Kluyveromyces lactis (strain ATCC 8585 / CBS 2359 / DSM 70799 / NBRC 1267 / NRRL Y-1140 / WM37),284590,RTC1
sp|Q6CME1|RTC1_KLULA,557,NIT,Kluyveromyces lactis (strain ATCC 8585 / CBS 2359 / DSM 70799 / NBRC 1267 / NRRL Y-1140 / WM37),284590,RTC1
sp|Q6CME1|RTC1_KLULA,561,NTS,Kluyveromyces lactis (strain ATCC 8585 / CBS 2359 / DSM 70799 / NBRC 1267 / NRRL Y-1140 / WM37),284590,RTC1
sp|Q6CME1|RTC1_KLULA,608,NSS,Kluyveromyces lactis (strain ATCC 8585 / CBS 2359 / DSM 70799 / NBRC 1267 / NRRL Y-1140 / WM37),284590,RTC1
sp|Q6CME1|RTC1_KLULA,636,NDS,Kluyveromyces lactis (strain ATCC 8585 / CBS 2359 / DSM 70799 / NBRC 1267 / NRRL Y-1140 / WM37),284590,RTC1
sp|Q6CME1|RTC1_KLULA,734,NNT,Kluyveromyces lactis (strain ATCC 8585 / CBS 2359 / DSM 70799 / NBRC 1267 / NRRL Y-1140 / WM37),284590,RTC1
sp|Q6CME1|RTC1_KLULA,786,NSS,Kluyveromyces lactis (strain ATCC 8585 / CBS 2359 / DSM 70799 / NBRC 1267 / NRRL Y-1140 / WM37),284590,RTC1
sp|Q6CME1|RTC1_KLULA,791,NSS,Kluyveromyces lactis (strain ATCC 8585 / CBS 2359 / DSM 70799 / NBRC 1267 / NRRL Y-1140 / WM37),284590,RTC1
sp|Q6CME1|RTC1_KLULA,868,NDS,Kluyveromyces lactis (strain ATCC 8585 / CBS 2359 / DSM 70799 / NBRC 1267 / NRRL Y-1140 / WM37),284590,RTC1
sp|Q6CME1|RTC1_KLULA,1110,NGS,Kluyveromyces lactis (strain ATCC 8585 / CBS 2359 / DSM 70799 / NBRC 1267 / NRRL Y-1140 / WM37),284590,RTC1
sp|Q6CME1|RTC1_KLULA,1128,NET,Kluyveromyces lactis (strain ATCC 8585 / CBS 2359 / DSM 70799 / NBRC 1267 / NRRL Y-1140 / WM37),284590,RTC1
sp|Q6CME1|RTC1_KLULA,1237,NES,Kluyveromyces lactis (strain ATCC 8585 / CBS 2359 / DSM 70799 / NBRC 1267 / NRRL Y-1140 / WM37),284590,RTC1
sp|Q6CME1|RTC1_KLULA,1252,NSS,Kluyveromyces lactis (strain ATCC 8585 / CBS 2359 / DSM 70799 / NBRC 1267 / NRRL Y-1140 / WM37),284590,RTC1
sp|Q6CMF1|ALG3_KLULA,7,NKT,Kluyveromyces lactis (strain ATCC 8585 / CBS 2359 / DSM 70799 / NBRC 1267 / NRRL Y-1140 / WM37),284590,ALG3
sp|Q6CMF1|ALG3_KLULA,127,NIS,Kluyveromyces lactis (strain ATCC 8585 / CBS 2359 / DSM 70799 / NBRC 1267 / NRRL Y-1140 / WM37),284590,ALG3
sp|Q6CMF1|ALG3_KLULA,278,NFS,Kluyveromyces lactis (strain ATCC 8585 / CBS 2359 / DSM 70799 / NBRC 1267 / NRRL Y-1140 / WM37),284590,ALG3
sp|Q6CMF1|ALG3_KLULA,423,NAT,Kluyveromyces lactis (strain ATCC 8585 / CBS 2359 / DSM 70799 / NBRC 1267 / NRRL Y-1140 / WM37),284590,ALG3
sp|Q6CMF1|ALG3_KLULA,434,NTS,Kluyveromyces lactis (strain ATCC 8585 / CBS 2359 / DSM 70799 / NBRC 1267 / NRRL Y-1140 / WM37),284590,ALG3
sp|Q6CMF1|ALG3_KLULA,454,NET,Kluyveromyces lactis (strain ATCC 8585 / CBS 2359 / DSM 70799 / NBRC 1267 / NRRL Y-1140 / WM37),284590,ALG3
sp|Q6CMJ8|EIF3J_KLULA,176,NKS,Kluyveromyces lactis (strain ATCC 8585 / CBS 2359 / DSM 70799 / NBRC 1267 / NRRL Y-1140 / WM37),284590,HCR1
sp|Q6CMJ8|EIF3J_KLULA,181,NYS,Kluyveromyces lactis (strain ATCC 8585 / CBS 2359 / DSM 70799 / NBRC 1267 / NRRL Y-1140 / WM37),284590,HCR1
sp|Q6CMK4|NMT_KLULA,114,NYS,Kluyveromyces lactis (strain ATCC 8585 / CBS 2359 / DSM 70799 / NBRC 1267 / NRRL Y-1140 / WM37),284590,NMT1
sp|Q6CMK4|NMT_KLULA,225,NWS,Kluyveromyces lactis (strain ATCC 8585 / CBS 2359 / DSM 70799 / NBRC 1267 / NRRL Y-1140 / WM37),284590,NMT1
sp|Q6CMK4|NMT_KLULA,240,NAT,Kluyveromyces lactis (strain ATCC 8585 / CBS 2359 / DSM 70799 / NBRC 1267 / NRRL Y-1140 / WM37),284590,NMT1
sp|Q6CMK7|SLD1_KLULA,107,NLT,Kluyveromyces lactis (strain ATCC 8585 / CBS 2359 / DSM 70799 / NBRC 1267 / NRRL Y-1140 / WM37),284590,SLD
sp|Q6CMN0|NBP35_KLULA,245,NMS,Kluyveromyces lactis (strain ATCC 8585 / CBS 2359 / DSM 70799 / NBRC 1267 / NRRL Y-1140 / WM37),284590,NBP35
sp|Q6CMR5|SEC11_KLULA,122,NKT,Kluyveromyces lactis (strain ATCC 8585 / CBS 2359 / DSM 70799 / NBRC 1267 / NRRL Y-1140 / WM37),284590,SEC11
sp|Q6CN27|ALG10_KLULA,80,NTT,Kluyveromyces lactis (strain ATCC 8585 / CBS 2359 / DSM 70799 / NBRC 1267 / NRRL Y-1140 / WM37),284590,ALG10
sp|Q6CN27|ALG10_KLULA,135,NWS,Kluyveromyces lactis (strain ATCC 8585 / CBS 2359 / DSM 70799 / NBRC 1267 / NRRL Y-1140 / WM37),284590,ALG10
sp|Q6CN27|ALG10_KLULA,295,NRS,Kluyveromyces lactis (strain ATCC 8585 / CBS 2359 / DSM 70799 / NBRC 1267 / NRRL Y-1140 / WM37),284590,ALG10
sp|Q6CN53|TRM61_KLULA,160,NTT,Kluyveromyces lactis (strain ATCC 8585 / CBS 2359 / DSM 70799 / NBRC 1267 / NRRL Y-1140 / WM37),284590,TRM61
sp|Q6CN53|TRM61_KLULA,213,NLT,Kluyveromyces lactis (strain ATCC 8585 / CBS 2359 / DSM 70799 / NBRC 1267 / NRRL Y-1140 / WM37),284590,TRM61
sp|Q6CN53|TRM61_KLULA,302,NGS,Kluyveromyces lactis (strain ATCC 8585 / CBS 2359 / DSM 70799 / NBRC 1267 / NRRL Y-1140 / WM37),284590,TRM61
sp|Q6CNC2|NOP9_KLULA,23,NKT,Kluyveromyces lactis (strain ATCC 8585 / CBS 2359 / DSM 70799 / NBRC 1267 / NRRL Y-1140 / WM37),284590,NOP9
sp|Q6CNC2|NOP9_KLULA,35,NET,Kluyveromyces lactis (strain ATCC 8585 / CBS 2359 / DSM 70799 / NBRC 1267 / NRRL Y-1140 / WM37),284590,NOP9
sp|Q6CNC2|NOP9_KLULA,221,NNS,Kluyveromyces lactis (strain ATCC 8585 / CBS 2359 / DSM 70799 / NBRC 1267 / NRRL Y-1140 / WM37),284590,NOP9
sp|Q6CNC2|NOP9_KLULA,504,NST,Kluyveromyces lactis (strain ATCC 8585 / CBS 2359 / DSM 70799 / NBRC 1267 / NRRL Y-1140 / WM37),284590,NOP9
sp|Q6CNC2|NOP9_KLULA,558,NLS,Kluyveromyces lactis (strain ATCC 8585 / CBS 2359 / DSM 70799 / NBRC 1267 / NRRL Y-1140 / WM37),284590,NOP9
sp|Q6CNC2|NOP9_KLULA,609,NWS,Kluyveromyces lactis (strain ATCC 8585 / CBS 2359 / DSM 70799 / NBRC 1267 / NRRL Y-1140 / WM37),284590,NOP9
sp|Q6CNC2|NOP9_KLULA,652,NNS,Kluyveromyces lactis (strain ATCC 8585 / CBS 2359 / DSM 70799 / NBRC 1267 / NRRL Y-1140 / WM37),284590,NOP9
sp|Q6CNH1|OS9_KLULA,47,NET,Kluyveromyces lactis (strain ATCC 8585 / CBS 2359 / DSM 70799 / NBRC 1267 / NRRL Y-1140 / WM37),284590,YOS9
sp|Q6CNH1|OS9_KLULA,71,NTS,Kluyveromyces lactis (strain ATCC 8585 / CBS 2359 / DSM 70799 / NBRC 1267 / NRRL Y-1140 / WM37),284590,YOS9
sp|Q6CNH1|OS9_KLULA,142,NSS,Kluyveromyces lactis (strain ATCC 8585 / CBS 2359 / DSM 70799 / NBRC 1267 / NRRL Y-1140 / WM37),284590,YOS9
sp|Q6CNH1|OS9_KLULA,147,NST,Kluyveromyces lactis (strain ATCC 8585 / CBS 2359 / DSM 70799 / NBRC 1267 / NRRL Y-1140 / WM37),284590,YOS9
sp|Q6CNH1|OS9_KLULA,389,NQT,Kluyveromyces lactis (strain ATCC 8585 / CBS 2359 / DSM 70799 / NBRC 1267 / NRRL Y-1140 / WM37),284590,YOS9
sp|Q6CNI6|HEK2_KLULA,9,NNS,Kluyveromyces lactis (strain ATCC 8585 / CBS 2359 / DSM 70799 / NBRC 1267 / NRRL Y-1140 / WM37),284590,HEK2
sp|Q6CNI6|HEK2_KLULA,24,NNS,Kluyveromyces lactis (strain ATCC 8585 / CBS 2359 / DSM 70799 / NBRC 1267 / NRRL Y-1140 / WM37),284590,HEK2
sp|Q6CNI6|HEK2_KLULA,47,NDT,Kluyveromyces lactis (strain ATCC 8585 / CBS 2359 / DSM 70799 / NBRC 1267 / NRRL Y-1140 / WM37),284590,HEK2
sp|Q6CNI6|HEK2_KLULA,58,NIT,Kluyveromyces lactis (strain ATCC 8585 / CBS 2359 / DSM 70799 / NBRC 1267 / NRRL Y-1140 / WM37),284590,HEK2
sp|Q6CNI6|HEK2_KLULA,107,NVS,Kluyveromyces lactis (strain ATCC 8585 / CBS 2359 / DSM 70799 / NBRC 1267 / NRRL Y-1140 / WM37),284590,HEK2
sp|Q6CNI6|HEK2_KLULA,365,NDS,Kluyveromyces lactis (strain ATCC 8585 / CBS 2359 / DSM 70799 / NBRC 1267 / NRRL Y-1140 / WM37),284590,HEK2
sp|Q6CNI6|HEK2_KLULA,375,NES,Kluyveromyces lactis (strain ATCC 8585 / CBS 2359 / DSM 70799 / NBRC 1267 / NRRL Y-1140 / WM37),284590,HEK2
sp|Q6CNM6|EME1_KLULA,10,NDT,Kluyveromyces lactis (strain ATCC 8585 / CBS 2359 / DSM 70799 / NBRC 1267 / NRRL Y-1140 / WM37),284590,EME1
sp|Q6CNM6|EME1_KLULA,89,NDT,Kluyveromyces lactis (strain ATCC 8585 / CBS 2359 / DSM 70799 / NBRC 1267 / NRRL Y-1140 / WM37),284590,EME1
sp|Q6CNM6|EME1_KLULA,187,NKS,Kluyveromyces lactis (strain ATCC 8585 / CBS 2359 / DSM 70799 / NBRC 1267 / NRRL Y-1140 / WM37),284590,EME1
sp|Q6CNM6|EME1_KLULA,455,NES,Kluyveromyces lactis (strain ATCC 8585 / CBS 2359 / DSM 70799 / NBRC 1267 / NRRL Y-1140 / WM37),284590,EME1
sp|Q6CNM8|EXO84_KLULA,103,NAT,Kluyveromyces lactis (strain ATCC 8585 / CBS 2359 / DSM 70799 / NBRC 1267 / NRRL Y-1140 / WM37),284590,EXO84
sp|Q6CNM8|EXO84_KLULA,119,NTS,Kluyveromyces lactis (strain ATCC 8585 / CBS 2359 / DSM 70799 / NBRC 1267 / NRRL Y-1140 / WM37),284590,EXO84
sp|Q6CNM8|EXO84_KLULA,244,NET,Kluyveromyces lactis (strain ATCC 8585 / CBS 2359 / DSM 70799 / NBRC 1267 / NRRL Y-1140 / WM37),284590,EXO84
sp|Q6CNM8|EXO84_KLULA,250,NRT,Kluyveromyces lactis (strain ATCC 8585 / CBS 2359 / DSM 70799 / NBRC 1267 / NRRL Y-1140 / WM37),284590,EXO84
sp|Q6CNM8|EXO84_KLULA,260,NHS,Kluyveromyces lactis (strain ATCC 8585 / CBS 2359 / DSM 70799 / NBRC 1267 / NRRL Y-1140 / WM37),284590,EXO84
sp|Q6CNM8|EXO84_KLULA,381,NFS,Kluyveromyces lactis (strain ATCC 8585 / CBS 2359 / DSM 70799 / NBRC 1267 / NRRL Y-1140 / WM37),284590,EXO84
sp|Q6CNM8|EXO84_KLULA,478,NIT,Kluyveromyces lactis (strain ATCC 8585 / CBS 2359 / DSM 70799 / NBRC 1267 / NRRL Y-1140 / WM37),284590,EXO84
sp|Q6CNM8|EXO84_KLULA,602,NRS,Kluyveromyces lactis (strain ATCC 8585 / CBS 2359 / DSM 70799 / NBRC 1267 / NRRL Y-1140 / WM37),284590,EXO84
sp|Q6CNM8|EXO84_KLULA,619,NVT,Kluyveromyces lactis (strain ATCC 8585 / CBS 2359 / DSM 70799 / NBRC 1267 / NRRL Y-1140 / WM37),284590,EXO84
sp|Q6CNM8|EXO84_KLULA,678,NSS,Kluyveromyces lactis (strain ATCC 8585 / CBS 2359 / DSM 70799 / NBRC 1267 / NRRL Y-1140 / WM37),284590,EXO84
sp|Q6CNR4|VPS10_KLULA,796,NSS,Kluyveromyces lactis (strain ATCC 8585 / CBS 2359 / DSM 70799 / NBRC 1267 / NRRL Y-1140 / WM37),284590,VPS10
sp|Q6CNR4|VPS10_KLULA,1308,NCS,Kluyveromyces lactis (strain ATCC 8585 / CBS 2359 / DSM 70799 / NBRC 1267 / NRRL Y-1140 / WM37),284590,VPS10
sp|Q6CNR4|VPS10_KLULA,1397,NHT,Kluyveromyces lactis (strain ATCC 8585 / CBS 2359 / DSM 70799 / NBRC 1267 / NRRL Y-1140 / WM37),284590,VPS10
sp|Q6CNR4|VPS10_KLULA,1447,NNT,Kluyveromyces lactis (strain ATCC 8585 / CBS 2359 / DSM 70799 / NBRC 1267 / NRRL Y-1140 / WM37),284590,VPS10
sp|Q6CNR4|VPS10_KLULA,1491,NTT,Kluyveromyces lactis (strain ATCC 8585 / CBS 2359 / DSM 70799 / NBRC 1267 / NRRL Y-1140 / WM37),284590,VPS10
sp|Q6CNW2|TIM14_KLULA,115,NET,Kluyveromyces lactis (strain ATCC 8585 / CBS 2359 / DSM 70799 / NBRC 1267 / NRRL Y-1140 / WM37),284590,PAM18
sp|Q6CNW2|TIM14_KLULA,118,NLS,Kluyveromyces lactis (strain ATCC 8585 / CBS 2359 / DSM 70799 / NBRC 1267 / NRRL Y-1140 / WM37),284590,PAM18
sp|Q6CNX6|ATG20_KLULA,17,NNS,Kluyveromyces lactis (strain ATCC 8585 / CBS 2359 / DSM 70799 / NBRC 1267 / NRRL Y-1140 / WM37),284590,ATG20
sp|Q6CNX6|ATG20_KLULA,26,NKT,Kluyveromyces lactis (strain ATCC 8585 / CBS 2359 / DSM 70799 / NBRC 1267 / NRRL Y-1140 / WM37),284590,ATG20
sp|Q6CNX6|ATG20_KLULA,50,NGS,Kluyveromyces lactis (strain ATCC 8585 / CBS 2359 / DSM 70799 / NBRC 1267 / NRRL Y-1140 / WM37),284590,ATG20
sp|Q6CNX6|ATG20_KLULA,153,NAS,Kluyveromyces lactis (strain ATCC 8585 / CBS 2359 / DSM 70799 / NBRC 1267 / NRRL Y-1140 / WM37),284590,ATG20
sp|Q6CNX6|ATG20_KLULA,332,NTT,Kluyveromyces lactis (strain ATCC 8585 / CBS 2359 / DSM 70799 / NBRC 1267 / NRRL Y-1140 / WM37),284590,ATG20
sp|Q6CNX6|ATG20_KLULA,355,NHS,Kluyveromyces lactis (strain ATCC 8585 / CBS 2359 / DSM 70799 / NBRC 1267 / NRRL Y-1140 / WM37),284590,ATG20
sp|Q6CNX6|ATG20_KLULA,417,NES,Kluyveromyces lactis (strain ATCC 8585 / CBS 2359 / DSM 70799 / NBRC 1267 / NRRL Y-1140 / WM37),284590,ATG20
sp|Q6CNX6|ATG20_KLULA,618,NAT,Kluyveromyces lactis (strain ATCC 8585 / CBS 2359 / DSM 70799 / NBRC 1267 / NRRL Y-1140 / WM37),284590,ATG20
sp|Q6CP23|PAN3_KLULA,125,NAT,Kluyveromyces lactis (strain ATCC 8585 / CBS 2359 / DSM 70799 / NBRC 1267 / NRRL Y-1140 / WM37),284590,PAN3
sp|Q6CP23|PAN3_KLULA,266,NQT,Kluyveromyces lactis (strain ATCC 8585 / CBS 2359 / DSM 70799 / NBRC 1267 / NRRL Y-1140 / WM37),284590,PAN3
sp|Q6CP23|PAN3_KLULA,295,NRT,Kluyveromyces lactis (strain ATCC 8585 / CBS 2359 / DSM 70799 / NBRC 1267 / NRRL Y-1140 / WM37),284590,PAN3
sp|Q6CP23|PAN3_KLULA,352,NIT,Kluyveromyces lactis (strain ATCC 8585 / CBS 2359 / DSM 70799 / NBRC 1267 / NRRL Y-1140 / WM37),284590,PAN3
sp|Q6CP23|PAN3_KLULA,366,NDS,Kluyveromyces lactis (strain ATCC 8585 / CBS 2359 / DSM 70799 / NBRC 1267 / NRRL Y-1140 / WM37),284590,PAN3
sp|Q6CP50|TRM13_KLULA,185,NKT,Kluyveromyces lactis (strain ATCC 8585 / CBS 2359 / DSM 70799 / NBRC 1267 / NRRL Y-1140 / WM37),284590,TRM13
sp|Q6CP77|SHO1_KLULA,23,NIS,Kluyveromyces lactis (strain ATCC 8585 / CBS 2359 / DSM 70799 / NBRC 1267 / NRRL Y-1140 / WM37),284590,SHO1
sp|Q6CP77|SHO1_KLULA,108,NST,Kluyveromyces lactis (strain ATCC 8585 / CBS 2359 / DSM 70799 / NBRC 1267 / NRRL Y-1140 / WM37),284590,SHO1
sp|Q6CP77|SHO1_KLULA,146,NAS,Kluyveromyces lactis (strain ATCC 8585 / CBS 2359 / DSM 70799 / NBRC 1267 / NRRL Y-1140 / WM37),284590,SHO1
sp|Q6CPB1|CSN12_KLULA,87,NRT,Kluyveromyces lactis (strain ATCC 8585 / CBS 2359 / DSM 70799 / NBRC 1267 / NRRL Y-1140 / WM37),284590,CSN12
sp|Q6CPH3|SEC23_KLULA,95,NMT,Kluyveromyces lactis (strain ATCC 8585 / CBS 2359 / DSM 70799 / NBRC 1267 / NRRL Y-1140 / WM37),284590,SEC23
sp|Q6CPH3|SEC23_KLULA,107,NTT,Kluyveromyces lactis (strain ATCC 8585 / CBS 2359 / DSM 70799 / NBRC 1267 / NRRL Y-1140 / WM37),284590,SEC23
sp|Q6CPH3|SEC23_KLULA,429,NVS,Kluyveromyces lactis (strain ATCC 8585 / CBS 2359 / DSM 70799 / NBRC 1267 / NRRL Y-1140 / WM37),284590,SEC23
sp|Q6CPH3|SEC23_KLULA,592,NNS,Kluyveromyces lactis (strain ATCC 8585 / CBS 2359 / DSM 70799 / NBRC 1267 / NRRL Y-1140 / WM37),284590,SEC23
sp|Q6CPK7|KAPR_KLULA,81,NAS,Kluyveromyces lactis (strain ATCC 8585 / CBS 2359 / DSM 70799 / NBRC 1267 / NRRL Y-1140 / WM37),284590,PKAR
sp|Q6CPK7|KAPR_KLULA,122,NTT,Kluyveromyces lactis (strain ATCC 8585 / CBS 2359 / DSM 70799 / NBRC 1267 / NRRL Y-1140 / WM37),284590,PKAR
sp|Q6CPK7|KAPR_KLULA,154,NSS,Kluyveromyces lactis (strain ATCC 8585 / CBS 2359 / DSM 70799 / NBRC 1267 / NRRL Y-1140 / WM37),284590,PKAR
sp|Q6CPK7|KAPR_KLULA,287,NTS,Kluyveromyces lactis (strain ATCC 8585 / CBS 2359 / DSM 70799 / NBRC 1267 / NRRL Y-1140 / WM37),284590,PKAR
sp|Q6CPN1|RMT2_KLULA,56,NTT,Kluyveromyces lactis (strain ATCC 8585 / CBS 2359 / DSM 70799 / NBRC 1267 / NRRL Y-1140 / WM37),284590,RMT2
sp|Q6CPN1|RMT2_KLULA,395,NCT,Kluyveromyces lactis (strain ATCC 8585 / CBS 2359 / DSM 70799 / NBRC 1267 / NRRL Y-1140 / WM37),284590,RMT2
sp|Q6CPQ8|MUS81_KLULA,20,NQS,Kluyveromyces lactis (strain ATCC 8585 / CBS 2359 / DSM 70799 / NBRC 1267 / NRRL Y-1140 / WM37),284590,MUS81
sp|Q6CPQ8|MUS81_KLULA,98,NDS,Kluyveromyces lactis (strain ATCC 8585 / CBS 2359 / DSM 70799 / NBRC 1267 / NRRL Y-1140 / WM37),284590,MUS81
sp|Q6CPQ8|MUS81_KLULA,118,NES,Kluyveromyces lactis (strain ATCC 8585 / CBS 2359 / DSM 70799 / NBRC 1267 / NRRL Y-1140 / WM37),284590,MUS81
sp|Q6CPQ8|MUS81_KLULA,135,NRS,Kluyveromyces lactis (strain ATCC 8585 / CBS 2359 / DSM 70799 / NBRC 1267 / NRRL Y-1140 / WM37),284590,MUS81
sp|Q6CPQ8|MUS81_KLULA,259,NFS,Kluyveromyces lactis (strain ATCC 8585 / CBS 2359 / DSM 70799 / NBRC 1267 / NRRL Y-1140 / WM37),284590,MUS81
sp|Q6CPQ8|MUS81_KLULA,268,NMS,Kluyveromyces lactis (strain ATCC 8585 / CBS 2359 / DSM 70799 / NBRC 1267 / NRRL Y-1140 / WM37),284590,MUS81
sp|Q6CPQ8|MUS81_KLULA,272,NES,Kluyveromyces lactis (strain ATCC 8585 / CBS 2359 / DSM 70799 / NBRC 1267 / NRRL Y-1140 / WM37),284590,MUS81
sp|Q6CPQ8|MUS81_KLULA,276,NSS,Kluyveromyces lactis (strain ATCC 8585 / CBS 2359 / DSM 70799 / NBRC 1267 / NRRL Y-1140 / WM37),284590,MUS81
sp|Q6CPQ8|MUS81_KLULA,287,NSS,Kluyveromyces lactis (strain ATCC 8585 / CBS 2359 / DSM 70799 / NBRC 1267 / NRRL Y-1140 / WM37),284590,MUS81
sp|Q6CPQ8|MUS81_KLULA,433,NVS,Kluyveromyces lactis (strain ATCC 8585 / CBS 2359 / DSM 70799 / NBRC 1267 / NRRL Y-1140 / WM37),284590,MUS81
sp|Q6CPQ8|MUS81_KLULA,495,NQS,Kluyveromyces lactis (strain ATCC 8585 / CBS 2359 / DSM 70799 / NBRC 1267 / NRRL Y-1140 / WM37),284590,MUS81
sp|Q6CPQ9|EF2_KLULA,21,NMS,Kluyveromyces lactis (strain ATCC 8585 / CBS 2359 / DSM 70799 / NBRC 1267 / NRRL Y-1140 / WM37),284590,EFT1
sp|Q6CPQ9|EF2_KLULA,775,NES,Kluyveromyces lactis (strain ATCC 8585 / CBS 2359 / DSM 70799 / NBRC 1267 / NRRL Y-1140 / WM37),284590,EFT1
sp|Q6CPS7|LSM6_KLULA,42,NVT,Kluyveromyces lactis (strain ATCC 8585 / CBS 2359 / DSM 70799 / NBRC 1267 / NRRL Y-1140 / WM37),284590,LSM6
sp|Q6CPS7|LSM6_KLULA,57,NGT,Kluyveromyces lactis (strain ATCC 8585 / CBS 2359 / DSM 70799 / NBRC 1267 / NRRL Y-1140 / WM37),284590,LSM6
sp|Q6CPU8|PFA3_KLULA,80,NRT,Kluyveromyces lactis (strain ATCC 8585 / CBS 2359 / DSM 70799 / NBRC 1267 / NRRL Y-1140 / WM37),284590,PFA3
sp|Q6CPU8|PFA3_KLULA,216,NET,Kluyveromyces lactis (strain ATCC 8585 / CBS 2359 / DSM 70799 / NBRC 1267 / NRRL Y-1140 / WM37),284590,PFA3
sp|Q6CPV1|PEX6_KLULA,419,NLS,Kluyveromyces lactis (strain ATCC 8585 / CBS 2359 / DSM 70799 / NBRC 1267 / NRRL Y-1140 / WM37),284590,PEX6
sp|Q6CPV1|PEX6_KLULA,497,NTS,Kluyveromyces lactis (strain ATCC 8585 / CBS 2359 / DSM 70799 / NBRC 1267 / NRRL Y-1140 / WM37),284590,PEX6
sp|Q6CPV1|PEX6_KLULA,503,NKT,Kluyveromyces lactis (strain ATCC 8585 / CBS 2359 / DSM 70799 / NBRC 1267 / NRRL Y-1140 / WM37),284590,PEX6
sp|Q6CPV1|PEX6_KLULA,543,NTS,Kluyveromyces lactis (strain ATCC 8585 / CBS 2359 / DSM 70799 / NBRC 1267 / NRRL Y-1140 / WM37),284590,PEX6
sp|Q6CPV1|PEX6_KLULA,698,NVT,Kluyveromyces lactis (strain ATCC 8585 / CBS 2359 / DSM 70799 / NBRC 1267 / NRRL Y-1140 / WM37),284590,PEX6
sp|Q6CPV1|PEX6_KLULA,758,NFS,Kluyveromyces lactis (strain ATCC 8585 / CBS 2359 / DSM 70799 / NBRC 1267 / NRRL Y-1140 / WM37),284590,PEX6
sp|Q6CPV1|PEX6_KLULA,907,NYT,Kluyveromyces lactis (strain ATCC 8585 / CBS 2359 / DSM 70799 / NBRC 1267 / NRRL Y-1140 / WM37),284590,PEX6
sp|Q6CPV1|PEX6_KLULA,946,NIS,Kluyveromyces lactis (strain ATCC 8585 / CBS 2359 / DSM 70799 / NBRC 1267 / NRRL Y-1140 / WM37),284590,PEX6
sp|Q6CPW2|MGMT_KLULA,66,NKS,Kluyveromyces lactis (strain ATCC 8585 / CBS 2359 / DSM 70799 / NBRC 1267 / NRRL Y-1140 / WM37),284590,MGT1
sp|Q6CPX3|GET3_KLULA,61,NLS,Kluyveromyces lactis (strain ATCC 8585 / CBS 2359 / DSM 70799 / NBRC 1267 / NRRL Y-1140 / WM37),284590,GET3
sp|Q6CPX3|GET3_KLULA,82,NLS,Kluyveromyces lactis (strain ATCC 8585 / CBS 2359 / DSM 70799 / NBRC 1267 / NRRL Y-1140 / WM37),284590,GET3
sp|Q6CPX3|GET3_KLULA,105,NAT,Kluyveromyces lactis (strain ATCC 8585 / CBS 2359 / DSM 70799 / NBRC 1267 / NRRL Y-1140 / WM37),284590,GET3
sp|Q6CQ07|PACC_KLULA,9,NAS,Kluyveromyces lactis (strain ATCC 8585 / CBS 2359 / DSM 70799 / NBRC 1267 / NRRL Y-1140 / WM37),284590,RIM101
sp|Q6CQ07|PACC_KLULA,53,NSS,Kluyveromyces lactis (strain ATCC 8585 / CBS 2359 / DSM 70799 / NBRC 1267 / NRRL Y-1140 / WM37),284590,RIM101
sp|Q6CQ07|PACC_KLULA,274,NAT,Kluyveromyces lactis (strain ATCC 8585 / CBS 2359 / DSM 70799 / NBRC 1267 / NRRL Y-1140 / WM37),284590,RIM101
sp|Q6CQ07|PACC_KLULA,325,NLS,Kluyveromyces lactis (strain ATCC 8585 / CBS 2359 / DSM 70799 / NBRC 1267 / NRRL Y-1140 / WM37),284590,RIM101
sp|Q6CQ07|PACC_KLULA,405,NYS,Kluyveromyces lactis (strain ATCC 8585 / CBS 2359 / DSM 70799 / NBRC 1267 / NRRL Y-1140 / WM37),284590,RIM101
sp|Q6CQ07|PACC_KLULA,428,NVS,Kluyveromyces lactis (strain ATCC 8585 / CBS 2359 / DSM 70799 / NBRC 1267 / NRRL Y-1140 / WM37),284590,RIM101
sp|Q6CQ07|PACC_KLULA,439,NLS,Kluyveromyces lactis (strain ATCC 8585 / CBS 2359 / DSM 70799 / NBRC 1267 / NRRL Y-1140 / WM37),284590,RIM101
sp|Q6CQ43|ATG2_KLULA,491,NIS,Kluyveromyces lactis (strain ATCC 8585 / CBS 2359 / DSM 70799 / NBRC 1267 / NRRL Y-1140 / WM37),284590,ATG2
sp|Q6CQ43|ATG2_KLULA,607,NVT,Kluyveromyces lactis (strain ATCC 8585 / CBS 2359 / DSM 70799 / NBRC 1267 / NRRL Y-1140 / WM37),284590,ATG2
sp|Q6CQ43|ATG2_KLULA,667,NKT,Kluyveromyces lactis (strain ATCC 8585 / CBS 2359 / DSM 70799 / NBRC 1267 / NRRL Y-1140 / WM37),284590,ATG2
sp|Q6CQ43|ATG2_KLULA,781,NFS,Kluyveromyces lactis (strain ATCC 8585 / CBS 2359 / DSM 70799 / NBRC 1267 / NRRL Y-1140 / WM37),284590,ATG2
sp|Q6CQ43|ATG2_KLULA,815,NIS,Kluyveromyces lactis (strain ATCC 8585 / CBS 2359 / DSM 70799 / NBRC 1267 / NRRL Y-1140 / WM37),284590,ATG2
sp|Q6CQ43|ATG2_KLULA,945,NDS,Kluyveromyces lactis (strain ATCC 8585 / CBS 2359 / DSM 70799 / NBRC 1267 / NRRL Y-1140 / WM37),284590,ATG2
sp|Q6CQ43|ATG2_KLULA,1083,NNT,Kluyveromyces lactis (strain ATCC 8585 / CBS 2359 / DSM 70799 / NBRC 1267 / NRRL Y-1140 / WM37),284590,ATG2
sp|Q6CQ43|ATG2_KLULA,1381,NKS,Kluyveromyces lactis (strain ATCC 8585 / CBS 2359 / DSM 70799 / NBRC 1267 / NRRL Y-1140 / WM37),284590,ATG2
sp|Q6CQ60|ATG4_KLULA,35,NKS,Kluyveromyces lactis (strain ATCC 8585 / CBS 2359 / DSM 70799 / NBRC 1267 / NRRL Y-1140 / WM37),284590,ATG4
sp|Q6CQ60|ATG4_KLULA,91,NFT,Kluyveromyces lactis (strain ATCC 8585 / CBS 2359 / DSM 70799 / NBRC 1267 / NRRL Y-1140 / WM37),284590,ATG4
sp|Q6CQ60|ATG4_KLULA,147,NAS,Kluyveromyces lactis (strain ATCC 8585 / CBS 2359 / DSM 70799 / NBRC 1267 / NRRL Y-1140 / WM37),284590,ATG4
sp|Q6CQ60|ATG4_KLULA,375,NMS,Kluyveromyces lactis (strain ATCC 8585 / CBS 2359 / DSM 70799 / NBRC 1267 / NRRL Y-1140 / WM37),284590,ATG4
sp|Q6CQ61|SSU72_KLULA,21,NRS,Kluyveromyces lactis (strain ATCC 8585 / CBS 2359 / DSM 70799 / NBRC 1267 / NRRL Y-1140 / WM37),284590,SSU72
sp|Q6CQ61|SSU72_KLULA,176,NGT,Kluyveromyces lactis (strain ATCC 8585 / CBS 2359 / DSM 70799 / NBRC 1267 / NRRL Y-1140 / WM37),284590,SSU72
sp|Q6CQ65|PURA_KLULA,334,NIT,Kluyveromyces lactis (strain ATCC 8585 / CBS 2359 / DSM 70799 / NBRC 1267 / NRRL Y-1140 / WM37),284590,KLLA0D19426g
sp|Q6CQ83|SSB1_KLULA,421,NTT,Kluyveromyces lactis (strain ATCC 8585 / CBS 2359 / DSM 70799 / NBRC 1267 / NRRL Y-1140 / WM37),284590,SSB1
sp|Q6CQ83|SSB1_KLULA,504,NIT,Kluyveromyces lactis (strain ATCC 8585 / CBS 2359 / DSM 70799 / NBRC 1267 / NRRL Y-1140 / WM37),284590,SSB1
sp|Q6CQB5|ERFB_KLULA,21,NGT,Kluyveromyces lactis (strain ATCC 8585 / CBS 2359 / DSM 70799 / NBRC 1267 / NRRL Y-1140 / WM37),284590,ERF2
sp|Q6CQB5|ERFB_KLULA,57,NYT,Kluyveromyces lactis (strain ATCC 8585 / CBS 2359 / DSM 70799 / NBRC 1267 / NRRL Y-1140 / WM37),284590,ERF2
sp|Q6CQB5|ERFB_KLULA,145,NAS,Kluyveromyces lactis (strain ATCC 8585 / CBS 2359 / DSM 70799 / NBRC 1267 / NRRL Y-1140 / WM37),284590,ERF2
sp|Q6CQB5|ERFB_KLULA,166,NAS,Kluyveromyces lactis (strain ATCC 8585 / CBS 2359 / DSM 70799 / NBRC 1267 / NRRL Y-1140 / WM37),284590,ERF2
sp|Q6CQN7|DUT_KLULA,98,NHS,Kluyveromyces lactis (strain ATCC 8585 / CBS 2359 / DSM 70799 / NBRC 1267 / NRRL Y-1140 / WM37),284590,DUT1
sp|Q6CQP3|MTNA_KLULA,107,NLS,Kluyveromyces lactis (strain ATCC 8585 / CBS 2359 / DSM 70799 / NBRC 1267 / NRRL Y-1140 / WM37),284590,MRI1
sp|Q6CQP3|MTNA_KLULA,145,NFT,Kluyveromyces lactis (strain ATCC 8585 / CBS 2359 / DSM 70799 / NBRC 1267 / NRRL Y-1140 / WM37),284590,MRI1
sp|Q6CQP3|MTNA_KLULA,350,NES,Kluyveromyces lactis (strain ATCC 8585 / CBS 2359 / DSM 70799 / NBRC 1267 / NRRL Y-1140 / WM37),284590,MRI1
sp|Q6CQQ1|PESC_KLULA,414,NRT,Kluyveromyces lactis (strain ATCC 8585 / CBS 2359 / DSM 70799 / NBRC 1267 / NRRL Y-1140 / WM37),284590,NOP7
sp|Q6CQX9|PAN1_KLULA,129,NTS,Kluyveromyces lactis (strain ATCC 8585 / CBS 2359 / DSM 70799 / NBRC 1267 / NRRL Y-1140 / WM37),284590,PAN1
sp|Q6CQX9|PAN1_KLULA,293,NFS,Kluyveromyces lactis (strain ATCC 8585 / CBS 2359 / DSM 70799 / NBRC 1267 / NRRL Y-1140 / WM37),284590,PAN1
sp|Q6CQX9|PAN1_KLULA,298,NDS,Kluyveromyces lactis (strain ATCC 8585 / CBS 2359 / DSM 70799 / NBRC 1267 / NRRL Y-1140 / WM37),284590,PAN1
sp|Q6CQX9|PAN1_KLULA,377,NTS,Kluyveromyces lactis (strain ATCC 8585 / CBS 2359 / DSM 70799 / NBRC 1267 / NRRL Y-1140 / WM37),284590,PAN1
sp|Q6CQX9|PAN1_KLULA,528,NRS,Kluyveromyces lactis (strain ATCC 8585 / CBS 2359 / DSM 70799 / NBRC 1267 / NRRL Y-1140 / WM37),284590,PAN1
sp|Q6CQX9|PAN1_KLULA,542,NNS,Kluyveromyces lactis (strain ATCC 8585 / CBS 2359 / DSM 70799 / NBRC 1267 / NRRL Y-1140 / WM37),284590,PAN1
sp|Q6CQX9|PAN1_KLULA,664,NDS,Kluyveromyces lactis (strain ATCC 8585 / CBS 2359 / DSM 70799 / NBRC 1267 / NRRL Y-1140 / WM37),284590,PAN1
sp|Q6CQX9|PAN1_KLULA,811,NQS,Kluyveromyces lactis (strain ATCC 8585 / CBS 2359 / DSM 70799 / NBRC 1267 / NRRL Y-1140 / WM37),284590,PAN1
sp|Q6CQX9|PAN1_KLULA,817,NIS,Kluyveromyces lactis (strain ATCC 8585 / CBS 2359 / DSM 70799 / NBRC 1267 / NRRL Y-1140 / WM37),284590,PAN1
sp|Q6CQX9|PAN1_KLULA,872,NSS,Kluyveromyces lactis (strain ATCC 8585 / CBS 2359 / DSM 70799 / NBRC 1267 / NRRL Y-1140 / WM37),284590,PAN1
sp|Q6CQX9|PAN1_KLULA,989,NNS,Kluyveromyces lactis (strain ATCC 8585 / CBS 2359 / DSM 70799 / NBRC 1267 / NRRL Y-1140 / WM37),284590,PAN1
sp|Q6CQX9|PAN1_KLULA,1065,NQS,Kluyveromyces lactis (strain ATCC 8585 / CBS 2359 / DSM 70799 / NBRC 1267 / NRRL Y-1140 / WM37),284590,PAN1
sp|Q6CQX9|PAN1_KLULA,1098,NNT,Kluyveromyces lactis (strain ATCC 8585 / CBS 2359 / DSM 70799 / NBRC 1267 / NRRL Y-1140 / WM37),284590,PAN1
sp|Q6CQX9|PAN1_KLULA,1150,NTT,Kluyveromyces lactis (strain ATCC 8585 / CBS 2359 / DSM 70799 / NBRC 1267 / NRRL Y-1140 / WM37),284590,PAN1
sp|Q6CRE7|GPI14_KLULA,237,NFS,Kluyveromyces lactis (strain ATCC 8585 / CBS 2359 / DSM 70799 / NBRC 1267 / NRRL Y-1140 / WM37),284590,GPI14
sp|Q6CRE7|GPI14_KLULA,324,NTT,Kluyveromyces lactis (strain ATCC 8585 / CBS 2359 / DSM 70799 / NBRC 1267 / NRRL Y-1140 / WM37),284590,GPI14
sp|Q6CRJ8|CSN5_KLULA,224,NIS,Kluyveromyces lactis (strain ATCC 8585 / CBS 2359 / DSM 70799 / NBRC 1267 / NRRL Y-1140 / WM37),284590,RRI1
sp|Q6CRJ8|CSN5_KLULA,280,NET,Kluyveromyces lactis (strain ATCC 8585 / CBS 2359 / DSM 70799 / NBRC 1267 / NRRL Y-1140 / WM37),284590,RRI1
sp|Q6CRJ8|CSN5_KLULA,370,NAS,Kluyveromyces lactis (strain ATCC 8585 / CBS 2359 / DSM 70799 / NBRC 1267 / NRRL Y-1140 / WM37),284590,RRI1
sp|Q6CRT6|RNY1_KLULA,42,NNT,Kluyveromyces lactis (strain ATCC 8585 / CBS 2359 / DSM 70799 / NBRC 1267 / NRRL Y-1140 / WM37),284590,RNY1
sp|Q6CRT6|RNY1_KLULA,134,NGT,Kluyveromyces lactis (strain ATCC 8585 / CBS 2359 / DSM 70799 / NBRC 1267 / NRRL Y-1140 / WM37),284590,RNY1
sp|Q6CRT7|NAGS_KLULA,31,NST,Kluyveromyces lactis (strain ATCC 8585 / CBS 2359 / DSM 70799 / NBRC 1267 / NRRL Y-1140 / WM37),284590,ARG2
sp|Q6CRT7|NAGS_KLULA,205,NLS,Kluyveromyces lactis (strain ATCC 8585 / CBS 2359 / DSM 70799 / NBRC 1267 / NRRL Y-1140 / WM37),284590,ARG2
sp|Q6CRT7|NAGS_KLULA,267,NKT,Kluyveromyces lactis (strain ATCC 8585 / CBS 2359 / DSM 70799 / NBRC 1267 / NRRL Y-1140 / WM37),284590,ARG2
sp|Q6CRT7|NAGS_KLULA,341,NDS,Kluyveromyces lactis (strain ATCC 8585 / CBS 2359 / DSM 70799 / NBRC 1267 / NRRL Y-1140 / WM37),284590,ARG2
sp|Q6CRT7|NAGS_KLULA,400,NSS,Kluyveromyces lactis (strain ATCC 8585 / CBS 2359 / DSM 70799 / NBRC 1267 / NRRL Y-1140 / WM37),284590,ARG2
sp|Q6CRV3|PFA5_KLULA,232,NRT,Kluyveromyces lactis (strain ATCC 8585 / CBS 2359 / DSM 70799 / NBRC 1267 / NRRL Y-1140 / WM37),284590,PFA5
sp|Q6CRX0|BOS1_KLULA,61,NSS,Kluyveromyces lactis (strain ATCC 8585 / CBS 2359 / DSM 70799 / NBRC 1267 / NRRL Y-1140 / WM37),284590,BOS1
sp|Q6CRX0|BOS1_KLULA,212,NET,Kluyveromyces lactis (strain ATCC 8585 / CBS 2359 / DSM 70799 / NBRC 1267 / NRRL Y-1140 / WM37),284590,BOS1
sp|Q6CRY5|EFGM_KLULA,134,NES,Kluyveromyces lactis (strain ATCC 8585 / CBS 2359 / DSM 70799 / NBRC 1267 / NRRL Y-1140 / WM37),284590,MEF1
sp|Q6CRY5|EFGM_KLULA,480,NFS,Kluyveromyces lactis (strain ATCC 8585 / CBS 2359 / DSM 70799 / NBRC 1267 / NRRL Y-1140 / WM37),284590,MEF1
sp|Q6CRY5|EFGM_KLULA,570,NLS,Kluyveromyces lactis (strain ATCC 8585 / CBS 2359 / DSM 70799 / NBRC 1267 / NRRL Y-1140 / WM37),284590,MEF1
sp|Q6CRY5|EFGM_KLULA,664,NVS,Kluyveromyces lactis (strain ATCC 8585 / CBS 2359 / DSM 70799 / NBRC 1267 / NRRL Y-1140 / WM37),284590,MEF1
sp|Q6CS21|ATG18_KLULA,15,NGS,Kluyveromyces lactis (strain ATCC 8585 / CBS 2359 / DSM 70799 / NBRC 1267 / NRRL Y-1140 / WM37),284590,ATG18
sp|Q6CS21|ATG18_KLULA,100,NKS,Kluyveromyces lactis (strain ATCC 8585 / CBS 2359 / DSM 70799 / NBRC 1267 / NRRL Y-1140 / WM37),284590,ATG18
sp|Q6CS21|ATG18_KLULA,210,NNT,Kluyveromyces lactis (strain ATCC 8585 / CBS 2359 / DSM 70799 / NBRC 1267 / NRRL Y-1140 / WM37),284590,ATG18
sp|Q6CS21|ATG18_KLULA,272,NGS,Kluyveromyces lactis (strain ATCC 8585 / CBS 2359 / DSM 70799 / NBRC 1267 / NRRL Y-1140 / WM37),284590,ATG18
sp|Q6CS21|ATG18_KLULA,321,NKS,Kluyveromyces lactis (strain ATCC 8585 / CBS 2359 / DSM 70799 / NBRC 1267 / NRRL Y-1140 / WM37),284590,ATG18
sp|Q6CS21|ATG18_KLULA,360,NHS,Kluyveromyces lactis (strain ATCC 8585 / CBS 2359 / DSM 70799 / NBRC 1267 / NRRL Y-1140 / WM37),284590,ATG18
sp|Q6CS21|ATG18_KLULA,449,NAS,Kluyveromyces lactis (strain ATCC 8585 / CBS 2359 / DSM 70799 / NBRC 1267 / NRRL Y-1140 / WM37),284590,ATG18
sp|Q6CS27|MCR1_KLULA,32,NYS,Kluyveromyces lactis (strain ATCC 8585 / CBS 2359 / DSM 70799 / NBRC 1267 / NRRL Y-1140 / WM37),284590,MCR1
sp|Q6CS27|MCR1_KLULA,37,NDT,Kluyveromyces lactis (strain ATCC 8585 / CBS 2359 / DSM 70799 / NBRC 1267 / NRRL Y-1140 / WM37),284590,MCR1
sp|Q6CS27|MCR1_KLULA,108,NGT,Kluyveromyces lactis (strain ATCC 8585 / CBS 2359 / DSM 70799 / NBRC 1267 / NRRL Y-1140 / WM37),284590,MCR1
sp|Q6CS27|MCR1_KLULA,136,NDT,Kluyveromyces lactis (strain ATCC 8585 / CBS 2359 / DSM 70799 / NBRC 1267 / NRRL Y-1140 / WM37),284590,MCR1
sp|Q6CS27|MCR1_KLULA,193,NKT,Kluyveromyces lactis (strain ATCC 8585 / CBS 2359 / DSM 70799 / NBRC 1267 / NRRL Y-1140 / WM37),284590,MCR1
sp|Q6CS90|DPH2_KLULA,2,NDS,Kluyveromyces lactis (strain ATCC 8585 / CBS 2359 / DSM 70799 / NBRC 1267 / NRRL Y-1140 / WM37),284590,DPH2
sp|Q6CS90|DPH2_KLULA,121,NCS,Kluyveromyces lactis (strain ATCC 8585 / CBS 2359 / DSM 70799 / NBRC 1267 / NRRL Y-1140 / WM37),284590,DPH2
sp|Q6CS90|DPH2_KLULA,458,NDS,Kluyveromyces lactis (strain ATCC 8585 / CBS 2359 / DSM 70799 / NBRC 1267 / NRRL Y-1140 / WM37),284590,DPH2
sp|Q6CSB8|MIC60_KLULA,168,NKS,Kluyveromyces lactis (strain ATCC 8585 / CBS 2359 / DSM 70799 / NBRC 1267 / NRRL Y-1140 / WM37),284590,MIC60
sp|Q6CSB8|MIC60_KLULA,325,NGS,Kluyveromyces lactis (strain ATCC 8585 / CBS 2359 / DSM 70799 / NBRC 1267 / NRRL Y-1140 / WM37),284590,MIC60
sp|Q6CSB8|MIC60_KLULA,464,NKS,Kluyveromyces lactis (strain ATCC 8585 / CBS 2359 / DSM 70799 / NBRC 1267 / NRRL Y-1140 / WM37),284590,MIC60
sp|Q6CSH0|DNLI4_KLULA,6,NFS,Kluyveromyces lactis (strain ATCC 8585 / CBS 2359 / DSM 70799 / NBRC 1267 / NRRL Y-1140 / WM37),284590,LIG4
sp|Q6CSH0|DNLI4_KLULA,309,NSS,Kluyveromyces lactis (strain ATCC 8585 / CBS 2359 / DSM 70799 / NBRC 1267 / NRRL Y-1140 / WM37),284590,LIG4
sp|Q6CSH0|DNLI4_KLULA,645,NSS,Kluyveromyces lactis (strain ATCC 8585 / CBS 2359 / DSM 70799 / NBRC 1267 / NRRL Y-1140 / WM37),284590,LIG4
sp|Q6CSH0|DNLI4_KLULA,842,NAS,Kluyveromyces lactis (strain ATCC 8585 / CBS 2359 / DSM 70799 / NBRC 1267 / NRRL Y-1140 / WM37),284590,LIG4
sp|Q6CSN1|PUL4_KLULA,53,NQT,Kluyveromyces lactis (strain ATCC 8585 / CBS 2359 / DSM 70799 / NBRC 1267 / NRRL Y-1140 / WM37),284590,PUL4
sp|Q6CSN1|PUL4_KLULA,356,NIS,Kluyveromyces lactis (strain ATCC 8585 / CBS 2359 / DSM 70799 / NBRC 1267 / NRRL Y-1140 / WM37),284590,PUL4
sp|Q6CSN1|PUL4_KLULA,502,NFS,Kluyveromyces lactis (strain ATCC 8585 / CBS 2359 / DSM 70799 / NBRC 1267 / NRRL Y-1140 / WM37),284590,PUL4
sp|Q6CSN1|PUL4_KLULA,574,NES,Kluyveromyces lactis (strain ATCC 8585 / CBS 2359 / DSM 70799 / NBRC 1267 / NRRL Y-1140 / WM37),284590,PUL4
sp|Q6CSR1|MSH3_KLULA,253,NNS,Kluyveromyces lactis (strain ATCC 8585 / CBS 2359 / DSM 70799 / NBRC 1267 / NRRL Y-1140 / WM37),284590,MSH3
sp|Q6CSR1|MSH3_KLULA,275,NET,Kluyveromyces lactis (strain ATCC 8585 / CBS 2359 / DSM 70799 / NBRC 1267 / NRRL Y-1140 / WM37),284590,MSH3
sp|Q6CSR1|MSH3_KLULA,298,NET,Kluyveromyces lactis (strain ATCC 8585 / CBS 2359 / DSM 70799 / NBRC 1267 / NRRL Y-1140 / WM37),284590,MSH3
sp|Q6CSR1|MSH3_KLULA,417,NYS,Kluyveromyces lactis (strain ATCC 8585 / CBS 2359 / DSM 70799 / NBRC 1267 / NRRL Y-1140 / WM37),284590,MSH3
sp|Q6CSR1|MSH3_KLULA,442,NST,Kluyveromyces lactis (strain ATCC 8585 / CBS 2359 / DSM 70799 / NBRC 1267 / NRRL Y-1140 / WM37),284590,MSH3
sp|Q6CSR1|MSH3_KLULA,446,NKT,Kluyveromyces lactis (strain ATCC 8585 / CBS 2359 / DSM 70799 / NBRC 1267 / NRRL Y-1140 / WM37),284590,MSH3
sp|Q6CSR1|MSH3_KLULA,449,NGS,Kluyveromyces lactis (strain ATCC 8585 / CBS 2359 / DSM 70799 / NBRC 1267 / NRRL Y-1140 / WM37),284590,MSH3
sp|Q6CSR1|MSH3_KLULA,680,NST,Kluyveromyces lactis (strain ATCC 8585 / CBS 2359 / DSM 70799 / NBRC 1267 / NRRL Y-1140 / WM37),284590,MSH3
sp|Q6CSR1|MSH3_KLULA,870,NSS,Kluyveromyces lactis (strain ATCC 8585 / CBS 2359 / DSM 70799 / NBRC 1267 / NRRL Y-1140 / WM37),284590,MSH3
sp|Q6CSV3|PABP_KLULA,49,NAS,Kluyveromyces lactis (strain ATCC 8585 / CBS 2359 / DSM 70799 / NBRC 1267 / NRRL Y-1140 / WM37),284590,PAB1
sp|Q6CSV3|PABP_KLULA,60,NIT,Kluyveromyces lactis (strain ATCC 8585 / CBS 2359 / DSM 70799 / NBRC 1267 / NRRL Y-1140 / WM37),284590,PAB1
sp|Q6CSV3|PABP_KLULA,97,NYT,Kluyveromyces lactis (strain ATCC 8585 / CBS 2359 / DSM 70799 / NBRC 1267 / NRRL Y-1140 / WM37),284590,PAB1
sp|Q6CSV3|PABP_KLULA,229,NFT,Kluyveromyces lactis (strain ATCC 8585 / CBS 2359 / DSM 70799 / NBRC 1267 / NRRL Y-1140 / WM37),284590,PAB1
sp|Q6CSW8|UBC12_KLULA,166,NHS,Kluyveromyces lactis (strain ATCC 8585 / CBS 2359 / DSM 70799 / NBRC 1267 / NRRL Y-1140 / WM37),284590,UBC12
sp|Q6CSY9|DAD4_KLULA,24,NQS,Kluyveromyces lactis (strain ATCC 8585 / CBS 2359 / DSM 70799 / NBRC 1267 / NRRL Y-1140 / WM37),284590,DAD4
sp|Q6CSZ5|SEC13_KLULA,133,NGT,Kluyveromyces lactis (strain ATCC 8585 / CBS 2359 / DSM 70799 / NBRC 1267 / NRRL Y-1140 / WM37),284590,SEC13
sp|Q6CT22|CET1_KLULA,70,NTS,Kluyveromyces lactis (strain ATCC 8585 / CBS 2359 / DSM 70799 / NBRC 1267 / NRRL Y-1140 / WM37),284590,CET1
sp|Q6CT22|CET1_KLULA,218,NAS,Kluyveromyces lactis (strain ATCC 8585 / CBS 2359 / DSM 70799 / NBRC 1267 / NRRL Y-1140 / WM37),284590,CET1
sp|Q6CT22|CET1_KLULA,360,NLS,Kluyveromyces lactis (strain ATCC 8585 / CBS 2359 / DSM 70799 / NBRC 1267 / NRRL Y-1140 / WM37),284590,CET1
sp|Q6CT22|CET1_KLULA,450,NHT,Kluyveromyces lactis (strain ATCC 8585 / CBS 2359 / DSM 70799 / NBRC 1267 / NRRL Y-1140 / WM37),284590,CET1
sp|Q6CT22|CET1_KLULA,467,NDS,Kluyveromyces lactis (strain ATCC 8585 / CBS 2359 / DSM 70799 / NBRC 1267 / NRRL Y-1140 / WM37),284590,CET1
sp|Q6CT22|CET1_KLULA,534,NGT,Kluyveromyces lactis (strain ATCC 8585 / CBS 2359 / DSM 70799 / NBRC 1267 / NRRL Y-1140 / WM37),284590,CET1
sp|Q6CT29|RUVB2_KLULA,61,NGS,Kluyveromyces lactis (strain ATCC 8585 / CBS 2359 / DSM 70799 / NBRC 1267 / NRRL Y-1140 / WM37),284590,RVB2
sp|Q6CT29|RUVB2_KLULA,453,NIS,Kluyveromyces lactis (strain ATCC 8585 / CBS 2359 / DSM 70799 / NBRC 1267 / NRRL Y-1140 / WM37),284590,RVB2
sp|Q6CT46|DBP3_KLULA,414,NLT,Kluyveromyces lactis (strain ATCC 8585 / CBS 2359 / DSM 70799 / NBRC 1267 / NRRL Y-1140 / WM37),284590,DBP3
sp|Q6CT48|PEX5_KLULA,61,NRS,Kluyveromyces lactis (strain ATCC 8585 / CBS 2359 / DSM 70799 / NBRC 1267 / NRRL Y-1140 / WM37),284590,PEX5
sp|Q6CT48|PEX5_KLULA,98,NMS,Kluyveromyces lactis (strain ATCC 8585 / CBS 2359 / DSM 70799 / NBRC 1267 / NRRL Y-1140 / WM37),284590,PEX5
sp|Q6CT48|PEX5_KLULA,164,NYS,Kluyveromyces lactis (strain ATCC 8585 / CBS 2359 / DSM 70799 / NBRC 1267 / NRRL Y-1140 / WM37),284590,PEX5
sp|Q6CT48|PEX5_KLULA,201,NLT,Kluyveromyces lactis (strain ATCC 8585 / CBS 2359 / DSM 70799 / NBRC 1267 / NRRL Y-1140 / WM37),284590,PEX5
sp|Q6CT48|PEX5_KLULA,395,NLS,Kluyveromyces lactis (strain ATCC 8585 / CBS 2359 / DSM 70799 / NBRC 1267 / NRRL Y-1140 / WM37),284590,PEX5
sp|Q6CT48|PEX5_KLULA,464,NRS,Kluyveromyces lactis (strain ATCC 8585 / CBS 2359 / DSM 70799 / NBRC 1267 / NRRL Y-1140 / WM37),284590,PEX5
sp|Q6CT50|CWC2_KLULA,58,NDS,Kluyveromyces lactis (strain ATCC 8585 / CBS 2359 / DSM 70799 / NBRC 1267 / NRRL Y-1140 / WM37),284590,CWC2
sp|Q6CT50|CWC2_KLULA,149,NKT,Kluyveromyces lactis (strain ATCC 8585 / CBS 2359 / DSM 70799 / NBRC 1267 / NRRL Y-1140 / WM37),284590,CWC2
sp|Q6CT50|CWC2_KLULA,202,NQT,Kluyveromyces lactis (strain ATCC 8585 / CBS 2359 / DSM 70799 / NBRC 1267 / NRRL Y-1140 / WM37),284590,CWC2
sp|Q6CT50|CWC2_KLULA,316,NIT,Kluyveromyces lactis (strain ATCC 8585 / CBS 2359 / DSM 70799 / NBRC 1267 / NRRL Y-1140 / WM37),284590,CWC2
sp|Q6CT57|RIFK_KLULA,90,NGT,Kluyveromyces lactis (strain ATCC 8585 / CBS 2359 / DSM 70799 / NBRC 1267 / NRRL Y-1140 / WM37),284590,FMN1
sp|Q6CT57|RIFK_KLULA,118,NKT,Kluyveromyces lactis (strain ATCC 8585 / CBS 2359 / DSM 70799 / NBRC 1267 / NRRL Y-1140 / WM37),284590,FMN1
sp|Q6CT61|LYS4_KLULA,21,NMT,Kluyveromyces lactis (strain ATCC 8585 / CBS 2359 / DSM 70799 / NBRC 1267 / NRRL Y-1140 / WM37),284590,LYS4
sp|Q6CT61|LYS4_KLULA,90,NKS,Kluyveromyces lactis (strain ATCC 8585 / CBS 2359 / DSM 70799 / NBRC 1267 / NRRL Y-1140 / WM37),284590,LYS4
sp|Q6CT61|LYS4_KLULA,95,NLT,Kluyveromyces lactis (strain ATCC 8585 / CBS 2359 / DSM 70799 / NBRC 1267 / NRRL Y-1140 / WM37),284590,LYS4
sp|Q6CT61|LYS4_KLULA,234,NMT,Kluyveromyces lactis (strain ATCC 8585 / CBS 2359 / DSM 70799 / NBRC 1267 / NRRL Y-1140 / WM37),284590,LYS4
sp|Q6CT61|LYS4_KLULA,471,NFT,Kluyveromyces lactis (strain ATCC 8585 / CBS 2359 / DSM 70799 / NBRC 1267 / NRRL Y-1140 / WM37),284590,LYS4
sp|Q6CT90|EIF3A_KLULA,174,NNS,Kluyveromyces lactis (strain ATCC 8585 / CBS 2359 / DSM 70799 / NBRC 1267 / NRRL Y-1140 / WM37),284590,TIF32
sp|Q6CT90|EIF3A_KLULA,187,NRT,Kluyveromyces lactis (strain ATCC 8585 / CBS 2359 / DSM 70799 / NBRC 1267 / NRRL Y-1140 / WM37),284590,TIF32
sp|Q6CT90|EIF3A_KLULA,248,NVS,Kluyveromyces lactis (strain ATCC 8585 / CBS 2359 / DSM 70799 / NBRC 1267 / NRRL Y-1140 / WM37),284590,TIF32
sp|Q6CT90|EIF3A_KLULA,318,NAS,Kluyveromyces lactis (strain ATCC 8585 / CBS 2359 / DSM 70799 / NBRC 1267 / NRRL Y-1140 / WM37),284590,TIF32
sp|Q6CT90|EIF3A_KLULA,566,NGS,Kluyveromyces lactis (strain ATCC 8585 / CBS 2359 / DSM 70799 / NBRC 1267 / NRRL Y-1140 / WM37),284590,TIF32
sp|Q6CT90|EIF3A_KLULA,685,NLT,Kluyveromyces lactis (strain ATCC 8585 / CBS 2359 / DSM 70799 / NBRC 1267 / NRRL Y-1140 / WM37),284590,TIF32
sp|Q6CT90|EIF3A_KLULA,880,NGS,Kluyveromyces lactis (strain ATCC 8585 / CBS 2359 / DSM 70799 / NBRC 1267 / NRRL Y-1140 / WM37),284590,TIF32
sp|Q6CTH5|DEF1_KLULA,7,NAS,Kluyveromyces lactis (strain ATCC 8585 / CBS 2359 / DSM 70799 / NBRC 1267 / NRRL Y-1140 / WM37),284590,DEF1
sp|Q6CTH5|DEF1_KLULA,123,NNS,Kluyveromyces lactis (strain ATCC 8585 / CBS 2359 / DSM 70799 / NBRC 1267 / NRRL Y-1140 / WM37),284590,DEF1
sp|Q6CTH5|DEF1_KLULA,447,NQS,Kluyveromyces lactis (strain ATCC 8585 / CBS 2359 / DSM 70799 / NBRC 1267 / NRRL Y-1140 / WM37),284590,DEF1
sp|Q6CTH5|DEF1_KLULA,601,NAS,Kluyveromyces lactis (strain ATCC 8585 / CBS 2359 / DSM 70799 / NBRC 1267 / NRRL Y-1140 / WM37),284590,DEF1
sp|Q6CTH8|ASK1_KLULA,51,NSS,Kluyveromyces lactis (strain ATCC 8585 / CBS 2359 / DSM 70799 / NBRC 1267 / NRRL Y-1140 / WM37),284590,ASK1
sp|Q6CTH8|ASK1_KLULA,93,NET,Kluyveromyces lactis (strain ATCC 8585 / CBS 2359 / DSM 70799 / NBRC 1267 / NRRL Y-1140 / WM37),284590,ASK1
sp|Q6CTH8|ASK1_KLULA,163,NSS,Kluyveromyces lactis (strain ATCC 8585 / CBS 2359 / DSM 70799 / NBRC 1267 / NRRL Y-1140 / WM37),284590,ASK1
sp|Q6CTH8|ASK1_KLULA,169,NSS,Kluyveromyces lactis (strain ATCC 8585 / CBS 2359 / DSM 70799 / NBRC 1267 / NRRL Y-1140 / WM37),284590,ASK1
sp|Q6CTH8|ASK1_KLULA,179,NSS,Kluyveromyces lactis (strain ATCC 8585 / CBS 2359 / DSM 70799 / NBRC 1267 / NRRL Y-1140 / WM37),284590,ASK1
sp|Q6CTI2|CENPA_KLULA,46,NRS,Kluyveromyces lactis (strain ATCC 8585 / CBS 2359 / DSM 70799 / NBRC 1267 / NRRL Y-1140 / WM37),284590,CSE4
sp|Q6CTM9|END3_KLULA,176,NLS,Kluyveromyces lactis (strain ATCC 8585 / CBS 2359 / DSM 70799 / NBRC 1267 / NRRL Y-1140 / WM37),284590,END3
sp|Q6CTM9|END3_KLULA,256,NSS,Kluyveromyces lactis (strain ATCC 8585 / CBS 2359 / DSM 70799 / NBRC 1267 / NRRL Y-1140 / WM37),284590,END3
sp|Q6CTM9|END3_KLULA,305,NDS,Kluyveromyces lactis (strain ATCC 8585 / CBS 2359 / DSM 70799 / NBRC 1267 / NRRL Y-1140 / WM37),284590,END3
sp|Q6CTM9|END3_KLULA,330,NNS,Kluyveromyces lactis (strain ATCC 8585 / CBS 2359 / DSM 70799 / NBRC 1267 / NRRL Y-1140 / WM37),284590,END3
sp|Q6CTM9|END3_KLULA,333,NTS,Kluyveromyces lactis (strain ATCC 8585 / CBS 2359 / DSM 70799 / NBRC 1267 / NRRL Y-1140 / WM37),284590,END3
sp|Q6CTQ0|SNX4_KLULA,179,NLS,Kluyveromyces lactis (strain ATCC 8585 / CBS 2359 / DSM 70799 / NBRC 1267 / NRRL Y-1140 / WM37),284590,SNX4
sp|Q6CTX8|PYRD2_KLULA,17,NQS,Kluyveromyces lactis (strain ATCC 8585 / CBS 2359 / DSM 70799 / NBRC 1267 / NRRL Y-1140 / WM37),284590,URA9
sp|Q6CTX8|PYRD2_KLULA,178,NSS,Kluyveromyces lactis (strain ATCC 8585 / CBS 2359 / DSM 70799 / NBRC 1267 / NRRL Y-1140 / WM37),284590,URA9
sp|Q6CTX8|PYRD2_KLULA,209,NLS,Kluyveromyces lactis (strain ATCC 8585 / CBS 2359 / DSM 70799 / NBRC 1267 / NRRL Y-1140 / WM37),284590,URA9
sp|Q6CTX8|PYRD2_KLULA,225,NKT,Kluyveromyces lactis (strain ATCC 8585 / CBS 2359 / DSM 70799 / NBRC 1267 / NRRL Y-1140 / WM37),284590,URA9
sp|Q6CTX8|PYRD2_KLULA,251,NVS,Kluyveromyces lactis (strain ATCC 8585 / CBS 2359 / DSM 70799 / NBRC 1267 / NRRL Y-1140 / WM37),284590,URA9
sp|Q6CTX8|PYRD2_KLULA,331,NTT,Kluyveromyces lactis (strain ATCC 8585 / CBS 2359 / DSM 70799 / NBRC 1267 / NRRL Y-1140 / WM37),284590,URA9
sp|Q6CTX8|PYRD2_KLULA,433,NKT,Kluyveromyces lactis (strain ATCC 8585 / CBS 2359 / DSM 70799 / NBRC 1267 / NRRL Y-1140 / WM37),284590,URA9
sp|Q6CTY0|GET2_KLULA,64,NVS,Kluyveromyces lactis (strain ATCC 8585 / CBS 2359 / DSM 70799 / NBRC 1267 / NRRL Y-1140 / WM37),284590,GET2
sp|Q6CTY0|GET2_KLULA,120,NGS,Kluyveromyces lactis (strain ATCC 8585 / CBS 2359 / DSM 70799 / NBRC 1267 / NRRL Y-1140 / WM37),284590,GET2
sp|Q6CTY0|GET2_KLULA,137,NDT,Kluyveromyces lactis (strain ATCC 8585 / CBS 2359 / DSM 70799 / NBRC 1267 / NRRL Y-1140 / WM37),284590,GET2
sp|Q6CTY0|GET2_KLULA,140,NTT,Kluyveromyces lactis (strain ATCC 8585 / CBS 2359 / DSM 70799 / NBRC 1267 / NRRL Y-1140 / WM37),284590,GET2
sp|Q6CTY0|GET2_KLULA,237,NVT,Kluyveromyces lactis (strain ATCC 8585 / CBS 2359 / DSM 70799 / NBRC 1267 / NRRL Y-1140 / WM37),284590,GET2
sp|Q6CTZ8|RAD18_KLULA,288,NGT,Kluyveromyces lactis (strain ATCC 8585 / CBS 2359 / DSM 70799 / NBRC 1267 / NRRL Y-1140 / WM37),284590,RAD18
sp|Q6CU02|ATG15_KLULA,15,NAS,Kluyveromyces lactis (strain ATCC 8585 / CBS 2359 / DSM 70799 / NBRC 1267 / NRRL Y-1140 / WM37),284590,ATG15
sp|Q6CU02|ATG15_KLULA,178,NVT,Kluyveromyces lactis (strain ATCC 8585 / CBS 2359 / DSM 70799 / NBRC 1267 / NRRL Y-1140 / WM37),284590,ATG15
sp|Q6CU02|ATG15_KLULA,207,NLS,Kluyveromyces lactis (strain ATCC 8585 / CBS 2359 / DSM 70799 / NBRC 1267 / NRRL Y-1140 / WM37),284590,ATG15
sp|Q6CU55|LIS1_KLULA,38,NGS,Kluyveromyces lactis (strain ATCC 8585 / CBS 2359 / DSM 70799 / NBRC 1267 / NRRL Y-1140 / WM37),284590,PAC1
sp|Q6CU55|LIS1_KLULA,90,NAS,Kluyveromyces lactis (strain ATCC 8585 / CBS 2359 / DSM 70799 / NBRC 1267 / NRRL Y-1140 / WM37),284590,PAC1
sp|Q6CU55|LIS1_KLULA,263,NDS,Kluyveromyces lactis (strain ATCC 8585 / CBS 2359 / DSM 70799 / NBRC 1267 / NRRL Y-1140 / WM37),284590,PAC1
sp|Q6CU55|LIS1_KLULA,388,NLS,Kluyveromyces lactis (strain ATCC 8585 / CBS 2359 / DSM 70799 / NBRC 1267 / NRRL Y-1140 / WM37),284590,PAC1
sp|Q6CU65|CEF1_KLULA,130,NES,Kluyveromyces lactis (strain ATCC 8585 / CBS 2359 / DSM 70799 / NBRC 1267 / NRRL Y-1140 / WM37),284590,CEF1
sp|Q6CU65|CEF1_KLULA,307,NKT,Kluyveromyces lactis (strain ATCC 8585 / CBS 2359 / DSM 70799 / NBRC 1267 / NRRL Y-1140 / WM37),284590,CEF1
sp|Q6CU65|CEF1_KLULA,420,NST,Kluyveromyces lactis (strain ATCC 8585 / CBS 2359 / DSM 70799 / NBRC 1267 / NRRL Y-1140 / WM37),284590,CEF1
sp|Q6CU71|GUAA_KLULA,98,NNT,Kluyveromyces lactis (strain ATCC 8585 / CBS 2359 / DSM 70799 / NBRC 1267 / NRRL Y-1140 / WM37),284590,GUA1
sp|Q6CU71|GUAA_KLULA,279,NLT,Kluyveromyces lactis (strain ATCC 8585 / CBS 2359 / DSM 70799 / NBRC 1267 / NRRL Y-1140 / WM37),284590,GUA1
sp|Q6CU71|GUAA_KLULA,442,NIS,Kluyveromyces lactis (strain ATCC 8585 / CBS 2359 / DSM 70799 / NBRC 1267 / NRRL Y-1140 / WM37),284590,GUA1
sp|Q6CUB5|PFA4_KLULA,302,NSS,Kluyveromyces lactis (strain ATCC 8585 / CBS 2359 / DSM 70799 / NBRC 1267 / NRRL Y-1140 / WM37),284590,PFA4
sp|Q6CUC3|MDM12_KLULA,300,NTS,Kluyveromyces lactis (strain ATCC 8585 / CBS 2359 / DSM 70799 / NBRC 1267 / NRRL Y-1140 / WM37),284590,MDM12
sp|Q6CUD4|DUO1_KLULA,158,NDT,Kluyveromyces lactis (strain ATCC 8585 / CBS 2359 / DSM 70799 / NBRC 1267 / NRRL Y-1140 / WM37),284590,DUO1
sp|Q6CUD4|DUO1_KLULA,182,NNS,Kluyveromyces lactis (strain ATCC 8585 / CBS 2359 / DSM 70799 / NBRC 1267 / NRRL Y-1140 / WM37),284590,DUO1
sp|Q6CUD4|DUO1_KLULA,185,NNS,Kluyveromyces lactis (strain ATCC 8585 / CBS 2359 / DSM 70799 / NBRC 1267 / NRRL Y-1140 / WM37),284590,DUO1
sp|Q6CUD5|ATG12_KLULA,78,NVS,Kluyveromyces lactis (strain ATCC 8585 / CBS 2359 / DSM 70799 / NBRC 1267 / NRRL Y-1140 / WM37),284590,ATG12
sp|Q6CUE5|CENPU_KLULA,190,NLS,Kluyveromyces lactis (strain ATCC 8585 / CBS 2359 / DSM 70799 / NBRC 1267 / NRRL Y-1140 / WM37),284590,AME1
sp|Q6CUE5|CENPU_KLULA,284,NES,Kluyveromyces lactis (strain ATCC 8585 / CBS 2359 / DSM 70799 / NBRC 1267 / NRRL Y-1140 / WM37),284590,AME1
sp|Q6CUH2|GUF1_KLULA,20,NHS,Kluyveromyces lactis (strain ATCC 8585 / CBS 2359 / DSM 70799 / NBRC 1267 / NRRL Y-1140 / WM37),284590,GUF1
sp|Q6CUH2|GUF1_KLULA,37,NFS,Kluyveromyces lactis (strain ATCC 8585 / CBS 2359 / DSM 70799 / NBRC 1267 / NRRL Y-1140 / WM37),284590,GUF1
sp|Q6CUH2|GUF1_KLULA,471,NMT,Kluyveromyces lactis (strain ATCC 8585 / CBS 2359 / DSM 70799 / NBRC 1267 / NRRL Y-1140 / WM37),284590,GUF1
sp|Q6CUI5|YSH1_KLULA,321,NIS,Kluyveromyces lactis (strain ATCC 8585 / CBS 2359 / DSM 70799 / NBRC 1267 / NRRL Y-1140 / WM37),284590,YSH1
sp|Q6CUI5|YSH1_KLULA,450,NFS,Kluyveromyces lactis (strain ATCC 8585 / CBS 2359 / DSM 70799 / NBRC 1267 / NRRL Y-1140 / WM37),284590,YSH1
sp|Q6CUI5|YSH1_KLULA,601,NVS,Kluyveromyces lactis (strain ATCC 8585 / CBS 2359 / DSM 70799 / NBRC 1267 / NRRL Y-1140 / WM37),284590,YSH1
sp|Q6CUI5|YSH1_KLULA,691,NIS,Kluyveromyces lactis (strain ATCC 8585 / CBS 2359 / DSM 70799 / NBRC 1267 / NRRL Y-1140 / WM37),284590,YSH1
sp|Q6CUI5|YSH1_KLULA,731,NFS,Kluyveromyces lactis (strain ATCC 8585 / CBS 2359 / DSM 70799 / NBRC 1267 / NRRL Y-1140 / WM37),284590,YSH1
sp|Q6CUM6|TRM10_KLULA,102,NQS,Kluyveromyces lactis (strain ATCC 8585 / CBS 2359 / DSM 70799 / NBRC 1267 / NRRL Y-1140 / WM37),284590,TRM10
sp|Q6CUM6|TRM10_KLULA,169,NYT,Kluyveromyces lactis (strain ATCC 8585 / CBS 2359 / DSM 70799 / NBRC 1267 / NRRL Y-1140 / WM37),284590,TRM10
sp|Q6CUV2|ATG26_KLULA,67,NGS,Kluyveromyces lactis (strain ATCC 8585 / CBS 2359 / DSM 70799 / NBRC 1267 / NRRL Y-1140 / WM37),284590,ATG26
sp|Q6CUV2|ATG26_KLULA,136,NQT,Kluyveromyces lactis (strain ATCC 8585 / CBS 2359 / DSM 70799 / NBRC 1267 / NRRL Y-1140 / WM37),284590,ATG26
sp|Q6CUV2|ATG26_KLULA,220,NVT,Kluyveromyces lactis (strain ATCC 8585 / CBS 2359 / DSM 70799 / NBRC 1267 / NRRL Y-1140 / WM37),284590,ATG26
sp|Q6CUV2|ATG26_KLULA,252,NSS,Kluyveromyces lactis (strain ATCC 8585 / CBS 2359 / DSM 70799 / NBRC 1267 / NRRL Y-1140 / WM37),284590,ATG26
sp|Q6CUV2|ATG26_KLULA,356,NLS,Kluyveromyces lactis (strain ATCC 8585 / CBS 2359 / DSM 70799 / NBRC 1267 / NRRL Y-1140 / WM37),284590,ATG26
sp|Q6CUV2|ATG26_KLULA,391,NGS,Kluyveromyces lactis (strain ATCC 8585 / CBS 2359 / DSM 70799 / NBRC 1267 / NRRL Y-1140 / WM37),284590,ATG26
sp|Q6CUV2|ATG26_KLULA,564,NQS,Kluyveromyces lactis (strain ATCC 8585 / CBS 2359 / DSM 70799 / NBRC 1267 / NRRL Y-1140 / WM37),284590,ATG26
sp|Q6CUV2|ATG26_KLULA,816,NFS,Kluyveromyces lactis (strain ATCC 8585 / CBS 2359 / DSM 70799 / NBRC 1267 / NRRL Y-1140 / WM37),284590,ATG26
sp|Q6CUV2|ATG26_KLULA,935,NVS,Kluyveromyces lactis (strain ATCC 8585 / CBS 2359 / DSM 70799 / NBRC 1267 / NRRL Y-1140 / WM37),284590,ATG26
sp|Q6CUV2|ATG26_KLULA,1108,NRS,Kluyveromyces lactis (strain ATCC 8585 / CBS 2359 / DSM 70799 / NBRC 1267 / NRRL Y-1140 / WM37),284590,ATG26
sp|Q6CV12|SPB1_KLULA,191,NVS,Kluyveromyces lactis (strain ATCC 8585 / CBS 2359 / DSM 70799 / NBRC 1267 / NRRL Y-1140 / WM37),284590,SPB1
sp|Q6CV12|SPB1_KLULA,547,NSS,Kluyveromyces lactis (strain ATCC 8585 / CBS 2359 / DSM 70799 / NBRC 1267 / NRRL Y-1140 / WM37),284590,SPB1
sp|Q6CV81|DOHH_KLULA,15,NCS,Kluyveromyces lactis (strain ATCC 8585 / CBS 2359 / DSM 70799 / NBRC 1267 / NRRL Y-1140 / WM37),284590,LIA1
sp|Q6CV81|DOHH_KLULA,27,NNS,Kluyveromyces lactis (strain ATCC 8585 / CBS 2359 / DSM 70799 / NBRC 1267 / NRRL Y-1140 / WM37),284590,LIA1
sp|Q6CVE0|SSH4_KLULA,197,NVS,Kluyveromyces lactis (strain ATCC 8585 / CBS 2359 / DSM 70799 / NBRC 1267 / NRRL Y-1140 / WM37),284590,SSH4
sp|Q6CVE0|SSH4_KLULA,204,NIS,Kluyveromyces lactis (strain ATCC 8585 / CBS 2359 / DSM 70799 / NBRC 1267 / NRRL Y-1140 / WM37),284590,SSH4
sp|Q6CVE0|SSH4_KLULA,348,NVS,Kluyveromyces lactis (strain ATCC 8585 / CBS 2359 / DSM 70799 / NBRC 1267 / NRRL Y-1140 / WM37),284590,SSH4
sp|Q6CVF7|PMIP_KLULA,54,NHS,Kluyveromyces lactis (strain ATCC 8585 / CBS 2359 / DSM 70799 / NBRC 1267 / NRRL Y-1140 / WM37),284590,OCT1
sp|Q6CVF7|PMIP_KLULA,61,NES,Kluyveromyces lactis (strain ATCC 8585 / CBS 2359 / DSM 70799 / NBRC 1267 / NRRL Y-1140 / WM37),284590,OCT1
sp|Q6CVF7|PMIP_KLULA,238,NNT,Kluyveromyces lactis (strain ATCC 8585 / CBS 2359 / DSM 70799 / NBRC 1267 / NRRL Y-1140 / WM37),284590,OCT1
sp|Q6CVF7|PMIP_KLULA,350,NVS,Kluyveromyces lactis (strain ATCC 8585 / CBS 2359 / DSM 70799 / NBRC 1267 / NRRL Y-1140 / WM37),284590,OCT1
sp|Q6CVF7|PMIP_KLULA,582,NVS,Kluyveromyces lactis (strain ATCC 8585 / CBS 2359 / DSM 70799 / NBRC 1267 / NRRL Y-1140 / WM37),284590,OCT1
sp|Q6CVF7|PMIP_KLULA,728,NRT,Kluyveromyces lactis (strain ATCC 8585 / CBS 2359 / DSM 70799 / NBRC 1267 / NRRL Y-1140 / WM37),284590,OCT1
sp|Q6CVF7|PMIP_KLULA,731,NGT,Kluyveromyces lactis (strain ATCC 8585 / CBS 2359 / DSM 70799 / NBRC 1267 / NRRL Y-1140 / WM37),284590,OCT1
sp|Q6CVG0|STU1_KLULA,48,NLS,Kluyveromyces lactis (strain ATCC 8585 / CBS 2359 / DSM 70799 / NBRC 1267 / NRRL Y-1140 / WM37),284590,STU1
sp|Q6CVG0|STU1_KLULA,139,NES,Kluyveromyces lactis (strain ATCC 8585 / CBS 2359 / DSM 70799 / NBRC 1267 / NRRL Y-1140 / WM37),284590,STU1
sp|Q6CVG0|STU1_KLULA,145,NGS,Kluyveromyces lactis (strain ATCC 8585 / CBS 2359 / DSM 70799 / NBRC 1267 / NRRL Y-1140 / WM37),284590,STU1
sp|Q6CVG0|STU1_KLULA,169,NGS,Kluyveromyces lactis (strain ATCC 8585 / CBS 2359 / DSM 70799 / NBRC 1267 / NRRL Y-1140 / WM37),284590,STU1
sp|Q6CVG0|STU1_KLULA,188,NDS,Kluyveromyces lactis (strain ATCC 8585 / CBS 2359 / DSM 70799 / NBRC 1267 / NRRL Y-1140 / WM37),284590,STU1
sp|Q6CVG0|STU1_KLULA,293,NLS,Kluyveromyces lactis (strain ATCC 8585 / CBS 2359 / DSM 70799 / NBRC 1267 / NRRL Y-1140 / WM37),284590,STU1
sp|Q6CVG0|STU1_KLULA,324,NVT,Kluyveromyces lactis (strain ATCC 8585 / CBS 2359 / DSM 70799 / NBRC 1267 / NRRL Y-1140 / WM37),284590,STU1
sp|Q6CVG0|STU1_KLULA,335,NVS,Kluyveromyces lactis (strain ATCC 8585 / CBS 2359 / DSM 70799 / NBRC 1267 / NRRL Y-1140 / WM37),284590,STU1
sp|Q6CVG0|STU1_KLULA,444,NVS,Kluyveromyces lactis (strain ATCC 8585 / CBS 2359 / DSM 70799 / NBRC 1267 / NRRL Y-1140 / WM37),284590,STU1
sp|Q6CVG0|STU1_KLULA,693,NFS,Kluyveromyces lactis (strain ATCC 8585 / CBS 2359 / DSM 70799 / NBRC 1267 / NRRL Y-1140 / WM37),284590,STU1
sp|Q6CVG0|STU1_KLULA,892,NHS,Kluyveromyces lactis (strain ATCC 8585 / CBS 2359 / DSM 70799 / NBRC 1267 / NRRL Y-1140 / WM37),284590,STU1
sp|Q6CVG0|STU1_KLULA,931,NGS,Kluyveromyces lactis (strain ATCC 8585 / CBS 2359 / DSM 70799 / NBRC 1267 / NRRL Y-1140 / WM37),284590,STU1
sp|Q6CVG0|STU1_KLULA,1051,NRS,Kluyveromyces lactis (strain ATCC 8585 / CBS 2359 / DSM 70799 / NBRC 1267 / NRRL Y-1140 / WM37),284590,STU1
sp|Q6CVG0|STU1_KLULA,1083,NDS,Kluyveromyces lactis (strain ATCC 8585 / CBS 2359 / DSM 70799 / NBRC 1267 / NRRL Y-1140 / WM37),284590,STU1
sp|Q6CVG0|STU1_KLULA,1102,NLT,Kluyveromyces lactis (strain ATCC 8585 / CBS 2359 / DSM 70799 / NBRC 1267 / NRRL Y-1140 / WM37),284590,STU1
sp|Q6CVG0|STU1_KLULA,1116,NGT,Kluyveromyces lactis (strain ATCC 8585 / CBS 2359 / DSM 70799 / NBRC 1267 / NRRL Y-1140 / WM37),284590,STU1
sp|Q6CVG8|NDOR1_KLULA,208,NGS,Kluyveromyces lactis (strain ATCC 8585 / CBS 2359 / DSM 70799 / NBRC 1267 / NRRL Y-1140 / WM37),284590,TAH18
sp|Q6CVG8|NDOR1_KLULA,458,NDT,Kluyveromyces lactis (strain ATCC 8585 / CBS 2359 / DSM 70799 / NBRC 1267 / NRRL Y-1140 / WM37),284590,TAH18
sp|Q6CVG8|NDOR1_KLULA,557,NQS,Kluyveromyces lactis (strain ATCC 8585 / CBS 2359 / DSM 70799 / NBRC 1267 / NRRL Y-1140 / WM37),284590,TAH18
sp|Q6CVG9|ATG11_KLULA,207,NYS,Kluyveromyces lactis (strain ATCC 8585 / CBS 2359 / DSM 70799 / NBRC 1267 / NRRL Y-1140 / WM37),284590,ATG11
sp|Q6CVG9|ATG11_KLULA,553,NST,Kluyveromyces lactis (strain ATCC 8585 / CBS 2359 / DSM 70799 / NBRC 1267 / NRRL Y-1140 / WM37),284590,ATG11
sp|Q6CVG9|ATG11_KLULA,578,NKT,Kluyveromyces lactis (strain ATCC 8585 / CBS 2359 / DSM 70799 / NBRC 1267 / NRRL Y-1140 / WM37),284590,ATG11
sp|Q6CVG9|ATG11_KLULA,790,NSS,Kluyveromyces lactis (strain ATCC 8585 / CBS 2359 / DSM 70799 / NBRC 1267 / NRRL Y-1140 / WM37),284590,ATG11
sp|Q6CVG9|ATG11_KLULA,895,NSS,Kluyveromyces lactis (strain ATCC 8585 / CBS 2359 / DSM 70799 / NBRC 1267 / NRRL Y-1140 / WM37),284590,ATG11
sp|Q6CVG9|ATG11_KLULA,902,NSS,Kluyveromyces lactis (strain ATCC 8585 / CBS 2359 / DSM 70799 / NBRC 1267 / NRRL Y-1140 / WM37),284590,ATG11
sp|Q6CVG9|ATG11_KLULA,911,NSS,Kluyveromyces lactis (strain ATCC 8585 / CBS 2359 / DSM 70799 / NBRC 1267 / NRRL Y-1140 / WM37),284590,ATG11
sp|Q6CVG9|ATG11_KLULA,934,NGS,Kluyveromyces lactis (strain ATCC 8585 / CBS 2359 / DSM 70799 / NBRC 1267 / NRRL Y-1140 / WM37),284590,ATG11
sp|Q6CVG9|ATG11_KLULA,994,NST,Kluyveromyces lactis (strain ATCC 8585 / CBS 2359 / DSM 70799 / NBRC 1267 / NRRL Y-1140 / WM37),284590,ATG11
sp|Q6CVK1|DAM1_KLULA,23,NAS,Kluyveromyces lactis (strain ATCC 8585 / CBS 2359 / DSM 70799 / NBRC 1267 / NRRL Y-1140 / WM37),284590,DAM1
sp|Q6CVK1|DAM1_KLULA,42,NQT,Kluyveromyces lactis (strain ATCC 8585 / CBS 2359 / DSM 70799 / NBRC 1267 / NRRL Y-1140 / WM37),284590,DAM1
sp|Q6CVK1|DAM1_KLULA,67,NMT,Kluyveromyces lactis (strain ATCC 8585 / CBS 2359 / DSM 70799 / NBRC 1267 / NRRL Y-1140 / WM37),284590,DAM1
sp|Q6CVK1|DAM1_KLULA,103,NIS,Kluyveromyces lactis (strain ATCC 8585 / CBS 2359 / DSM 70799 / NBRC 1267 / NRRL Y-1140 / WM37),284590,DAM1
sp|Q6CVS4|MKAR_KLULA,10,NVT,Kluyveromyces lactis (strain ATCC 8585 / CBS 2359 / DSM 70799 / NBRC 1267 / NRRL Y-1140 / WM37),284590,KLLA0B09812g
sp|Q6CVS4|MKAR_KLULA,41,NFS,Kluyveromyces lactis (strain ATCC 8585 / CBS 2359 / DSM 70799 / NBRC 1267 / NRRL Y-1140 / WM37),284590,KLLA0B09812g
sp|Q6CVS4|MKAR_KLULA,131,NYT,Kluyveromyces lactis (strain ATCC 8585 / CBS 2359 / DSM 70799 / NBRC 1267 / NRRL Y-1140 / WM37),284590,KLLA0B09812g
sp|Q6CVS4|MKAR_KLULA,176,NNT,Kluyveromyces lactis (strain ATCC 8585 / CBS 2359 / DSM 70799 / NBRC 1267 / NRRL Y-1140 / WM37),284590,KLLA0B09812g
sp|Q6CVS4|MKAR_KLULA,324,NYS,Kluyveromyces lactis (strain ATCC 8585 / CBS 2359 / DSM 70799 / NBRC 1267 / NRRL Y-1140 / WM37),284590,KLLA0B09812g
sp|Q6CVT0|EXO5_KLULA,340,NAT,Kluyveromyces lactis (strain ATCC 8585 / CBS 2359 / DSM 70799 / NBRC 1267 / NRRL Y-1140 / WM37),284590,EXO5
sp|Q6CVT0|EXO5_KLULA,353,NIS,Kluyveromyces lactis (strain ATCC 8585 / CBS 2359 / DSM 70799 / NBRC 1267 / NRRL Y-1140 / WM37),284590,EXO5
sp|Q6CVT0|EXO5_KLULA,414,NLS,Kluyveromyces lactis (strain ATCC 8585 / CBS 2359 / DSM 70799 / NBRC 1267 / NRRL Y-1140 / WM37),284590,EXO5
sp|Q6CVU2|ALG1_KLULA,432,NES,Kluyveromyces lactis (strain ATCC 8585 / CBS 2359 / DSM 70799 / NBRC 1267 / NRRL Y-1140 / WM37),284590,ALG1
sp|Q6CW36|MCD4_KLULA,138,NQS,Kluyveromyces lactis (strain ATCC 8585 / CBS 2359 / DSM 70799 / NBRC 1267 / NRRL Y-1140 / WM37),284590,MCD4
sp|Q6CW36|MCD4_KLULA,196,NNT,Kluyveromyces lactis (strain ATCC 8585 / CBS 2359 / DSM 70799 / NBRC 1267 / NRRL Y-1140 / WM37),284590,MCD4
sp|Q6CW36|MCD4_KLULA,201,NKT,Kluyveromyces lactis (strain ATCC 8585 / CBS 2359 / DSM 70799 / NBRC 1267 / NRRL Y-1140 / WM37),284590,MCD4
sp|Q6CW36|MCD4_KLULA,285,NNT,Kluyveromyces lactis (strain ATCC 8585 / CBS 2359 / DSM 70799 / NBRC 1267 / NRRL Y-1140 / WM37),284590,MCD4
sp|Q6CW36|MCD4_KLULA,311,NYT,Kluyveromyces lactis (strain ATCC 8585 / CBS 2359 / DSM 70799 / NBRC 1267 / NRRL Y-1140 / WM37),284590,MCD4
sp|Q6CW36|MCD4_KLULA,670,NKS,Kluyveromyces lactis (strain ATCC 8585 / CBS 2359 / DSM 70799 / NBRC 1267 / NRRL Y-1140 / WM37),284590,MCD4
sp|Q6CW36|MCD4_KLULA,678,NRT,Kluyveromyces lactis (strain ATCC 8585 / CBS 2359 / DSM 70799 / NBRC 1267 / NRRL Y-1140 / WM37),284590,MCD4
sp|Q6CW36|MCD4_KLULA,763,NTS,Kluyveromyces lactis (strain ATCC 8585 / CBS 2359 / DSM 70799 / NBRC 1267 / NRRL Y-1140 / WM37),284590,MCD4
sp|Q6CW48|DAD1_KLULA,27,NES,Kluyveromyces lactis (strain ATCC 8585 / CBS 2359 / DSM 70799 / NBRC 1267 / NRRL Y-1140 / WM37),284590,DAD1
sp|Q6CW48|DAD1_KLULA,41,NIT,Kluyveromyces lactis (strain ATCC 8585 / CBS 2359 / DSM 70799 / NBRC 1267 / NRRL Y-1140 / WM37),284590,DAD1
sp|Q6CW48|DAD1_KLULA,56,NVS,Kluyveromyces lactis (strain ATCC 8585 / CBS 2359 / DSM 70799 / NBRC 1267 / NRRL Y-1140 / WM37),284590,DAD1
sp|Q6CWD7|POB3_KLULA,11,NQS,Kluyveromyces lactis (strain ATCC 8585 / CBS 2359 / DSM 70799 / NBRC 1267 / NRRL Y-1140 / WM37),284590,POB3
sp|Q6CWD7|POB3_KLULA,141,NNT,Kluyveromyces lactis (strain ATCC 8585 / CBS 2359 / DSM 70799 / NBRC 1267 / NRRL Y-1140 / WM37),284590,POB3
sp|Q6CWD7|POB3_KLULA,144,NLT,Kluyveromyces lactis (strain ATCC 8585 / CBS 2359 / DSM 70799 / NBRC 1267 / NRRL Y-1140 / WM37),284590,POB3
sp|Q6CWD7|POB3_KLULA,423,NIS,Kluyveromyces lactis (strain ATCC 8585 / CBS 2359 / DSM 70799 / NBRC 1267 / NRRL Y-1140 / WM37),284590,POB3
sp|Q6CWD7|POB3_KLULA,454,NIS,Kluyveromyces lactis (strain ATCC 8585 / CBS 2359 / DSM 70799 / NBRC 1267 / NRRL Y-1140 / WM37),284590,POB3
sp|Q6CWE8|FKBP3_KLULA,352,NTS,Kluyveromyces lactis (strain ATCC 8585 / CBS 2359 / DSM 70799 / NBRC 1267 / NRRL Y-1140 / WM37),284590,FPR3
sp|Q6CWK2|ATG13_KLULA,208,NET,Kluyveromyces lactis (strain ATCC 8585 / CBS 2359 / DSM 70799 / NBRC 1267 / NRRL Y-1140 / WM37),284590,ATG13
sp|Q6CWK2|ATG13_KLULA,262,NET,Kluyveromyces lactis (strain ATCC 8585 / CBS 2359 / DSM 70799 / NBRC 1267 / NRRL Y-1140 / WM37),284590,ATG13
sp|Q6CWK2|ATG13_KLULA,275,NCS,Kluyveromyces lactis (strain ATCC 8585 / CBS 2359 / DSM 70799 / NBRC 1267 / NRRL Y-1140 / WM37),284590,ATG13
sp|Q6CWK2|ATG13_KLULA,290,NAT,Kluyveromyces lactis (strain ATCC 8585 / CBS 2359 / DSM 70799 / NBRC 1267 / NRRL Y-1140 / WM37),284590,ATG13
sp|Q6CWK2|ATG13_KLULA,342,NVS,Kluyveromyces lactis (strain ATCC 8585 / CBS 2359 / DSM 70799 / NBRC 1267 / NRRL Y-1140 / WM37),284590,ATG13
sp|Q6CWK2|ATG13_KLULA,463,NLS,Kluyveromyces lactis (strain ATCC 8585 / CBS 2359 / DSM 70799 / NBRC 1267 / NRRL Y-1140 / WM37),284590,ATG13
sp|Q6CWK2|ATG13_KLULA,505,NNS,Kluyveromyces lactis (strain ATCC 8585 / CBS 2359 / DSM 70799 / NBRC 1267 / NRRL Y-1140 / WM37),284590,ATG13
sp|Q6CWK2|ATG13_KLULA,622,NLS,Kluyveromyces lactis (strain ATCC 8585 / CBS 2359 / DSM 70799 / NBRC 1267 / NRRL Y-1140 / WM37),284590,ATG13
sp|Q6CWK2|ATG13_KLULA,662,NSS,Kluyveromyces lactis (strain ATCC 8585 / CBS 2359 / DSM 70799 / NBRC 1267 / NRRL Y-1140 / WM37),284590,ATG13
sp|Q6CWK2|ATG13_KLULA,681,NLT,Kluyveromyces lactis (strain ATCC 8585 / CBS 2359 / DSM 70799 / NBRC 1267 / NRRL Y-1140 / WM37),284590,ATG13
sp|Q6CWM4|BRE1_KLULA,110,NNS,Kluyveromyces lactis (strain ATCC 8585 / CBS 2359 / DSM 70799 / NBRC 1267 / NRRL Y-1140 / WM37),284590,BRE1
sp|Q6CWM4|BRE1_KLULA,126,NIS,Kluyveromyces lactis (strain ATCC 8585 / CBS 2359 / DSM 70799 / NBRC 1267 / NRRL Y-1140 / WM37),284590,BRE1
sp|Q6CWM4|BRE1_KLULA,269,NKS,Kluyveromyces lactis (strain ATCC 8585 / CBS 2359 / DSM 70799 / NBRC 1267 / NRRL Y-1140 / WM37),284590,BRE1
sp|Q6CWM4|BRE1_KLULA,345,NAS,Kluyveromyces lactis (strain ATCC 8585 / CBS 2359 / DSM 70799 / NBRC 1267 / NRRL Y-1140 / WM37),284590,BRE1
sp|Q6CWM4|BRE1_KLULA,403,NAS,Kluyveromyces lactis (strain ATCC 8585 / CBS 2359 / DSM 70799 / NBRC 1267 / NRRL Y-1140 / WM37),284590,BRE1
sp|Q6CWM4|BRE1_KLULA,471,NLS,Kluyveromyces lactis (strain ATCC 8585 / CBS 2359 / DSM 70799 / NBRC 1267 / NRRL Y-1140 / WM37),284590,BRE1
sp|Q6CWM4|BRE1_KLULA,477,NKS,Kluyveromyces lactis (strain ATCC 8585 / CBS 2359 / DSM 70799 / NBRC 1267 / NRRL Y-1140 / WM37),284590,BRE1
sp|Q6CWQ0|ALG2_KLULA,59,NGT,Kluyveromyces lactis (strain ATCC 8585 / CBS 2359 / DSM 70799 / NBRC 1267 / NRRL Y-1140 / WM37),284590,ALG2
sp|Q6CWQ0|ALG2_KLULA,173,NFT,Kluyveromyces lactis (strain ATCC 8585 / CBS 2359 / DSM 70799 / NBRC 1267 / NRRL Y-1140 / WM37),284590,ALG2
sp|Q6CWQ0|ALG2_KLULA,262,NNS,Kluyveromyces lactis (strain ATCC 8585 / CBS 2359 / DSM 70799 / NBRC 1267 / NRRL Y-1140 / WM37),284590,ALG2
sp|Q6CWQ0|ALG2_KLULA,369,NET,Kluyveromyces lactis (strain ATCC 8585 / CBS 2359 / DSM 70799 / NBRC 1267 / NRRL Y-1140 / WM37),284590,ALG2
sp|Q6CWQ0|ALG2_KLULA,403,NHS,Kluyveromyces lactis (strain ATCC 8585 / CBS 2359 / DSM 70799 / NBRC 1267 / NRRL Y-1140 / WM37),284590,ALG2
sp|Q6CWQ0|ALG2_KLULA,500,NYS,Kluyveromyces lactis (strain ATCC 8585 / CBS 2359 / DSM 70799 / NBRC 1267 / NRRL Y-1140 / WM37),284590,ALG2
sp|Q6CWQ8|PUS1_KLULA,50,NDT,Kluyveromyces lactis (strain ATCC 8585 / CBS 2359 / DSM 70799 / NBRC 1267 / NRRL Y-1140 / WM37),284590,PUS1
sp|Q6CWQ8|PUS1_KLULA,121,NDT,Kluyveromyces lactis (strain ATCC 8585 / CBS 2359 / DSM 70799 / NBRC 1267 / NRRL Y-1140 / WM37),284590,PUS1
sp|Q6CWQ8|PUS1_KLULA,142,NST,Kluyveromyces lactis (strain ATCC 8585 / CBS 2359 / DSM 70799 / NBRC 1267 / NRRL Y-1140 / WM37),284590,PUS1
sp|Q6CWQ8|PUS1_KLULA,290,NET,Kluyveromyces lactis (strain ATCC 8585 / CBS 2359 / DSM 70799 / NBRC 1267 / NRRL Y-1140 / WM37),284590,PUS1
sp|Q6CWQ8|PUS1_KLULA,335,NFT,Kluyveromyces lactis (strain ATCC 8585 / CBS 2359 / DSM 70799 / NBRC 1267 / NRRL Y-1140 / WM37),284590,PUS1
sp|Q6CWQ8|PUS1_KLULA,491,NIS,Kluyveromyces lactis (strain ATCC 8585 / CBS 2359 / DSM 70799 / NBRC 1267 / NRRL Y-1140 / WM37),284590,PUS1
sp|Q6CWR0|MCE1_KLULA,202,NFS,Kluyveromyces lactis (strain ATCC 8585 / CBS 2359 / DSM 70799 / NBRC 1267 / NRRL Y-1140 / WM37),284590,CEG1
sp|Q6CWR0|MCE1_KLULA,453,NWS,Kluyveromyces lactis (strain ATCC 8585 / CBS 2359 / DSM 70799 / NBRC 1267 / NRRL Y-1140 / WM37),284590,CEG1
sp|Q6CWR7|SAR1_KLULA,153,NTT,Kluyveromyces lactis (strain ATCC 8585 / CBS 2359 / DSM 70799 / NBRC 1267 / NRRL Y-1140 / WM37),284590,SAR1
sp|Q6CWS4|LONP2_KLULA,52,NNS,Kluyveromyces lactis (strain ATCC 8585 / CBS 2359 / DSM 70799 / NBRC 1267 / NRRL Y-1140 / WM37),284590,KLLA0B01892g
sp|Q6CWS4|LONP2_KLULA,114,NNS,Kluyveromyces lactis (strain ATCC 8585 / CBS 2359 / DSM 70799 / NBRC 1267 / NRRL Y-1140 / WM37),284590,KLLA0B01892g
sp|Q6CWS4|LONP2_KLULA,179,NKS,Kluyveromyces lactis (strain ATCC 8585 / CBS 2359 / DSM 70799 / NBRC 1267 / NRRL Y-1140 / WM37),284590,KLLA0B01892g
sp|Q6CWS4|LONP2_KLULA,232,NGS,Kluyveromyces lactis (strain ATCC 8585 / CBS 2359 / DSM 70799 / NBRC 1267 / NRRL Y-1140 / WM37),284590,KLLA0B01892g
sp|Q6CWS4|LONP2_KLULA,237,NKS,Kluyveromyces lactis (strain ATCC 8585 / CBS 2359 / DSM 70799 / NBRC 1267 / NRRL Y-1140 / WM37),284590,KLLA0B01892g
sp|Q6CWS4|LONP2_KLULA,324,NSS,Kluyveromyces lactis (strain ATCC 8585 / CBS 2359 / DSM 70799 / NBRC 1267 / NRRL Y-1140 / WM37),284590,KLLA0B01892g
sp|Q6CWS4|LONP2_KLULA,351,NNS,Kluyveromyces lactis (strain ATCC 8585 / CBS 2359 / DSM 70799 / NBRC 1267 / NRRL Y-1140 / WM37),284590,KLLA0B01892g
sp|Q6CWS4|LONP2_KLULA,451,NIS,Kluyveromyces lactis (strain ATCC 8585 / CBS 2359 / DSM 70799 / NBRC 1267 / NRRL Y-1140 / WM37),284590,KLLA0B01892g
sp|Q6CWS4|LONP2_KLULA,621,NST,Kluyveromyces lactis (strain ATCC 8585 / CBS 2359 / DSM 70799 / NBRC 1267 / NRRL Y-1140 / WM37),284590,KLLA0B01892g
sp|Q6CWS4|LONP2_KLULA,935,NLS,Kluyveromyces lactis (strain ATCC 8585 / CBS 2359 / DSM 70799 / NBRC 1267 / NRRL Y-1140 / WM37),284590,KLLA0B01892g
sp|Q6CWT7|PPN1_KLULA,127,NTS,Kluyveromyces lactis (strain ATCC 8585 / CBS 2359 / DSM 70799 / NBRC 1267 / NRRL Y-1140 / WM37),284590,PPN1
sp|Q6CWT7|PPN1_KLULA,173,NLS,Kluyveromyces lactis (strain ATCC 8585 / CBS 2359 / DSM 70799 / NBRC 1267 / NRRL Y-1140 / WM37),284590,PPN1
sp|Q6CWT7|PPN1_KLULA,309,NCS,Kluyveromyces lactis (strain ATCC 8585 / CBS 2359 / DSM 70799 / NBRC 1267 / NRRL Y-1140 / WM37),284590,PPN1
sp|Q6CWT7|PPN1_KLULA,487,NIT,Kluyveromyces lactis (strain ATCC 8585 / CBS 2359 / DSM 70799 / NBRC 1267 / NRRL Y-1140 / WM37),284590,PPN1
sp|Q6CWV1|DOT1_KLULA,129,NTS,Kluyveromyces lactis (strain ATCC 8585 / CBS 2359 / DSM 70799 / NBRC 1267 / NRRL Y-1140 / WM37),284590,DOT1
sp|Q6CWV1|DOT1_KLULA,197,NTT,Kluyveromyces lactis (strain ATCC 8585 / CBS 2359 / DSM 70799 / NBRC 1267 / NRRL Y-1140 / WM37),284590,DOT1
sp|Q6CWV1|DOT1_KLULA,319,NLS,Kluyveromyces lactis (strain ATCC 8585 / CBS 2359 / DSM 70799 / NBRC 1267 / NRRL Y-1140 / WM37),284590,DOT1
sp|Q6CWW6|PREP_KLULA,50,NQT,Kluyveromyces lactis (strain ATCC 8585 / CBS 2359 / DSM 70799 / NBRC 1267 / NRRL Y-1140 / WM37),284590,CYM1
sp|Q6CWW6|PREP_KLULA,108,NRS,Kluyveromyces lactis (strain ATCC 8585 / CBS 2359 / DSM 70799 / NBRC 1267 / NRRL Y-1140 / WM37),284590,CYM1
sp|Q6CWW6|PREP_KLULA,132,NET,Kluyveromyces lactis (strain ATCC 8585 / CBS 2359 / DSM 70799 / NBRC 1267 / NRRL Y-1140 / WM37),284590,CYM1
sp|Q6CWW6|PREP_KLULA,210,NNS,Kluyveromyces lactis (strain ATCC 8585 / CBS 2359 / DSM 70799 / NBRC 1267 / NRRL Y-1140 / WM37),284590,CYM1
sp|Q6CWW6|PREP_KLULA,251,NNT,Kluyveromyces lactis (strain ATCC 8585 / CBS 2359 / DSM 70799 / NBRC 1267 / NRRL Y-1140 / WM37),284590,CYM1
sp|Q6CWW6|PREP_KLULA,430,NKT,Kluyveromyces lactis (strain ATCC 8585 / CBS 2359 / DSM 70799 / NBRC 1267 / NRRL Y-1140 / WM37),284590,CYM1
sp|Q6CWW6|PREP_KLULA,706,NES,Kluyveromyces lactis (strain ATCC 8585 / CBS 2359 / DSM 70799 / NBRC 1267 / NRRL Y-1140 / WM37),284590,CYM1
sp|Q6CWW6|PREP_KLULA,747,NGS,Kluyveromyces lactis (strain ATCC 8585 / CBS 2359 / DSM 70799 / NBRC 1267 / NRRL Y-1140 / WM37),284590,CYM1
sp|Q6CWW6|PREP_KLULA,791,NYS,Kluyveromyces lactis (strain ATCC 8585 / CBS 2359 / DSM 70799 / NBRC 1267 / NRRL Y-1140 / WM37),284590,CYM1
sp|Q6CWW6|PREP_KLULA,892,NKS,Kluyveromyces lactis (strain ATCC 8585 / CBS 2359 / DSM 70799 / NBRC 1267 / NRRL Y-1140 / WM37),284590,CYM1
sp|Q6CWW9|SPT5_KLULA,32,NST,Kluyveromyces lactis (strain ATCC 8585 / CBS 2359 / DSM 70799 / NBRC 1267 / NRRL Y-1140 / WM37),284590,SPT5
sp|Q6CWW9|SPT5_KLULA,60,NNS,Kluyveromyces lactis (strain ATCC 8585 / CBS 2359 / DSM 70799 / NBRC 1267 / NRRL Y-1140 / WM37),284590,SPT5
sp|Q6CWW9|SPT5_KLULA,288,NYT,Kluyveromyces lactis (strain ATCC 8585 / CBS 2359 / DSM 70799 / NBRC 1267 / NRRL Y-1140 / WM37),284590,SPT5
sp|Q6CWW9|SPT5_KLULA,581,NLT,Kluyveromyces lactis (strain ATCC 8585 / CBS 2359 / DSM 70799 / NBRC 1267 / NRRL Y-1140 / WM37),284590,SPT5
sp|Q6CWW9|SPT5_KLULA,588,NLS,Kluyveromyces lactis (strain ATCC 8585 / CBS 2359 / DSM 70799 / NBRC 1267 / NRRL Y-1140 / WM37),284590,SPT5
sp|Q6CWW9|SPT5_KLULA,757,NKT,Kluyveromyces lactis (strain ATCC 8585 / CBS 2359 / DSM 70799 / NBRC 1267 / NRRL Y-1140 / WM37),284590,SPT5
sp|Q6CWW9|SPT5_KLULA,904,NTS,Kluyveromyces lactis (strain ATCC 8585 / CBS 2359 / DSM 70799 / NBRC 1267 / NRRL Y-1140 / WM37),284590,SPT5
sp|Q6CWW9|SPT5_KLULA,925,NKS,Kluyveromyces lactis (strain ATCC 8585 / CBS 2359 / DSM 70799 / NBRC 1267 / NRRL Y-1140 / WM37),284590,SPT5
sp|Q6CWW9|SPT5_KLULA,951,NKS,Kluyveromyces lactis (strain ATCC 8585 / CBS 2359 / DSM 70799 / NBRC 1267 / NRRL Y-1140 / WM37),284590,SPT5
sp|Q6CWW9|SPT5_KLULA,976,NKS,Kluyveromyces lactis (strain ATCC 8585 / CBS 2359 / DSM 70799 / NBRC 1267 / NRRL Y-1140 / WM37),284590,SPT5
sp|Q6CWW9|SPT5_KLULA,993,NQS,Kluyveromyces lactis (strain ATCC 8585 / CBS 2359 / DSM 70799 / NBRC 1267 / NRRL Y-1140 / WM37),284590,SPT5
sp|Q6CWW9|SPT5_KLULA,1007,NAS,Kluyveromyces lactis (strain ATCC 8585 / CBS 2359 / DSM 70799 / NBRC 1267 / NRRL Y-1140 / WM37),284590,SPT5
sp|Q6CWW9|SPT5_KLULA,1012,NNS,Kluyveromyces lactis (strain ATCC 8585 / CBS 2359 / DSM 70799 / NBRC 1267 / NRRL Y-1140 / WM37),284590,SPT5
sp|Q6CWW9|SPT5_KLULA,1016,NRS,Kluyveromyces lactis (strain ATCC 8585 / CBS 2359 / DSM 70799 / NBRC 1267 / NRRL Y-1140 / WM37),284590,SPT5
sp|Q6CWX1|EIF3G_KLULA,101,NST,Kluyveromyces lactis (strain ATCC 8585 / CBS 2359 / DSM 70799 / NBRC 1267 / NRRL Y-1140 / WM37),284590,TIF35
sp|Q6CWX3|SNX41_KLULA,44,NGS,Kluyveromyces lactis (strain ATCC 8585 / CBS 2359 / DSM 70799 / NBRC 1267 / NRRL Y-1140 / WM37),284590,SNX41
sp|Q6CWX3|SNX41_KLULA,298,NKT,Kluyveromyces lactis (strain ATCC 8585 / CBS 2359 / DSM 70799 / NBRC 1267 / NRRL Y-1140 / WM37),284590,SNX41
sp|Q6CWX3|SNX41_KLULA,457,NHT,Kluyveromyces lactis (strain ATCC 8585 / CBS 2359 / DSM 70799 / NBRC 1267 / NRRL Y-1140 / WM37),284590,SNX41
sp|Q6CWX3|SNX41_KLULA,475,NKS,Kluyveromyces lactis (strain ATCC 8585 / CBS 2359 / DSM 70799 / NBRC 1267 / NRRL Y-1140 / WM37),284590,SNX41
sp|Q6CWX3|SNX41_KLULA,525,NES,Kluyveromyces lactis (strain ATCC 8585 / CBS 2359 / DSM 70799 / NBRC 1267 / NRRL Y-1140 / WM37),284590,SNX41
sp|Q6CWX3|SNX41_KLULA,553,NIT,Kluyveromyces lactis (strain ATCC 8585 / CBS 2359 / DSM 70799 / NBRC 1267 / NRRL Y-1140 / WM37),284590,SNX41
sp|Q6CWX6|CTU1_KLULA,139,NWT,Kluyveromyces lactis (strain ATCC 8585 / CBS 2359 / DSM 70799 / NBRC 1267 / NRRL Y-1140 / WM37),284590,NCS6
sp|Q6CX23|G3P2_KLULA,146,NAS,Kluyveromyces lactis (strain ATCC 8585 / CBS 2359 / DSM 70799 / NBRC 1267 / NRRL Y-1140 / WM37),284590,GAP2
sp|Q6CX23|G3P2_KLULA,288,NSS,Kluyveromyces lactis (strain ATCC 8585 / CBS 2359 / DSM 70799 / NBRC 1267 / NRRL Y-1140 / WM37),284590,GAP2
sp|Q6CX53|GLGB_KLULA,300,NVT,Kluyveromyces lactis (strain ATCC 8585 / CBS 2359 / DSM 70799 / NBRC 1267 / NRRL Y-1140 / WM37),284590,GLC3
sp|Q6CX53|GLGB_KLULA,703,NRT,Kluyveromyces lactis (strain ATCC 8585 / CBS 2359 / DSM 70799 / NBRC 1267 / NRRL Y-1140 / WM37),284590,GLC3
sp|Q6CX73|FAL1_KLULA,119,NVT,Kluyveromyces lactis (strain ATCC 8585 / CBS 2359 / DSM 70799 / NBRC 1267 / NRRL Y-1140 / WM37),284590,FAL1
sp|Q6CX73|FAL1_KLULA,288,NFS,Kluyveromyces lactis (strain ATCC 8585 / CBS 2359 / DSM 70799 / NBRC 1267 / NRRL Y-1140 / WM37),284590,FAL1
sp|Q6CX91|SET5_KLULA,62,NWS,Kluyveromyces lactis (strain ATCC 8585 / CBS 2359 / DSM 70799 / NBRC 1267 / NRRL Y-1140 / WM37),284590,SET5
sp|Q6CX91|SET5_KLULA,217,NSS,Kluyveromyces lactis (strain ATCC 8585 / CBS 2359 / DSM 70799 / NBRC 1267 / NRRL Y-1140 / WM37),284590,SET5
sp|Q6CX91|SET5_KLULA,326,NLT,Kluyveromyces lactis (strain ATCC 8585 / CBS 2359 / DSM 70799 / NBRC 1267 / NRRL Y-1140 / WM37),284590,SET5
sp|Q6CX91|SET5_KLULA,348,NHS,Kluyveromyces lactis (strain ATCC 8585 / CBS 2359 / DSM 70799 / NBRC 1267 / NRRL Y-1140 / WM37),284590,SET5
sp|Q6CX96|ATM1_KLULA,43,NKT,Kluyveromyces lactis (strain ATCC 8585 / CBS 2359 / DSM 70799 / NBRC 1267 / NRRL Y-1140 / WM37),284590,ATM1
sp|Q6CX96|ATM1_KLULA,66,NSS,Kluyveromyces lactis (strain ATCC 8585 / CBS 2359 / DSM 70799 / NBRC 1267 / NRRL Y-1140 / WM37),284590,ATM1
sp|Q6CX96|ATM1_KLULA,72,NGT,Kluyveromyces lactis (strain ATCC 8585 / CBS 2359 / DSM 70799 / NBRC 1267 / NRRL Y-1140 / WM37),284590,ATM1
sp|Q6CX96|ATM1_KLULA,77,NAS,Kluyveromyces lactis (strain ATCC 8585 / CBS 2359 / DSM 70799 / NBRC 1267 / NRRL Y-1140 / WM37),284590,ATM1
sp|Q6CX96|ATM1_KLULA,460,NVT,Kluyveromyces lactis (strain ATCC 8585 / CBS 2359 / DSM 70799 / NBRC 1267 / NRRL Y-1140 / WM37),284590,ATM1
sp|Q6CX96|ATM1_KLULA,474,NAT,Kluyveromyces lactis (strain ATCC 8585 / CBS 2359 / DSM 70799 / NBRC 1267 / NRRL Y-1140 / WM37),284590,ATM1
sp|Q6CX96|ATM1_KLULA,543,NDT,Kluyveromyces lactis (strain ATCC 8585 / CBS 2359 / DSM 70799 / NBRC 1267 / NRRL Y-1140 / WM37),284590,ATM1
sp|Q6CX96|ATM1_KLULA,556,NAT,Kluyveromyces lactis (strain ATCC 8585 / CBS 2359 / DSM 70799 / NBRC 1267 / NRRL Y-1140 / WM37),284590,ATM1
sp|Q6CX96|ATM1_KLULA,638,NFS,Kluyveromyces lactis (strain ATCC 8585 / CBS 2359 / DSM 70799 / NBRC 1267 / NRRL Y-1140 / WM37),284590,ATM1
sp|Q6CXJ8|TVP38_KLULA,41,NLS,Kluyveromyces lactis (strain ATCC 8585 / CBS 2359 / DSM 70799 / NBRC 1267 / NRRL Y-1140 / WM37),284590,TVP38
sp|Q6CXJ8|TVP38_KLULA,195,NDS,Kluyveromyces lactis (strain ATCC 8585 / CBS 2359 / DSM 70799 / NBRC 1267 / NRRL Y-1140 / WM37),284590,TVP38
sp|Q6CXN0|YNG2_KLULA,151,NGT,Kluyveromyces lactis (strain ATCC 8585 / CBS 2359 / DSM 70799 / NBRC 1267 / NRRL Y-1140 / WM37),284590,YNG2
sp|Q6CXN0|YNG2_KLULA,265,NLT,Kluyveromyces lactis (strain ATCC 8585 / CBS 2359 / DSM 70799 / NBRC 1267 / NRRL Y-1140 / WM37),284590,YNG2
sp|Q6CXP5|SET2_KLULA,185,NHS,Kluyveromyces lactis (strain ATCC 8585 / CBS 2359 / DSM 70799 / NBRC 1267 / NRRL Y-1140 / WM37),284590,SET2
sp|Q6CXP5|SET2_KLULA,483,NSS,Kluyveromyces lactis (strain ATCC 8585 / CBS 2359 / DSM 70799 / NBRC 1267 / NRRL Y-1140 / WM37),284590,SET2
sp|Q6CXP5|SET2_KLULA,487,NLS,Kluyveromyces lactis (strain ATCC 8585 / CBS 2359 / DSM 70799 / NBRC 1267 / NRRL Y-1140 / WM37),284590,SET2
sp|Q6CXP5|SET2_KLULA,504,NTS,Kluyveromyces lactis (strain ATCC 8585 / CBS 2359 / DSM 70799 / NBRC 1267 / NRRL Y-1140 / WM37),284590,SET2
sp|Q6CXQ8|ATG27_KLULA,199,NGS,Kluyveromyces lactis (strain ATCC 8585 / CBS 2359 / DSM 70799 / NBRC 1267 / NRRL Y-1140 / WM37),284590,ATG27
sp|Q6CXQ8|ATG27_KLULA,238,NGS,Kluyveromyces lactis (strain ATCC 8585 / CBS 2359 / DSM 70799 / NBRC 1267 / NRRL Y-1140 / WM37),284590,ATG27
sp|Q6CXS7|SFH5_KLULA,170,NVS,Kluyveromyces lactis (strain ATCC 8585 / CBS 2359 / DSM 70799 / NBRC 1267 / NRRL Y-1140 / WM37),284590,SFH5
sp|Q6CXS7|SFH5_KLULA,257,NSS,Kluyveromyces lactis (strain ATCC 8585 / CBS 2359 / DSM 70799 / NBRC 1267 / NRRL Y-1140 / WM37),284590,SFH5
sp|Q6CXW3|ATG7_KLULA,48,NIT,Kluyveromyces lactis (strain ATCC 8585 / CBS 2359 / DSM 70799 / NBRC 1267 / NRRL Y-1140 / WM37),284590,ATG7
sp|Q6CXW3|ATG7_KLULA,233,NSS,Kluyveromyces lactis (strain ATCC 8585 / CBS 2359 / DSM 70799 / NBRC 1267 / NRRL Y-1140 / WM37),284590,ATG7
sp|Q6CXW3|ATG7_KLULA,338,NST,Kluyveromyces lactis (strain ATCC 8585 / CBS 2359 / DSM 70799 / NBRC 1267 / NRRL Y-1140 / WM37),284590,ATG7
sp|Q6CXW3|ATG7_KLULA,394,NES,Kluyveromyces lactis (strain ATCC 8585 / CBS 2359 / DSM 70799 / NBRC 1267 / NRRL Y-1140 / WM37),284590,ATG7
sp|Q6CXX9|GET1_KLULA,32,NST,Kluyveromyces lactis (strain ATCC 8585 / CBS 2359 / DSM 70799 / NBRC 1267 / NRRL Y-1140 / WM37),284590,GET1
sp|Q6CXX9|GET1_KLULA,66,NRT,Kluyveromyces lactis (strain ATCC 8585 / CBS 2359 / DSM 70799 / NBRC 1267 / NRRL Y-1140 / WM37),284590,GET1
sp|Q6CXX9|GET1_KLULA,201,NES,Kluyveromyces lactis (strain ATCC 8585 / CBS 2359 / DSM 70799 / NBRC 1267 / NRRL Y-1140 / WM37),284590,GET1
sp|Q6CY29|VTS1_KLULA,99,NGS,Kluyveromyces lactis (strain ATCC 8585 / CBS 2359 / DSM 70799 / NBRC 1267 / NRRL Y-1140 / WM37),284590,VTS1
sp|Q6CY29|VTS1_KLULA,135,NFT,Kluyveromyces lactis (strain ATCC 8585 / CBS 2359 / DSM 70799 / NBRC 1267 / NRRL Y-1140 / WM37),284590,VTS1
sp|Q6CY29|VTS1_KLULA,276,NNS,Kluyveromyces lactis (strain ATCC 8585 / CBS 2359 / DSM 70799 / NBRC 1267 / NRRL Y-1140 / WM37),284590,VTS1
sp|Q6CY29|VTS1_KLULA,288,NSS,Kluyveromyces lactis (strain ATCC 8585 / CBS 2359 / DSM 70799 / NBRC 1267 / NRRL Y-1140 / WM37),284590,VTS1
sp|Q6CY29|VTS1_KLULA,302,NMS,Kluyveromyces lactis (strain ATCC 8585 / CBS 2359 / DSM 70799 / NBRC 1267 / NRRL Y-1140 / WM37),284590,VTS1
sp|Q6CY29|VTS1_KLULA,307,NSS,Kluyveromyces lactis (strain ATCC 8585 / CBS 2359 / DSM 70799 / NBRC 1267 / NRRL Y-1140 / WM37),284590,VTS1
sp|Q6CY29|VTS1_KLULA,343,NKT,Kluyveromyces lactis (strain ATCC 8585 / CBS 2359 / DSM 70799 / NBRC 1267 / NRRL Y-1140 / WM37),284590,VTS1
sp|Q6CY29|VTS1_KLULA,372,NCT,Kluyveromyces lactis (strain ATCC 8585 / CBS 2359 / DSM 70799 / NBRC 1267 / NRRL Y-1140 / WM37),284590,VTS1
sp|Q6CY29|VTS1_KLULA,375,NNS,Kluyveromyces lactis (strain ATCC 8585 / CBS 2359 / DSM 70799 / NBRC 1267 / NRRL Y-1140 / WM37),284590,VTS1
sp|Q6CY34|EIF3B_KLULA,188,NWS,Kluyveromyces lactis (strain ATCC 8585 / CBS 2359 / DSM 70799 / NBRC 1267 / NRRL Y-1140 / WM37),284590,PRT1
sp|Q6CY34|EIF3B_KLULA,367,NQS,Kluyveromyces lactis (strain ATCC 8585 / CBS 2359 / DSM 70799 / NBRC 1267 / NRRL Y-1140 / WM37),284590,PRT1
sp|Q6CY34|EIF3B_KLULA,393,NVS,Kluyveromyces lactis (strain ATCC 8585 / CBS 2359 / DSM 70799 / NBRC 1267 / NRRL Y-1140 / WM37),284590,PRT1
sp|Q6CY34|EIF3B_KLULA,429,NES,Kluyveromyces lactis (strain ATCC 8585 / CBS 2359 / DSM 70799 / NBRC 1267 / NRRL Y-1140 / WM37),284590,PRT1
sp|Q6CY37|GEM1_KLULA,379,NNS,Kluyveromyces lactis (strain ATCC 8585 / CBS 2359 / DSM 70799 / NBRC 1267 / NRRL Y-1140 / WM37),284590,GEM1
sp|Q6CY47|TRMB_KLULA,249,NAT,Kluyveromyces lactis (strain ATCC 8585 / CBS 2359 / DSM 70799 / NBRC 1267 / NRRL Y-1140 / WM37),284590,TRM8
sp|Q6CYH1|PTPA1_KLULA,89,NLS,Kluyveromyces lactis (strain ATCC 8585 / CBS 2359 / DSM 70799 / NBRC 1267 / NRRL Y-1140 / WM37),284590,RRD1
sp|Q6CYH1|PTPA1_KLULA,116,NNS,Kluyveromyces lactis (strain ATCC 8585 / CBS 2359 / DSM 70799 / NBRC 1267 / NRRL Y-1140 / WM37),284590,RRD1
sp|Q6CYH1|PTPA1_KLULA,216,NTS,Kluyveromyces lactis (strain ATCC 8585 / CBS 2359 / DSM 70799 / NBRC 1267 / NRRL Y-1140 / WM37),284590,RRD1
sp|Q6CYH1|PTPA1_KLULA,233,NSS,Kluyveromyces lactis (strain ATCC 8585 / CBS 2359 / DSM 70799 / NBRC 1267 / NRRL Y-1140 / WM37),284590,RRD1
sp|Q6CYH1|PTPA1_KLULA,256,NHS,Kluyveromyces lactis (strain ATCC 8585 / CBS 2359 / DSM 70799 / NBRC 1267 / NRRL Y-1140 / WM37),284590,RRD1
sp|Q6CYH1|PTPA1_KLULA,263,NIS,Kluyveromyces lactis (strain ATCC 8585 / CBS 2359 / DSM 70799 / NBRC 1267 / NRRL Y-1140 / WM37),284590,RRD1
sp|Q6CYH1|PTPA1_KLULA,311,NHS,Kluyveromyces lactis (strain ATCC 8585 / CBS 2359 / DSM 70799 / NBRC 1267 / NRRL Y-1140 / WM37),284590,RRD1
sp|Q6CYH1|PTPA1_KLULA,333,NAT,Kluyveromyces lactis (strain ATCC 8585 / CBS 2359 / DSM 70799 / NBRC 1267 / NRRL Y-1140 / WM37),284590,RRD1
sp|Q6HA23|GSHR_KLULA,15,NMS,Kluyveromyces lactis (strain ATCC 8585 / CBS 2359 / DSM 70799 / NBRC 1267 / NRRL Y-1140 / WM37),284590,GLR1
sp|Q6HA23|GSHR_KLULA,99,NLT,Kluyveromyces lactis (strain ATCC 8585 / CBS 2359 / DSM 70799 / NBRC 1267 / NRRL Y-1140 / WM37),284590,GLR1
sp|Q6HA23|GSHR_KLULA,125,NLT,Kluyveromyces lactis (strain ATCC 8585 / CBS 2359 / DSM 70799 / NBRC 1267 / NRRL Y-1140 / WM37),284590,GLR1
sp|Q6HA23|GSHR_KLULA,153,NCT,Kluyveromyces lactis (strain ATCC 8585 / CBS 2359 / DSM 70799 / NBRC 1267 / NRRL Y-1140 / WM37),284590,GLR1
sp|Q6HA23|GSHR_KLULA,259,NVT,Kluyveromyces lactis (strain ATCC 8585 / CBS 2359 / DSM 70799 / NBRC 1267 / NRRL Y-1140 / WM37),284590,GLR1
sp|Q6HA23|GSHR_KLULA,322,NSS,Kluyveromyces lactis (strain ATCC 8585 / CBS 2359 / DSM 70799 / NBRC 1267 / NRRL Y-1140 / WM37),284590,GLR1
sp|Q6HA24|TRXB_KLULA,6,NST,Kluyveromyces lactis (strain ATCC 8585 / CBS 2359 / DSM 70799 / NBRC 1267 / NRRL Y-1140 / WM37),284590,TRR1
sp|Q6HA24|TRXB_KLULA,23,NES,Kluyveromyces lactis (strain ATCC 8585 / CBS 2359 / DSM 70799 / NBRC 1267 / NRRL Y-1140 / WM37),284590,TRR1
sp|Q70CP7|ENO_KLULA,102,NKS,Kluyveromyces lactis (strain ATCC 8585 / CBS 2359 / DSM 70799 / NBRC 1267 / NRRL Y-1140 / WM37),284590,ENO
sp|Q70CP7|ENO_KLULA,361,NDS,Kluyveromyces lactis (strain ATCC 8585 / CBS 2359 / DSM 70799 / NBRC 1267 / NRRL Y-1140 / WM37),284590,ENO
sp|Q70SJ2|MPG1_KLULA,312,NST,Kluyveromyces lactis (strain ATCC 8585 / CBS 2359 / DSM 70799 / NBRC 1267 / NRRL Y-1140 / WM37),284590,MPG1
sp|Q7Z895|PYRD1_KLULA,20,NAS,Kluyveromyces lactis (strain ATCC 8585 / CBS 2359 / DSM 70799 / NBRC 1267 / NRRL Y-1140 / WM37),284590,URA1
sp|Q7Z895|PYRD1_KLULA,130,NLS,Kluyveromyces lactis (strain ATCC 8585 / CBS 2359 / DSM 70799 / NBRC 1267 / NRRL Y-1140 / WM37),284590,URA1
sp|Q875M2|AKR1_KLULA,170,NIT,Kluyveromyces lactis (strain ATCC 8585 / CBS 2359 / DSM 70799 / NBRC 1267 / NRRL Y-1140 / WM37),284590,AKR1
sp|Q875M2|AKR1_KLULA,613,NGT,Kluyveromyces lactis (strain ATCC 8585 / CBS 2359 / DSM 70799 / NBRC 1267 / NRRL Y-1140 / WM37),284590,AKR1
sp|Q875M2|AKR1_KLULA,746,NAT,Kluyveromyces lactis (strain ATCC 8585 / CBS 2359 / DSM 70799 / NBRC 1267 / NRRL Y-1140 / WM37),284590,AKR1
sp|Q875M9|KPYK_KLULA,52,NFS,Kluyveromyces lactis (strain ATCC 8585 / CBS 2359 / DSM 70799 / NBRC 1267 / NRRL Y-1140 / WM37),284590,PYK1
sp|Q875M9|KPYK_KLULA,133,NIT,Kluyveromyces lactis (strain ATCC 8585 / CBS 2359 / DSM 70799 / NBRC 1267 / NRRL Y-1140 / WM37),284590,PYK1
sp|Q875M9|KPYK_KLULA,371,NLT,Kluyveromyces lactis (strain ATCC 8585 / CBS 2359 / DSM 70799 / NBRC 1267 / NRRL Y-1140 / WM37),284590,PYK1
sp|Q8NIP5|ERO1_KLULA,20,NST,Kluyveromyces lactis (strain ATCC 8585 / CBS 2359 / DSM 70799 / NBRC 1267 / NRRL Y-1140 / WM37),284590,ERO1
sp|Q8NIP5|ERO1_KLULA,39,NDS,Kluyveromyces lactis (strain ATCC 8585 / CBS 2359 / DSM 70799 / NBRC 1267 / NRRL Y-1140 / WM37),284590,ERO1
sp|Q8NIP5|ERO1_KLULA,135,NAT,Kluyveromyces lactis (strain ATCC 8585 / CBS 2359 / DSM 70799 / NBRC 1267 / NRRL Y-1140 / WM37),284590,ERO1
sp|Q8NIP5|ERO1_KLULA,342,NVT,Kluyveromyces lactis (strain ATCC 8585 / CBS 2359 / DSM 70799 / NBRC 1267 / NRRL Y-1140 / WM37),284590,ERO1
sp|Q8NIP5|ERO1_KLULA,452,NHS,Kluyveromyces lactis (strain ATCC 8585 / CBS 2359 / DSM 70799 / NBRC 1267 / NRRL Y-1140 / WM37),284590,ERO1
sp|Q92241|PHO85_KLULA,15,NGT,Kluyveromyces lactis (strain ATCC 8585 / CBS 2359 / DSM 70799 / NBRC 1267 / NRRL Y-1140 / WM37),284590,PHO85
sp|Q92241|PHO85_KLULA,26,NKT,Kluyveromyces lactis (strain ATCC 8585 / CBS 2359 / DSM 70799 / NBRC 1267 / NRRL Y-1140 / WM37),284590,PHO85
sp|Q92241|PHO85_KLULA,260,NNT,Kluyveromyces lactis (strain ATCC 8585 / CBS 2359 / DSM 70799 / NBRC 1267 / NRRL Y-1140 / WM37),284590,PHO85
sp|Q9C2U0|ALF_KLULA,37,NVT,Kluyveromyces lactis (strain ATCC 8585 / CBS 2359 / DSM 70799 / NBRC 1267 / NRRL Y-1140 / WM37),284590,FBA1
sp|Q9C2U0|ALF_KLULA,54,NKS,Kluyveromyces lactis (strain ATCC 8585 / CBS 2359 / DSM 70799 / NBRC 1267 / NRRL Y-1140 / WM37),284590,FBA1
sp|Q9C2U0|ALF_KLULA,81,NAS,Kluyveromyces lactis (strain ATCC 8585 / CBS 2359 / DSM 70799 / NBRC 1267 / NRRL Y-1140 / WM37),284590,FBA1
sp|Q9C2U0|ALF_KLULA,216,NFS,Kluyveromyces lactis (strain ATCC 8585 / CBS 2359 / DSM 70799 / NBRC 1267 / NRRL Y-1140 / WM37),284590,FBA1
sp|Q9HFS7|UBP4_KLULA,70,NET,Kluyveromyces lactis (strain ATCC 8585 / CBS 2359 / DSM 70799 / NBRC 1267 / NRRL Y-1140 / WM37),284590,DOA4
sp|Q9HFS7|UBP4_KLULA,136,NHS,Kluyveromyces lactis (strain ATCC 8585 / CBS 2359 / DSM 70799 / NBRC 1267 / NRRL Y-1140 / WM37),284590,DOA4
sp|Q9HFS7|UBP4_KLULA,169,NDS,Kluyveromyces lactis (strain ATCC 8585 / CBS 2359 / DSM 70799 / NBRC 1267 / NRRL Y-1140 / WM37),284590,DOA4
sp|Q9HFS7|UBP4_KLULA,263,NRS,Kluyveromyces lactis (strain ATCC 8585 / CBS 2359 / DSM 70799 / NBRC 1267 / NRRL Y-1140 / WM37),284590,DOA4
sp|Q9HFS7|UBP4_KLULA,369,NLT,Kluyveromyces lactis (strain ATCC 8585 / CBS 2359 / DSM 70799 / NBRC 1267 / NRRL Y-1140 / WM37),284590,DOA4
sp|Q9HFS7|UBP4_KLULA,404,NGT,Kluyveromyces lactis (strain ATCC 8585 / CBS 2359 / DSM 70799 / NBRC 1267 / NRRL Y-1140 / WM37),284590,DOA4
sp|Q9HFS7|UBP4_KLULA,415,NNS,Kluyveromyces lactis (strain ATCC 8585 / CBS 2359 / DSM 70799 / NBRC 1267 / NRRL Y-1140 / WM37),284590,DOA4
sp|Q9HFS7|UBP4_KLULA,502,NNT,Kluyveromyces lactis (strain ATCC 8585 / CBS 2359 / DSM 70799 / NBRC 1267 / NRRL Y-1140 / WM37),284590,DOA4
sp|Q9HG12|MATA1_KLULA,99,NNS,Kluyveromyces lactis (strain ATCC 8585 / CBS 2359 / DSM 70799 / NBRC 1267 / NRRL Y-1140 / WM37),284590,MATA1
sp|Q9HG12|MATA1_KLULA,110,NIS,Kluyveromyces lactis (strain ATCC 8585 / CBS 2359 / DSM 70799 / NBRC 1267 / NRRL Y-1140 / WM37),284590,MATA1
sp|Q9HG12|MATA1_KLULA,181,NTS,Kluyveromyces lactis (strain ATCC 8585 / CBS 2359 / DSM 70799 / NBRC 1267 / NRRL Y-1140 / WM37),284590,MATA1
sp|Q9HGI8|ERF3_KLULA,440,NLT,Kluyveromyces lactis (strain ATCC 8585 / CBS 2359 / DSM 70799 / NBRC 1267 / NRRL Y-1140 / WM37),284590,SUP35
sp|Q9HGI8|ERF3_KLULA,532,NQT,Kluyveromyces lactis (strain ATCC 8585 / CBS 2359 / DSM 70799 / NBRC 1267 / NRRL Y-1140 / WM37),284590,SUP35
sp|Q9HGI8|ERF3_KLULA,539,NRT,Kluyveromyces lactis (strain ATCC 8585 / CBS 2359 / DSM 70799 / NBRC 1267 / NRRL Y-1140 / WM37),284590,SUP35
sp|Q9HGI8|ERF3_KLULA,550,NET,Kluyveromyces lactis (strain ATCC 8585 / CBS 2359 / DSM 70799 / NBRC 1267 / NRRL Y-1140 / WM37),284590,SUP35
sp|Q9HGI8|ERF3_KLULA,592,NVT,Kluyveromyces lactis (strain ATCC 8585 / CBS 2359 / DSM 70799 / NBRC 1267 / NRRL Y-1140 / WM37),284590,SUP35
sp|Q9Y746|INV_KLULA,23,NIS,Kluyveromyces lactis (strain ATCC 8585 / CBS 2359 / DSM 70799 / NBRC 1267 / NRRL Y-1140 / WM37),284590,INV1
sp|Q9Y746|INV_KLULA,32,NST,Kluyveromyces lactis (strain ATCC 8585 / CBS 2359 / DSM 70799 / NBRC 1267 / NRRL Y-1140 / WM37),284590,INV1
sp|Q9Y746|INV_KLULA,36,NSS,Kluyveromyces lactis (strain ATCC 8585 / CBS 2359 / DSM 70799 / NBRC 1267 / NRRL Y-1140 / WM37),284590,INV1
sp|Q9Y746|INV_KLULA,128,NNT,Kluyveromyces lactis (strain ATCC 8585 / CBS 2359 / DSM 70799 / NBRC 1267 / NRRL Y-1140 / WM37),284590,INV1
sp|Q9Y746|INV_KLULA,135,NSS,Kluyveromyces lactis (strain ATCC 8585 / CBS 2359 / DSM 70799 / NBRC 1267 / NRRL Y-1140 / WM37),284590,INV1
sp|Q9Y746|INV_KLULA,227,NWT,Kluyveromyces lactis (strain ATCC 8585 / CBS 2359 / DSM 70799 / NBRC 1267 / NRRL Y-1140 / WM37),284590,INV1
sp|Q9Y746|INV_KLULA,233,NFS,Kluyveromyces lactis (strain ATCC 8585 / CBS 2359 / DSM 70799 / NBRC 1267 / NRRL Y-1140 / WM37),284590,INV1
sp|Q9Y746|INV_KLULA,257,NTT,Kluyveromyces lactis (strain ATCC 8585 / CBS 2359 / DSM 70799 / NBRC 1267 / NRRL Y-1140 / WM37),284590,INV1
sp|Q9Y746|INV_KLULA,267,NIT,Kluyveromyces lactis (strain ATCC 8585 / CBS 2359 / DSM 70799 / NBRC 1267 / NRRL Y-1140 / WM37),284590,INV1
sp|Q9Y746|INV_KLULA,277,NST,Kluyveromyces lactis (strain ATCC 8585 / CBS 2359 / DSM 70799 / NBRC 1267 / NRRL Y-1140 / WM37),284590,INV1
sp|Q9Y746|INV_KLULA,284,NSS,Kluyveromyces lactis (strain ATCC 8585 / CBS 2359 / DSM 70799 / NBRC 1267 / NRRL Y-1140 / WM37),284590,INV1
sp|Q9Y746|INV_KLULA,291,NAS,Kluyveromyces lactis (strain ATCC 8585 / CBS 2359 / DSM 70799 / NBRC 1267 / NRRL Y-1140 / WM37),284590,INV1
sp|Q9Y746|INV_KLULA,298,NIT,Kluyveromyces lactis (strain ATCC 8585 / CBS 2359 / DSM 70799 / NBRC 1267 / NRRL Y-1140 / WM37),284590,INV1
sp|Q9Y746|INV_KLULA,303,NST,Kluyveromyces lactis (strain ATCC 8585 / CBS 2359 / DSM 70799 / NBRC 1267 / NRRL Y-1140 / WM37),284590,INV1
sp|Q9Y746|INV_KLULA,345,NGT,Kluyveromyces lactis (strain ATCC 8585 / CBS 2359 / DSM 70799 / NBRC 1267 / NRRL Y-1140 / WM37),284590,INV1
sp|Q9Y746|INV_KLULA,409,NFT,Kluyveromyces lactis (strain ATCC 8585 / CBS 2359 / DSM 70799 / NBRC 1267 / NRRL Y-1140 / WM37),284590,INV1
sp|Q9Y746|INV_KLULA,420,NTT,Kluyveromyces lactis (strain ATCC 8585 / CBS 2359 / DSM 70799 / NBRC 1267 / NRRL Y-1140 / WM37),284590,INV1
sp|Q9Y746|INV_KLULA,440,NGT,Kluyveromyces lactis (strain ATCC 8585 / CBS 2359 / DSM 70799 / NBRC 1267 / NRRL Y-1140 / WM37),284590,INV1
sp|Q9Y746|INV_KLULA,448,NLT,Kluyveromyces lactis (strain ATCC 8585 / CBS 2359 / DSM 70799 / NBRC 1267 / NRRL Y-1140 / WM37),284590,INV1
sp|Q9Y746|INV_KLULA,452,NSS,Kluyveromyces lactis (strain ATCC 8585 / CBS 2359 / DSM 70799 / NBRC 1267 / NRRL Y-1140 / WM37),284590,INV1
sp|Q9Y746|INV_KLULA,477,NFT,Kluyveromyces lactis (strain ATCC 8585 / CBS 2359 / DSM 70799 / NBRC 1267 / NRRL Y-1140 / WM37),284590,INV1
sp|Q9Y746|INV_KLULA,545,NSS,Kluyveromyces lactis (strain ATCC 8585 / CBS 2359 / DSM 70799 / NBRC 1267 / NRRL Y-1140 / WM37),284590,INV1
sp|Q9Y746|INV_KLULA,566,NGT,Kluyveromyces lactis (strain ATCC 8585 / CBS 2359 / DSM 70799 / NBRC 1267 / NRRL Y-1140 / WM37),284590,INV1
sp|Q9Y761|GNT1A_KLULA,47,NVS,Kluyveromyces lactis (strain ATCC 8585 / CBS 2359 / DSM 70799 / NBRC 1267 / NRRL Y-1140 / WM37),284590,GNT1-A
sp|Q9Y761|GNT1A_KLULA,247,NQT,Kluyveromyces lactis (strain ATCC 8585 / CBS 2359 / DSM 70799 / NBRC 1267 / NRRL Y-1140 / WM37),284590,GNT1-A
sp|Q9Y761|GNT1A_KLULA,326,NTT,Kluyveromyces lactis (strain ATCC 8585 / CBS 2359 / DSM 70799 / NBRC 1267 / NRRL Y-1140 / WM37),284590,GNT1-A
sp|Q9Y761|GNT1A_KLULA,344,NGT,Kluyveromyces lactis (strain ATCC 8585 / CBS 2359 / DSM 70799 / NBRC 1267 / NRRL Y-1140 / WM37),284590,GNT1-A
sp|B4UNA2|SHU2_KLULA,10,NYS,Kluyveromyces lactis (strain ATCC 8585 / CBS 2359 / DSM 70799 / NBRC 1267 / NRRL Y-1140 / WM37),284590,SHU2
sp|B4UNA2|SHU2_KLULA,27,NDT,Kluyveromyces lactis (strain ATCC 8585 / CBS 2359 / DSM 70799 / NBRC 1267 / NRRL Y-1140 / WM37),284590,SHU2
sp|B4UNA2|SHU2_KLULA,182,NET,Kluyveromyces lactis (strain ATCC 8585 / CBS 2359 / DSM 70799 / NBRC 1267 / NRRL Y-1140 / WM37),284590,SHU2
sp|B4UNA2|SHU2_KLULA,198,NSS,Kluyveromyces lactis (strain ATCC 8585 / CBS 2359 / DSM 70799 / NBRC 1267 / NRRL Y-1140 / WM37),284590,SHU2
sp|O13349|ATPF_KLULA,121,NSS,Kluyveromyces lactis (strain ATCC 8585 / CBS 2359 / DSM 70799 / NBRC 1267 / NRRL Y-1140 / WM37),284590,ATP4
sp|O13349|ATPF_KLULA,143,NVS,Kluyveromyces lactis (strain ATCC 8585 / CBS 2359 / DSM 70799 / NBRC 1267 / NRRL Y-1140 / WM37),284590,ATP4
sp|O13475|SEC65_KLULA,68,NST,Kluyveromyces lactis (strain ATCC 8585 / CBS 2359 / DSM 70799 / NBRC 1267 / NRRL Y-1140 / WM37),284590,SEC65
sp|O60041|CALM_KLULA,4,NLT,Kluyveromyces lactis (strain ATCC 8585 / CBS 2359 / DSM 70799 / NBRC 1267 / NRRL Y-1140 / WM37),284590,CMD1
sp|O60041|CALM_KLULA,80,NDS,Kluyveromyces lactis (strain ATCC 8585 / CBS 2359 / DSM 70799 / NBRC 1267 / NRRL Y-1140 / WM37),284590,CMD1
sp|O74232|CAPZA_KLULA,67,NKS,Kluyveromyces lactis (strain ATCC 8585 / CBS 2359 / DSM 70799 / NBRC 1267 / NRRL Y-1140 / WM37),284590,CAP1
sp|O74232|CAPZA_KLULA,225,NET,Kluyveromyces lactis (strain ATCC 8585 / CBS 2359 / DSM 70799 / NBRC 1267 / NRRL Y-1140 / WM37),284590,CAP1
sp|O94227|PEX3_KLULA,4,NRS,Kluyveromyces lactis (strain ATCC 8585 / CBS 2359 / DSM 70799 / NBRC 1267 / NRRL Y-1140 / WM37),284590,PEX3
sp|P00723|BGAL_KLULA,243,NFT,Kluyveromyces lactis (strain ATCC 8585 / CBS 2359 / DSM 70799 / NBRC 1267 / NRRL Y-1140 / WM37),284590,LAC4
sp|P00723|BGAL_KLULA,268,NTT,Kluyveromyces lactis (strain ATCC 8585 / CBS 2359 / DSM 70799 / NBRC 1267 / NRRL Y-1140 / WM37),284590,LAC4
sp|P00723|BGAL_KLULA,339,NIT,Kluyveromyces lactis (strain ATCC 8585 / CBS 2359 / DSM 70799 / NBRC 1267 / NRRL Y-1140 / WM37),284590,LAC4
sp|P00723|BGAL_KLULA,535,NHT,Kluyveromyces lactis (strain ATCC 8585 / CBS 2359 / DSM 70799 / NBRC 1267 / NRRL Y-1140 / WM37),284590,LAC4
sp|P00723|BGAL_KLULA,826,NGS,Kluyveromyces lactis (strain ATCC 8585 / CBS 2359 / DSM 70799 / NBRC 1267 / NRRL Y-1140 / WM37),284590,LAC4
sp|P00723|BGAL_KLULA,863,NTS,Kluyveromyces lactis (strain ATCC 8585 / CBS 2359 / DSM 70799 / NBRC 1267 / NRRL Y-1140 / WM37),284590,LAC4
sp|P00723|BGAL_KLULA,934,NHT,Kluyveromyces lactis (strain ATCC 8585 / CBS 2359 / DSM 70799 / NBRC 1267 / NRRL Y-1140 / WM37),284590,LAC4
sp|P08540|PHOX_KLULA,133,NVS,Kluyveromyces lactis (strain ATCC 8585 / CBS 2359 / DSM 70799 / NBRC 1267 / NRRL Y-1140 / WM37),284590,KLLA0B14839g
sp|P08540|PHOX_KLULA,164,NFS,Kluyveromyces lactis (strain ATCC 8585 / CBS 2359 / DSM 70799 / NBRC 1267 / NRRL Y-1140 / WM37),284590,KLLA0B14839g
sp|P08540|PHOX_KLULA,191,NDT,Kluyveromyces lactis (strain ATCC 8585 / CBS 2359 / DSM 70799 / NBRC 1267 / NRRL Y-1140 / WM37),284590,KLLA0B14839g
sp|P08540|PHOX_KLULA,222,NMT,Kluyveromyces lactis (strain ATCC 8585 / CBS 2359 / DSM 70799 / NBRC 1267 / NRRL Y-1140 / WM37),284590,KLLA0B14839g
sp|P08540|PHOX_KLULA,265,NET,Kluyveromyces lactis (strain ATCC 8585 / CBS 2359 / DSM 70799 / NBRC 1267 / NRRL Y-1140 / WM37),284590,KLLA0B14839g
sp|P08540|PHOX_KLULA,329,NAT,Kluyveromyces lactis (strain ATCC 8585 / CBS 2359 / DSM 70799 / NBRC 1267 / NRRL Y-1140 / WM37),284590,KLLA0B14839g
sp|P08540|PHOX_KLULA,332,NIT,Kluyveromyces lactis (strain ATCC 8585 / CBS 2359 / DSM 70799 / NBRC 1267 / NRRL Y-1140 / WM37),284590,KLLA0B14839g
sp|P08540|PHOX_KLULA,345,NET,Kluyveromyces lactis (strain ATCC 8585 / CBS 2359 / DSM 70799 / NBRC 1267 / NRRL Y-1140 / WM37),284590,KLLA0B14839g
sp|P08540|PHOX_KLULA,363,NVT,Kluyveromyces lactis (strain ATCC 8585 / CBS 2359 / DSM 70799 / NBRC 1267 / NRRL Y-1140 / WM37),284590,KLLA0B14839g
sp|P13997|TRPF_KLULA,66,NQS,Kluyveromyces lactis (strain ATCC 8585 / CBS 2359 / DSM 70799 / NBRC 1267 / NRRL Y-1140 / WM37),284590,TRP1
sp|P13997|TRPF_KLULA,144,NWS,Kluyveromyces lactis (strain ATCC 8585 / CBS 2359 / DSM 70799 / NBRC 1267 / NRRL Y-1140 / WM37),284590,TRP1
sp|P13997|TRPF_KLULA,170,NVS,Kluyveromyces lactis (strain ATCC 8585 / CBS 2359 / DSM 70799 / NBRC 1267 / NRRL Y-1140 / WM37),284590,TRP1
sp|P17128|ACT_KLULA,12,NGS,Kluyveromyces lactis (strain ATCC 8585 / CBS 2359 / DSM 70799 / NBRC 1267 / NRRL Y-1140 / WM37),284590,ACT
sp|P24859|SEC14_KLULA,128,NLT,Kluyveromyces lactis (strain ATCC 8585 / CBS 2359 / DSM 70799 / NBRC 1267 / NRRL Y-1140 / WM37),284590,SEC14
sp|P27069|RS14_KLULA,24,NDT,Kluyveromyces lactis (strain ATCC 8585 / CBS 2359 / DSM 70799 / NBRC 1267 / NRRL Y-1140 / WM37),284590,RPS14
sp|P32102|RLP7_KLULA,256,NFS,Kluyveromyces lactis (strain ATCC 8585 / CBS 2359 / DSM 70799 / NBRC 1267 / NRRL Y-1140 / WM37),284590,RLP7
sp|P40913|RFT1_KLULA,263,NDT,Kluyveromyces lactis (strain ATCC 8585 / CBS 2359 / DSM 70799 / NBRC 1267 / NRRL Y-1140 / WM37),284590,RFT1
sp|P40913|RFT1_KLULA,368,NSS,Kluyveromyces lactis (strain ATCC 8585 / CBS 2359 / DSM 70799 / NBRC 1267 / NRRL Y-1140 / WM37),284590,RFT1
sp|P40913|RFT1_KLULA,492,NIS,Kluyveromyces lactis (strain ATCC 8585 / CBS 2359 / DSM 70799 / NBRC 1267 / NRRL Y-1140 / WM37),284590,RFT1
sp|P41768|RAD52_KLULA,65,NVT,Kluyveromyces lactis (strain ATCC 8585 / CBS 2359 / DSM 70799 / NBRC 1267 / NRRL Y-1140 / WM37),284590,RAD52
sp|P41768|RAD52_KLULA,217,NHT,Kluyveromyces lactis (strain ATCC 8585 / CBS 2359 / DSM 70799 / NBRC 1267 / NRRL Y-1140 / WM37),284590,RAD52
sp|P41768|RAD52_KLULA,270,NTT,Kluyveromyces lactis (strain ATCC 8585 / CBS 2359 / DSM 70799 / NBRC 1267 / NRRL Y-1140 / WM37),284590,RAD52
sp|P41768|RAD52_KLULA,277,NST,Kluyveromyces lactis (strain ATCC 8585 / CBS 2359 / DSM 70799 / NBRC 1267 / NRRL Y-1140 / WM37),284590,RAD52
sp|P41768|RAD52_KLULA,280,NSS,Kluyveromyces lactis (strain ATCC 8585 / CBS 2359 / DSM 70799 / NBRC 1267 / NRRL Y-1140 / WM37),284590,RAD52
sp|P41768|RAD52_KLULA,393,NRS,Kluyveromyces lactis (strain ATCC 8585 / CBS 2359 / DSM 70799 / NBRC 1267 / NRRL Y-1140 / WM37),284590,RAD52
sp|P41768|RAD52_KLULA,434,NVS,Kluyveromyces lactis (strain ATCC 8585 / CBS 2359 / DSM 70799 / NBRC 1267 / NRRL Y-1140 / WM37),284590,RAD52
sp|P41771|ERD1_KLULA,50,NES,Kluyveromyces lactis (strain ATCC 8585 / CBS 2359 / DSM 70799 / NBRC 1267 / NRRL Y-1140 / WM37),284590,ERD1
sp|P41771|ERD1_KLULA,59,NTS,Kluyveromyces lactis (strain ATCC 8585 / CBS 2359 / DSM 70799 / NBRC 1267 / NRRL Y-1140 / WM37),284590,ERD1
sp|P41771|ERD1_KLULA,97,NVS,Kluyveromyces lactis (strain ATCC 8585 / CBS 2359 / DSM 70799 / NBRC 1267 / NRRL Y-1140 / WM37),284590,ERD1
sp|P41771|ERD1_KLULA,108,NVS,Kluyveromyces lactis (strain ATCC 8585 / CBS 2359 / DSM 70799 / NBRC 1267 / NRRL Y-1140 / WM37),284590,ERD1
sp|P41771|ERD1_KLULA,297,NNS,Kluyveromyces lactis (strain ATCC 8585 / CBS 2359 / DSM 70799 / NBRC 1267 / NRRL Y-1140 / WM37),284590,ERD1
sp|P48045|RL25_KLULA,117,NGT,Kluyveromyces lactis (strain ATCC 8585 / CBS 2359 / DSM 70799 / NBRC 1267 / NRRL Y-1140 / WM37),284590,RPL25
sp|P48535|RM02_KLULA,203,NES,Kluyveromyces lactis (strain ATCC 8585 / CBS 2359 / DSM 70799 / NBRC 1267 / NRRL Y-1140 / WM37),284590,MRPL2
sp|P48535|RM02_KLULA,246,NES,Kluyveromyces lactis (strain ATCC 8585 / CBS 2359 / DSM 70799 / NBRC 1267 / NRRL Y-1140 / WM37),284590,MRPL2
sp|P48535|RM02_KLULA,337,NLT,Kluyveromyces lactis (strain ATCC 8585 / CBS 2359 / DSM 70799 / NBRC 1267 / NRRL Y-1140 / WM37),284590,MRPL2
sp|P49345|QCR7_KLULA,34,NLS,Kluyveromyces lactis (strain ATCC 8585 / CBS 2359 / DSM 70799 / NBRC 1267 / NRRL Y-1140 / WM37),284590,QCR7
sp|P49374|HGT1_KLULA,90,NFS,Kluyveromyces lactis (strain ATCC 8585 / CBS 2359 / DSM 70799 / NBRC 1267 / NRRL Y-1140 / WM37),284590,HGT1
sp|P49374|HGT1_KLULA,388,NTS,Kluyveromyces lactis (strain ATCC 8585 / CBS 2359 / DSM 70799 / NBRC 1267 / NRRL Y-1140 / WM37),284590,HGT1
sp|P49374|HGT1_KLULA,455,NIS,Kluyveromyces lactis (strain ATCC 8585 / CBS 2359 / DSM 70799 / NBRC 1267 / NRRL Y-1140 / WM37),284590,HGT1
sp|P49383|ADH2_KLULA,95,NGS,Kluyveromyces lactis (strain ATCC 8585 / CBS 2359 / DSM 70799 / NBRC 1267 / NRRL Y-1140 / WM37),284590,ADH2
sp|P49383|ADH2_KLULA,108,NES,Kluyveromyces lactis (strain ATCC 8585 / CBS 2359 / DSM 70799 / NBRC 1267 / NRRL Y-1140 / WM37),284590,ADH2
sp|P49383|ADH2_KLULA,245,NVS,Kluyveromyces lactis (strain ATCC 8585 / CBS 2359 / DSM 70799 / NBRC 1267 / NRRL Y-1140 / WM37),284590,ADH2
sp|P49383|ADH2_KLULA,263,NGT,Kluyveromyces lactis (strain ATCC 8585 / CBS 2359 / DSM 70799 / NBRC 1267 / NRRL Y-1140 / WM37),284590,ADH2
sp|P53998|NAR1_KLULA,149,NAT,Kluyveromyces lactis (strain ATCC 8585 / CBS 2359 / DSM 70799 / NBRC 1267 / NRRL Y-1140 / WM37),284590,NAR1
sp|P56094|TUP1_KLULA,24,NVS,Kluyveromyces lactis (strain ATCC 8585 / CBS 2359 / DSM 70799 / NBRC 1267 / NRRL Y-1140 / WM37),284590,TUP1
sp|P56094|TUP1_KLULA,341,NKT,Kluyveromyces lactis (strain ATCC 8585 / CBS 2359 / DSM 70799 / NBRC 1267 / NRRL Y-1140 / WM37),284590,TUP1
sp|P56094|TUP1_KLULA,372,NQT,Kluyveromyces lactis (strain ATCC 8585 / CBS 2359 / DSM 70799 / NBRC 1267 / NRRL Y-1140 / WM37),284590,TUP1
sp|P56094|TUP1_KLULA,385,NGS,Kluyveromyces lactis (strain ATCC 8585 / CBS 2359 / DSM 70799 / NBRC 1267 / NRRL Y-1140 / WM37),284590,TUP1
sp|P56094|TUP1_KLULA,673,NST,Kluyveromyces lactis (strain ATCC 8585 / CBS 2359 / DSM 70799 / NBRC 1267 / NRRL Y-1140 / WM37),284590,TUP1
sp|Q00970|MG101_KLULA,65,NKT,Kluyveromyces lactis (strain ATCC 8585 / CBS 2359 / DSM 70799 / NBRC 1267 / NRRL Y-1140 / WM37),284590,MGM101
sp|Q00970|MG101_KLULA,73,NGT,Kluyveromyces lactis (strain ATCC 8585 / CBS 2359 / DSM 70799 / NBRC 1267 / NRRL Y-1140 / WM37),284590,MGM101
sp|Q00974|YEA4_KLULA,86,NNS,Kluyveromyces lactis (strain ATCC 8585 / CBS 2359 / DSM 70799 / NBRC 1267 / NRRL Y-1140 / WM37),284590,YEA4
sp|Q00974|YEA4_KLULA,254,NVT,Kluyveromyces lactis (strain ATCC 8585 / CBS 2359 / DSM 70799 / NBRC 1267 / NRRL Y-1140 / WM37),284590,YEA4
sp|Q05950|REB1_KLULA,4,NDT,Kluyveromyces lactis (strain ATCC 8585 / CBS 2359 / DSM 70799 / NBRC 1267 / NRRL Y-1140 / WM37),284590,REB1
sp|Q05950|REB1_KLULA,143,NDS,Kluyveromyces lactis (strain ATCC 8585 / CBS 2359 / DSM 70799 / NBRC 1267 / NRRL Y-1140 / WM37),284590,REB1
sp|Q05950|REB1_KLULA,411,NAS,Kluyveromyces lactis (strain ATCC 8585 / CBS 2359 / DSM 70799 / NBRC 1267 / NRRL Y-1140 / WM37),284590,REB1
sp|Q05950|REB1_KLULA,465,NWT,Kluyveromyces lactis (strain ATCC 8585 / CBS 2359 / DSM 70799 / NBRC 1267 / NRRL Y-1140 / WM37),284590,REB1
sp|Q05950|REB1_KLULA,500,NIS,Kluyveromyces lactis (strain ATCC 8585 / CBS 2359 / DSM 70799 / NBRC 1267 / NRRL Y-1140 / WM37),284590,REB1
sp|Q06433|GAL80_KLULA,329,NGS,Kluyveromyces lactis (strain ATCC 8585 / CBS 2359 / DSM 70799 / NBRC 1267 / NRRL Y-1140 / WM37),284590,GAL80
sp|Q06433|GAL80_KLULA,333,NGT,Kluyveromyces lactis (strain ATCC 8585 / CBS 2359 / DSM 70799 / NBRC 1267 / NRRL Y-1140 / WM37),284590,GAL80
sp|Q6CIB3|LPE10_KLULA,48,NSS,Kluyveromyces lactis (strain ATCC 8585 / CBS 2359 / DSM 70799 / NBRC 1267 / NRRL Y-1140 / WM37),284590,LPE10
sp|Q6CIB3|LPE10_KLULA,159,NRS,Kluyveromyces lactis (strain ATCC 8585 / CBS 2359 / DSM 70799 / NBRC 1267 / NRRL Y-1140 / WM37),284590,LPE10
sp|Q6CIB3|LPE10_KLULA,201,NVS,Kluyveromyces lactis (strain ATCC 8585 / CBS 2359 / DSM 70799 / NBRC 1267 / NRRL Y-1140 / WM37),284590,LPE10
sp|Q6CID6|HIS1_KLULA,128,NLT,Kluyveromyces lactis (strain ATCC 8585 / CBS 2359 / DSM 70799 / NBRC 1267 / NRRL Y-1140 / WM37),284590,HIS1
sp|Q6CID6|HIS1_KLULA,256,NDS,Kluyveromyces lactis (strain ATCC 8585 / CBS 2359 / DSM 70799 / NBRC 1267 / NRRL Y-1140 / WM37),284590,HIS1
sp|Q6CIG2|CCS1_KLULA,38,NVT,Kluyveromyces lactis (strain ATCC 8585 / CBS 2359 / DSM 70799 / NBRC 1267 / NRRL Y-1140 / WM37),284590,CCS1
sp|Q6CIH2|CSM3_KLULA,16,NAT,Kluyveromyces lactis (strain ATCC 8585 / CBS 2359 / DSM 70799 / NBRC 1267 / NRRL Y-1140 / WM37),284590,CSM3
sp|Q6CIH2|CSM3_KLULA,96,NLT,Kluyveromyces lactis (strain ATCC 8585 / CBS 2359 / DSM 70799 / NBRC 1267 / NRRL Y-1140 / WM37),284590,CSM3
sp|Q6CII8|RNA14_KLULA,16,NTS,Kluyveromyces lactis (strain ATCC 8585 / CBS 2359 / DSM 70799 / NBRC 1267 / NRRL Y-1140 / WM37),284590,RNA14
sp|Q6CII8|RNA14_KLULA,252,NIT,Kluyveromyces lactis (strain ATCC 8585 / CBS 2359 / DSM 70799 / NBRC 1267 / NRRL Y-1140 / WM37),284590,RNA14
sp|Q6CII8|RNA14_KLULA,404,NES,Kluyveromyces lactis (strain ATCC 8585 / CBS 2359 / DSM 70799 / NBRC 1267 / NRRL Y-1140 / WM37),284590,RNA14
sp|Q6CIJ2|AEP1_KLULA,54,NAT,Kluyveromyces lactis (strain ATCC 8585 / CBS 2359 / DSM 70799 / NBRC 1267 / NRRL Y-1140 / WM37),284590,AEP1
sp|Q6CIJ2|AEP1_KLULA,123,NIT,Kluyveromyces lactis (strain ATCC 8585 / CBS 2359 / DSM 70799 / NBRC 1267 / NRRL Y-1140 / WM37),284590,AEP1
sp|Q6CIJ2|AEP1_KLULA,194,NLT,Kluyveromyces lactis (strain ATCC 8585 / CBS 2359 / DSM 70799 / NBRC 1267 / NRRL Y-1140 / WM37),284590,AEP1
sp|Q6CIJ2|AEP1_KLULA,346,NLT,Kluyveromyces lactis (strain ATCC 8585 / CBS 2359 / DSM 70799 / NBRC 1267 / NRRL Y-1140 / WM37),284590,AEP1
sp|Q6CIJ2|AEP1_KLULA,406,NIS,Kluyveromyces lactis (strain ATCC 8585 / CBS 2359 / DSM 70799 / NBRC 1267 / NRRL Y-1140 / WM37),284590,AEP1
sp|Q6CIJ2|AEP1_KLULA,419,NGT,Kluyveromyces lactis (strain ATCC 8585 / CBS 2359 / DSM 70799 / NBRC 1267 / NRRL Y-1140 / WM37),284590,AEP1
sp|Q6CIJ2|AEP1_KLULA,464,NQT,Kluyveromyces lactis (strain ATCC 8585 / CBS 2359 / DSM 70799 / NBRC 1267 / NRRL Y-1140 / WM37),284590,AEP1
sp|Q6CIJ3|KAR5_KLULA,156,NIT,Kluyveromyces lactis (strain ATCC 8585 / CBS 2359 / DSM 70799 / NBRC 1267 / NRRL Y-1140 / WM37),284590,KAR5
sp|Q6CIJ3|KAR5_KLULA,229,NFT,Kluyveromyces lactis (strain ATCC 8585 / CBS 2359 / DSM 70799 / NBRC 1267 / NRRL Y-1140 / WM37),284590,KAR5
sp|Q6CIJ3|KAR5_KLULA,272,NST,Kluyveromyces lactis (strain ATCC 8585 / CBS 2359 / DSM 70799 / NBRC 1267 / NRRL Y-1140 / WM37),284590,KAR5
sp|Q6CIJ3|KAR5_KLULA,379,NVS,Kluyveromyces lactis (strain ATCC 8585 / CBS 2359 / DSM 70799 / NBRC 1267 / NRRL Y-1140 / WM37),284590,KAR5
sp|Q6CIK7|TIM10_KLULA,54,NES,Kluyveromyces lactis (strain ATCC 8585 / CBS 2359 / DSM 70799 / NBRC 1267 / NRRL Y-1140 / WM37),284590,TIM10
sp|Q6CIL8|RGT1_KLULA,21,NNT,Kluyveromyces lactis (strain ATCC 8585 / CBS 2359 / DSM 70799 / NBRC 1267 / NRRL Y-1140 / WM37),284590,RGT1
sp|Q6CIL8|RGT1_KLULA,25,NGS,Kluyveromyces lactis (strain ATCC 8585 / CBS 2359 / DSM 70799 / NBRC 1267 / NRRL Y-1140 / WM37),284590,RGT1
sp|Q6CIL8|RGT1_KLULA,45,NNS,Kluyveromyces lactis (strain ATCC 8585 / CBS 2359 / DSM 70799 / NBRC 1267 / NRRL Y-1140 / WM37),284590,RGT1
sp|Q6CIL8|RGT1_KLULA,51,NDS,Kluyveromyces lactis (strain ATCC 8585 / CBS 2359 / DSM 70799 / NBRC 1267 / NRRL Y-1140 / WM37),284590,RGT1
sp|Q6CIL8|RGT1_KLULA,99,NVS,Kluyveromyces lactis (strain ATCC 8585 / CBS 2359 / DSM 70799 / NBRC 1267 / NRRL Y-1140 / WM37),284590,RGT1
sp|Q6CIL8|RGT1_KLULA,205,NES,Kluyveromyces lactis (strain ATCC 8585 / CBS 2359 / DSM 70799 / NBRC 1267 / NRRL Y-1140 / WM37),284590,RGT1
sp|Q6CIL8|RGT1_KLULA,226,NVS,Kluyveromyces lactis (strain ATCC 8585 / CBS 2359 / DSM 70799 / NBRC 1267 / NRRL Y-1140 / WM37),284590,RGT1
sp|Q6CIL8|RGT1_KLULA,240,NHS,Kluyveromyces lactis (strain ATCC 8585 / CBS 2359 / DSM 70799 / NBRC 1267 / NRRL Y-1140 / WM37),284590,RGT1
sp|Q6CIL8|RGT1_KLULA,414,NAS,Kluyveromyces lactis (strain ATCC 8585 / CBS 2359 / DSM 70799 / NBRC 1267 / NRRL Y-1140 / WM37),284590,RGT1
sp|Q6CIL8|RGT1_KLULA,454,NAS,Kluyveromyces lactis (strain ATCC 8585 / CBS 2359 / DSM 70799 / NBRC 1267 / NRRL Y-1140 / WM37),284590,RGT1
sp|Q6CIL8|RGT1_KLULA,480,NRS,Kluyveromyces lactis (strain ATCC 8585 / CBS 2359 / DSM 70799 / NBRC 1267 / NRRL Y-1140 / WM37),284590,RGT1
sp|Q6CIL8|RGT1_KLULA,629,NCT,Kluyveromyces lactis (strain ATCC 8585 / CBS 2359 / DSM 70799 / NBRC 1267 / NRRL Y-1140 / WM37),284590,RGT1
sp|Q6CIL8|RGT1_KLULA,638,NNS,Kluyveromyces lactis (strain ATCC 8585 / CBS 2359 / DSM 70799 / NBRC 1267 / NRRL Y-1140 / WM37),284590,RGT1
sp|Q6CIL8|RGT1_KLULA,773,NKT,Kluyveromyces lactis (strain ATCC 8585 / CBS 2359 / DSM 70799 / NBRC 1267 / NRRL Y-1140 / WM37),284590,RGT1
sp|Q6CIL8|RGT1_KLULA,955,NKT,Kluyveromyces lactis (strain ATCC 8585 / CBS 2359 / DSM 70799 / NBRC 1267 / NRRL Y-1140 / WM37),284590,RGT1
sp|Q6CIN8|EPL1_KLULA,140,NKS,Kluyveromyces lactis (strain ATCC 8585 / CBS 2359 / DSM 70799 / NBRC 1267 / NRRL Y-1140 / WM37),284590,EPL1
sp|Q6CIN8|EPL1_KLULA,468,NVS,Kluyveromyces lactis (strain ATCC 8585 / CBS 2359 / DSM 70799 / NBRC 1267 / NRRL Y-1140 / WM37),284590,EPL1
sp|Q6CIN8|EPL1_KLULA,532,NLT,Kluyveromyces lactis (strain ATCC 8585 / CBS 2359 / DSM 70799 / NBRC 1267 / NRRL Y-1140 / WM37),284590,EPL1
sp|Q6CIN8|EPL1_KLULA,543,NLS,Kluyveromyces lactis (strain ATCC 8585 / CBS 2359 / DSM 70799 / NBRC 1267 / NRRL Y-1140 / WM37),284590,EPL1
sp|Q6CIN8|EPL1_KLULA,549,NVS,Kluyveromyces lactis (strain ATCC 8585 / CBS 2359 / DSM 70799 / NBRC 1267 / NRRL Y-1140 / WM37),284590,EPL1
sp|Q6CIN8|EPL1_KLULA,712,NDT,Kluyveromyces lactis (strain ATCC 8585 / CBS 2359 / DSM 70799 / NBRC 1267 / NRRL Y-1140 / WM37),284590,EPL1
sp|Q6CIN8|EPL1_KLULA,791,NQS,Kluyveromyces lactis (strain ATCC 8585 / CBS 2359 / DSM 70799 / NBRC 1267 / NRRL Y-1140 / WM37),284590,EPL1
sp|Q6CIN9|BST1_KLULA,49,NFS,Kluyveromyces lactis (strain ATCC 8585 / CBS 2359 / DSM 70799 / NBRC 1267 / NRRL Y-1140 / WM37),284590,BST1
sp|Q6CIN9|BST1_KLULA,276,NVS,Kluyveromyces lactis (strain ATCC 8585 / CBS 2359 / DSM 70799 / NBRC 1267 / NRRL Y-1140 / WM37),284590,BST1
sp|Q6CIN9|BST1_KLULA,384,NLS,Kluyveromyces lactis (strain ATCC 8585 / CBS 2359 / DSM 70799 / NBRC 1267 / NRRL Y-1140 / WM37),284590,BST1
sp|Q6CIN9|BST1_KLULA,407,NSS,Kluyveromyces lactis (strain ATCC 8585 / CBS 2359 / DSM 70799 / NBRC 1267 / NRRL Y-1140 / WM37),284590,BST1
sp|Q6CIN9|BST1_KLULA,419,NIS,Kluyveromyces lactis (strain ATCC 8585 / CBS 2359 / DSM 70799 / NBRC 1267 / NRRL Y-1140 / WM37),284590,BST1
sp|Q6CIN9|BST1_KLULA,488,NGS,Kluyveromyces lactis (strain ATCC 8585 / CBS 2359 / DSM 70799 / NBRC 1267 / NRRL Y-1140 / WM37),284590,BST1
sp|Q6CIN9|BST1_KLULA,607,NIS,Kluyveromyces lactis (strain ATCC 8585 / CBS 2359 / DSM 70799 / NBRC 1267 / NRRL Y-1140 / WM37),284590,BST1
sp|Q6CIN9|BST1_KLULA,696,NHS,Kluyveromyces lactis (strain ATCC 8585 / CBS 2359 / DSM 70799 / NBRC 1267 / NRRL Y-1140 / WM37),284590,BST1
sp|Q6CIN9|BST1_KLULA,867,NVS,Kluyveromyces lactis (strain ATCC 8585 / CBS 2359 / DSM 70799 / NBRC 1267 / NRRL Y-1140 / WM37),284590,BST1
sp|Q6CIP4|MBF1_KLULA,93,NLT,Kluyveromyces lactis (strain ATCC 8585 / CBS 2359 / DSM 70799 / NBRC 1267 / NRRL Y-1140 / WM37),284590,MBF1
sp|Q6CIS0|FYV6_KLULA,89,NFS,Kluyveromyces lactis (strain ATCC 8585 / CBS 2359 / DSM 70799 / NBRC 1267 / NRRL Y-1140 / WM37),284590,FYV6
sp|Q6CIT9|COX23_KLULA,31,NKT,Kluyveromyces lactis (strain ATCC 8585 / CBS 2359 / DSM 70799 / NBRC 1267 / NRRL Y-1140 / WM37),284590,COX23
sp|Q6CIT9|COX23_KLULA,36,NFT,Kluyveromyces lactis (strain ATCC 8585 / CBS 2359 / DSM 70799 / NBRC 1267 / NRRL Y-1140 / WM37),284590,COX23
sp|Q6CIU0|CTU2_KLULA,89,NDT,Kluyveromyces lactis (strain ATCC 8585 / CBS 2359 / DSM 70799 / NBRC 1267 / NRRL Y-1140 / WM37),284590,NCS2
sp|Q6CIU0|CTU2_KLULA,189,NKT,Kluyveromyces lactis (strain ATCC 8585 / CBS 2359 / DSM 70799 / NBRC 1267 / NRRL Y-1140 / WM37),284590,NCS2
sp|Q6CIU0|CTU2_KLULA,313,NMT,Kluyveromyces lactis (strain ATCC 8585 / CBS 2359 / DSM 70799 / NBRC 1267 / NRRL Y-1140 / WM37),284590,NCS2
sp|Q6CIV8|AF9_KLULA,175,NKT,Kluyveromyces lactis (strain ATCC 8585 / CBS 2359 / DSM 70799 / NBRC 1267 / NRRL Y-1140 / WM37),284590,YAF9
sp|Q6CIY2|AIM14_KLULA,249,NVT,Kluyveromyces lactis (strain ATCC 8585 / CBS 2359 / DSM 70799 / NBRC 1267 / NRRL Y-1140 / WM37),284590,AIM14
sp|Q6CIY2|AIM14_KLULA,317,NLT,Kluyveromyces lactis (strain ATCC 8585 / CBS 2359 / DSM 70799 / NBRC 1267 / NRRL Y-1140 / WM37),284590,AIM14
sp|Q6CIY2|AIM14_KLULA,420,NGS,Kluyveromyces lactis (strain ATCC 8585 / CBS 2359 / DSM 70799 / NBRC 1267 / NRRL Y-1140 / WM37),284590,AIM14
sp|Q6CIY2|AIM14_KLULA,444,NDS,Kluyveromyces lactis (strain ATCC 8585 / CBS 2359 / DSM 70799 / NBRC 1267 / NRRL Y-1140 / WM37),284590,AIM14
sp|Q6CIY7|SYM1_KLULA,149,NFS,Kluyveromyces lactis (strain ATCC 8585 / CBS 2359 / DSM 70799 / NBRC 1267 / NRRL Y-1140 / WM37),284590,SYM1
sp|Q6CIZ1|DPH5_KLULA,111,NAS,Kluyveromyces lactis (strain ATCC 8585 / CBS 2359 / DSM 70799 / NBRC 1267 / NRRL Y-1140 / WM37),284590,DPH5
sp|Q6CJ06|NUF2_KLULA,30,NIS,Kluyveromyces lactis (strain ATCC 8585 / CBS 2359 / DSM 70799 / NBRC 1267 / NRRL Y-1140 / WM37),284590,NUF2
sp|Q6CJ06|NUF2_KLULA,400,NGT,Kluyveromyces lactis (strain ATCC 8585 / CBS 2359 / DSM 70799 / NBRC 1267 / NRRL Y-1140 / WM37),284590,NUF2
sp|Q6CJ08|CWC26_KLULA,63,NKT,Kluyveromyces lactis (strain ATCC 8585 / CBS 2359 / DSM 70799 / NBRC 1267 / NRRL Y-1140 / WM37),284590,CWC26
sp|Q6CJ08|CWC26_KLULA,158,NLT,Kluyveromyces lactis (strain ATCC 8585 / CBS 2359 / DSM 70799 / NBRC 1267 / NRRL Y-1140 / WM37),284590,CWC26
sp|Q6CJ08|CWC26_KLULA,208,NTS,Kluyveromyces lactis (strain ATCC 8585 / CBS 2359 / DSM 70799 / NBRC 1267 / NRRL Y-1140 / WM37),284590,CWC26
sp|Q6CJ29|YPP1_KLULA,46,NIS,Kluyveromyces lactis (strain ATCC 8585 / CBS 2359 / DSM 70799 / NBRC 1267 / NRRL Y-1140 / WM37),284590,YPP1
sp|Q6CJ29|YPP1_KLULA,177,NGS,Kluyveromyces lactis (strain ATCC 8585 / CBS 2359 / DSM 70799 / NBRC 1267 / NRRL Y-1140 / WM37),284590,YPP1
sp|Q6CJ29|YPP1_KLULA,267,NFT,Kluyveromyces lactis (strain ATCC 8585 / CBS 2359 / DSM 70799 / NBRC 1267 / NRRL Y-1140 / WM37),284590,YPP1
sp|Q6CJ29|YPP1_KLULA,273,NYS,Kluyveromyces lactis (strain ATCC 8585 / CBS 2359 / DSM 70799 / NBRC 1267 / NRRL Y-1140 / WM37),284590,YPP1
sp|Q6CJ29|YPP1_KLULA,314,NVS,Kluyveromyces lactis (strain ATCC 8585 / CBS 2359 / DSM 70799 / NBRC 1267 / NRRL Y-1140 / WM37),284590,YPP1
sp|Q6CJ29|YPP1_KLULA,396,NAS,Kluyveromyces lactis (strain ATCC 8585 / CBS 2359 / DSM 70799 / NBRC 1267 / NRRL Y-1140 / WM37),284590,YPP1
sp|Q6CJ29|YPP1_KLULA,530,NQS,Kluyveromyces lactis (strain ATCC 8585 / CBS 2359 / DSM 70799 / NBRC 1267 / NRRL Y-1140 / WM37),284590,YPP1
sp|Q6CJ29|YPP1_KLULA,566,NVT,Kluyveromyces lactis (strain ATCC 8585 / CBS 2359 / DSM 70799 / NBRC 1267 / NRRL Y-1140 / WM37),284590,YPP1
sp|Q6CJ45|GAR1_KLULA,69,NKT,Kluyveromyces lactis (strain ATCC 8585 / CBS 2359 / DSM 70799 / NBRC 1267 / NRRL Y-1140 / WM37),284590,GAR1
sp|Q6CJ50|MDV1_KLULA,152,NET,Kluyveromyces lactis (strain ATCC 8585 / CBS 2359 / DSM 70799 / NBRC 1267 / NRRL Y-1140 / WM37),284590,MDV1
sp|Q6CJ50|MDV1_KLULA,310,NET,Kluyveromyces lactis (strain ATCC 8585 / CBS 2359 / DSM 70799 / NBRC 1267 / NRRL Y-1140 / WM37),284590,MDV1
sp|Q6CJ50|MDV1_KLULA,478,NSS,Kluyveromyces lactis (strain ATCC 8585 / CBS 2359 / DSM 70799 / NBRC 1267 / NRRL Y-1140 / WM37),284590,MDV1
sp|Q6CJ60|SP381_KLULA,18,NSS,Kluyveromyces lactis (strain ATCC 8585 / CBS 2359 / DSM 70799 / NBRC 1267 / NRRL Y-1140 / WM37),284590,SPP381
sp|Q6CJ60|SP381_KLULA,32,NYS,Kluyveromyces lactis (strain ATCC 8585 / CBS 2359 / DSM 70799 / NBRC 1267 / NRRL Y-1140 / WM37),284590,SPP381
sp|Q6CJ60|SP381_KLULA,39,NES,Kluyveromyces lactis (strain ATCC 8585 / CBS 2359 / DSM 70799 / NBRC 1267 / NRRL Y-1140 / WM37),284590,SPP381
sp|Q6CJ60|SP381_KLULA,103,NGS,Kluyveromyces lactis (strain ATCC 8585 / CBS 2359 / DSM 70799 / NBRC 1267 / NRRL Y-1140 / WM37),284590,SPP381
sp|Q6CJ60|SP381_KLULA,250,NDT,Kluyveromyces lactis (strain ATCC 8585 / CBS 2359 / DSM 70799 / NBRC 1267 / NRRL Y-1140 / WM37),284590,SPP381
sp|Q6CJ62|RPAB1_KLULA,8,NIS,Kluyveromyces lactis (strain ATCC 8585 / CBS 2359 / DSM 70799 / NBRC 1267 / NRRL Y-1140 / WM37),284590,RPB5
sp|Q6CJ62|RPAB1_KLULA,143,NIT,Kluyveromyces lactis (strain ATCC 8585 / CBS 2359 / DSM 70799 / NBRC 1267 / NRRL Y-1140 / WM37),284590,RPB5
sp|Q6CJ65|RT09_KLULA,29,NSS,Kluyveromyces lactis (strain ATCC 8585 / CBS 2359 / DSM 70799 / NBRC 1267 / NRRL Y-1140 / WM37),284590,MRPS9
sp|Q6CJA3|MED4_KLULA,104,NKT,Kluyveromyces lactis (strain ATCC 8585 / CBS 2359 / DSM 70799 / NBRC 1267 / NRRL Y-1140 / WM37),284590,MED4
sp|Q6CJA3|MED4_KLULA,212,NNT,Kluyveromyces lactis (strain ATCC 8585 / CBS 2359 / DSM 70799 / NBRC 1267 / NRRL Y-1140 / WM37),284590,MED4
sp|Q6CJB5|REXO3_KLULA,38,NIS,Kluyveromyces lactis (strain ATCC 8585 / CBS 2359 / DSM 70799 / NBRC 1267 / NRRL Y-1140 / WM37),284590,REX3
sp|Q6CJB5|REXO3_KLULA,160,NAS,Kluyveromyces lactis (strain ATCC 8585 / CBS 2359 / DSM 70799 / NBRC 1267 / NRRL Y-1140 / WM37),284590,REX3
sp|Q6CJB5|REXO3_KLULA,183,NNS,Kluyveromyces lactis (strain ATCC 8585 / CBS 2359 / DSM 70799 / NBRC 1267 / NRRL Y-1140 / WM37),284590,REX3
sp|Q6CJB5|REXO3_KLULA,224,NES,Kluyveromyces lactis (strain ATCC 8585 / CBS 2359 / DSM 70799 / NBRC 1267 / NRRL Y-1140 / WM37),284590,REX3
sp|Q6CJB5|REXO3_KLULA,298,NFT,Kluyveromyces lactis (strain ATCC 8585 / CBS 2359 / DSM 70799 / NBRC 1267 / NRRL Y-1140 / WM37),284590,REX3
sp|Q6CJB5|REXO3_KLULA,437,NLS,Kluyveromyces lactis (strain ATCC 8585 / CBS 2359 / DSM 70799 / NBRC 1267 / NRRL Y-1140 / WM37),284590,REX3
sp|Q6CJD7|DPB4_KLULA,16,NTS,Kluyveromyces lactis (strain ATCC 8585 / CBS 2359 / DSM 70799 / NBRC 1267 / NRRL Y-1140 / WM37),284590,DPB4
sp|Q6CJE6|GEP5_KLULA,101,NLT,Kluyveromyces lactis (strain ATCC 8585 / CBS 2359 / DSM 70799 / NBRC 1267 / NRRL Y-1140 / WM37),284590,GEP5
sp|Q6CJE6|GEP5_KLULA,291,NLS,Kluyveromyces lactis (strain ATCC 8585 / CBS 2359 / DSM 70799 / NBRC 1267 / NRRL Y-1140 / WM37),284590,GEP5
sp|Q6CJF4|ARP6_KLULA,10,NGS,Kluyveromyces lactis (strain ATCC 8585 / CBS 2359 / DSM 70799 / NBRC 1267 / NRRL Y-1140 / WM37),284590,ARP6
sp|Q6CJF4|ARP6_KLULA,44,NQT,Kluyveromyces lactis (strain ATCC 8585 / CBS 2359 / DSM 70799 / NBRC 1267 / NRRL Y-1140 / WM37),284590,ARP6
sp|Q6CJF4|ARP6_KLULA,89,NLT,Kluyveromyces lactis (strain ATCC 8585 / CBS 2359 / DSM 70799 / NBRC 1267 / NRRL Y-1140 / WM37),284590,ARP6
sp|Q6CJF4|ARP6_KLULA,94,NDT,Kluyveromyces lactis (strain ATCC 8585 / CBS 2359 / DSM 70799 / NBRC 1267 / NRRL Y-1140 / WM37),284590,ARP6
sp|Q6CJF4|ARP6_KLULA,174,NCT,Kluyveromyces lactis (strain ATCC 8585 / CBS 2359 / DSM 70799 / NBRC 1267 / NRRL Y-1140 / WM37),284590,ARP6
sp|Q6CJG3|ALG14_KLULA,159,NLT,Kluyveromyces lactis (strain ATCC 8585 / CBS 2359 / DSM 70799 / NBRC 1267 / NRRL Y-1140 / WM37),284590,ALG14
sp|Q6CJI0|SLT11_KLULA,48,NHT,Kluyveromyces lactis (strain ATCC 8585 / CBS 2359 / DSM 70799 / NBRC 1267 / NRRL Y-1140 / WM37),284590,SLT11
sp|Q6CJI0|SLT11_KLULA,144,NDT,Kluyveromyces lactis (strain ATCC 8585 / CBS 2359 / DSM 70799 / NBRC 1267 / NRRL Y-1140 / WM37),284590,SLT11
sp|Q6CJI0|SLT11_KLULA,158,NLT,Kluyveromyces lactis (strain ATCC 8585 / CBS 2359 / DSM 70799 / NBRC 1267 / NRRL Y-1140 / WM37),284590,SLT11
sp|Q6CJI0|SLT11_KLULA,180,NTS,Kluyveromyces lactis (strain ATCC 8585 / CBS 2359 / DSM 70799 / NBRC 1267 / NRRL Y-1140 / WM37),284590,SLT11
sp|Q6CJJ1|NPR3_KLULA,59,NNS,Kluyveromyces lactis (strain ATCC 8585 / CBS 2359 / DSM 70799 / NBRC 1267 / NRRL Y-1140 / WM37),284590,NPR3
sp|Q6CJJ1|NPR3_KLULA,104,NSS,Kluyveromyces lactis (strain ATCC 8585 / CBS 2359 / DSM 70799 / NBRC 1267 / NRRL Y-1140 / WM37),284590,NPR3
sp|Q6CJJ1|NPR3_KLULA,108,NNT,Kluyveromyces lactis (strain ATCC 8585 / CBS 2359 / DSM 70799 / NBRC 1267 / NRRL Y-1140 / WM37),284590,NPR3
sp|Q6CJJ1|NPR3_KLULA,159,NMS,Kluyveromyces lactis (strain ATCC 8585 / CBS 2359 / DSM 70799 / NBRC 1267 / NRRL Y-1140 / WM37),284590,NPR3
sp|Q6CJJ1|NPR3_KLULA,284,NRS,Kluyveromyces lactis (strain ATCC 8585 / CBS 2359 / DSM 70799 / NBRC 1267 / NRRL Y-1140 / WM37),284590,NPR3
sp|Q6CJJ1|NPR3_KLULA,485,NES,Kluyveromyces lactis (strain ATCC 8585 / CBS 2359 / DSM 70799 / NBRC 1267 / NRRL Y-1140 / WM37),284590,NPR3
sp|Q6CJJ1|NPR3_KLULA,530,NAS,Kluyveromyces lactis (strain ATCC 8585 / CBS 2359 / DSM 70799 / NBRC 1267 / NRRL Y-1140 / WM37),284590,NPR3
sp|Q6CJJ1|NPR3_KLULA,569,NDS,Kluyveromyces lactis (strain ATCC 8585 / CBS 2359 / DSM 70799 / NBRC 1267 / NRRL Y-1140 / WM37),284590,NPR3
sp|Q6CJJ1|NPR3_KLULA,753,NSS,Kluyveromyces lactis (strain ATCC 8585 / CBS 2359 / DSM 70799 / NBRC 1267 / NRRL Y-1140 / WM37),284590,NPR3
sp|Q6CJK2|CLF1_KLULA,682,NSS,Kluyveromyces lactis (strain ATCC 8585 / CBS 2359 / DSM 70799 / NBRC 1267 / NRRL Y-1140 / WM37),284590,CLF1
sp|Q6CJM3|DLT1_KLULA,276,NTT,Kluyveromyces lactis (strain ATCC 8585 / CBS 2359 / DSM 70799 / NBRC 1267 / NRRL Y-1140 / WM37),284590,DLT1
sp|Q6CJM3|DLT1_KLULA,289,NFS,Kluyveromyces lactis (strain ATCC 8585 / CBS 2359 / DSM 70799 / NBRC 1267 / NRRL Y-1140 / WM37),284590,DLT1
sp|Q6CJQ3|ISY1_KLULA,71,NES,Kluyveromyces lactis (strain ATCC 8585 / CBS 2359 / DSM 70799 / NBRC 1267 / NRRL Y-1140 / WM37),284590,ISY1
sp|Q6CJQ3|ISY1_KLULA,112,NTT,Kluyveromyces lactis (strain ATCC 8585 / CBS 2359 / DSM 70799 / NBRC 1267 / NRRL Y-1140 / WM37),284590,ISY1
sp|Q6CJQ3|ISY1_KLULA,177,NNS,Kluyveromyces lactis (strain ATCC 8585 / CBS 2359 / DSM 70799 / NBRC 1267 / NRRL Y-1140 / WM37),284590,ISY1
sp|Q6CJR7|RL3_KLULA,345,NTS,Kluyveromyces lactis (strain ATCC 8585 / CBS 2359 / DSM 70799 / NBRC 1267 / NRRL Y-1140 / WM37),284590,RPL3
sp|Q6CJS0|SLD7_KLULA,119,NAS,Kluyveromyces lactis (strain ATCC 8585 / CBS 2359 / DSM 70799 / NBRC 1267 / NRRL Y-1140 / WM37),284590,SLD7
sp|Q6CJT2|ETT1_KLULA,90,NDS,Kluyveromyces lactis (strain ATCC 8585 / CBS 2359 / DSM 70799 / NBRC 1267 / NRRL Y-1140 / WM37),284590,ETT1
sp|Q6CJX3|TIM13_KLULA,41,NAT,Kluyveromyces lactis (strain ATCC 8585 / CBS 2359 / DSM 70799 / NBRC 1267 / NRRL Y-1140 / WM37),284590,TIM13
sp|Q6CJX5|CBP4_KLULA,90,NGT,Kluyveromyces lactis (strain ATCC 8585 / CBS 2359 / DSM 70799 / NBRC 1267 / NRRL Y-1140 / WM37),284590,CBP4
sp|Q6CJZ2|IPI1_KLULA,27,NVT,Kluyveromyces lactis (strain ATCC 8585 / CBS 2359 / DSM 70799 / NBRC 1267 / NRRL Y-1140 / WM37),284590,IPI1
sp|Q6CJZ2|IPI1_KLULA,57,NGT,Kluyveromyces lactis (strain ATCC 8585 / CBS 2359 / DSM 70799 / NBRC 1267 / NRRL Y-1140 / WM37),284590,IPI1
sp|Q6CJZ2|IPI1_KLULA,319,NMT,Kluyveromyces lactis (strain ATCC 8585 / CBS 2359 / DSM 70799 / NBRC 1267 / NRRL Y-1140 / WM37),284590,IPI1
sp|Q6CJZ6|MED2_KLULA,215,NTS,Kluyveromyces lactis (strain ATCC 8585 / CBS 2359 / DSM 70799 / NBRC 1267 / NRRL Y-1140 / WM37),284590,MED2
sp|Q6CJZ6|MED2_KLULA,231,NDT,Kluyveromyces lactis (strain ATCC 8585 / CBS 2359 / DSM 70799 / NBRC 1267 / NRRL Y-1140 / WM37),284590,MED2
sp|Q6CK06|SLU7_KLULA,52,NST,Kluyveromyces lactis (strain ATCC 8585 / CBS 2359 / DSM 70799 / NBRC 1267 / NRRL Y-1140 / WM37),284590,SLU7
sp|Q6CK11|EXO70_KLULA,120,NDT,Kluyveromyces lactis (strain ATCC 8585 / CBS 2359 / DSM 70799 / NBRC 1267 / NRRL Y-1140 / WM37),284590,EXO70
sp|Q6CK11|EXO70_KLULA,189,NST,Kluyveromyces lactis (strain ATCC 8585 / CBS 2359 / DSM 70799 / NBRC 1267 / NRRL Y-1140 / WM37),284590,EXO70
sp|Q6CK11|EXO70_KLULA,474,NLS,Kluyveromyces lactis (strain ATCC 8585 / CBS 2359 / DSM 70799 / NBRC 1267 / NRRL Y-1140 / WM37),284590,EXO70
sp|Q6CK18|GWT1_KLULA,114,NQS,Kluyveromyces lactis (strain ATCC 8585 / CBS 2359 / DSM 70799 / NBRC 1267 / NRRL Y-1140 / WM37),284590,GWT1
sp|Q6CK18|GWT1_KLULA,402,NVT,Kluyveromyces lactis (strain ATCC 8585 / CBS 2359 / DSM 70799 / NBRC 1267 / NRRL Y-1140 / WM37),284590,GWT1
sp|Q6CK18|GWT1_KLULA,409,NFT,Kluyveromyces lactis (strain ATCC 8585 / CBS 2359 / DSM 70799 / NBRC 1267 / NRRL Y-1140 / WM37),284590,GWT1
sp|Q6CK29|RRF2M_KLULA,186,NES,Kluyveromyces lactis (strain ATCC 8585 / CBS 2359 / DSM 70799 / NBRC 1267 / NRRL Y-1140 / WM37),284590,MEF2
sp|Q6CK29|RRF2M_KLULA,213,NVT,Kluyveromyces lactis (strain ATCC 8585 / CBS 2359 / DSM 70799 / NBRC 1267 / NRRL Y-1140 / WM37),284590,MEF2
sp|Q6CK29|RRF2M_KLULA,259,NVS,Kluyveromyces lactis (strain ATCC 8585 / CBS 2359 / DSM 70799 / NBRC 1267 / NRRL Y-1140 / WM37),284590,MEF2
sp|Q6CK29|RRF2M_KLULA,266,NAS,Kluyveromyces lactis (strain ATCC 8585 / CBS 2359 / DSM 70799 / NBRC 1267 / NRRL Y-1140 / WM37),284590,MEF2
sp|Q6CK29|RRF2M_KLULA,367,NHT,Kluyveromyces lactis (strain ATCC 8585 / CBS 2359 / DSM 70799 / NBRC 1267 / NRRL Y-1140 / WM37),284590,MEF2
sp|Q6CK29|RRF2M_KLULA,372,NTT,Kluyveromyces lactis (strain ATCC 8585 / CBS 2359 / DSM 70799 / NBRC 1267 / NRRL Y-1140 / WM37),284590,MEF2
sp|Q6CK29|RRF2M_KLULA,410,NVS,Kluyveromyces lactis (strain ATCC 8585 / CBS 2359 / DSM 70799 / NBRC 1267 / NRRL Y-1140 / WM37),284590,MEF2
sp|Q6CK29|RRF2M_KLULA,533,NHS,Kluyveromyces lactis (strain ATCC 8585 / CBS 2359 / DSM 70799 / NBRC 1267 / NRRL Y-1140 / WM37),284590,MEF2
sp|Q6CK29|RRF2M_KLULA,668,NYS,Kluyveromyces lactis (strain ATCC 8585 / CBS 2359 / DSM 70799 / NBRC 1267 / NRRL Y-1140 / WM37),284590,MEF2
sp|Q6CK33|GSM1_KLULA,38,NCS,Kluyveromyces lactis (strain ATCC 8585 / CBS 2359 / DSM 70799 / NBRC 1267 / NRRL Y-1140 / WM37),284590,GSM1
sp|Q6CK33|GSM1_KLULA,100,NSS,Kluyveromyces lactis (strain ATCC 8585 / CBS 2359 / DSM 70799 / NBRC 1267 / NRRL Y-1140 / WM37),284590,GSM1
sp|Q6CK33|GSM1_KLULA,233,NSS,Kluyveromyces lactis (strain ATCC 8585 / CBS 2359 / DSM 70799 / NBRC 1267 / NRRL Y-1140 / WM37),284590,GSM1
sp|Q6CK33|GSM1_KLULA,259,NLS,Kluyveromyces lactis (strain ATCC 8585 / CBS 2359 / DSM 70799 / NBRC 1267 / NRRL Y-1140 / WM37),284590,GSM1
sp|Q6CK33|GSM1_KLULA,263,NNS,Kluyveromyces lactis (strain ATCC 8585 / CBS 2359 / DSM 70799 / NBRC 1267 / NRRL Y-1140 / WM37),284590,GSM1
sp|Q6CK33|GSM1_KLULA,300,NLT,Kluyveromyces lactis (strain ATCC 8585 / CBS 2359 / DSM 70799 / NBRC 1267 / NRRL Y-1140 / WM37),284590,GSM1
sp|Q6CK33|GSM1_KLULA,330,NDT,Kluyveromyces lactis (strain ATCC 8585 / CBS 2359 / DSM 70799 / NBRC 1267 / NRRL Y-1140 / WM37),284590,GSM1
sp|Q6CK33|GSM1_KLULA,344,NLS,Kluyveromyces lactis (strain ATCC 8585 / CBS 2359 / DSM 70799 / NBRC 1267 / NRRL Y-1140 / WM37),284590,GSM1
sp|Q6CK33|GSM1_KLULA,455,NCT,Kluyveromyces lactis (strain ATCC 8585 / CBS 2359 / DSM 70799 / NBRC 1267 / NRRL Y-1140 / WM37),284590,GSM1
sp|Q6CK33|GSM1_KLULA,499,NES,Kluyveromyces lactis (strain ATCC 8585 / CBS 2359 / DSM 70799 / NBRC 1267 / NRRL Y-1140 / WM37),284590,GSM1
sp|Q6CK33|GSM1_KLULA,524,NSS,Kluyveromyces lactis (strain ATCC 8585 / CBS 2359 / DSM 70799 / NBRC 1267 / NRRL Y-1140 / WM37),284590,GSM1
sp|Q6CK35|TIM16_KLULA,38,NAS,Kluyveromyces lactis (strain ATCC 8585 / CBS 2359 / DSM 70799 / NBRC 1267 / NRRL Y-1140 / WM37),284590,PAM16
sp|Q6CK58|MSC3_KLULA,27,NGS,Kluyveromyces lactis (strain ATCC 8585 / CBS 2359 / DSM 70799 / NBRC 1267 / NRRL Y-1140 / WM37),284590,MSC3
sp|Q6CK58|MSC3_KLULA,71,NIS,Kluyveromyces lactis (strain ATCC 8585 / CBS 2359 / DSM 70799 / NBRC 1267 / NRRL Y-1140 / WM37),284590,MSC3
sp|Q6CK58|MSC3_KLULA,158,NGS,Kluyveromyces lactis (strain ATCC 8585 / CBS 2359 / DSM 70799 / NBRC 1267 / NRRL Y-1140 / WM37),284590,MSC3
sp|Q6CK58|MSC3_KLULA,253,NNS,Kluyveromyces lactis (strain ATCC 8585 / CBS 2359 / DSM 70799 / NBRC 1267 / NRRL Y-1140 / WM37),284590,MSC3
sp|Q6CK58|MSC3_KLULA,304,NNS,Kluyveromyces lactis (strain ATCC 8585 / CBS 2359 / DSM 70799 / NBRC 1267 / NRRL Y-1140 / WM37),284590,MSC3
sp|Q6CK58|MSC3_KLULA,378,NAT,Kluyveromyces lactis (strain ATCC 8585 / CBS 2359 / DSM 70799 / NBRC 1267 / NRRL Y-1140 / WM37),284590,MSC3
sp|Q6CK58|MSC3_KLULA,438,NGS,Kluyveromyces lactis (strain ATCC 8585 / CBS 2359 / DSM 70799 / NBRC 1267 / NRRL Y-1140 / WM37),284590,MSC3
sp|Q6CK58|MSC3_KLULA,536,NGT,Kluyveromyces lactis (strain ATCC 8585 / CBS 2359 / DSM 70799 / NBRC 1267 / NRRL Y-1140 / WM37),284590,MSC3
sp|Q6CK58|MSC3_KLULA,545,NAS,Kluyveromyces lactis (strain ATCC 8585 / CBS 2359 / DSM 70799 / NBRC 1267 / NRRL Y-1140 / WM37),284590,MSC3
sp|Q6CK58|MSC3_KLULA,562,NNT,Kluyveromyces lactis (strain ATCC 8585 / CBS 2359 / DSM 70799 / NBRC 1267 / NRRL Y-1140 / WM37),284590,MSC3
sp|Q6CK58|MSC3_KLULA,645,NKT,Kluyveromyces lactis (strain ATCC 8585 / CBS 2359 / DSM 70799 / NBRC 1267 / NRRL Y-1140 / WM37),284590,MSC3
sp|Q6CK62|RSA3_KLULA,40,NSS,Kluyveromyces lactis (strain ATCC 8585 / CBS 2359 / DSM 70799 / NBRC 1267 / NRRL Y-1140 / WM37),284590,RSA3
sp|Q6CK62|RSA3_KLULA,46,NDT,Kluyveromyces lactis (strain ATCC 8585 / CBS 2359 / DSM 70799 / NBRC 1267 / NRRL Y-1140 / WM37),284590,RSA3
sp|Q6CK68|BUR2_KLULA,358,NYT,Kluyveromyces lactis (strain ATCC 8585 / CBS 2359 / DSM 70799 / NBRC 1267 / NRRL Y-1140 / WM37),284590,BUR2
sp|Q6CKB6|ARX1_KLULA,112,NLS,Kluyveromyces lactis (strain ATCC 8585 / CBS 2359 / DSM 70799 / NBRC 1267 / NRRL Y-1140 / WM37),284590,ARX1
sp|Q6CKB6|ARX1_KLULA,160,NVS,Kluyveromyces lactis (strain ATCC 8585 / CBS 2359 / DSM 70799 / NBRC 1267 / NRRL Y-1140 / WM37),284590,ARX1
sp|Q6CKB6|ARX1_KLULA,221,NAT,Kluyveromyces lactis (strain ATCC 8585 / CBS 2359 / DSM 70799 / NBRC 1267 / NRRL Y-1140 / WM37),284590,ARX1
sp|Q6CKB6|ARX1_KLULA,291,NET,Kluyveromyces lactis (strain ATCC 8585 / CBS 2359 / DSM 70799 / NBRC 1267 / NRRL Y-1140 / WM37),284590,ARX1
sp|Q6CKE8|PRP46_KLULA,2,NTS,Kluyveromyces lactis (strain ATCC 8585 / CBS 2359 / DSM 70799 / NBRC 1267 / NRRL Y-1140 / WM37),284590,PRP46
sp|Q6CKE8|PRP46_KLULA,63,NES,Kluyveromyces lactis (strain ATCC 8585 / CBS 2359 / DSM 70799 / NBRC 1267 / NRRL Y-1140 / WM37),284590,PRP46
sp|Q6CKE8|PRP46_KLULA,143,NDT,Kluyveromyces lactis (strain ATCC 8585 / CBS 2359 / DSM 70799 / NBRC 1267 / NRRL Y-1140 / WM37),284590,PRP46
sp|Q6CKF3|SLD5_KLULA,22,NAS,Kluyveromyces lactis (strain ATCC 8585 / CBS 2359 / DSM 70799 / NBRC 1267 / NRRL Y-1140 / WM37),284590,SLD5
sp|Q6CKF3|SLD5_KLULA,208,NDT,Kluyveromyces lactis (strain ATCC 8585 / CBS 2359 / DSM 70799 / NBRC 1267 / NRRL Y-1140 / WM37),284590,SLD5
sp|Q6CKF3|SLD5_KLULA,223,NKT,Kluyveromyces lactis (strain ATCC 8585 / CBS 2359 / DSM 70799 / NBRC 1267 / NRRL Y-1140 / WM37),284590,SLD5
sp|Q6CKH1|SWC5_KLULA,53,NIS,Kluyveromyces lactis (strain ATCC 8585 / CBS 2359 / DSM 70799 / NBRC 1267 / NRRL Y-1140 / WM37),284590,SWC5
sp|Q6CKH1|SWC5_KLULA,137,NGS,Kluyveromyces lactis (strain ATCC 8585 / CBS 2359 / DSM 70799 / NBRC 1267 / NRRL Y-1140 / WM37),284590,SWC5
sp|Q6CKH7|NSA1_KLULA,23,NTS,Kluyveromyces lactis (strain ATCC 8585 / CBS 2359 / DSM 70799 / NBRC 1267 / NRRL Y-1140 / WM37),284590,NSA1
sp|Q6CKH7|NSA1_KLULA,147,NVT,Kluyveromyces lactis (strain ATCC 8585 / CBS 2359 / DSM 70799 / NBRC 1267 / NRRL Y-1140 / WM37),284590,NSA1
sp|Q6CKI3|RMD9_KLULA,171,NRT,Kluyveromyces lactis (strain ATCC 8585 / CBS 2359 / DSM 70799 / NBRC 1267 / NRRL Y-1140 / WM37),284590,RMD9
sp|Q6CKI3|RMD9_KLULA,271,NGT,Kluyveromyces lactis (strain ATCC 8585 / CBS 2359 / DSM 70799 / NBRC 1267 / NRRL Y-1140 / WM37),284590,RMD9
sp|Q6CKI3|RMD9_KLULA,288,NTT,Kluyveromyces lactis (strain ATCC 8585 / CBS 2359 / DSM 70799 / NBRC 1267 / NRRL Y-1140 / WM37),284590,RMD9
sp|Q6CKI3|RMD9_KLULA,570,NAS,Kluyveromyces lactis (strain ATCC 8585 / CBS 2359 / DSM 70799 / NBRC 1267 / NRRL Y-1140 / WM37),284590,RMD9
sp|Q6CKI5|ERT1_KLULA,280,NLS,Kluyveromyces lactis (strain ATCC 8585 / CBS 2359 / DSM 70799 / NBRC 1267 / NRRL Y-1140 / WM37),284590,ERT1
sp|Q6CKK7|ACOX_KLULA,10,NQS,Kluyveromyces lactis (strain ATCC 8585 / CBS 2359 / DSM 70799 / NBRC 1267 / NRRL Y-1140 / WM37),284590,POX1
sp|Q6CKK7|ACOX_KLULA,157,NGT,Kluyveromyces lactis (strain ATCC 8585 / CBS 2359 / DSM 70799 / NBRC 1267 / NRRL Y-1140 / WM37),284590,POX1
sp|Q6CKK7|ACOX_KLULA,365,NET,Kluyveromyces lactis (strain ATCC 8585 / CBS 2359 / DSM 70799 / NBRC 1267 / NRRL Y-1140 / WM37),284590,POX1
sp|Q6CKK7|ACOX_KLULA,419,NVS,Kluyveromyces lactis (strain ATCC 8585 / CBS 2359 / DSM 70799 / NBRC 1267 / NRRL Y-1140 / WM37),284590,POX1
sp|Q6CKK7|ACOX_KLULA,504,NTT,Kluyveromyces lactis (strain ATCC 8585 / CBS 2359 / DSM 70799 / NBRC 1267 / NRRL Y-1140 / WM37),284590,POX1
sp|Q6CKK7|ACOX_KLULA,592,NES,Kluyveromyces lactis (strain ATCC 8585 / CBS 2359 / DSM 70799 / NBRC 1267 / NRRL Y-1140 / WM37),284590,POX1
sp|Q6CKL5|MON1_KLULA,95,NKS,Kluyveromyces lactis (strain ATCC 8585 / CBS 2359 / DSM 70799 / NBRC 1267 / NRRL Y-1140 / WM37),284590,MON1
sp|Q6CKL5|MON1_KLULA,99,NTT,Kluyveromyces lactis (strain ATCC 8585 / CBS 2359 / DSM 70799 / NBRC 1267 / NRRL Y-1140 / WM37),284590,MON1
sp|Q6CKL5|MON1_KLULA,284,NIS,Kluyveromyces lactis (strain ATCC 8585 / CBS 2359 / DSM 70799 / NBRC 1267 / NRRL Y-1140 / WM37),284590,MON1
sp|Q6CKL5|MON1_KLULA,312,NHT,Kluyveromyces lactis (strain ATCC 8585 / CBS 2359 / DSM 70799 / NBRC 1267 / NRRL Y-1140 / WM37),284590,MON1
sp|Q6CKL5|MON1_KLULA,364,NNT,Kluyveromyces lactis (strain ATCC 8585 / CBS 2359 / DSM 70799 / NBRC 1267 / NRRL Y-1140 / WM37),284590,MON1
sp|Q6CKL5|MON1_KLULA,458,NKS,Kluyveromyces lactis (strain ATCC 8585 / CBS 2359 / DSM 70799 / NBRC 1267 / NRRL Y-1140 / WM37),284590,MON1
sp|Q6CKL5|MON1_KLULA,496,NLS,Kluyveromyces lactis (strain ATCC 8585 / CBS 2359 / DSM 70799 / NBRC 1267 / NRRL Y-1140 / WM37),284590,MON1
sp|Q6CKL5|MON1_KLULA,499,NQS,Kluyveromyces lactis (strain ATCC 8585 / CBS 2359 / DSM 70799 / NBRC 1267 / NRRL Y-1140 / WM37),284590,MON1
sp|Q6CKR8|NOP58_KLULA,33,NSS,Kluyveromyces lactis (strain ATCC 8585 / CBS 2359 / DSM 70799 / NBRC 1267 / NRRL Y-1140 / WM37),284590,NOP58
sp|Q6CKR8|NOP58_KLULA,286,NLT,Kluyveromyces lactis (strain ATCC 8585 / CBS 2359 / DSM 70799 / NBRC 1267 / NRRL Y-1140 / WM37),284590,NOP58
sp|Q6CKU5|MDM10_KLULA,64,NKT,Kluyveromyces lactis (strain ATCC 8585 / CBS 2359 / DSM 70799 / NBRC 1267 / NRRL Y-1140 / WM37),284590,MDM10
sp|Q6CKU5|MDM10_KLULA,68,NGS,Kluyveromyces lactis (strain ATCC 8585 / CBS 2359 / DSM 70799 / NBRC 1267 / NRRL Y-1140 / WM37),284590,MDM10
sp|Q6CKU5|MDM10_KLULA,112,NNS,Kluyveromyces lactis (strain ATCC 8585 / CBS 2359 / DSM 70799 / NBRC 1267 / NRRL Y-1140 / WM37),284590,MDM10
sp|Q6CKU5|MDM10_KLULA,208,NLS,Kluyveromyces lactis (strain ATCC 8585 / CBS 2359 / DSM 70799 / NBRC 1267 / NRRL Y-1140 / WM37),284590,MDM10
sp|Q6CKU5|MDM10_KLULA,213,NNS,Kluyveromyces lactis (strain ATCC 8585 / CBS 2359 / DSM 70799 / NBRC 1267 / NRRL Y-1140 / WM37),284590,MDM10
sp|Q6CKU5|MDM10_KLULA,229,NLS,Kluyveromyces lactis (strain ATCC 8585 / CBS 2359 / DSM 70799 / NBRC 1267 / NRRL Y-1140 / WM37),284590,MDM10
sp|Q6CKU5|MDM10_KLULA,275,NLT,Kluyveromyces lactis (strain ATCC 8585 / CBS 2359 / DSM 70799 / NBRC 1267 / NRRL Y-1140 / WM37),284590,MDM10
sp|Q6CKU5|MDM10_KLULA,292,NLT,Kluyveromyces lactis (strain ATCC 8585 / CBS 2359 / DSM 70799 / NBRC 1267 / NRRL Y-1140 / WM37),284590,MDM10
sp|Q6CKU5|MDM10_KLULA,302,NSS,Kluyveromyces lactis (strain ATCC 8585 / CBS 2359 / DSM 70799 / NBRC 1267 / NRRL Y-1140 / WM37),284590,MDM10
sp|Q6CKU5|MDM10_KLULA,354,NLT,Kluyveromyces lactis (strain ATCC 8585 / CBS 2359 / DSM 70799 / NBRC 1267 / NRRL Y-1140 / WM37),284590,MDM10
sp|Q6CKU5|MDM10_KLULA,382,NFT,Kluyveromyces lactis (strain ATCC 8585 / CBS 2359 / DSM 70799 / NBRC 1267 / NRRL Y-1140 / WM37),284590,MDM10
sp|Q6CKU5|MDM10_KLULA,435,NWS,Kluyveromyces lactis (strain ATCC 8585 / CBS 2359 / DSM 70799 / NBRC 1267 / NRRL Y-1140 / WM37),284590,MDM10
sp|Q6CKU6|SWC3_KLULA,231,NTS,Kluyveromyces lactis (strain ATCC 8585 / CBS 2359 / DSM 70799 / NBRC 1267 / NRRL Y-1140 / WM37),284590,SWC3
sp|Q6CKU6|SWC3_KLULA,408,NIS,Kluyveromyces lactis (strain ATCC 8585 / CBS 2359 / DSM 70799 / NBRC 1267 / NRRL Y-1140 / WM37),284590,SWC3
sp|Q6CKU6|SWC3_KLULA,480,NKS,Kluyveromyces lactis (strain ATCC 8585 / CBS 2359 / DSM 70799 / NBRC 1267 / NRRL Y-1140 / WM37),284590,SWC3
sp|Q6CKU6|SWC3_KLULA,497,NDS,Kluyveromyces lactis (strain ATCC 8585 / CBS 2359 / DSM 70799 / NBRC 1267 / NRRL Y-1140 / WM37),284590,SWC3
sp|Q6CKU6|SWC3_KLULA,510,NTS,Kluyveromyces lactis (strain ATCC 8585 / CBS 2359 / DSM 70799 / NBRC 1267 / NRRL Y-1140 / WM37),284590,SWC3
sp|Q6CKV0|SIL1_KLULA,258,NDT,Kluyveromyces lactis (strain ATCC 8585 / CBS 2359 / DSM 70799 / NBRC 1267 / NRRL Y-1140 / WM37),284590,SIL1
sp|Q6CKV6|NOP12_KLULA,385,NQS,Kluyveromyces lactis (strain ATCC 8585 / CBS 2359 / DSM 70799 / NBRC 1267 / NRRL Y-1140 / WM37),284590,NOP12
sp|Q6CKV6|NOP12_KLULA,442,NRS,Kluyveromyces lactis (strain ATCC 8585 / CBS 2359 / DSM 70799 / NBRC 1267 / NRRL Y-1140 / WM37),284590,NOP12
sp|Q6CKY2|NUR1_KLULA,166,NIS,Kluyveromyces lactis (strain ATCC 8585 / CBS 2359 / DSM 70799 / NBRC 1267 / NRRL Y-1140 / WM37),284590,NUR1
sp|Q6CKY2|NUR1_KLULA,194,NVT,Kluyveromyces lactis (strain ATCC 8585 / CBS 2359 / DSM 70799 / NBRC 1267 / NRRL Y-1140 / WM37),284590,NUR1
sp|Q6CKY2|NUR1_KLULA,204,NHT,Kluyveromyces lactis (strain ATCC 8585 / CBS 2359 / DSM 70799 / NBRC 1267 / NRRL Y-1140 / WM37),284590,NUR1
sp|Q6CKY2|NUR1_KLULA,226,NGS,Kluyveromyces lactis (strain ATCC 8585 / CBS 2359 / DSM 70799 / NBRC 1267 / NRRL Y-1140 / WM37),284590,NUR1
sp|Q6CKY2|NUR1_KLULA,451,NAS,Kluyveromyces lactis (strain ATCC 8585 / CBS 2359 / DSM 70799 / NBRC 1267 / NRRL Y-1140 / WM37),284590,NUR1
sp|Q6CKY2|NUR1_KLULA,457,NIS,Kluyveromyces lactis (strain ATCC 8585 / CBS 2359 / DSM 70799 / NBRC 1267 / NRRL Y-1140 / WM37),284590,NUR1
sp|Q6CKY2|NUR1_KLULA,484,NDS,Kluyveromyces lactis (strain ATCC 8585 / CBS 2359 / DSM 70799 / NBRC 1267 / NRRL Y-1140 / WM37),284590,NUR1
sp|Q6CKY2|NUR1_KLULA,510,NRS,Kluyveromyces lactis (strain ATCC 8585 / CBS 2359 / DSM 70799 / NBRC 1267 / NRRL Y-1140 / WM37),284590,NUR1
sp|Q6CKY2|NUR1_KLULA,539,NSS,Kluyveromyces lactis (strain ATCC 8585 / CBS 2359 / DSM 70799 / NBRC 1267 / NRRL Y-1140 / WM37),284590,NUR1
sp|Q6CKY3|PALB_KLULA,138,NCS,Kluyveromyces lactis (strain ATCC 8585 / CBS 2359 / DSM 70799 / NBRC 1267 / NRRL Y-1140 / WM37),284590,RIM13
sp|Q6CKY3|PALB_KLULA,170,NGS,Kluyveromyces lactis (strain ATCC 8585 / CBS 2359 / DSM 70799 / NBRC 1267 / NRRL Y-1140 / WM37),284590,RIM13
sp|Q6CKY3|PALB_KLULA,357,NKS,Kluyveromyces lactis (strain ATCC 8585 / CBS 2359 / DSM 70799 / NBRC 1267 / NRRL Y-1140 / WM37),284590,RIM13
sp|Q6CKY3|PALB_KLULA,382,NLT,Kluyveromyces lactis (strain ATCC 8585 / CBS 2359 / DSM 70799 / NBRC 1267 / NRRL Y-1140 / WM37),284590,RIM13
sp|Q6CKY3|PALB_KLULA,401,NNS,Kluyveromyces lactis (strain ATCC 8585 / CBS 2359 / DSM 70799 / NBRC 1267 / NRRL Y-1140 / WM37),284590,RIM13
sp|Q6CKY3|PALB_KLULA,429,NLT,Kluyveromyces lactis (strain ATCC 8585 / CBS 2359 / DSM 70799 / NBRC 1267 / NRRL Y-1140 / WM37),284590,RIM13
sp|Q6CKY3|PALB_KLULA,458,NIT,Kluyveromyces lactis (strain ATCC 8585 / CBS 2359 / DSM 70799 / NBRC 1267 / NRRL Y-1140 / WM37),284590,RIM13
sp|Q6CKY3|PALB_KLULA,520,NDT,Kluyveromyces lactis (strain ATCC 8585 / CBS 2359 / DSM 70799 / NBRC 1267 / NRRL Y-1140 / WM37),284590,RIM13
sp|Q6CKY3|PALB_KLULA,599,NFT,Kluyveromyces lactis (strain ATCC 8585 / CBS 2359 / DSM 70799 / NBRC 1267 / NRRL Y-1140 / WM37),284590,RIM13
sp|Q6CKZ5|SRB8_KLULA,138,NTS,Kluyveromyces lactis (strain ATCC 8585 / CBS 2359 / DSM 70799 / NBRC 1267 / NRRL Y-1140 / WM37),284590,SRB8
sp|Q6CKZ5|SRB8_KLULA,256,NRS,Kluyveromyces lactis (strain ATCC 8585 / CBS 2359 / DSM 70799 / NBRC 1267 / NRRL Y-1140 / WM37),284590,SRB8
sp|Q6CKZ5|SRB8_KLULA,329,NDS,Kluyveromyces lactis (strain ATCC 8585 / CBS 2359 / DSM 70799 / NBRC 1267 / NRRL Y-1140 / WM37),284590,SRB8
sp|Q6CKZ5|SRB8_KLULA,389,NVS,Kluyveromyces lactis (strain ATCC 8585 / CBS 2359 / DSM 70799 / NBRC 1267 / NRRL Y-1140 / WM37),284590,SRB8
sp|Q6CKZ5|SRB8_KLULA,409,NES,Kluyveromyces lactis (strain ATCC 8585 / CBS 2359 / DSM 70799 / NBRC 1267 / NRRL Y-1140 / WM37),284590,SRB8
sp|Q6CKZ5|SRB8_KLULA,447,NVS,Kluyveromyces lactis (strain ATCC 8585 / CBS 2359 / DSM 70799 / NBRC 1267 / NRRL Y-1140 / WM37),284590,SRB8
sp|Q6CKZ5|SRB8_KLULA,809,NET,Kluyveromyces lactis (strain ATCC 8585 / CBS 2359 / DSM 70799 / NBRC 1267 / NRRL Y-1140 / WM37),284590,SRB8
sp|Q6CKZ5|SRB8_KLULA,964,NLS,Kluyveromyces lactis (strain ATCC 8585 / CBS 2359 / DSM 70799 / NBRC 1267 / NRRL Y-1140 / WM37),284590,SRB8
sp|Q6CKZ5|SRB8_KLULA,982,NMS,Kluyveromyces lactis (strain ATCC 8585 / CBS 2359 / DSM 70799 / NBRC 1267 / NRRL Y-1140 / WM37),284590,SRB8
sp|Q6CKZ5|SRB8_KLULA,1012,NFT,Kluyveromyces lactis (strain ATCC 8585 / CBS 2359 / DSM 70799 / NBRC 1267 / NRRL Y-1140 / WM37),284590,SRB8
sp|Q6CKZ5|SRB8_KLULA,1058,NIS,Kluyveromyces lactis (strain ATCC 8585 / CBS 2359 / DSM 70799 / NBRC 1267 / NRRL Y-1140 / WM37),284590,SRB8
sp|Q6CKZ5|SRB8_KLULA,1107,NMS,Kluyveromyces lactis (strain ATCC 8585 / CBS 2359 / DSM 70799 / NBRC 1267 / NRRL Y-1140 / WM37),284590,SRB8
sp|Q6CKZ5|SRB8_KLULA,1133,NDT,Kluyveromyces lactis (strain ATCC 8585 / CBS 2359 / DSM 70799 / NBRC 1267 / NRRL Y-1140 / WM37),284590,SRB8
sp|Q6CKZ5|SRB8_KLULA,1206,NET,Kluyveromyces lactis (strain ATCC 8585 / CBS 2359 / DSM 70799 / NBRC 1267 / NRRL Y-1140 / WM37),284590,SRB8
sp|Q6CKZ5|SRB8_KLULA,1303,NNT,Kluyveromyces lactis (strain ATCC 8585 / CBS 2359 / DSM 70799 / NBRC 1267 / NRRL Y-1140 / WM37),284590,SRB8
sp|Q6CL13|BBP1_KLULA,281,NSS,Kluyveromyces lactis (strain ATCC 8585 / CBS 2359 / DSM 70799 / NBRC 1267 / NRRL Y-1140 / WM37),284590,BBP1
sp|Q6CL13|BBP1_KLULA,385,NNT,Kluyveromyces lactis (strain ATCC 8585 / CBS 2359 / DSM 70799 / NBRC 1267 / NRRL Y-1140 / WM37),284590,BBP1
sp|Q6CL21|NRM1_KLULA,48,NNS,Kluyveromyces lactis (strain ATCC 8585 / CBS 2359 / DSM 70799 / NBRC 1267 / NRRL Y-1140 / WM37),284590,NRM1
sp|Q6CL21|NRM1_KLULA,165,NGT,Kluyveromyces lactis (strain ATCC 8585 / CBS 2359 / DSM 70799 / NBRC 1267 / NRRL Y-1140 / WM37),284590,NRM1
sp|Q6CL23|MED9_KLULA,54,NNS,Kluyveromyces lactis (strain ATCC 8585 / CBS 2359 / DSM 70799 / NBRC 1267 / NRRL Y-1140 / WM37),284590,CSE2
sp|Q6CL25|INP1_KLULA,178,NAS,Kluyveromyces lactis (strain ATCC 8585 / CBS 2359 / DSM 70799 / NBRC 1267 / NRRL Y-1140 / WM37),284590,INP1
sp|Q6CL25|INP1_KLULA,186,NDT,Kluyveromyces lactis (strain ATCC 8585 / CBS 2359 / DSM 70799 / NBRC 1267 / NRRL Y-1140 / WM37),284590,INP1
sp|Q6CL25|INP1_KLULA,228,NES,Kluyveromyces lactis (strain ATCC 8585 / CBS 2359 / DSM 70799 / NBRC 1267 / NRRL Y-1140 / WM37),284590,INP1
sp|Q6CL25|INP1_KLULA,250,NKT,Kluyveromyces lactis (strain ATCC 8585 / CBS 2359 / DSM 70799 / NBRC 1267 / NRRL Y-1140 / WM37),284590,INP1
sp|Q6CL82|TCPD_KLULA,10,NAT,Kluyveromyces lactis (strain ATCC 8585 / CBS 2359 / DSM 70799 / NBRC 1267 / NRRL Y-1140 / WM37),284590,CCT4
sp|Q6CL82|TCPD_KLULA,139,NMS,Kluyveromyces lactis (strain ATCC 8585 / CBS 2359 / DSM 70799 / NBRC 1267 / NRRL Y-1140 / WM37),284590,CCT4
sp|Q6CL84|CD123_KLULA,64,NDS,Kluyveromyces lactis (strain ATCC 8585 / CBS 2359 / DSM 70799 / NBRC 1267 / NRRL Y-1140 / WM37),284590,CDC123
sp|Q6CL84|CD123_KLULA,92,NDS,Kluyveromyces lactis (strain ATCC 8585 / CBS 2359 / DSM 70799 / NBRC 1267 / NRRL Y-1140 / WM37),284590,CDC123
sp|Q6CL84|CD123_KLULA,135,NWS,Kluyveromyces lactis (strain ATCC 8585 / CBS 2359 / DSM 70799 / NBRC 1267 / NRRL Y-1140 / WM37),284590,CDC123
sp|Q6CL84|CD123_KLULA,148,NNT,Kluyveromyces lactis (strain ATCC 8585 / CBS 2359 / DSM 70799 / NBRC 1267 / NRRL Y-1140 / WM37),284590,CDC123
sp|Q6CL84|CD123_KLULA,164,NAS,Kluyveromyces lactis (strain ATCC 8585 / CBS 2359 / DSM 70799 / NBRC 1267 / NRRL Y-1140 / WM37),284590,CDC123
sp|Q6CL84|CD123_KLULA,188,NQS,Kluyveromyces lactis (strain ATCC 8585 / CBS 2359 / DSM 70799 / NBRC 1267 / NRRL Y-1140 / WM37),284590,CDC123
sp|Q6CL89|SPC42_KLULA,4,NGS,Kluyveromyces lactis (strain ATCC 8585 / CBS 2359 / DSM 70799 / NBRC 1267 / NRRL Y-1140 / WM37),284590,SPC42
sp|Q6CL89|SPC42_KLULA,30,NSS,Kluyveromyces lactis (strain ATCC 8585 / CBS 2359 / DSM 70799 / NBRC 1267 / NRRL Y-1140 / WM37),284590,SPC42
sp|Q6CL89|SPC42_KLULA,225,NSS,Kluyveromyces lactis (strain ATCC 8585 / CBS 2359 / DSM 70799 / NBRC 1267 / NRRL Y-1140 / WM37),284590,SPC42
sp|Q6CL99|CSM2_KLULA,50,NET,Kluyveromyces lactis (strain ATCC 8585 / CBS 2359 / DSM 70799 / NBRC 1267 / NRRL Y-1140 / WM37),284590,CSM2
sp|Q6CL99|CSM2_KLULA,96,NNS,Kluyveromyces lactis (strain ATCC 8585 / CBS 2359 / DSM 70799 / NBRC 1267 / NRRL Y-1140 / WM37),284590,CSM2
sp|Q6CL99|CSM2_KLULA,142,NDT,Kluyveromyces lactis (strain ATCC 8585 / CBS 2359 / DSM 70799 / NBRC 1267 / NRRL Y-1140 / WM37),284590,CSM2
sp|Q6CLC8|COG6_KLULA,44,NVS,Kluyveromyces lactis (strain ATCC 8585 / CBS 2359 / DSM 70799 / NBRC 1267 / NRRL Y-1140 / WM37),284590,COG6
sp|Q6CLC8|COG6_KLULA,131,NHS,Kluyveromyces lactis (strain ATCC 8585 / CBS 2359 / DSM 70799 / NBRC 1267 / NRRL Y-1140 / WM37),284590,COG6
sp|Q6CLC8|COG6_KLULA,246,NGT,Kluyveromyces lactis (strain ATCC 8585 / CBS 2359 / DSM 70799 / NBRC 1267 / NRRL Y-1140 / WM37),284590,COG6
sp|Q6CLC8|COG6_KLULA,290,NLT,Kluyveromyces lactis (strain ATCC 8585 / CBS 2359 / DSM 70799 / NBRC 1267 / NRRL Y-1140 / WM37),284590,COG6
sp|Q6CLC8|COG6_KLULA,486,NES,Kluyveromyces lactis (strain ATCC 8585 / CBS 2359 / DSM 70799 / NBRC 1267 / NRRL Y-1140 / WM37),284590,COG6
sp|Q6CLC8|COG6_KLULA,551,NET,Kluyveromyces lactis (strain ATCC 8585 / CBS 2359 / DSM 70799 / NBRC 1267 / NRRL Y-1140 / WM37),284590,COG6
sp|Q6CLC8|COG6_KLULA,764,NFT,Kluyveromyces lactis (strain ATCC 8585 / CBS 2359 / DSM 70799 / NBRC 1267 / NRRL Y-1140 / WM37),284590,COG6
sp|Q6CLF2|YNF8_KLULA,194,NNS,Kluyveromyces lactis (strain ATCC 8585 / CBS 2359 / DSM 70799 / NBRC 1267 / NRRL Y-1140 / WM37),284590,KLLA0F03465g
sp|Q6CLF2|YNF8_KLULA,277,NQS,Kluyveromyces lactis (strain ATCC 8585 / CBS 2359 / DSM 70799 / NBRC 1267 / NRRL Y-1140 / WM37),284590,KLLA0F03465g
sp|Q6CLF2|YNF8_KLULA,340,NKS,Kluyveromyces lactis (strain ATCC 8585 / CBS 2359 / DSM 70799 / NBRC 1267 / NRRL Y-1140 / WM37),284590,KLLA0F03465g
sp|Q6CLF6|TRM6_KLULA,99,NSS,Kluyveromyces lactis (strain ATCC 8585 / CBS 2359 / DSM 70799 / NBRC 1267 / NRRL Y-1140 / WM37),284590,TRM6
sp|Q6CLH6|ATP25_KLULA,28,NFT,Kluyveromyces lactis (strain ATCC 8585 / CBS 2359 / DSM 70799 / NBRC 1267 / NRRL Y-1140 / WM37),284590,ATP25
sp|Q6CLI2|PRM10_KLULA,31,NRS,Kluyveromyces lactis (strain ATCC 8585 / CBS 2359 / DSM 70799 / NBRC 1267 / NRRL Y-1140 / WM37),284590,KLLA0F02816g
sp|Q6CLI2|PRM10_KLULA,78,NRT,Kluyveromyces lactis (strain ATCC 8585 / CBS 2359 / DSM 70799 / NBRC 1267 / NRRL Y-1140 / WM37),284590,KLLA0F02816g
sp|Q6CLI2|PRM10_KLULA,270,NNT,Kluyveromyces lactis (strain ATCC 8585 / CBS 2359 / DSM 70799 / NBRC 1267 / NRRL Y-1140 / WM37),284590,KLLA0F02816g
sp|Q6CLI2|PRM10_KLULA,356,NQS,Kluyveromyces lactis (strain ATCC 8585 / CBS 2359 / DSM 70799 / NBRC 1267 / NRRL Y-1140 / WM37),284590,KLLA0F02816g
sp|Q6CLI2|PRM10_KLULA,433,NDS,Kluyveromyces lactis (strain ATCC 8585 / CBS 2359 / DSM 70799 / NBRC 1267 / NRRL Y-1140 / WM37),284590,KLLA0F02816g
sp|Q6CLI2|PRM10_KLULA,471,NVS,Kluyveromyces lactis (strain ATCC 8585 / CBS 2359 / DSM 70799 / NBRC 1267 / NRRL Y-1140 / WM37),284590,KLLA0F02816g
sp|Q6CLI2|PRM10_KLULA,476,NKS,Kluyveromyces lactis (strain ATCC 8585 / CBS 2359 / DSM 70799 / NBRC 1267 / NRRL Y-1140 / WM37),284590,KLLA0F02816g
sp|Q6CLI2|PRM10_KLULA,779,NET,Kluyveromyces lactis (strain ATCC 8585 / CBS 2359 / DSM 70799 / NBRC 1267 / NRRL Y-1140 / WM37),284590,KLLA0F02816g
sp|Q6CLI2|PRM10_KLULA,786,NIS,Kluyveromyces lactis (strain ATCC 8585 / CBS 2359 / DSM 70799 / NBRC 1267 / NRRL Y-1140 / WM37),284590,KLLA0F02816g
sp|Q6CLI2|PRM10_KLULA,837,NST,Kluyveromyces lactis (strain ATCC 8585 / CBS 2359 / DSM 70799 / NBRC 1267 / NRRL Y-1140 / WM37),284590,KLLA0F02816g
sp|Q6CLI2|PRM10_KLULA,899,NNS,Kluyveromyces lactis (strain ATCC 8585 / CBS 2359 / DSM 70799 / NBRC 1267 / NRRL Y-1140 / WM37),284590,KLLA0F02816g
sp|Q6CLJ5|MRS2_KLULA,27,NST,Kluyveromyces lactis (strain ATCC 8585 / CBS 2359 / DSM 70799 / NBRC 1267 / NRRL Y-1140 / WM37),284590,MRS2
sp|Q6CLJ5|MRS2_KLULA,380,NHT,Kluyveromyces lactis (strain ATCC 8585 / CBS 2359 / DSM 70799 / NBRC 1267 / NRRL Y-1140 / WM37),284590,MRS2
sp|Q6CLJ6|GIP4_KLULA,50,NLS,Kluyveromyces lactis (strain ATCC 8585 / CBS 2359 / DSM 70799 / NBRC 1267 / NRRL Y-1140 / WM37),284590,GIP4
sp|Q6CLJ6|GIP4_KLULA,76,NVS,Kluyveromyces lactis (strain ATCC 8585 / CBS 2359 / DSM 70799 / NBRC 1267 / NRRL Y-1140 / WM37),284590,GIP4
sp|Q6CLJ6|GIP4_KLULA,97,NAT,Kluyveromyces lactis (strain ATCC 8585 / CBS 2359 / DSM 70799 / NBRC 1267 / NRRL Y-1140 / WM37),284590,GIP4
sp|Q6CLJ6|GIP4_KLULA,204,NRS,Kluyveromyces lactis (strain ATCC 8585 / CBS 2359 / DSM 70799 / NBRC 1267 / NRRL Y-1140 / WM37),284590,GIP4
sp|Q6CLJ6|GIP4_KLULA,304,NTT,Kluyveromyces lactis (strain ATCC 8585 / CBS 2359 / DSM 70799 / NBRC 1267 / NRRL Y-1140 / WM37),284590,GIP4
sp|Q6CLJ6|GIP4_KLULA,356,NIS,Kluyveromyces lactis (strain ATCC 8585 / CBS 2359 / DSM 70799 / NBRC 1267 / NRRL Y-1140 / WM37),284590,GIP4
sp|Q6CLJ6|GIP4_KLULA,437,NSS,Kluyveromyces lactis (strain ATCC 8585 / CBS 2359 / DSM 70799 / NBRC 1267 / NRRL Y-1140 / WM37),284590,GIP4
sp|Q6CLJ6|GIP4_KLULA,444,NTS,Kluyveromyces lactis (strain ATCC 8585 / CBS 2359 / DSM 70799 / NBRC 1267 / NRRL Y-1140 / WM37),284590,GIP4
sp|Q6CLJ6|GIP4_KLULA,454,NSS,Kluyveromyces lactis (strain ATCC 8585 / CBS 2359 / DSM 70799 / NBRC 1267 / NRRL Y-1140 / WM37),284590,GIP4
sp|Q6CLJ6|GIP4_KLULA,459,NVS,Kluyveromyces lactis (strain ATCC 8585 / CBS 2359 / DSM 70799 / NBRC 1267 / NRRL Y-1140 / WM37),284590,GIP4
sp|Q6CLJ6|GIP4_KLULA,497,NIS,Kluyveromyces lactis (strain ATCC 8585 / CBS 2359 / DSM 70799 / NBRC 1267 / NRRL Y-1140 / WM37),284590,GIP4
sp|Q6CLJ6|GIP4_KLULA,510,NRS,Kluyveromyces lactis (strain ATCC 8585 / CBS 2359 / DSM 70799 / NBRC 1267 / NRRL Y-1140 / WM37),284590,GIP4
sp|Q6CLJ6|GIP4_KLULA,572,NNS,Kluyveromyces lactis (strain ATCC 8585 / CBS 2359 / DSM 70799 / NBRC 1267 / NRRL Y-1140 / WM37),284590,GIP4
sp|Q6CLJ6|GIP4_KLULA,648,NQS,Kluyveromyces lactis (strain ATCC 8585 / CBS 2359 / DSM 70799 / NBRC 1267 / NRRL Y-1140 / WM37),284590,GIP4
sp|Q6CLJ6|GIP4_KLULA,654,NDS,Kluyveromyces lactis (strain ATCC 8585 / CBS 2359 / DSM 70799 / NBRC 1267 / NRRL Y-1140 / WM37),284590,GIP4
sp|Q6CLJ7|PRP45_KLULA,75,NQT,Kluyveromyces lactis (strain ATCC 8585 / CBS 2359 / DSM 70799 / NBRC 1267 / NRRL Y-1140 / WM37),284590,PRP45
sp|Q6CLJ7|PRP45_KLULA,360,NNS,Kluyveromyces lactis (strain ATCC 8585 / CBS 2359 / DSM 70799 / NBRC 1267 / NRRL Y-1140 / WM37),284590,PRP45
sp|Q6CLN2|GPI7_KLULA,33,NDS,Kluyveromyces lactis (strain ATCC 8585 / CBS 2359 / DSM 70799 / NBRC 1267 / NRRL Y-1140 / WM37),284590,LAS21
sp|Q6CLN2|GPI7_KLULA,185,NVT,Kluyveromyces lactis (strain ATCC 8585 / CBS 2359 / DSM 70799 / NBRC 1267 / NRRL Y-1140 / WM37),284590,LAS21
sp|Q6CLN2|GPI7_KLULA,397,NYT,Kluyveromyces lactis (strain ATCC 8585 / CBS 2359 / DSM 70799 / NBRC 1267 / NRRL Y-1140 / WM37),284590,LAS21
sp|Q6CLN2|GPI7_KLULA,485,NNS,Kluyveromyces lactis (strain ATCC 8585 / CBS 2359 / DSM 70799 / NBRC 1267 / NRRL Y-1140 / WM37),284590,LAS21
sp|Q6CLN2|GPI7_KLULA,581,NAT,Kluyveromyces lactis (strain ATCC 8585 / CBS 2359 / DSM 70799 / NBRC 1267 / NRRL Y-1140 / WM37),284590,LAS21
sp|Q6CLN2|GPI7_KLULA,617,NKS,Kluyveromyces lactis (strain ATCC 8585 / CBS 2359 / DSM 70799 / NBRC 1267 / NRRL Y-1140 / WM37),284590,LAS21
sp|Q6CLN2|GPI7_KLULA,669,NLT,Kluyveromyces lactis (strain ATCC 8585 / CBS 2359 / DSM 70799 / NBRC 1267 / NRRL Y-1140 / WM37),284590,LAS21
sp|Q6CLN2|GPI7_KLULA,685,NLT,Kluyveromyces lactis (strain ATCC 8585 / CBS 2359 / DSM 70799 / NBRC 1267 / NRRL Y-1140 / WM37),284590,LAS21
sp|Q6CLN9|BTN1_KLULA,174,NDS,Kluyveromyces lactis (strain ATCC 8585 / CBS 2359 / DSM 70799 / NBRC 1267 / NRRL Y-1140 / WM37),284590,BTN1
sp|Q6CLP4|TIM54_KLULA,271,NET,Kluyveromyces lactis (strain ATCC 8585 / CBS 2359 / DSM 70799 / NBRC 1267 / NRRL Y-1140 / WM37),284590,TIM54
sp|Q6CLP4|TIM54_KLULA,326,NAS,Kluyveromyces lactis (strain ATCC 8585 / CBS 2359 / DSM 70799 / NBRC 1267 / NRRL Y-1140 / WM37),284590,TIM54
sp|Q6CLP4|TIM54_KLULA,360,NLS,Kluyveromyces lactis (strain ATCC 8585 / CBS 2359 / DSM 70799 / NBRC 1267 / NRRL Y-1140 / WM37),284590,TIM54
sp|Q6CLP9|HSM3_KLULA,34,NLT,Kluyveromyces lactis (strain ATCC 8585 / CBS 2359 / DSM 70799 / NBRC 1267 / NRRL Y-1140 / WM37),284590,HSM3
sp|Q6CLP9|HSM3_KLULA,181,NST,Kluyveromyces lactis (strain ATCC 8585 / CBS 2359 / DSM 70799 / NBRC 1267 / NRRL Y-1140 / WM37),284590,HSM3
sp|Q6CLQ8|GEP3_KLULA,101,NSS,Kluyveromyces lactis (strain ATCC 8585 / CBS 2359 / DSM 70799 / NBRC 1267 / NRRL Y-1140 / WM37),284590,GEP3
sp|Q6CLQ8|GEP3_KLULA,274,NFT,Kluyveromyces lactis (strain ATCC 8585 / CBS 2359 / DSM 70799 / NBRC 1267 / NRRL Y-1140 / WM37),284590,GEP3
sp|Q6CLQ8|GEP3_KLULA,332,NYT,Kluyveromyces lactis (strain ATCC 8585 / CBS 2359 / DSM 70799 / NBRC 1267 / NRRL Y-1140 / WM37),284590,GEP3
sp|Q6CLQ8|GEP3_KLULA,357,NST,Kluyveromyces lactis (strain ATCC 8585 / CBS 2359 / DSM 70799 / NBRC 1267 / NRRL Y-1140 / WM37),284590,GEP3
sp|Q6CLQ8|GEP3_KLULA,392,NHS,Kluyveromyces lactis (strain ATCC 8585 / CBS 2359 / DSM 70799 / NBRC 1267 / NRRL Y-1140 / WM37),284590,GEP3
sp|Q6CLQ8|GEP3_KLULA,498,NHT,Kluyveromyces lactis (strain ATCC 8585 / CBS 2359 / DSM 70799 / NBRC 1267 / NRRL Y-1140 / WM37),284590,GEP3
sp|Q6CLQ8|GEP3_KLULA,514,NRT,Kluyveromyces lactis (strain ATCC 8585 / CBS 2359 / DSM 70799 / NBRC 1267 / NRRL Y-1140 / WM37),284590,GEP3
sp|Q6CLR2|TFB2_KLULA,118,NNS,Kluyveromyces lactis (strain ATCC 8585 / CBS 2359 / DSM 70799 / NBRC 1267 / NRRL Y-1140 / WM37),284590,TFB2
sp|Q6CLR2|TFB2_KLULA,263,NQS,Kluyveromyces lactis (strain ATCC 8585 / CBS 2359 / DSM 70799 / NBRC 1267 / NRRL Y-1140 / WM37),284590,TFB2
sp|Q6CLR2|TFB2_KLULA,301,NET,Kluyveromyces lactis (strain ATCC 8585 / CBS 2359 / DSM 70799 / NBRC 1267 / NRRL Y-1140 / WM37),284590,TFB2
sp|Q6CLR2|TFB2_KLULA,400,NLS,Kluyveromyces lactis (strain ATCC 8585 / CBS 2359 / DSM 70799 / NBRC 1267 / NRRL Y-1140 / WM37),284590,TFB2
sp|Q6CLR6|HIS7_KLULA,15,NET,Kluyveromyces lactis (strain ATCC 8585 / CBS 2359 / DSM 70799 / NBRC 1267 / NRRL Y-1140 / WM37),284590,HIS3
sp|Q6CLR6|HIS7_KLULA,208,NGT,Kluyveromyces lactis (strain ATCC 8585 / CBS 2359 / DSM 70799 / NBRC 1267 / NRRL Y-1140 / WM37),284590,HIS3
sp|Q6CLS0|MCA1_KLULA,45,NVS,Kluyveromyces lactis (strain ATCC 8585 / CBS 2359 / DSM 70799 / NBRC 1267 / NRRL Y-1140 / WM37),284590,MCA1
sp|Q6CLS0|MCA1_KLULA,62,NQS,Kluyveromyces lactis (strain ATCC 8585 / CBS 2359 / DSM 70799 / NBRC 1267 / NRRL Y-1140 / WM37),284590,MCA1
sp|Q6CLS0|MCA1_KLULA,159,NDS,Kluyveromyces lactis (strain ATCC 8585 / CBS 2359 / DSM 70799 / NBRC 1267 / NRRL Y-1140 / WM37),284590,MCA1
sp|Q6CLS0|MCA1_KLULA,320,NTT,Kluyveromyces lactis (strain ATCC 8585 / CBS 2359 / DSM 70799 / NBRC 1267 / NRRL Y-1140 / WM37),284590,MCA1
sp|Q6CLS0|MCA1_KLULA,366,NQT,Kluyveromyces lactis (strain ATCC 8585 / CBS 2359 / DSM 70799 / NBRC 1267 / NRRL Y-1140 / WM37),284590,MCA1
sp|Q6CLU6|PEX22_KLULA,12,NKS,Kluyveromyces lactis (strain ATCC 8585 / CBS 2359 / DSM 70799 / NBRC 1267 / NRRL Y-1140 / WM37),284590,PEX22
sp|Q6CLU6|PEX22_KLULA,115,NNS,Kluyveromyces lactis (strain ATCC 8585 / CBS 2359 / DSM 70799 / NBRC 1267 / NRRL Y-1140 / WM37),284590,PEX22
sp|Q6CLZ2|ATG21_KLULA,161,NNS,Kluyveromyces lactis (strain ATCC 8585 / CBS 2359 / DSM 70799 / NBRC 1267 / NRRL Y-1140 / WM37),284590,ATG21
sp|Q6CLZ3|INA17_KLULA,19,NNS,Kluyveromyces lactis (strain ATCC 8585 / CBS 2359 / DSM 70799 / NBRC 1267 / NRRL Y-1140 / WM37),284590,INA17
sp|Q6CLZ3|INA17_KLULA,138,NSS,Kluyveromyces lactis (strain ATCC 8585 / CBS 2359 / DSM 70799 / NBRC 1267 / NRRL Y-1140 / WM37),284590,INA17
sp|Q6CLZ9|SEC62_KLULA,103,NKS,Kluyveromyces lactis (strain ATCC 8585 / CBS 2359 / DSM 70799 / NBRC 1267 / NRRL Y-1140 / WM37),284590,SEC62
sp|Q6CM00|NOG1_KLULA,23,NRT,Kluyveromyces lactis (strain ATCC 8585 / CBS 2359 / DSM 70799 / NBRC 1267 / NRRL Y-1140 / WM37),284590,NOG1
sp|Q6CM00|NOG1_KLULA,38,NIT,Kluyveromyces lactis (strain ATCC 8585 / CBS 2359 / DSM 70799 / NBRC 1267 / NRRL Y-1140 / WM37),284590,NOG1
sp|Q6CM00|NOG1_KLULA,280,NKS,Kluyveromyces lactis (strain ATCC 8585 / CBS 2359 / DSM 70799 / NBRC 1267 / NRRL Y-1140 / WM37),284590,NOG1
sp|Q6CM00|NOG1_KLULA,288,NKT,Kluyveromyces lactis (strain ATCC 8585 / CBS 2359 / DSM 70799 / NBRC 1267 / NRRL Y-1140 / WM37),284590,NOG1
sp|Q6CM00|NOG1_KLULA,505,NAS,Kluyveromyces lactis (strain ATCC 8585 / CBS 2359 / DSM 70799 / NBRC 1267 / NRRL Y-1140 / WM37),284590,NOG1
sp|Q6CM04|RS6_KLULA,4,NIS,Kluyveromyces lactis (strain ATCC 8585 / CBS 2359 / DSM 70799 / NBRC 1267 / NRRL Y-1140 / WM37),284590,RPS6
sp|Q6CM04|RS6_KLULA,10,NGT,Kluyveromyces lactis (strain ATCC 8585 / CBS 2359 / DSM 70799 / NBRC 1267 / NRRL Y-1140 / WM37),284590,RPS6
sp|Q6CM04|RS6_KLULA,126,NDT,Kluyveromyces lactis (strain ATCC 8585 / CBS 2359 / DSM 70799 / NBRC 1267 / NRRL Y-1140 / WM37),284590,RPS6
sp|Q6CM12|BRO1_KLULA,173,NTS,Kluyveromyces lactis (strain ATCC 8585 / CBS 2359 / DSM 70799 / NBRC 1267 / NRRL Y-1140 / WM37),284590,BRO1
sp|Q6CM12|BRO1_KLULA,377,NES,Kluyveromyces lactis (strain ATCC 8585 / CBS 2359 / DSM 70799 / NBRC 1267 / NRRL Y-1140 / WM37),284590,BRO1
sp|Q6CM12|BRO1_KLULA,428,NGS,Kluyveromyces lactis (strain ATCC 8585 / CBS 2359 / DSM 70799 / NBRC 1267 / NRRL Y-1140 / WM37),284590,BRO1
sp|Q6CM12|BRO1_KLULA,746,NDS,Kluyveromyces lactis (strain ATCC 8585 / CBS 2359 / DSM 70799 / NBRC 1267 / NRRL Y-1140 / WM37),284590,BRO1
sp|Q6CM12|BRO1_KLULA,760,NNT,Kluyveromyces lactis (strain ATCC 8585 / CBS 2359 / DSM 70799 / NBRC 1267 / NRRL Y-1140 / WM37),284590,BRO1
sp|Q6CM45|TIM50_KLULA,34,NGS,Kluyveromyces lactis (strain ATCC 8585 / CBS 2359 / DSM 70799 / NBRC 1267 / NRRL Y-1140 / WM37),284590,TIM50
sp|Q6CM57|TIM9_KLULA,82,NQT,Kluyveromyces lactis (strain ATCC 8585 / CBS 2359 / DSM 70799 / NBRC 1267 / NRRL Y-1140 / WM37),284590,TIM9
sp|Q6CM99|HIR2_KLULA,178,NRS,Kluyveromyces lactis (strain ATCC 8585 / CBS 2359 / DSM 70799 / NBRC 1267 / NRRL Y-1140 / WM37),284590,HIR2
sp|Q6CM99|HIR2_KLULA,274,NDT,Kluyveromyces lactis (strain ATCC 8585 / CBS 2359 / DSM 70799 / NBRC 1267 / NRRL Y-1140 / WM37),284590,HIR2
sp|Q6CM99|HIR2_KLULA,383,NKT,Kluyveromyces lactis (strain ATCC 8585 / CBS 2359 / DSM 70799 / NBRC 1267 / NRRL Y-1140 / WM37),284590,HIR2
sp|Q6CM99|HIR2_KLULA,511,NES,Kluyveromyces lactis (strain ATCC 8585 / CBS 2359 / DSM 70799 / NBRC 1267 / NRRL Y-1140 / WM37),284590,HIR2
sp|Q6CM99|HIR2_KLULA,621,NIT,Kluyveromyces lactis (strain ATCC 8585 / CBS 2359 / DSM 70799 / NBRC 1267 / NRRL Y-1140 / WM37),284590,HIR2
sp|Q6CM99|HIR2_KLULA,656,NDS,Kluyveromyces lactis (strain ATCC 8585 / CBS 2359 / DSM 70799 / NBRC 1267 / NRRL Y-1140 / WM37),284590,HIR2
sp|Q6CMA2|CIAO1_KLULA,259,NWS,Kluyveromyces lactis (strain ATCC 8585 / CBS 2359 / DSM 70799 / NBRC 1267 / NRRL Y-1140 / WM37),284590,CIA1
sp|Q6CMA4|BIG1_KLULA,145,NVT,Kluyveromyces lactis (strain ATCC 8585 / CBS 2359 / DSM 70799 / NBRC 1267 / NRRL Y-1140 / WM37),284590,BIG1
sp|Q6CMA5|ATP22_KLULA,66,NVS,Kluyveromyces lactis (strain ATCC 8585 / CBS 2359 / DSM 70799 / NBRC 1267 / NRRL Y-1140 / WM37),284590,ATP22
sp|Q6CMA8|SBE2_KLULA,23,NAS,Kluyveromyces lactis (strain ATCC 8585 / CBS 2359 / DSM 70799 / NBRC 1267 / NRRL Y-1140 / WM37),284590,SBE2
sp|Q6CMA8|SBE2_KLULA,32,NSS,Kluyveromyces lactis (strain ATCC 8585 / CBS 2359 / DSM 70799 / NBRC 1267 / NRRL Y-1140 / WM37),284590,SBE2
sp|Q6CMA8|SBE2_KLULA,83,NGS,Kluyveromyces lactis (strain ATCC 8585 / CBS 2359 / DSM 70799 / NBRC 1267 / NRRL Y-1140 / WM37),284590,SBE2
sp|Q6CMA8|SBE2_KLULA,112,NDS,Kluyveromyces lactis (strain ATCC 8585 / CBS 2359 / DSM 70799 / NBRC 1267 / NRRL Y-1140 / WM37),284590,SBE2
sp|Q6CMA8|SBE2_KLULA,413,NLS,Kluyveromyces lactis (strain ATCC 8585 / CBS 2359 / DSM 70799 / NBRC 1267 / NRRL Y-1140 / WM37),284590,SBE2
sp|Q6CMA8|SBE2_KLULA,446,NAS,Kluyveromyces lactis (strain ATCC 8585 / CBS 2359 / DSM 70799 / NBRC 1267 / NRRL Y-1140 / WM37),284590,SBE2
sp|Q6CMA8|SBE2_KLULA,514,NET,Kluyveromyces lactis (strain ATCC 8585 / CBS 2359 / DSM 70799 / NBRC 1267 / NRRL Y-1140 / WM37),284590,SBE2
sp|Q6CMB5|SP110_KLULA,74,NDT,Kluyveromyces lactis (strain ATCC 8585 / CBS 2359 / DSM 70799 / NBRC 1267 / NRRL Y-1140 / WM37),284590,SPC110
sp|Q6CMB5|SP110_KLULA,112,NLT,Kluyveromyces lactis (strain ATCC 8585 / CBS 2359 / DSM 70799 / NBRC 1267 / NRRL Y-1140 / WM37),284590,SPC110
sp|Q6CMB5|SP110_KLULA,148,NIS,Kluyveromyces lactis (strain ATCC 8585 / CBS 2359 / DSM 70799 / NBRC 1267 / NRRL Y-1140 / WM37),284590,SPC110
sp|Q6CMB5|SP110_KLULA,267,NET,Kluyveromyces lactis (strain ATCC 8585 / CBS 2359 / DSM 70799 / NBRC 1267 / NRRL Y-1140 / WM37),284590,SPC110
sp|Q6CMB5|SP110_KLULA,370,NLS,Kluyveromyces lactis (strain ATCC 8585 / CBS 2359 / DSM 70799 / NBRC 1267 / NRRL Y-1140 / WM37),284590,SPC110
sp|Q6CMB5|SP110_KLULA,396,NKS,Kluyveromyces lactis (strain ATCC 8585 / CBS 2359 / DSM 70799 / NBRC 1267 / NRRL Y-1140 / WM37),284590,SPC110
sp|Q6CMB5|SP110_KLULA,471,NNS,Kluyveromyces lactis (strain ATCC 8585 / CBS 2359 / DSM 70799 / NBRC 1267 / NRRL Y-1140 / WM37),284590,SPC110
sp|Q6CMB5|SP110_KLULA,522,NVS,Kluyveromyces lactis (strain ATCC 8585 / CBS 2359 / DSM 70799 / NBRC 1267 / NRRL Y-1140 / WM37),284590,SPC110
sp|Q6CMB5|SP110_KLULA,655,NQS,Kluyveromyces lactis (strain ATCC 8585 / CBS 2359 / DSM 70799 / NBRC 1267 / NRRL Y-1140 / WM37),284590,SPC110
sp|Q6CMB5|SP110_KLULA,727,NST,Kluyveromyces lactis (strain ATCC 8585 / CBS 2359 / DSM 70799 / NBRC 1267 / NRRL Y-1140 / WM37),284590,SPC110
sp|Q6CMB5|SP110_KLULA,855,NIS,Kluyveromyces lactis (strain ATCC 8585 / CBS 2359 / DSM 70799 / NBRC 1267 / NRRL Y-1140 / WM37),284590,SPC110
sp|Q6CMB6|BL1S4_KLULA,5,NIT,Kluyveromyces lactis (strain ATCC 8585 / CBS 2359 / DSM 70799 / NBRC 1267 / NRRL Y-1140 / WM37),284590,CLN1
sp|Q6CMC0|CTM1_KLULA,39,NFT,Kluyveromyces lactis (strain ATCC 8585 / CBS 2359 / DSM 70799 / NBRC 1267 / NRRL Y-1140 / WM37),284590,CTM1
sp|Q6CMC0|CTM1_KLULA,105,NET,Kluyveromyces lactis (strain ATCC 8585 / CBS 2359 / DSM 70799 / NBRC 1267 / NRRL Y-1140 / WM37),284590,CTM1
sp|Q6CMC0|CTM1_KLULA,123,NKT,Kluyveromyces lactis (strain ATCC 8585 / CBS 2359 / DSM 70799 / NBRC 1267 / NRRL Y-1140 / WM37),284590,CTM1
sp|Q6CMC0|CTM1_KLULA,318,NVS,Kluyveromyces lactis (strain ATCC 8585 / CBS 2359 / DSM 70799 / NBRC 1267 / NRRL Y-1140 / WM37),284590,CTM1
sp|Q6CMC0|CTM1_KLULA,375,NDS,Kluyveromyces lactis (strain ATCC 8585 / CBS 2359 / DSM 70799 / NBRC 1267 / NRRL Y-1140 / WM37),284590,CTM1
sp|Q6CMC0|CTM1_KLULA,444,NSS,Kluyveromyces lactis (strain ATCC 8585 / CBS 2359 / DSM 70799 / NBRC 1267 / NRRL Y-1140 / WM37),284590,CTM1
sp|Q6CMD3|RTC5_KLULA,15,NES,Kluyveromyces lactis (strain ATCC 8585 / CBS 2359 / DSM 70799 / NBRC 1267 / NRRL Y-1140 / WM37),284590,RTC5
sp|Q6CMD3|RTC5_KLULA,167,NGT,Kluyveromyces lactis (strain ATCC 8585 / CBS 2359 / DSM 70799 / NBRC 1267 / NRRL Y-1140 / WM37),284590,RTC5
sp|Q6CMD3|RTC5_KLULA,291,NES,Kluyveromyces lactis (strain ATCC 8585 / CBS 2359 / DSM 70799 / NBRC 1267 / NRRL Y-1140 / WM37),284590,RTC5
sp|Q6CMD3|RTC5_KLULA,466,NVS,Kluyveromyces lactis (strain ATCC 8585 / CBS 2359 / DSM 70799 / NBRC 1267 / NRRL Y-1140 / WM37),284590,RTC5
sp|Q6CMF5|GATB_KLULA,161,NST,Kluyveromyces lactis (strain ATCC 8585 / CBS 2359 / DSM 70799 / NBRC 1267 / NRRL Y-1140 / WM37),284590,PET112
sp|Q6CMF5|GATB_KLULA,172,NRS,Kluyveromyces lactis (strain ATCC 8585 / CBS 2359 / DSM 70799 / NBRC 1267 / NRRL Y-1140 / WM37),284590,PET112
sp|Q6CMF5|GATB_KLULA,224,NLS,Kluyveromyces lactis (strain ATCC 8585 / CBS 2359 / DSM 70799 / NBRC 1267 / NRRL Y-1140 / WM37),284590,PET112
sp|Q6CMF5|GATB_KLULA,240,NTS,Kluyveromyces lactis (strain ATCC 8585 / CBS 2359 / DSM 70799 / NBRC 1267 / NRRL Y-1140 / WM37),284590,PET112
sp|Q6CMF5|GATB_KLULA,431,NAS,Kluyveromyces lactis (strain ATCC 8585 / CBS 2359 / DSM 70799 / NBRC 1267 / NRRL Y-1140 / WM37),284590,PET112
sp|Q6CMF8|ATG8_KLULA,81,NDT,Kluyveromyces lactis (strain ATCC 8585 / CBS 2359 / DSM 70799 / NBRC 1267 / NRRL Y-1140 / WM37),284590,ATG8
sp|Q6CMK8|OXR1_KLULA,134,NET,Kluyveromyces lactis (strain ATCC 8585 / CBS 2359 / DSM 70799 / NBRC 1267 / NRRL Y-1140 / WM37),284590,OXR1
sp|Q6CMK9|KXD1_KLULA,165,NQS,Kluyveromyces lactis (strain ATCC 8585 / CBS 2359 / DSM 70799 / NBRC 1267 / NRRL Y-1140 / WM37),284590,KXD1
sp|Q6CMM1|LCL3_KLULA,10,NAT,Kluyveromyces lactis (strain ATCC 8585 / CBS 2359 / DSM 70799 / NBRC 1267 / NRRL Y-1140 / WM37),284590,LCL3
sp|Q6CMM1|LCL3_KLULA,211,NIS,Kluyveromyces lactis (strain ATCC 8585 / CBS 2359 / DSM 70799 / NBRC 1267 / NRRL Y-1140 / WM37),284590,LCL3
sp|Q6CMM2|MAD1_KLULA,193,NNS,Kluyveromyces lactis (strain ATCC 8585 / CBS 2359 / DSM 70799 / NBRC 1267 / NRRL Y-1140 / WM37),284590,MAD1
sp|Q6CMM2|MAD1_KLULA,206,NKT,Kluyveromyces lactis (strain ATCC 8585 / CBS 2359 / DSM 70799 / NBRC 1267 / NRRL Y-1140 / WM37),284590,MAD1
sp|Q6CMM2|MAD1_KLULA,271,NIS,Kluyveromyces lactis (strain ATCC 8585 / CBS 2359 / DSM 70799 / NBRC 1267 / NRRL Y-1140 / WM37),284590,MAD1
sp|Q6CMM2|MAD1_KLULA,395,NAS,Kluyveromyces lactis (strain ATCC 8585 / CBS 2359 / DSM 70799 / NBRC 1267 / NRRL Y-1140 / WM37),284590,MAD1
sp|Q6CMM2|MAD1_KLULA,405,NQT,Kluyveromyces lactis (strain ATCC 8585 / CBS 2359 / DSM 70799 / NBRC 1267 / NRRL Y-1140 / WM37),284590,MAD1
sp|Q6CMQ1|TVP18_KLULA,12,NVS,Kluyveromyces lactis (strain ATCC 8585 / CBS 2359 / DSM 70799 / NBRC 1267 / NRRL Y-1140 / WM37),284590,TVP18
sp|Q6CMQ1|TVP18_KLULA,24,NFS,Kluyveromyces lactis (strain ATCC 8585 / CBS 2359 / DSM 70799 / NBRC 1267 / NRRL Y-1140 / WM37),284590,TVP18
sp|Q6CMT3|REXO4_KLULA,52,NGT,Kluyveromyces lactis (strain ATCC 8585 / CBS 2359 / DSM 70799 / NBRC 1267 / NRRL Y-1140 / WM37),284590,REX4
sp|Q6CMW6|GPI18_KLULA,14,NVT,Kluyveromyces lactis (strain ATCC 8585 / CBS 2359 / DSM 70799 / NBRC 1267 / NRRL Y-1140 / WM37),284590,GPI18
sp|Q6CMW6|GPI18_KLULA,214,NRS,Kluyveromyces lactis (strain ATCC 8585 / CBS 2359 / DSM 70799 / NBRC 1267 / NRRL Y-1140 / WM37),284590,GPI18
sp|Q6CN26|MTC6_KLULA,43,NIS,Kluyveromyces lactis (strain ATCC 8585 / CBS 2359 / DSM 70799 / NBRC 1267 / NRRL Y-1140 / WM37),284590,MTC6
sp|Q6CN26|MTC6_KLULA,67,NET,Kluyveromyces lactis (strain ATCC 8585 / CBS 2359 / DSM 70799 / NBRC 1267 / NRRL Y-1140 / WM37),284590,MTC6
sp|Q6CN26|MTC6_KLULA,93,NSS,Kluyveromyces lactis (strain ATCC 8585 / CBS 2359 / DSM 70799 / NBRC 1267 / NRRL Y-1140 / WM37),284590,MTC6
sp|Q6CN26|MTC6_KLULA,139,NDT,Kluyveromyces lactis (strain ATCC 8585 / CBS 2359 / DSM 70799 / NBRC 1267 / NRRL Y-1140 / WM37),284590,MTC6
sp|Q6CN26|MTC6_KLULA,152,NFT,Kluyveromyces lactis (strain ATCC 8585 / CBS 2359 / DSM 70799 / NBRC 1267 / NRRL Y-1140 / WM37),284590,MTC6
sp|Q6CN26|MTC6_KLULA,179,NQT,Kluyveromyces lactis (strain ATCC 8585 / CBS 2359 / DSM 70799 / NBRC 1267 / NRRL Y-1140 / WM37),284590,MTC6
sp|Q6CN26|MTC6_KLULA,239,NIT,Kluyveromyces lactis (strain ATCC 8585 / CBS 2359 / DSM 70799 / NBRC 1267 / NRRL Y-1140 / WM37),284590,MTC6
sp|Q6CN26|MTC6_KLULA,264,NFS,Kluyveromyces lactis (strain ATCC 8585 / CBS 2359 / DSM 70799 / NBRC 1267 / NRRL Y-1140 / WM37),284590,MTC6
sp|Q6CN26|MTC6_KLULA,290,NDS,Kluyveromyces lactis (strain ATCC 8585 / CBS 2359 / DSM 70799 / NBRC 1267 / NRRL Y-1140 / WM37),284590,MTC6
sp|Q6CN26|MTC6_KLULA,311,NAT,Kluyveromyces lactis (strain ATCC 8585 / CBS 2359 / DSM 70799 / NBRC 1267 / NRRL Y-1140 / WM37),284590,MTC6
sp|Q6CN26|MTC6_KLULA,378,NIS,Kluyveromyces lactis (strain ATCC 8585 / CBS 2359 / DSM 70799 / NBRC 1267 / NRRL Y-1140 / WM37),284590,MTC6
sp|Q6CN28|SMI1_KLULA,79,NWT,Kluyveromyces lactis (strain ATCC 8585 / CBS 2359 / DSM 70799 / NBRC 1267 / NRRL Y-1140 / WM37),284590,KLLA0E15862g
sp|Q6CN28|SMI1_KLULA,182,NGT,Kluyveromyces lactis (strain ATCC 8585 / CBS 2359 / DSM 70799 / NBRC 1267 / NRRL Y-1140 / WM37),284590,KLLA0E15862g
sp|Q6CN28|SMI1_KLULA,213,NIS,Kluyveromyces lactis (strain ATCC 8585 / CBS 2359 / DSM 70799 / NBRC 1267 / NRRL Y-1140 / WM37),284590,KLLA0E15862g
sp|Q6CN28|SMI1_KLULA,395,NDT,Kluyveromyces lactis (strain ATCC 8585 / CBS 2359 / DSM 70799 / NBRC 1267 / NRRL Y-1140 / WM37),284590,KLLA0E15862g
sp|Q6CN28|SMI1_KLULA,455,NES,Kluyveromyces lactis (strain ATCC 8585 / CBS 2359 / DSM 70799 / NBRC 1267 / NRRL Y-1140 / WM37),284590,KLLA0E15862g
sp|Q6CN40|TDA11_KLULA,307,NTT,Kluyveromyces lactis (strain ATCC 8585 / CBS 2359 / DSM 70799 / NBRC 1267 / NRRL Y-1140 / WM37),284590,TDA11
sp|Q6CN40|TDA11_KLULA,326,NKS,Kluyveromyces lactis (strain ATCC 8585 / CBS 2359 / DSM 70799 / NBRC 1267 / NRRL Y-1140 / WM37),284590,TDA11
sp|Q6CN40|TDA11_KLULA,366,NQS,Kluyveromyces lactis (strain ATCC 8585 / CBS 2359 / DSM 70799 / NBRC 1267 / NRRL Y-1140 / WM37),284590,TDA11
sp|Q6CN41|PEX21_KLULA,73,NAT,Kluyveromyces lactis (strain ATCC 8585 / CBS 2359 / DSM 70799 / NBRC 1267 / NRRL Y-1140 / WM37),284590,PEX21
sp|Q6CN41|PEX21_KLULA,238,NIS,Kluyveromyces lactis (strain ATCC 8585 / CBS 2359 / DSM 70799 / NBRC 1267 / NRRL Y-1140 / WM37),284590,PEX21
sp|Q6CN41|PEX21_KLULA,291,NMS,Kluyveromyces lactis (strain ATCC 8585 / CBS 2359 / DSM 70799 / NBRC 1267 / NRRL Y-1140 / WM37),284590,PEX21
sp|Q6CN45|AIM23_KLULA,31,NES,Kluyveromyces lactis (strain ATCC 8585 / CBS 2359 / DSM 70799 / NBRC 1267 / NRRL Y-1140 / WM37),284590,AIM23
sp|Q6CN45|AIM23_KLULA,56,NNS,Kluyveromyces lactis (strain ATCC 8585 / CBS 2359 / DSM 70799 / NBRC 1267 / NRRL Y-1140 / WM37),284590,AIM23
sp|Q6CN45|AIM23_KLULA,169,NYS,Kluyveromyces lactis (strain ATCC 8585 / CBS 2359 / DSM 70799 / NBRC 1267 / NRRL Y-1140 / WM37),284590,AIM23
sp|Q6CN45|AIM23_KLULA,248,NLS,Kluyveromyces lactis (strain ATCC 8585 / CBS 2359 / DSM 70799 / NBRC 1267 / NRRL Y-1140 / WM37),284590,AIM23
sp|Q6CN57|FMP46_KLULA,96,NGS,Kluyveromyces lactis (strain ATCC 8585 / CBS 2359 / DSM 70799 / NBRC 1267 / NRRL Y-1140 / WM37),284590,FMP46
sp|Q6CN76|GPI10_KLULA,179,NFT,Kluyveromyces lactis (strain ATCC 8585 / CBS 2359 / DSM 70799 / NBRC 1267 / NRRL Y-1140 / WM37),284590,GPI10
sp|Q6CN76|GPI10_KLULA,309,NCT,Kluyveromyces lactis (strain ATCC 8585 / CBS 2359 / DSM 70799 / NBRC 1267 / NRRL Y-1140 / WM37),284590,GPI10
sp|Q6CN76|GPI10_KLULA,521,NIS,Kluyveromyces lactis (strain ATCC 8585 / CBS 2359 / DSM 70799 / NBRC 1267 / NRRL Y-1140 / WM37),284590,GPI10
sp|Q6CN96|LOC1_KLULA,16,NGT,Kluyveromyces lactis (strain ATCC 8585 / CBS 2359 / DSM 70799 / NBRC 1267 / NRRL Y-1140 / WM37),284590,LOC1
sp|Q6CNA0|YPI1_KLULA,34,NKT,Kluyveromyces lactis (strain ATCC 8585 / CBS 2359 / DSM 70799 / NBRC 1267 / NRRL Y-1140 / WM37),284590,YPI1
sp|Q6CNA8|YFH7_KLULA,137,NLS,Kluyveromyces lactis (strain ATCC 8585 / CBS 2359 / DSM 70799 / NBRC 1267 / NRRL Y-1140 / WM37),284590,YFH7
sp|Q6CNA8|YFH7_KLULA,221,NVT,Kluyveromyces lactis (strain ATCC 8585 / CBS 2359 / DSM 70799 / NBRC 1267 / NRRL Y-1140 / WM37),284590,YFH7
sp|Q6CNA8|YFH7_KLULA,271,NWS,Kluyveromyces lactis (strain ATCC 8585 / CBS 2359 / DSM 70799 / NBRC 1267 / NRRL Y-1140 / WM37),284590,YFH7
sp|Q6CNC5|NSA2_KLULA,97,NNT,Kluyveromyces lactis (strain ATCC 8585 / CBS 2359 / DSM 70799 / NBRC 1267 / NRRL Y-1140 / WM37),284590,NSA2
sp|Q6CNC5|NSA2_KLULA,183,NVT,Kluyveromyces lactis (strain ATCC 8585 / CBS 2359 / DSM 70799 / NBRC 1267 / NRRL Y-1140 / WM37),284590,NSA2
sp|Q6CNC5|NSA2_KLULA,224,NVS,Kluyveromyces lactis (strain ATCC 8585 / CBS 2359 / DSM 70799 / NBRC 1267 / NRRL Y-1140 / WM37),284590,NSA2
sp|Q6CNC8|DSE1_KLULA,7,NYS,Kluyveromyces lactis (strain ATCC 8585 / CBS 2359 / DSM 70799 / NBRC 1267 / NRRL Y-1140 / WM37),284590,DSE1
sp|Q6CNC8|DSE1_KLULA,57,NST,Kluyveromyces lactis (strain ATCC 8585 / CBS 2359 / DSM 70799 / NBRC 1267 / NRRL Y-1140 / WM37),284590,DSE1
sp|Q6CNC8|DSE1_KLULA,73,NSS,Kluyveromyces lactis (strain ATCC 8585 / CBS 2359 / DSM 70799 / NBRC 1267 / NRRL Y-1140 / WM37),284590,DSE1
sp|Q6CNC8|DSE1_KLULA,172,NDT,Kluyveromyces lactis (strain ATCC 8585 / CBS 2359 / DSM 70799 / NBRC 1267 / NRRL Y-1140 / WM37),284590,DSE1
sp|Q6CNC8|DSE1_KLULA,215,NHS,Kluyveromyces lactis (strain ATCC 8585 / CBS 2359 / DSM 70799 / NBRC 1267 / NRRL Y-1140 / WM37),284590,DSE1
sp|Q6CNC8|DSE1_KLULA,238,NTS,Kluyveromyces lactis (strain ATCC 8585 / CBS 2359 / DSM 70799 / NBRC 1267 / NRRL Y-1140 / WM37),284590,DSE1
sp|Q6CNC8|DSE1_KLULA,261,NDS,Kluyveromyces lactis (strain ATCC 8585 / CBS 2359 / DSM 70799 / NBRC 1267 / NRRL Y-1140 / WM37),284590,DSE1
sp|Q6CND0|EAF3_KLULA,30,NQT,Kluyveromyces lactis (strain ATCC 8585 / CBS 2359 / DSM 70799 / NBRC 1267 / NRRL Y-1140 / WM37),284590,EAF3
sp|Q6CND0|EAF3_KLULA,142,NTS,Kluyveromyces lactis (strain ATCC 8585 / CBS 2359 / DSM 70799 / NBRC 1267 / NRRL Y-1140 / WM37),284590,EAF3
sp|Q6CND0|EAF3_KLULA,206,NVT,Kluyveromyces lactis (strain ATCC 8585 / CBS 2359 / DSM 70799 / NBRC 1267 / NRRL Y-1140 / WM37),284590,EAF3
sp|Q6CND0|EAF3_KLULA,235,NST,Kluyveromyces lactis (strain ATCC 8585 / CBS 2359 / DSM 70799 / NBRC 1267 / NRRL Y-1140 / WM37),284590,EAF3
sp|Q6CND0|EAF3_KLULA,258,NLS,Kluyveromyces lactis (strain ATCC 8585 / CBS 2359 / DSM 70799 / NBRC 1267 / NRRL Y-1140 / WM37),284590,EAF3
sp|Q6CND0|EAF3_KLULA,346,NTS,Kluyveromyces lactis (strain ATCC 8585 / CBS 2359 / DSM 70799 / NBRC 1267 / NRRL Y-1140 / WM37),284590,EAF3
sp|Q6CND9|SDHF2_KLULA,124,NYS,Kluyveromyces lactis (strain ATCC 8585 / CBS 2359 / DSM 70799 / NBRC 1267 / NRRL Y-1140 / WM37),284590,KLLA0E13333g
sp|Q6CNE0|NPC2_KLULA,72,NLT,Kluyveromyces lactis (strain ATCC 8585 / CBS 2359 / DSM 70799 / NBRC 1267 / NRRL Y-1140 / WM37),284590,NPC2
sp|Q6CNF3|NDC80_KLULA,44,NNT,Kluyveromyces lactis (strain ATCC 8585 / CBS 2359 / DSM 70799 / NBRC 1267 / NRRL Y-1140 / WM37),284590,NDC80
sp|Q6CNF3|NDC80_KLULA,52,NRS,Kluyveromyces lactis (strain ATCC 8585 / CBS 2359 / DSM 70799 / NBRC 1267 / NRRL Y-1140 / WM37),284590,NDC80
sp|Q6CNF3|NDC80_KLULA,62,NAS,Kluyveromyces lactis (strain ATCC 8585 / CBS 2359 / DSM 70799 / NBRC 1267 / NRRL Y-1140 / WM37),284590,NDC80
sp|Q6CNF3|NDC80_KLULA,94,NST,Kluyveromyces lactis (strain ATCC 8585 / CBS 2359 / DSM 70799 / NBRC 1267 / NRRL Y-1140 / WM37),284590,NDC80
sp|Q6CNF3|NDC80_KLULA,98,NST,Kluyveromyces lactis (strain ATCC 8585 / CBS 2359 / DSM 70799 / NBRC 1267 / NRRL Y-1140 / WM37),284590,NDC80
sp|Q6CNF3|NDC80_KLULA,195,NKS,Kluyveromyces lactis (strain ATCC 8585 / CBS 2359 / DSM 70799 / NBRC 1267 / NRRL Y-1140 / WM37),284590,NDC80
sp|Q6CNF3|NDC80_KLULA,402,NIS,Kluyveromyces lactis (strain ATCC 8585 / CBS 2359 / DSM 70799 / NBRC 1267 / NRRL Y-1140 / WM37),284590,NDC80
sp|Q6CNF3|NDC80_KLULA,660,NAT,Kluyveromyces lactis (strain ATCC 8585 / CBS 2359 / DSM 70799 / NBRC 1267 / NRRL Y-1140 / WM37),284590,NDC80
sp|Q6CNG8|IPK1_KLULA,140,NCT,Kluyveromyces lactis (strain ATCC 8585 / CBS 2359 / DSM 70799 / NBRC 1267 / NRRL Y-1140 / WM37),284590,IPK1
sp|Q6CNI5|SHE1_KLULA,43,NVS,Kluyveromyces lactis (strain ATCC 8585 / CBS 2359 / DSM 70799 / NBRC 1267 / NRRL Y-1140 / WM37),284590,SHE1
sp|Q6CNI5|SHE1_KLULA,103,NGS,Kluyveromyces lactis (strain ATCC 8585 / CBS 2359 / DSM 70799 / NBRC 1267 / NRRL Y-1140 / WM37),284590,SHE1
sp|Q6CNI5|SHE1_KLULA,235,NQS,Kluyveromyces lactis (strain ATCC 8585 / CBS 2359 / DSM 70799 / NBRC 1267 / NRRL Y-1140 / WM37),284590,SHE1
sp|Q6CNI5|SHE1_KLULA,275,NSS,Kluyveromyces lactis (strain ATCC 8585 / CBS 2359 / DSM 70799 / NBRC 1267 / NRRL Y-1140 / WM37),284590,SHE1
sp|Q6CNI5|SHE1_KLULA,292,NTS,Kluyveromyces lactis (strain ATCC 8585 / CBS 2359 / DSM 70799 / NBRC 1267 / NRRL Y-1140 / WM37),284590,SHE1
sp|Q6CNM7|FES1_KLULA,185,NAS,Kluyveromyces lactis (strain ATCC 8585 / CBS 2359 / DSM 70799 / NBRC 1267 / NRRL Y-1140 / WM37),284590,FES1
sp|Q6CNN5|CUE1_KLULA,127,NSS,Kluyveromyces lactis (strain ATCC 8585 / CBS 2359 / DSM 70799 / NBRC 1267 / NRRL Y-1140 / WM37),284590,CUE1
sp|Q6CNN5|CUE1_KLULA,133,NQS,Kluyveromyces lactis (strain ATCC 8585 / CBS 2359 / DSM 70799 / NBRC 1267 / NRRL Y-1140 / WM37),284590,CUE1
sp|Q6CNN5|CUE1_KLULA,144,NNT,Kluyveromyces lactis (strain ATCC 8585 / CBS 2359 / DSM 70799 / NBRC 1267 / NRRL Y-1140 / WM37),284590,CUE1
sp|Q6CNN5|CUE1_KLULA,148,NNS,Kluyveromyces lactis (strain ATCC 8585 / CBS 2359 / DSM 70799 / NBRC 1267 / NRRL Y-1140 / WM37),284590,CUE1
sp|Q6CNQ2|CCM1_KLULA,128,NLS,Kluyveromyces lactis (strain ATCC 8585 / CBS 2359 / DSM 70799 / NBRC 1267 / NRRL Y-1140 / WM37),284590,CCM1
sp|Q6CNQ2|CCM1_KLULA,220,NDS,Kluyveromyces lactis (strain ATCC 8585 / CBS 2359 / DSM 70799 / NBRC 1267 / NRRL Y-1140 / WM37),284590,CCM1
sp|Q6CNQ2|CCM1_KLULA,313,NYT,Kluyveromyces lactis (strain ATCC 8585 / CBS 2359 / DSM 70799 / NBRC 1267 / NRRL Y-1140 / WM37),284590,CCM1
sp|Q6CNQ2|CCM1_KLULA,378,NVT,Kluyveromyces lactis (strain ATCC 8585 / CBS 2359 / DSM 70799 / NBRC 1267 / NRRL Y-1140 / WM37),284590,CCM1
sp|Q6CNQ2|CCM1_KLULA,400,NVT,Kluyveromyces lactis (strain ATCC 8585 / CBS 2359 / DSM 70799 / NBRC 1267 / NRRL Y-1140 / WM37),284590,CCM1
sp|Q6CNQ2|CCM1_KLULA,569,NES,Kluyveromyces lactis (strain ATCC 8585 / CBS 2359 / DSM 70799 / NBRC 1267 / NRRL Y-1140 / WM37),284590,CCM1
sp|Q6CNQ2|CCM1_KLULA,695,NTT,Kluyveromyces lactis (strain ATCC 8585 / CBS 2359 / DSM 70799 / NBRC 1267 / NRRL Y-1140 / WM37),284590,CCM1
sp|Q6CNQ9|MED3_KLULA,13,NLT,Kluyveromyces lactis (strain ATCC 8585 / CBS 2359 / DSM 70799 / NBRC 1267 / NRRL Y-1140 / WM37),284590,PGD1
sp|Q6CNQ9|MED3_KLULA,66,NKT,Kluyveromyces lactis (strain ATCC 8585 / CBS 2359 / DSM 70799 / NBRC 1267 / NRRL Y-1140 / WM37),284590,PGD1
sp|Q6CNQ9|MED3_KLULA,132,NGS,Kluyveromyces lactis (strain ATCC 8585 / CBS 2359 / DSM 70799 / NBRC 1267 / NRRL Y-1140 / WM37),284590,PGD1
sp|Q6CNQ9|MED3_KLULA,148,NTT,Kluyveromyces lactis (strain ATCC 8585 / CBS 2359 / DSM 70799 / NBRC 1267 / NRRL Y-1140 / WM37),284590,PGD1
sp|Q6CNQ9|MED3_KLULA,185,NST,Kluyveromyces lactis (strain ATCC 8585 / CBS 2359 / DSM 70799 / NBRC 1267 / NRRL Y-1140 / WM37),284590,PGD1
sp|Q6CNQ9|MED3_KLULA,244,NIS,Kluyveromyces lactis (strain ATCC 8585 / CBS 2359 / DSM 70799 / NBRC 1267 / NRRL Y-1140 / WM37),284590,PGD1
sp|Q6CNQ9|MED3_KLULA,256,NQS,Kluyveromyces lactis (strain ATCC 8585 / CBS 2359 / DSM 70799 / NBRC 1267 / NRRL Y-1140 / WM37),284590,PGD1
sp|Q6CNQ9|MED3_KLULA,281,NMS,Kluyveromyces lactis (strain ATCC 8585 / CBS 2359 / DSM 70799 / NBRC 1267 / NRRL Y-1140 / WM37),284590,PGD1
sp|Q6CNQ9|MED3_KLULA,290,NQT,Kluyveromyces lactis (strain ATCC 8585 / CBS 2359 / DSM 70799 / NBRC 1267 / NRRL Y-1140 / WM37),284590,PGD1
sp|Q6CNR2|ACH1_KLULA,133,NRT,Kluyveromyces lactis (strain ATCC 8585 / CBS 2359 / DSM 70799 / NBRC 1267 / NRRL Y-1140 / WM37),284590,ACH1
sp|Q6CNR2|ACH1_KLULA,296,NLT,Kluyveromyces lactis (strain ATCC 8585 / CBS 2359 / DSM 70799 / NBRC 1267 / NRRL Y-1140 / WM37),284590,ACH1
sp|Q6CNR2|ACH1_KLULA,381,NST,Kluyveromyces lactis (strain ATCC 8585 / CBS 2359 / DSM 70799 / NBRC 1267 / NRRL Y-1140 / WM37),284590,ACH1
sp|Q6CNR2|ACH1_KLULA,384,NVS,Kluyveromyces lactis (strain ATCC 8585 / CBS 2359 / DSM 70799 / NBRC 1267 / NRRL Y-1140 / WM37),284590,ACH1
sp|Q6CNR2|ACH1_KLULA,510,NLS,Kluyveromyces lactis (strain ATCC 8585 / CBS 2359 / DSM 70799 / NBRC 1267 / NRRL Y-1140 / WM37),284590,ACH1
sp|Q6CNS3|DDI1_KLULA,2,NIT,Kluyveromyces lactis (strain ATCC 8585 / CBS 2359 / DSM 70799 / NBRC 1267 / NRRL Y-1140 / WM37),284590,DDI1
sp|Q6CNS3|DDI1_KLULA,54,NIT,Kluyveromyces lactis (strain ATCC 8585 / CBS 2359 / DSM 70799 / NBRC 1267 / NRRL Y-1140 / WM37),284590,DDI1
sp|Q6CNS3|DDI1_KLULA,124,NKT,Kluyveromyces lactis (strain ATCC 8585 / CBS 2359 / DSM 70799 / NBRC 1267 / NRRL Y-1140 / WM37),284590,DDI1
sp|Q6CNS3|DDI1_KLULA,370,NQT,Kluyveromyces lactis (strain ATCC 8585 / CBS 2359 / DSM 70799 / NBRC 1267 / NRRL Y-1140 / WM37),284590,DDI1
sp|Q6CNS3|DDI1_KLULA,399,NKT,Kluyveromyces lactis (strain ATCC 8585 / CBS 2359 / DSM 70799 / NBRC 1267 / NRRL Y-1140 / WM37),284590,DDI1
sp|Q6CNY5|MED5_KLULA,212,NLS,Kluyveromyces lactis (strain ATCC 8585 / CBS 2359 / DSM 70799 / NBRC 1267 / NRRL Y-1140 / WM37),284590,NUT1
sp|Q6CNY5|MED5_KLULA,283,NTS,Kluyveromyces lactis (strain ATCC 8585 / CBS 2359 / DSM 70799 / NBRC 1267 / NRRL Y-1140 / WM37),284590,NUT1
sp|Q6CNY5|MED5_KLULA,394,NDS,Kluyveromyces lactis (strain ATCC 8585 / CBS 2359 / DSM 70799 / NBRC 1267 / NRRL Y-1140 / WM37),284590,NUT1
sp|Q6CNY5|MED5_KLULA,580,NST,Kluyveromyces lactis (strain ATCC 8585 / CBS 2359 / DSM 70799 / NBRC 1267 / NRRL Y-1140 / WM37),284590,NUT1
sp|Q6CNY5|MED5_KLULA,648,NES,Kluyveromyces lactis (strain ATCC 8585 / CBS 2359 / DSM 70799 / NBRC 1267 / NRRL Y-1140 / WM37),284590,NUT1
sp|Q6CNY5|MED5_KLULA,668,NGS,Kluyveromyces lactis (strain ATCC 8585 / CBS 2359 / DSM 70799 / NBRC 1267 / NRRL Y-1140 / WM37),284590,NUT1
sp|Q6CNY5|MED5_KLULA,709,NLT,Kluyveromyces lactis (strain ATCC 8585 / CBS 2359 / DSM 70799 / NBRC 1267 / NRRL Y-1140 / WM37),284590,NUT1
sp|Q6CNY5|MED5_KLULA,798,NSS,Kluyveromyces lactis (strain ATCC 8585 / CBS 2359 / DSM 70799 / NBRC 1267 / NRRL Y-1140 / WM37),284590,NUT1
sp|Q6CNY5|MED5_KLULA,926,NTS,Kluyveromyces lactis (strain ATCC 8585 / CBS 2359 / DSM 70799 / NBRC 1267 / NRRL Y-1140 / WM37),284590,NUT1
sp|Q6CNY5|MED5_KLULA,992,NNT,Kluyveromyces lactis (strain ATCC 8585 / CBS 2359 / DSM 70799 / NBRC 1267 / NRRL Y-1140 / WM37),284590,NUT1
sp|Q6CNY5|MED5_KLULA,1050,NAT,Kluyveromyces lactis (strain ATCC 8585 / CBS 2359 / DSM 70799 / NBRC 1267 / NRRL Y-1140 / WM37),284590,NUT1
sp|Q6CNY8|S2538_KLULA,213,NGS,Kluyveromyces lactis (strain ATCC 8585 / CBS 2359 / DSM 70799 / NBRC 1267 / NRRL Y-1140 / WM37),284590,KLLA0E08911g
sp|Q6CP05|FYV10_KLULA,197,NNS,Kluyveromyces lactis (strain ATCC 8585 / CBS 2359 / DSM 70799 / NBRC 1267 / NRRL Y-1140 / WM37),284590,FYV10
sp|Q6CP16|RT25_KLULA,69,NSS,Kluyveromyces lactis (strain ATCC 8585 / CBS 2359 / DSM 70799 / NBRC 1267 / NRRL Y-1140 / WM37),284590,RSM25
sp|Q6CP16|RT25_KLULA,243,NET,Kluyveromyces lactis (strain ATCC 8585 / CBS 2359 / DSM 70799 / NBRC 1267 / NRRL Y-1140 / WM37),284590,RSM25
sp|Q6CP18|UTP25_KLULA,41,NES,Kluyveromyces lactis (strain ATCC 8585 / CBS 2359 / DSM 70799 / NBRC 1267 / NRRL Y-1140 / WM37),284590,UTP25
sp|Q6CP18|UTP25_KLULA,665,NIS,Kluyveromyces lactis (strain ATCC 8585 / CBS 2359 / DSM 70799 / NBRC 1267 / NRRL Y-1140 / WM37),284590,UTP25
sp|Q6CP20|SSN8_KLULA,41,NVT,Kluyveromyces lactis (strain ATCC 8585 / CBS 2359 / DSM 70799 / NBRC 1267 / NRRL Y-1140 / WM37),284590,SSN8
sp|Q6CP20|SSN8_KLULA,211,NDS,Kluyveromyces lactis (strain ATCC 8585 / CBS 2359 / DSM 70799 / NBRC 1267 / NRRL Y-1140 / WM37),284590,SSN8
sp|Q6CP69|MED7_KLULA,100,NGT,Kluyveromyces lactis (strain ATCC 8585 / CBS 2359 / DSM 70799 / NBRC 1267 / NRRL Y-1140 / WM37),284590,MED7
sp|Q6CP71|PFS2_KLULA,39,NSS,Kluyveromyces lactis (strain ATCC 8585 / CBS 2359 / DSM 70799 / NBRC 1267 / NRRL Y-1140 / WM37),284590,PFS2
sp|Q6CP71|PFS2_KLULA,193,NFS,Kluyveromyces lactis (strain ATCC 8585 / CBS 2359 / DSM 70799 / NBRC 1267 / NRRL Y-1140 / WM37),284590,PFS2
sp|Q6CP71|PFS2_KLULA,404,NKT,Kluyveromyces lactis (strain ATCC 8585 / CBS 2359 / DSM 70799 / NBRC 1267 / NRRL Y-1140 / WM37),284590,PFS2
sp|Q6CP83|MED19_KLULA,170,NGT,Kluyveromyces lactis (strain ATCC 8585 / CBS 2359 / DSM 70799 / NBRC 1267 / NRRL Y-1140 / WM37),284590,ROX3
sp|Q6CP83|MED19_KLULA,184,NGS,Kluyveromyces lactis (strain ATCC 8585 / CBS 2359 / DSM 70799 / NBRC 1267 / NRRL Y-1140 / WM37),284590,ROX3
sp|Q6CPA5|AIM24_KLULA,46,NVT,Kluyveromyces lactis (strain ATCC 8585 / CBS 2359 / DSM 70799 / NBRC 1267 / NRRL Y-1140 / WM37),284590,AIM24
sp|Q6CPA5|AIM24_KLULA,92,NVS,Kluyveromyces lactis (strain ATCC 8585 / CBS 2359 / DSM 70799 / NBRC 1267 / NRRL Y-1140 / WM37),284590,AIM24
sp|Q6CPA5|AIM24_KLULA,138,NGT,Kluyveromyces lactis (strain ATCC 8585 / CBS 2359 / DSM 70799 / NBRC 1267 / NRRL Y-1140 / WM37),284590,AIM24
sp|Q6CPA5|AIM24_KLULA,157,NSS,Kluyveromyces lactis (strain ATCC 8585 / CBS 2359 / DSM 70799 / NBRC 1267 / NRRL Y-1140 / WM37),284590,AIM24
sp|Q6CPA5|AIM24_KLULA,199,NGS,Kluyveromyces lactis (strain ATCC 8585 / CBS 2359 / DSM 70799 / NBRC 1267 / NRRL Y-1140 / WM37),284590,AIM24
sp|Q6CPA5|AIM24_KLULA,268,NTT,Kluyveromyces lactis (strain ATCC 8585 / CBS 2359 / DSM 70799 / NBRC 1267 / NRRL Y-1140 / WM37),284590,AIM24
sp|Q6CPA5|AIM24_KLULA,329,NGS,Kluyveromyces lactis (strain ATCC 8585 / CBS 2359 / DSM 70799 / NBRC 1267 / NRRL Y-1140 / WM37),284590,AIM24
sp|Q6CPA5|AIM24_KLULA,336,NTT,Kluyveromyces lactis (strain ATCC 8585 / CBS 2359 / DSM 70799 / NBRC 1267 / NRRL Y-1140 / WM37),284590,AIM24
sp|Q6CPA6|EAF6_KLULA,63,NKS,Kluyveromyces lactis (strain ATCC 8585 / CBS 2359 / DSM 70799 / NBRC 1267 / NRRL Y-1140 / WM37),284590,EAF6
sp|Q6CPB4|GBG_KLULA,68,NNT,Kluyveromyces lactis (strain ATCC 8585 / CBS 2359 / DSM 70799 / NBRC 1267 / NRRL Y-1140 / WM37),284590,KLLA0E06138g
sp|Q6CPC2|BUD4_KLULA,31,NIS,Kluyveromyces lactis (strain ATCC 8585 / CBS 2359 / DSM 70799 / NBRC 1267 / NRRL Y-1140 / WM37),284590,BUD4
sp|Q6CPC2|BUD4_KLULA,72,NTT,Kluyveromyces lactis (strain ATCC 8585 / CBS 2359 / DSM 70799 / NBRC 1267 / NRRL Y-1140 / WM37),284590,BUD4
sp|Q6CPC2|BUD4_KLULA,141,NAS,Kluyveromyces lactis (strain ATCC 8585 / CBS 2359 / DSM 70799 / NBRC 1267 / NRRL Y-1140 / WM37),284590,BUD4
sp|Q6CPC2|BUD4_KLULA,335,NAS,Kluyveromyces lactis (strain ATCC 8585 / CBS 2359 / DSM 70799 / NBRC 1267 / NRRL Y-1140 / WM37),284590,BUD4
sp|Q6CPC2|BUD4_KLULA,447,NMS,Kluyveromyces lactis (strain ATCC 8585 / CBS 2359 / DSM 70799 / NBRC 1267 / NRRL Y-1140 / WM37),284590,BUD4
sp|Q6CPC2|BUD4_KLULA,576,NHS,Kluyveromyces lactis (strain ATCC 8585 / CBS 2359 / DSM 70799 / NBRC 1267 / NRRL Y-1140 / WM37),284590,BUD4
sp|Q6CPC2|BUD4_KLULA,659,NES,Kluyveromyces lactis (strain ATCC 8585 / CBS 2359 / DSM 70799 / NBRC 1267 / NRRL Y-1140 / WM37),284590,BUD4
sp|Q6CPC2|BUD4_KLULA,685,NLT,Kluyveromyces lactis (strain ATCC 8585 / CBS 2359 / DSM 70799 / NBRC 1267 / NRRL Y-1140 / WM37),284590,BUD4
sp|Q6CPC2|BUD4_KLULA,926,NVT,Kluyveromyces lactis (strain ATCC 8585 / CBS 2359 / DSM 70799 / NBRC 1267 / NRRL Y-1140 / WM37),284590,BUD4
sp|Q6CPC2|BUD4_KLULA,1152,NFT,Kluyveromyces lactis (strain ATCC 8585 / CBS 2359 / DSM 70799 / NBRC 1267 / NRRL Y-1140 / WM37),284590,BUD4
sp|Q6CPC2|BUD4_KLULA,1214,NIT,Kluyveromyces lactis (strain ATCC 8585 / CBS 2359 / DSM 70799 / NBRC 1267 / NRRL Y-1140 / WM37),284590,BUD4
sp|Q6CPC3|FIP1_KLULA,84,NDT,Kluyveromyces lactis (strain ATCC 8585 / CBS 2359 / DSM 70799 / NBRC 1267 / NRRL Y-1140 / WM37),284590,FIP1
sp|Q6CPC3|FIP1_KLULA,173,NIS,Kluyveromyces lactis (strain ATCC 8585 / CBS 2359 / DSM 70799 / NBRC 1267 / NRRL Y-1140 / WM37),284590,FIP1
sp|Q6CPC3|FIP1_KLULA,264,NVS,Kluyveromyces lactis (strain ATCC 8585 / CBS 2359 / DSM 70799 / NBRC 1267 / NRRL Y-1140 / WM37),284590,FIP1
sp|Q6CPD5|PP4R2_KLULA,230,NDS,Kluyveromyces lactis (strain ATCC 8585 / CBS 2359 / DSM 70799 / NBRC 1267 / NRRL Y-1140 / WM37),284590,PSY4
sp|Q6CPD5|PP4R2_KLULA,305,NES,Kluyveromyces lactis (strain ATCC 8585 / CBS 2359 / DSM 70799 / NBRC 1267 / NRRL Y-1140 / WM37),284590,PSY4
sp|Q6CPD5|PP4R2_KLULA,314,NVT,Kluyveromyces lactis (strain ATCC 8585 / CBS 2359 / DSM 70799 / NBRC 1267 / NRRL Y-1140 / WM37),284590,PSY4
sp|Q6CPF9|SWC7_KLULA,5,NDS,Kluyveromyces lactis (strain ATCC 8585 / CBS 2359 / DSM 70799 / NBRC 1267 / NRRL Y-1140 / WM37),284590,SWC7
sp|Q6CPH8|DPB2_KLULA,81,NVS,Kluyveromyces lactis (strain ATCC 8585 / CBS 2359 / DSM 70799 / NBRC 1267 / NRRL Y-1140 / WM37),284590,DPB2
sp|Q6CPH8|DPB2_KLULA,273,NES,Kluyveromyces lactis (strain ATCC 8585 / CBS 2359 / DSM 70799 / NBRC 1267 / NRRL Y-1140 / WM37),284590,DPB2
sp|Q6CPH8|DPB2_KLULA,315,NWS,Kluyveromyces lactis (strain ATCC 8585 / CBS 2359 / DSM 70799 / NBRC 1267 / NRRL Y-1140 / WM37),284590,DPB2
sp|Q6CPH8|DPB2_KLULA,455,NGS,Kluyveromyces lactis (strain ATCC 8585 / CBS 2359 / DSM 70799 / NBRC 1267 / NRRL Y-1140 / WM37),284590,DPB2
sp|Q6CPH8|DPB2_KLULA,471,NVS,Kluyveromyces lactis (strain ATCC 8585 / CBS 2359 / DSM 70799 / NBRC 1267 / NRRL Y-1140 / WM37),284590,DPB2
sp|Q6CPH8|DPB2_KLULA,497,NDT,Kluyveromyces lactis (strain ATCC 8585 / CBS 2359 / DSM 70799 / NBRC 1267 / NRRL Y-1140 / WM37),284590,DPB2
sp|Q6CPI4|SYF2_KLULA,18,NAT,Kluyveromyces lactis (strain ATCC 8585 / CBS 2359 / DSM 70799 / NBRC 1267 / NRRL Y-1140 / WM37),284590,SYF2
sp|Q6CPI4|SYF2_KLULA,25,NWT,Kluyveromyces lactis (strain ATCC 8585 / CBS 2359 / DSM 70799 / NBRC 1267 / NRRL Y-1140 / WM37),284590,SYF2
sp|Q6CPI4|SYF2_KLULA,90,NKS,Kluyveromyces lactis (strain ATCC 8585 / CBS 2359 / DSM 70799 / NBRC 1267 / NRRL Y-1140 / WM37),284590,SYF2
sp|Q6CPI4|SYF2_KLULA,102,NYS,Kluyveromyces lactis (strain ATCC 8585 / CBS 2359 / DSM 70799 / NBRC 1267 / NRRL Y-1140 / WM37),284590,SYF2
sp|Q6CPI4|SYF2_KLULA,121,NKS,Kluyveromyces lactis (strain ATCC 8585 / CBS 2359 / DSM 70799 / NBRC 1267 / NRRL Y-1140 / WM37),284590,SYF2
sp|Q6CPK5|CAPZB_KLULA,108,NNS,Kluyveromyces lactis (strain ATCC 8585 / CBS 2359 / DSM 70799 / NBRC 1267 / NRRL Y-1140 / WM37),284590,CAP2
sp|Q6CPK5|CAPZB_KLULA,173,NVT,Kluyveromyces lactis (strain ATCC 8585 / CBS 2359 / DSM 70799 / NBRC 1267 / NRRL Y-1140 / WM37),284590,CAP2
sp|Q6CPK5|CAPZB_KLULA,184,NLS,Kluyveromyces lactis (strain ATCC 8585 / CBS 2359 / DSM 70799 / NBRC 1267 / NRRL Y-1140 / WM37),284590,CAP2
sp|Q6CPK5|CAPZB_KLULA,196,NLT,Kluyveromyces lactis (strain ATCC 8585 / CBS 2359 / DSM 70799 / NBRC 1267 / NRRL Y-1140 / WM37),284590,CAP2
sp|Q6CPK5|CAPZB_KLULA,209,NVS,Kluyveromyces lactis (strain ATCC 8585 / CBS 2359 / DSM 70799 / NBRC 1267 / NRRL Y-1140 / WM37),284590,CAP2
sp|Q6CPV6|PSF3_KLULA,151,NQT,Kluyveromyces lactis (strain ATCC 8585 / CBS 2359 / DSM 70799 / NBRC 1267 / NRRL Y-1140 / WM37),284590,PSF3
sp|Q6CPV6|PSF3_KLULA,154,NDS,Kluyveromyces lactis (strain ATCC 8585 / CBS 2359 / DSM 70799 / NBRC 1267 / NRRL Y-1140 / WM37),284590,PSF3
sp|Q6CPW4|MSS11_KLULA,10,NAS,Kluyveromyces lactis (strain ATCC 8585 / CBS 2359 / DSM 70799 / NBRC 1267 / NRRL Y-1140 / WM37),284590,MSS11
sp|Q6CPW4|MSS11_KLULA,132,NLT,Kluyveromyces lactis (strain ATCC 8585 / CBS 2359 / DSM 70799 / NBRC 1267 / NRRL Y-1140 / WM37),284590,MSS11
sp|Q6CPW4|MSS11_KLULA,271,NTS,Kluyveromyces lactis (strain ATCC 8585 / CBS 2359 / DSM 70799 / NBRC 1267 / NRRL Y-1140 / WM37),284590,MSS11
sp|Q6CPW4|MSS11_KLULA,310,NSS,Kluyveromyces lactis (strain ATCC 8585 / CBS 2359 / DSM 70799 / NBRC 1267 / NRRL Y-1140 / WM37),284590,MSS11
sp|Q6CPW4|MSS11_KLULA,329,NWT,Kluyveromyces lactis (strain ATCC 8585 / CBS 2359 / DSM 70799 / NBRC 1267 / NRRL Y-1140 / WM37),284590,MSS11
sp|Q6CPW4|MSS11_KLULA,426,NSS,Kluyveromyces lactis (strain ATCC 8585 / CBS 2359 / DSM 70799 / NBRC 1267 / NRRL Y-1140 / WM37),284590,MSS11
sp|Q6CPW5|INP2_KLULA,374,NYT,Kluyveromyces lactis (strain ATCC 8585 / CBS 2359 / DSM 70799 / NBRC 1267 / NRRL Y-1140 / WM37),284590,INP2
sp|Q6CPW5|INP2_KLULA,582,NDS,Kluyveromyces lactis (strain ATCC 8585 / CBS 2359 / DSM 70799 / NBRC 1267 / NRRL Y-1140 / WM37),284590,INP2
sp|Q6CPW5|INP2_KLULA,604,NLS,Kluyveromyces lactis (strain ATCC 8585 / CBS 2359 / DSM 70799 / NBRC 1267 / NRRL Y-1140 / WM37),284590,INP2
sp|Q6CPX6|AIM36_KLULA,120,NKS,Kluyveromyces lactis (strain ATCC 8585 / CBS 2359 / DSM 70799 / NBRC 1267 / NRRL Y-1140 / WM37),284590,AIM36
sp|Q6CPY8|MCH1_KLULA,29,NST,Kluyveromyces lactis (strain ATCC 8585 / CBS 2359 / DSM 70799 / NBRC 1267 / NRRL Y-1140 / WM37),284590,MCH1
sp|Q6CPY8|MCH1_KLULA,295,NLT,Kluyveromyces lactis (strain ATCC 8585 / CBS 2359 / DSM 70799 / NBRC 1267 / NRRL Y-1140 / WM37),284590,MCH1
sp|Q6CPY8|MCH1_KLULA,364,NIS,Kluyveromyces lactis (strain ATCC 8585 / CBS 2359 / DSM 70799 / NBRC 1267 / NRRL Y-1140 / WM37),284590,MCH1
sp|Q6CQ06|GRC3_KLULA,178,NIT,Kluyveromyces lactis (strain ATCC 8585 / CBS 2359 / DSM 70799 / NBRC 1267 / NRRL Y-1140 / WM37),284590,GRC3
sp|Q6CQ06|GRC3_KLULA,197,NIS,Kluyveromyces lactis (strain ATCC 8585 / CBS 2359 / DSM 70799 / NBRC 1267 / NRRL Y-1140 / WM37),284590,GRC3
sp|Q6CQ06|GRC3_KLULA,243,NSS,Kluyveromyces lactis (strain ATCC 8585 / CBS 2359 / DSM 70799 / NBRC 1267 / NRRL Y-1140 / WM37),284590,GRC3
sp|Q6CQ06|GRC3_KLULA,493,NSS,Kluyveromyces lactis (strain ATCC 8585 / CBS 2359 / DSM 70799 / NBRC 1267 / NRRL Y-1140 / WM37),284590,GRC3
sp|Q6CQ06|GRC3_KLULA,532,NYS,Kluyveromyces lactis (strain ATCC 8585 / CBS 2359 / DSM 70799 / NBRC 1267 / NRRL Y-1140 / WM37),284590,GRC3
sp|Q6CQ22|COFI_KLULA,33,NDS,Kluyveromyces lactis (strain ATCC 8585 / CBS 2359 / DSM 70799 / NBRC 1267 / NRRL Y-1140 / WM37),284590,COF1
sp|Q6CQ49|MED16_KLULA,34,NST,Kluyveromyces lactis (strain ATCC 8585 / CBS 2359 / DSM 70799 / NBRC 1267 / NRRL Y-1140 / WM37),284590,SIN4
sp|Q6CQ49|MED16_KLULA,40,NLS,Kluyveromyces lactis (strain ATCC 8585 / CBS 2359 / DSM 70799 / NBRC 1267 / NRRL Y-1140 / WM37),284590,SIN4
sp|Q6CQ49|MED16_KLULA,50,NGT,Kluyveromyces lactis (strain ATCC 8585 / CBS 2359 / DSM 70799 / NBRC 1267 / NRRL Y-1140 / WM37),284590,SIN4
sp|Q6CQ49|MED16_KLULA,75,NGS,Kluyveromyces lactis (strain ATCC 8585 / CBS 2359 / DSM 70799 / NBRC 1267 / NRRL Y-1140 / WM37),284590,SIN4
sp|Q6CQ49|MED16_KLULA,99,NWS,Kluyveromyces lactis (strain ATCC 8585 / CBS 2359 / DSM 70799 / NBRC 1267 / NRRL Y-1140 / WM37),284590,SIN4
sp|Q6CQ49|MED16_KLULA,116,NLT,Kluyveromyces lactis (strain ATCC 8585 / CBS 2359 / DSM 70799 / NBRC 1267 / NRRL Y-1140 / WM37),284590,SIN4
sp|Q6CQ49|MED16_KLULA,129,NTT,Kluyveromyces lactis (strain ATCC 8585 / CBS 2359 / DSM 70799 / NBRC 1267 / NRRL Y-1140 / WM37),284590,SIN4
sp|Q6CQ49|MED16_KLULA,218,NCT,Kluyveromyces lactis (strain ATCC 8585 / CBS 2359 / DSM 70799 / NBRC 1267 / NRRL Y-1140 / WM37),284590,SIN4
sp|Q6CQ49|MED16_KLULA,276,NAS,Kluyveromyces lactis (strain ATCC 8585 / CBS 2359 / DSM 70799 / NBRC 1267 / NRRL Y-1140 / WM37),284590,SIN4
sp|Q6CQ49|MED16_KLULA,295,NVS,Kluyveromyces lactis (strain ATCC 8585 / CBS 2359 / DSM 70799 / NBRC 1267 / NRRL Y-1140 / WM37),284590,SIN4
sp|Q6CQ49|MED16_KLULA,312,NGS,Kluyveromyces lactis (strain ATCC 8585 / CBS 2359 / DSM 70799 / NBRC 1267 / NRRL Y-1140 / WM37),284590,SIN4
sp|Q6CQ49|MED16_KLULA,371,NQS,Kluyveromyces lactis (strain ATCC 8585 / CBS 2359 / DSM 70799 / NBRC 1267 / NRRL Y-1140 / WM37),284590,SIN4
sp|Q6CQ49|MED16_KLULA,392,NET,Kluyveromyces lactis (strain ATCC 8585 / CBS 2359 / DSM 70799 / NBRC 1267 / NRRL Y-1140 / WM37),284590,SIN4
sp|Q6CQ49|MED16_KLULA,548,NFS,Kluyveromyces lactis (strain ATCC 8585 / CBS 2359 / DSM 70799 / NBRC 1267 / NRRL Y-1140 / WM37),284590,SIN4
sp|Q6CQ49|MED16_KLULA,661,NIS,Kluyveromyces lactis (strain ATCC 8585 / CBS 2359 / DSM 70799 / NBRC 1267 / NRRL Y-1140 / WM37),284590,SIN4
sp|Q6CQ49|MED16_KLULA,756,NES,Kluyveromyces lactis (strain ATCC 8585 / CBS 2359 / DSM 70799 / NBRC 1267 / NRRL Y-1140 / WM37),284590,SIN4
sp|Q6CQ49|MED16_KLULA,835,NLS,Kluyveromyces lactis (strain ATCC 8585 / CBS 2359 / DSM 70799 / NBRC 1267 / NRRL Y-1140 / WM37),284590,SIN4
sp|Q6CQ49|MED16_KLULA,873,NES,Kluyveromyces lactis (strain ATCC 8585 / CBS 2359 / DSM 70799 / NBRC 1267 / NRRL Y-1140 / WM37),284590,SIN4
sp|Q6CQ59|SQS1_KLULA,42,NRS,Kluyveromyces lactis (strain ATCC 8585 / CBS 2359 / DSM 70799 / NBRC 1267 / NRRL Y-1140 / WM37),284590,SQS1
sp|Q6CQ59|SQS1_KLULA,136,NSS,Kluyveromyces lactis (strain ATCC 8585 / CBS 2359 / DSM 70799 / NBRC 1267 / NRRL Y-1140 / WM37),284590,SQS1
sp|Q6CQ59|SQS1_KLULA,166,NTT,Kluyveromyces lactis (strain ATCC 8585 / CBS 2359 / DSM 70799 / NBRC 1267 / NRRL Y-1140 / WM37),284590,SQS1
sp|Q6CQ59|SQS1_KLULA,186,NSS,Kluyveromyces lactis (strain ATCC 8585 / CBS 2359 / DSM 70799 / NBRC 1267 / NRRL Y-1140 / WM37),284590,SQS1
sp|Q6CQ59|SQS1_KLULA,351,NSS,Kluyveromyces lactis (strain ATCC 8585 / CBS 2359 / DSM 70799 / NBRC 1267 / NRRL Y-1140 / WM37),284590,SQS1
sp|Q6CQ59|SQS1_KLULA,532,NKT,Kluyveromyces lactis (strain ATCC 8585 / CBS 2359 / DSM 70799 / NBRC 1267 / NRRL Y-1140 / WM37),284590,SQS1
sp|Q6CQ59|SQS1_KLULA,661,NRT,Kluyveromyces lactis (strain ATCC 8585 / CBS 2359 / DSM 70799 / NBRC 1267 / NRRL Y-1140 / WM37),284590,SQS1
sp|Q6CQ59|SQS1_KLULA,674,NIS,Kluyveromyces lactis (strain ATCC 8585 / CBS 2359 / DSM 70799 / NBRC 1267 / NRRL Y-1140 / WM37),284590,SQS1
sp|Q6CQ59|SQS1_KLULA,728,NKS,Kluyveromyces lactis (strain ATCC 8585 / CBS 2359 / DSM 70799 / NBRC 1267 / NRRL Y-1140 / WM37),284590,SQS1
sp|Q6CQ76|RRG9_KLULA,62,NRS,Kluyveromyces lactis (strain ATCC 8585 / CBS 2359 / DSM 70799 / NBRC 1267 / NRRL Y-1140 / WM37),284590,RRG9
sp|Q6CQ76|RRG9_KLULA,218,NKS,Kluyveromyces lactis (strain ATCC 8585 / CBS 2359 / DSM 70799 / NBRC 1267 / NRRL Y-1140 / WM37),284590,RRG9
sp|Q6CQ86|RT106_KLULA,256,NVT,Kluyveromyces lactis (strain ATCC 8585 / CBS 2359 / DSM 70799 / NBRC 1267 / NRRL Y-1140 / WM37),284590,RTT106
sp|Q6CQ91|PP4R3_KLULA,164,NQT,Kluyveromyces lactis (strain ATCC 8585 / CBS 2359 / DSM 70799 / NBRC 1267 / NRRL Y-1140 / WM37),284590,PSY2
sp|Q6CQ91|PP4R3_KLULA,180,NTS,Kluyveromyces lactis (strain ATCC 8585 / CBS 2359 / DSM 70799 / NBRC 1267 / NRRL Y-1140 / WM37),284590,PSY2
sp|Q6CQ91|PP4R3_KLULA,188,NET,Kluyveromyces lactis (strain ATCC 8585 / CBS 2359 / DSM 70799 / NBRC 1267 / NRRL Y-1140 / WM37),284590,PSY2
sp|Q6CQ91|PP4R3_KLULA,656,NST,Kluyveromyces lactis (strain ATCC 8585 / CBS 2359 / DSM 70799 / NBRC 1267 / NRRL Y-1140 / WM37),284590,PSY2
sp|Q6CQ91|PP4R3_KLULA,742,NTT,Kluyveromyces lactis (strain ATCC 8585 / CBS 2359 / DSM 70799 / NBRC 1267 / NRRL Y-1140 / WM37),284590,PSY2
sp|Q6CQ92|COQ4_KLULA,20,NNS,Kluyveromyces lactis (strain ATCC 8585 / CBS 2359 / DSM 70799 / NBRC 1267 / NRRL Y-1140 / WM37),284590,COQ4
sp|Q6CQ92|COQ4_KLULA,153,NIT,Kluyveromyces lactis (strain ATCC 8585 / CBS 2359 / DSM 70799 / NBRC 1267 / NRRL Y-1140 / WM37),284590,COQ4
sp|Q6CQ92|COQ4_KLULA,302,NVT,Kluyveromyces lactis (strain ATCC 8585 / CBS 2359 / DSM 70799 / NBRC 1267 / NRRL Y-1140 / WM37),284590,COQ4
sp|Q6CQA6|GPN3_KLULA,72,NGS,Kluyveromyces lactis (strain ATCC 8585 / CBS 2359 / DSM 70799 / NBRC 1267 / NRRL Y-1140 / WM37),284590,KLLA0D18557g
sp|Q6CQB7|LIC4_KLULA,70,NVS,Kluyveromyces lactis (strain ATCC 8585 / CBS 2359 / DSM 70799 / NBRC 1267 / NRRL Y-1140 / WM37),284590,ATC1
sp|Q6CQE5|TAR1_KLULA,11,NFT,Kluyveromyces lactis (strain ATCC 8585 / CBS 2359 / DSM 70799 / NBRC 1267 / NRRL Y-1140 / WM37),284590,TAR1-A
sp|Q6CQE5|TAR1_KLULA,55,NNS,Kluyveromyces lactis (strain ATCC 8585 / CBS 2359 / DSM 70799 / NBRC 1267 / NRRL Y-1140 / WM37),284590,TAR1-A
sp|Q6CQH2|TRM82_KLULA,66,NAS,Kluyveromyces lactis (strain ATCC 8585 / CBS 2359 / DSM 70799 / NBRC 1267 / NRRL Y-1140 / WM37),284590,TRM82
sp|Q6CQH2|TRM82_KLULA,432,NAS,Kluyveromyces lactis (strain ATCC 8585 / CBS 2359 / DSM 70799 / NBRC 1267 / NRRL Y-1140 / WM37),284590,TRM82
sp|Q6CQI2|CWC15_KLULA,152,NQS,Kluyveromyces lactis (strain ATCC 8585 / CBS 2359 / DSM 70799 / NBRC 1267 / NRRL Y-1140 / WM37),284590,CWC15
sp|Q6CQI2|CWC15_KLULA,171,NIT,Kluyveromyces lactis (strain ATCC 8585 / CBS 2359 / DSM 70799 / NBRC 1267 / NRRL Y-1140 / WM37),284590,CWC15
sp|Q6CQI9|RKM5_KLULA,39,NES,Kluyveromyces lactis (strain ATCC 8585 / CBS 2359 / DSM 70799 / NBRC 1267 / NRRL Y-1140 / WM37),284590,RKM5
sp|Q6CQI9|RKM5_KLULA,72,NLT,Kluyveromyces lactis (strain ATCC 8585 / CBS 2359 / DSM 70799 / NBRC 1267 / NRRL Y-1140 / WM37),284590,RKM5
sp|Q6CQI9|RKM5_KLULA,83,NNS,Kluyveromyces lactis (strain ATCC 8585 / CBS 2359 / DSM 70799 / NBRC 1267 / NRRL Y-1140 / WM37),284590,RKM5
sp|Q6CQI9|RKM5_KLULA,107,NAT,Kluyveromyces lactis (strain ATCC 8585 / CBS 2359 / DSM 70799 / NBRC 1267 / NRRL Y-1140 / WM37),284590,RKM5
sp|Q6CQI9|RKM5_KLULA,178,NQS,Kluyveromyces lactis (strain ATCC 8585 / CBS 2359 / DSM 70799 / NBRC 1267 / NRRL Y-1140 / WM37),284590,RKM5
sp|Q6CQI9|RKM5_KLULA,310,NKS,Kluyveromyces lactis (strain ATCC 8585 / CBS 2359 / DSM 70799 / NBRC 1267 / NRRL Y-1140 / WM37),284590,RKM5
sp|Q6CQJ9|SLX4_KLULA,195,NES,Kluyveromyces lactis (strain ATCC 8585 / CBS 2359 / DSM 70799 / NBRC 1267 / NRRL Y-1140 / WM37),284590,SLX4
sp|Q6CQJ9|SLX4_KLULA,388,NIS,Kluyveromyces lactis (strain ATCC 8585 / CBS 2359 / DSM 70799 / NBRC 1267 / NRRL Y-1140 / WM37),284590,SLX4
sp|Q6CQJ9|SLX4_KLULA,545,NAS,Kluyveromyces lactis (strain ATCC 8585 / CBS 2359 / DSM 70799 / NBRC 1267 / NRRL Y-1140 / WM37),284590,SLX4
sp|Q6CQJ9|SLX4_KLULA,659,NDT,Kluyveromyces lactis (strain ATCC 8585 / CBS 2359 / DSM 70799 / NBRC 1267 / NRRL Y-1140 / WM37),284590,SLX4
sp|Q6CQM2|RRT5_KLULA,11,NLS,Kluyveromyces lactis (strain ATCC 8585 / CBS 2359 / DSM 70799 / NBRC 1267 / NRRL Y-1140 / WM37),284590,RRT5
sp|Q6CQM2|RRT5_KLULA,178,NET,Kluyveromyces lactis (strain ATCC 8585 / CBS 2359 / DSM 70799 / NBRC 1267 / NRRL Y-1140 / WM37),284590,RRT5
sp|Q6CQM2|RRT5_KLULA,218,NVT,Kluyveromyces lactis (strain ATCC 8585 / CBS 2359 / DSM 70799 / NBRC 1267 / NRRL Y-1140 / WM37),284590,RRT5
sp|Q6CQM2|RRT5_KLULA,241,NTT,Kluyveromyces lactis (strain ATCC 8585 / CBS 2359 / DSM 70799 / NBRC 1267 / NRRL Y-1140 / WM37),284590,RRT5
sp|Q6CQM2|RRT5_KLULA,264,NRT,Kluyveromyces lactis (strain ATCC 8585 / CBS 2359 / DSM 70799 / NBRC 1267 / NRRL Y-1140 / WM37),284590,RRT5
sp|Q6CQN1|STS1_KLULA,173,NQS,Kluyveromyces lactis (strain ATCC 8585 / CBS 2359 / DSM 70799 / NBRC 1267 / NRRL Y-1140 / WM37),284590,STS1
sp|Q6CQN1|STS1_KLULA,222,NCS,Kluyveromyces lactis (strain ATCC 8585 / CBS 2359 / DSM 70799 / NBRC 1267 / NRRL Y-1140 / WM37),284590,STS1
sp|Q6CQN1|STS1_KLULA,330,NIS,Kluyveromyces lactis (strain ATCC 8585 / CBS 2359 / DSM 70799 / NBRC 1267 / NRRL Y-1140 / WM37),284590,STS1
sp|Q6CQN6|MED22_KLULA,59,NYT,Kluyveromyces lactis (strain ATCC 8585 / CBS 2359 / DSM 70799 / NBRC 1267 / NRRL Y-1140 / WM37),284590,SRB6
sp|Q6CQQ0|MED18_KLULA,110,NKT,Kluyveromyces lactis (strain ATCC 8585 / CBS 2359 / DSM 70799 / NBRC 1267 / NRRL Y-1140 / WM37),284590,SRB5
sp|Q6CQQ0|MED18_KLULA,211,NKS,Kluyveromyces lactis (strain ATCC 8585 / CBS 2359 / DSM 70799 / NBRC 1267 / NRRL Y-1140 / WM37),284590,SRB5
sp|Q6CQQ0|MED18_KLULA,221,NGS,Kluyveromyces lactis (strain ATCC 8585 / CBS 2359 / DSM 70799 / NBRC 1267 / NRRL Y-1140 / WM37),284590,SRB5
sp|Q6CQQ2|GATF_KLULA,23,NLS,Kluyveromyces lactis (strain ATCC 8585 / CBS 2359 / DSM 70799 / NBRC 1267 / NRRL Y-1140 / WM37),284590,GTF1
sp|Q6CQQ8|RRG8_KLULA,61,NSS,Kluyveromyces lactis (strain ATCC 8585 / CBS 2359 / DSM 70799 / NBRC 1267 / NRRL Y-1140 / WM37),284590,RRG8
sp|Q6CQQ8|RRG8_KLULA,151,NDS,Kluyveromyces lactis (strain ATCC 8585 / CBS 2359 / DSM 70799 / NBRC 1267 / NRRL Y-1140 / WM37),284590,RRG8
sp|Q6CQQ8|RRG8_KLULA,157,NIS,Kluyveromyces lactis (strain ATCC 8585 / CBS 2359 / DSM 70799 / NBRC 1267 / NRRL Y-1140 / WM37),284590,RRG8
sp|Q6CQQ8|RRG8_KLULA,242,NDS,Kluyveromyces lactis (strain ATCC 8585 / CBS 2359 / DSM 70799 / NBRC 1267 / NRRL Y-1140 / WM37),284590,RRG8
sp|Q6CQQ8|RRG8_KLULA,279,NFS,Kluyveromyces lactis (strain ATCC 8585 / CBS 2359 / DSM 70799 / NBRC 1267 / NRRL Y-1140 / WM37),284590,RRG8
sp|Q6CQR3|TPC1_KLULA,145,NRT,Kluyveromyces lactis (strain ATCC 8585 / CBS 2359 / DSM 70799 / NBRC 1267 / NRRL Y-1140 / WM37),284590,TPC1
sp|Q6CQR6|MRD1_KLULA,74,NGT,Kluyveromyces lactis (strain ATCC 8585 / CBS 2359 / DSM 70799 / NBRC 1267 / NRRL Y-1140 / WM37),284590,MRD1
sp|Q6CQR6|MRD1_KLULA,223,NES,Kluyveromyces lactis (strain ATCC 8585 / CBS 2359 / DSM 70799 / NBRC 1267 / NRRL Y-1140 / WM37),284590,MRD1
sp|Q6CQR6|MRD1_KLULA,473,NSS,Kluyveromyces lactis (strain ATCC 8585 / CBS 2359 / DSM 70799 / NBRC 1267 / NRRL Y-1140 / WM37),284590,MRD1
sp|Q6CQR6|MRD1_KLULA,659,NFS,Kluyveromyces lactis (strain ATCC 8585 / CBS 2359 / DSM 70799 / NBRC 1267 / NRRL Y-1140 / WM37),284590,MRD1
sp|Q6CQR6|MRD1_KLULA,741,NAS,Kluyveromyces lactis (strain ATCC 8585 / CBS 2359 / DSM 70799 / NBRC 1267 / NRRL Y-1140 / WM37),284590,MRD1
sp|Q6CQR6|MRD1_KLULA,850,NTT,Kluyveromyces lactis (strain ATCC 8585 / CBS 2359 / DSM 70799 / NBRC 1267 / NRRL Y-1140 / WM37),284590,MRD1
sp|Q6CQU2|EST3_KLULA,13,NDS,Kluyveromyces lactis (strain ATCC 8585 / CBS 2359 / DSM 70799 / NBRC 1267 / NRRL Y-1140 / WM37),284590,EST3
sp|Q6CQU2|EST3_KLULA,128,NVT,Kluyveromyces lactis (strain ATCC 8585 / CBS 2359 / DSM 70799 / NBRC 1267 / NRRL Y-1140 / WM37),284590,EST3
sp|Q6CQU4|URM1_KLULA,60,NDS,Kluyveromyces lactis (strain ATCC 8585 / CBS 2359 / DSM 70799 / NBRC 1267 / NRRL Y-1140 / WM37),284590,URM1
sp|Q6CQU4|URM1_KLULA,72,NDT,Kluyveromyces lactis (strain ATCC 8585 / CBS 2359 / DSM 70799 / NBRC 1267 / NRRL Y-1140 / WM37),284590,URM1
sp|Q6CQV4|CFD1_KLULA,196,NMS,Kluyveromyces lactis (strain ATCC 8585 / CBS 2359 / DSM 70799 / NBRC 1267 / NRRL Y-1140 / WM37),284590,CFD1
sp|Q6CQV5|VAB2_KLULA,90,NHS,Kluyveromyces lactis (strain ATCC 8585 / CBS 2359 / DSM 70799 / NBRC 1267 / NRRL Y-1140 / WM37),284590,VAB2
sp|Q6CQV5|VAB2_KLULA,149,NGS,Kluyveromyces lactis (strain ATCC 8585 / CBS 2359 / DSM 70799 / NBRC 1267 / NRRL Y-1140 / WM37),284590,VAB2
sp|Q6CQV5|VAB2_KLULA,175,NTT,Kluyveromyces lactis (strain ATCC 8585 / CBS 2359 / DSM 70799 / NBRC 1267 / NRRL Y-1140 / WM37),284590,VAB2
sp|Q6CQV5|VAB2_KLULA,199,NSS,Kluyveromyces lactis (strain ATCC 8585 / CBS 2359 / DSM 70799 / NBRC 1267 / NRRL Y-1140 / WM37),284590,VAB2
sp|Q6CQV5|VAB2_KLULA,208,NGS,Kluyveromyces lactis (strain ATCC 8585 / CBS 2359 / DSM 70799 / NBRC 1267 / NRRL Y-1140 / WM37),284590,VAB2
sp|Q6CQV5|VAB2_KLULA,229,NTT,Kluyveromyces lactis (strain ATCC 8585 / CBS 2359 / DSM 70799 / NBRC 1267 / NRRL Y-1140 / WM37),284590,VAB2
sp|Q6CQW1|IRC22_KLULA,90,NFT,Kluyveromyces lactis (strain ATCC 8585 / CBS 2359 / DSM 70799 / NBRC 1267 / NRRL Y-1140 / WM37),284590,IRC22
sp|Q6CQW1|IRC22_KLULA,133,NES,Kluyveromyces lactis (strain ATCC 8585 / CBS 2359 / DSM 70799 / NBRC 1267 / NRRL Y-1140 / WM37),284590,IRC22
sp|Q6CQW6|FMP52_KLULA,156,NGT,Kluyveromyces lactis (strain ATCC 8585 / CBS 2359 / DSM 70799 / NBRC 1267 / NRRL Y-1140 / WM37),284590,FMP52
sp|Q6CQX4|NTF2_KLULA,122,NYS,Kluyveromyces lactis (strain ATCC 8585 / CBS 2359 / DSM 70799 / NBRC 1267 / NRRL Y-1140 / WM37),284590,NTF2
sp|Q6CQX5|AIM21_KLULA,263,NLT,Kluyveromyces lactis (strain ATCC 8585 / CBS 2359 / DSM 70799 / NBRC 1267 / NRRL Y-1140 / WM37),284590,AIM21
sp|Q6CQX5|AIM21_KLULA,306,NVS,Kluyveromyces lactis (strain ATCC 8585 / CBS 2359 / DSM 70799 / NBRC 1267 / NRRL Y-1140 / WM37),284590,AIM21
sp|Q6CQX5|AIM21_KLULA,316,NTS,Kluyveromyces lactis (strain ATCC 8585 / CBS 2359 / DSM 70799 / NBRC 1267 / NRRL Y-1140 / WM37),284590,AIM21
sp|Q6CQX5|AIM21_KLULA,467,NIS,Kluyveromyces lactis (strain ATCC 8585 / CBS 2359 / DSM 70799 / NBRC 1267 / NRRL Y-1140 / WM37),284590,AIM21
sp|Q6CQY2|SVF1_KLULA,124,NLS,Kluyveromyces lactis (strain ATCC 8585 / CBS 2359 / DSM 70799 / NBRC 1267 / NRRL Y-1140 / WM37),284590,SVF1
sp|Q6CQY2|SVF1_KLULA,260,NTT,Kluyveromyces lactis (strain ATCC 8585 / CBS 2359 / DSM 70799 / NBRC 1267 / NRRL Y-1140 / WM37),284590,SVF1
sp|Q6CQZ5|PPME1_KLULA,74,NET,Kluyveromyces lactis (strain ATCC 8585 / CBS 2359 / DSM 70799 / NBRC 1267 / NRRL Y-1140 / WM37),284590,PPE1
sp|Q6CQZ5|PPME1_KLULA,83,NFT,Kluyveromyces lactis (strain ATCC 8585 / CBS 2359 / DSM 70799 / NBRC 1267 / NRRL Y-1140 / WM37),284590,PPE1
sp|Q6CQZ5|PPME1_KLULA,96,NSS,Kluyveromyces lactis (strain ATCC 8585 / CBS 2359 / DSM 70799 / NBRC 1267 / NRRL Y-1140 / WM37),284590,PPE1
sp|Q6CQZ5|PPME1_KLULA,260,NYS,Kluyveromyces lactis (strain ATCC 8585 / CBS 2359 / DSM 70799 / NBRC 1267 / NRRL Y-1140 / WM37),284590,PPE1
sp|Q6CQZ5|PPME1_KLULA,373,NVT,Kluyveromyces lactis (strain ATCC 8585 / CBS 2359 / DSM 70799 / NBRC 1267 / NRRL Y-1140 / WM37),284590,PPE1
sp|Q6CQZ5|PPME1_KLULA,385,NKT,Kluyveromyces lactis (strain ATCC 8585 / CBS 2359 / DSM 70799 / NBRC 1267 / NRRL Y-1140 / WM37),284590,PPE1
sp|Q6CR42|TRM44_KLULA,51,NST,Kluyveromyces lactis (strain ATCC 8585 / CBS 2359 / DSM 70799 / NBRC 1267 / NRRL Y-1140 / WM37),284590,TRM44
sp|Q6CR42|TRM44_KLULA,131,NQT,Kluyveromyces lactis (strain ATCC 8585 / CBS 2359 / DSM 70799 / NBRC 1267 / NRRL Y-1140 / WM37),284590,TRM44
sp|Q6CR42|TRM44_KLULA,288,NTT,Kluyveromyces lactis (strain ATCC 8585 / CBS 2359 / DSM 70799 / NBRC 1267 / NRRL Y-1140 / WM37),284590,TRM44
sp|Q6CR42|TRM44_KLULA,411,NHS,Kluyveromyces lactis (strain ATCC 8585 / CBS 2359 / DSM 70799 / NBRC 1267 / NRRL Y-1140 / WM37),284590,TRM44
sp|Q6CR42|TRM44_KLULA,436,NLS,Kluyveromyces lactis (strain ATCC 8585 / CBS 2359 / DSM 70799 / NBRC 1267 / NRRL Y-1140 / WM37),284590,TRM44
sp|Q6CR42|TRM44_KLULA,457,NST,Kluyveromyces lactis (strain ATCC 8585 / CBS 2359 / DSM 70799 / NBRC 1267 / NRRL Y-1140 / WM37),284590,TRM44
sp|Q6CR46|NACB_KLULA,83,NTS,Kluyveromyces lactis (strain ATCC 8585 / CBS 2359 / DSM 70799 / NBRC 1267 / NRRL Y-1140 / WM37),284590,EGD1
sp|Q6CR69|ZIP2_KLULA,64,NGS,Kluyveromyces lactis (strain ATCC 8585 / CBS 2359 / DSM 70799 / NBRC 1267 / NRRL Y-1140 / WM37),284590,ZIP2
sp|Q6CR69|ZIP2_KLULA,249,NSS,Kluyveromyces lactis (strain ATCC 8585 / CBS 2359 / DSM 70799 / NBRC 1267 / NRRL Y-1140 / WM37),284590,ZIP2
sp|Q6CR69|ZIP2_KLULA,444,NET,Kluyveromyces lactis (strain ATCC 8585 / CBS 2359 / DSM 70799 / NBRC 1267 / NRRL Y-1140 / WM37),284590,ZIP2
sp|Q6CR69|ZIP2_KLULA,454,NVT,Kluyveromyces lactis (strain ATCC 8585 / CBS 2359 / DSM 70799 / NBRC 1267 / NRRL Y-1140 / WM37),284590,ZIP2
sp|Q6CR69|ZIP2_KLULA,519,NIT,Kluyveromyces lactis (strain ATCC 8585 / CBS 2359 / DSM 70799 / NBRC 1267 / NRRL Y-1140 / WM37),284590,ZIP2
sp|Q6CR76|HOT1_KLULA,126,NAS,Kluyveromyces lactis (strain ATCC 8585 / CBS 2359 / DSM 70799 / NBRC 1267 / NRRL Y-1140 / WM37),284590,HOT1
sp|Q6CR76|HOT1_KLULA,143,NNS,Kluyveromyces lactis (strain ATCC 8585 / CBS 2359 / DSM 70799 / NBRC 1267 / NRRL Y-1140 / WM37),284590,HOT1
sp|Q6CR76|HOT1_KLULA,267,NVS,Kluyveromyces lactis (strain ATCC 8585 / CBS 2359 / DSM 70799 / NBRC 1267 / NRRL Y-1140 / WM37),284590,HOT1
sp|Q6CR76|HOT1_KLULA,359,NES,Kluyveromyces lactis (strain ATCC 8585 / CBS 2359 / DSM 70799 / NBRC 1267 / NRRL Y-1140 / WM37),284590,HOT1
sp|Q6CR76|HOT1_KLULA,378,NYS,Kluyveromyces lactis (strain ATCC 8585 / CBS 2359 / DSM 70799 / NBRC 1267 / NRRL Y-1140 / WM37),284590,HOT1
sp|Q6CR76|HOT1_KLULA,430,NSS,Kluyveromyces lactis (strain ATCC 8585 / CBS 2359 / DSM 70799 / NBRC 1267 / NRRL Y-1140 / WM37),284590,HOT1
sp|Q6CR76|HOT1_KLULA,493,NGT,Kluyveromyces lactis (strain ATCC 8585 / CBS 2359 / DSM 70799 / NBRC 1267 / NRRL Y-1140 / WM37),284590,HOT1
sp|Q6CR76|HOT1_KLULA,497,NST,Kluyveromyces lactis (strain ATCC 8585 / CBS 2359 / DSM 70799 / NBRC 1267 / NRRL Y-1140 / WM37),284590,HOT1
sp|Q6CR76|HOT1_KLULA,512,NTS,Kluyveromyces lactis (strain ATCC 8585 / CBS 2359 / DSM 70799 / NBRC 1267 / NRRL Y-1140 / WM37),284590,HOT1
sp|Q6CR76|HOT1_KLULA,536,NAS,Kluyveromyces lactis (strain ATCC 8585 / CBS 2359 / DSM 70799 / NBRC 1267 / NRRL Y-1140 / WM37),284590,HOT1
sp|Q6CR96|MED17_KLULA,108,NSS,Kluyveromyces lactis (strain ATCC 8585 / CBS 2359 / DSM 70799 / NBRC 1267 / NRRL Y-1140 / WM37),284590,SRB4
sp|Q6CR96|MED17_KLULA,213,NES,Kluyveromyces lactis (strain ATCC 8585 / CBS 2359 / DSM 70799 / NBRC 1267 / NRRL Y-1140 / WM37),284590,SRB4
sp|Q6CR96|MED17_KLULA,312,NIT,Kluyveromyces lactis (strain ATCC 8585 / CBS 2359 / DSM 70799 / NBRC 1267 / NRRL Y-1140 / WM37),284590,SRB4
sp|Q6CRA2|CAF17_KLULA,26,NKS,Kluyveromyces lactis (strain ATCC 8585 / CBS 2359 / DSM 70799 / NBRC 1267 / NRRL Y-1140 / WM37),284590,CAF17
sp|Q6CRA2|CAF17_KLULA,57,NLT,Kluyveromyces lactis (strain ATCC 8585 / CBS 2359 / DSM 70799 / NBRC 1267 / NRRL Y-1140 / WM37),284590,CAF17
sp|Q6CRA2|CAF17_KLULA,69,NNT,Kluyveromyces lactis (strain ATCC 8585 / CBS 2359 / DSM 70799 / NBRC 1267 / NRRL Y-1140 / WM37),284590,CAF17
sp|Q6CRA2|CAF17_KLULA,76,NFS,Kluyveromyces lactis (strain ATCC 8585 / CBS 2359 / DSM 70799 / NBRC 1267 / NRRL Y-1140 / WM37),284590,CAF17
sp|Q6CRA2|CAF17_KLULA,259,NCT,Kluyveromyces lactis (strain ATCC 8585 / CBS 2359 / DSM 70799 / NBRC 1267 / NRRL Y-1140 / WM37),284590,CAF17
sp|Q6CRA2|CAF17_KLULA,272,NIS,Kluyveromyces lactis (strain ATCC 8585 / CBS 2359 / DSM 70799 / NBRC 1267 / NRRL Y-1140 / WM37),284590,CAF17
sp|Q6CRE9|FYV8_KLULA,4,NIT,Kluyveromyces lactis (strain ATCC 8585 / CBS 2359 / DSM 70799 / NBRC 1267 / NRRL Y-1140 / WM37),284590,FYV8
sp|Q6CRE9|FYV8_KLULA,76,NTS,Kluyveromyces lactis (strain ATCC 8585 / CBS 2359 / DSM 70799 / NBRC 1267 / NRRL Y-1140 / WM37),284590,FYV8
sp|Q6CRE9|FYV8_KLULA,83,NKS,Kluyveromyces lactis (strain ATCC 8585 / CBS 2359 / DSM 70799 / NBRC 1267 / NRRL Y-1140 / WM37),284590,FYV8
sp|Q6CRE9|FYV8_KLULA,109,NNT,Kluyveromyces lactis (strain ATCC 8585 / CBS 2359 / DSM 70799 / NBRC 1267 / NRRL Y-1140 / WM37),284590,FYV8
sp|Q6CRE9|FYV8_KLULA,162,NKT,Kluyveromyces lactis (strain ATCC 8585 / CBS 2359 / DSM 70799 / NBRC 1267 / NRRL Y-1140 / WM37),284590,FYV8
sp|Q6CRE9|FYV8_KLULA,293,NWS,Kluyveromyces lactis (strain ATCC 8585 / CBS 2359 / DSM 70799 / NBRC 1267 / NRRL Y-1140 / WM37),284590,FYV8
sp|Q6CRE9|FYV8_KLULA,337,NDS,Kluyveromyces lactis (strain ATCC 8585 / CBS 2359 / DSM 70799 / NBRC 1267 / NRRL Y-1140 / WM37),284590,FYV8
sp|Q6CRE9|FYV8_KLULA,356,NAS,Kluyveromyces lactis (strain ATCC 8585 / CBS 2359 / DSM 70799 / NBRC 1267 / NRRL Y-1140 / WM37),284590,FYV8
sp|Q6CRE9|FYV8_KLULA,461,NDT,Kluyveromyces lactis (strain ATCC 8585 / CBS 2359 / DSM 70799 / NBRC 1267 / NRRL Y-1140 / WM37),284590,FYV8
sp|Q6CRE9|FYV8_KLULA,571,NTT,Kluyveromyces lactis (strain ATCC 8585 / CBS 2359 / DSM 70799 / NBRC 1267 / NRRL Y-1140 / WM37),284590,FYV8
sp|Q6CRE9|FYV8_KLULA,579,NSS,Kluyveromyces lactis (strain ATCC 8585 / CBS 2359 / DSM 70799 / NBRC 1267 / NRRL Y-1140 / WM37),284590,FYV8
sp|Q6CRE9|FYV8_KLULA,616,NQT,Kluyveromyces lactis (strain ATCC 8585 / CBS 2359 / DSM 70799 / NBRC 1267 / NRRL Y-1140 / WM37),284590,FYV8
sp|Q6CRE9|FYV8_KLULA,629,NAS,Kluyveromyces lactis (strain ATCC 8585 / CBS 2359 / DSM 70799 / NBRC 1267 / NRRL Y-1140 / WM37),284590,FYV8
sp|Q6CRE9|FYV8_KLULA,643,NES,Kluyveromyces lactis (strain ATCC 8585 / CBS 2359 / DSM 70799 / NBRC 1267 / NRRL Y-1140 / WM37),284590,FYV8
sp|Q6CRE9|FYV8_KLULA,652,NDT,Kluyveromyces lactis (strain ATCC 8585 / CBS 2359 / DSM 70799 / NBRC 1267 / NRRL Y-1140 / WM37),284590,FYV8
sp|Q6CRE9|FYV8_KLULA,778,NVT,Kluyveromyces lactis (strain ATCC 8585 / CBS 2359 / DSM 70799 / NBRC 1267 / NRRL Y-1140 / WM37),284590,FYV8
sp|Q6CRH0|ATG14_KLULA,24,NGS,Kluyveromyces lactis (strain ATCC 8585 / CBS 2359 / DSM 70799 / NBRC 1267 / NRRL Y-1140 / WM37),284590,ATG14
sp|Q6CRH0|ATG14_KLULA,171,NVS,Kluyveromyces lactis (strain ATCC 8585 / CBS 2359 / DSM 70799 / NBRC 1267 / NRRL Y-1140 / WM37),284590,ATG14
sp|Q6CRH0|ATG14_KLULA,208,NFS,Kluyveromyces lactis (strain ATCC 8585 / CBS 2359 / DSM 70799 / NBRC 1267 / NRRL Y-1140 / WM37),284590,ATG14
sp|Q6CRH0|ATG14_KLULA,233,NYS,Kluyveromyces lactis (strain ATCC 8585 / CBS 2359 / DSM 70799 / NBRC 1267 / NRRL Y-1140 / WM37),284590,ATG14
sp|Q6CRH2|ASA1_KLULA,240,NSS,Kluyveromyces lactis (strain ATCC 8585 / CBS 2359 / DSM 70799 / NBRC 1267 / NRRL Y-1140 / WM37),284590,ASA1
sp|Q6CRH2|ASA1_KLULA,257,NVS,Kluyveromyces lactis (strain ATCC 8585 / CBS 2359 / DSM 70799 / NBRC 1267 / NRRL Y-1140 / WM37),284590,ASA1
sp|Q6CRH2|ASA1_KLULA,331,NAS,Kluyveromyces lactis (strain ATCC 8585 / CBS 2359 / DSM 70799 / NBRC 1267 / NRRL Y-1140 / WM37),284590,ASA1
sp|Q6CRH2|ASA1_KLULA,337,NST,Kluyveromyces lactis (strain ATCC 8585 / CBS 2359 / DSM 70799 / NBRC 1267 / NRRL Y-1140 / WM37),284590,ASA1
sp|Q6CRH4|SHE3_KLULA,17,NSS,Kluyveromyces lactis (strain ATCC 8585 / CBS 2359 / DSM 70799 / NBRC 1267 / NRRL Y-1140 / WM37),284590,SHE3
sp|Q6CRH4|SHE3_KLULA,183,NET,Kluyveromyces lactis (strain ATCC 8585 / CBS 2359 / DSM 70799 / NBRC 1267 / NRRL Y-1140 / WM37),284590,SHE3
sp|Q6CRH6|CCZ1_KLULA,282,NVT,Kluyveromyces lactis (strain ATCC 8585 / CBS 2359 / DSM 70799 / NBRC 1267 / NRRL Y-1140 / WM37),284590,CCZ1
sp|Q6CRH6|CCZ1_KLULA,523,NES,Kluyveromyces lactis (strain ATCC 8585 / CBS 2359 / DSM 70799 / NBRC 1267 / NRRL Y-1140 / WM37),284590,CCZ1
sp|Q6CRI9|DTD_KLULA,66,NIS,Kluyveromyces lactis (strain ATCC 8585 / CBS 2359 / DSM 70799 / NBRC 1267 / NRRL Y-1140 / WM37),284590,DTD1
sp|Q6CRJ7|SWT21_KLULA,102,NGS,Kluyveromyces lactis (strain ATCC 8585 / CBS 2359 / DSM 70799 / NBRC 1267 / NRRL Y-1140 / WM37),284590,SWT21
sp|Q6CRJ7|SWT21_KLULA,146,NET,Kluyveromyces lactis (strain ATCC 8585 / CBS 2359 / DSM 70799 / NBRC 1267 / NRRL Y-1140 / WM37),284590,SWT21
sp|Q6CRK4|IPI3_KLULA,260,NES,Kluyveromyces lactis (strain ATCC 8585 / CBS 2359 / DSM 70799 / NBRC 1267 / NRRL Y-1140 / WM37),284590,IPI3
sp|Q6CRK4|IPI3_KLULA,299,NNT,Kluyveromyces lactis (strain ATCC 8585 / CBS 2359 / DSM 70799 / NBRC 1267 / NRRL Y-1140 / WM37),284590,IPI3
sp|Q6CRK4|IPI3_KLULA,342,NDS,Kluyveromyces lactis (strain ATCC 8585 / CBS 2359 / DSM 70799 / NBRC 1267 / NRRL Y-1140 / WM37),284590,IPI3
sp|Q6CRK4|IPI3_KLULA,431,NST,Kluyveromyces lactis (strain ATCC 8585 / CBS 2359 / DSM 70799 / NBRC 1267 / NRRL Y-1140 / WM37),284590,IPI3
sp|Q6CRK4|IPI3_KLULA,471,NGT,Kluyveromyces lactis (strain ATCC 8585 / CBS 2359 / DSM 70799 / NBRC 1267 / NRRL Y-1140 / WM37),284590,IPI3
sp|Q6CRK4|IPI3_KLULA,502,NGT,Kluyveromyces lactis (strain ATCC 8585 / CBS 2359 / DSM 70799 / NBRC 1267 / NRRL Y-1140 / WM37),284590,IPI3
sp|Q6CRM3|IBD2_KLULA,5,NAS,Kluyveromyces lactis (strain ATCC 8585 / CBS 2359 / DSM 70799 / NBRC 1267 / NRRL Y-1140 / WM37),284590,IBD2
sp|Q6CRM3|IBD2_KLULA,189,NTT,Kluyveromyces lactis (strain ATCC 8585 / CBS 2359 / DSM 70799 / NBRC 1267 / NRRL Y-1140 / WM37),284590,IBD2
sp|Q6CRM6|CHS7_KLULA,31,NDT,Kluyveromyces lactis (strain ATCC 8585 / CBS 2359 / DSM 70799 / NBRC 1267 / NRRL Y-1140 / WM37),284590,CHS7
sp|Q6CRQ1|GRPE_KLULA,74,NLT,Kluyveromyces lactis (strain ATCC 8585 / CBS 2359 / DSM 70799 / NBRC 1267 / NRRL Y-1140 / WM37),284590,mge1
sp|Q6CRT5|SPC29_KLULA,36,NQS,Kluyveromyces lactis (strain ATCC 8585 / CBS 2359 / DSM 70799 / NBRC 1267 / NRRL Y-1140 / WM37),284590,SPC29
sp|Q6CRT5|SPC29_KLULA,66,NSS,Kluyveromyces lactis (strain ATCC 8585 / CBS 2359 / DSM 70799 / NBRC 1267 / NRRL Y-1140 / WM37),284590,SPC29
sp|Q6CRT5|SPC29_KLULA,139,NAS,Kluyveromyces lactis (strain ATCC 8585 / CBS 2359 / DSM 70799 / NBRC 1267 / NRRL Y-1140 / WM37),284590,SPC29
sp|Q6CRT5|SPC29_KLULA,240,NSS,Kluyveromyces lactis (strain ATCC 8585 / CBS 2359 / DSM 70799 / NBRC 1267 / NRRL Y-1140 / WM37),284590,SPC29
sp|Q6CRT5|SPC29_KLULA,253,NLS,Kluyveromyces lactis (strain ATCC 8585 / CBS 2359 / DSM 70799 / NBRC 1267 / NRRL Y-1140 / WM37),284590,SPC29
sp|Q6CRT5|SPC29_KLULA,260,NTS,Kluyveromyces lactis (strain ATCC 8585 / CBS 2359 / DSM 70799 / NBRC 1267 / NRRL Y-1140 / WM37),284590,SPC29
sp|Q6CRT8|PSF2_KLULA,162,NES,Kluyveromyces lactis (strain ATCC 8585 / CBS 2359 / DSM 70799 / NBRC 1267 / NRRL Y-1140 / WM37),284590,PSF2
sp|Q6CRT8|PSF2_KLULA,170,NLS,Kluyveromyces lactis (strain ATCC 8585 / CBS 2359 / DSM 70799 / NBRC 1267 / NRRL Y-1140 / WM37),284590,PSF2
sp|Q6CRT8|PSF2_KLULA,198,NDT,Kluyveromyces lactis (strain ATCC 8585 / CBS 2359 / DSM 70799 / NBRC 1267 / NRRL Y-1140 / WM37),284590,PSF2
sp|Q6CRV9|AIM44_KLULA,14,NGS,Kluyveromyces lactis (strain ATCC 8585 / CBS 2359 / DSM 70799 / NBRC 1267 / NRRL Y-1140 / WM37),284590,AIM44
sp|Q6CRV9|AIM44_KLULA,73,NSS,Kluyveromyces lactis (strain ATCC 8585 / CBS 2359 / DSM 70799 / NBRC 1267 / NRRL Y-1140 / WM37),284590,AIM44
sp|Q6CRV9|AIM44_KLULA,83,NIS,Kluyveromyces lactis (strain ATCC 8585 / CBS 2359 / DSM 70799 / NBRC 1267 / NRRL Y-1140 / WM37),284590,AIM44
sp|Q6CRV9|AIM44_KLULA,87,NTT,Kluyveromyces lactis (strain ATCC 8585 / CBS 2359 / DSM 70799 / NBRC 1267 / NRRL Y-1140 / WM37),284590,AIM44
sp|Q6CRV9|AIM44_KLULA,172,NIS,Kluyveromyces lactis (strain ATCC 8585 / CBS 2359 / DSM 70799 / NBRC 1267 / NRRL Y-1140 / WM37),284590,AIM44
sp|Q6CRV9|AIM44_KLULA,183,NST,Kluyveromyces lactis (strain ATCC 8585 / CBS 2359 / DSM 70799 / NBRC 1267 / NRRL Y-1140 / WM37),284590,AIM44
sp|Q6CRV9|AIM44_KLULA,200,NAT,Kluyveromyces lactis (strain ATCC 8585 / CBS 2359 / DSM 70799 / NBRC 1267 / NRRL Y-1140 / WM37),284590,AIM44
sp|Q6CRV9|AIM44_KLULA,203,NLS,Kluyveromyces lactis (strain ATCC 8585 / CBS 2359 / DSM 70799 / NBRC 1267 / NRRL Y-1140 / WM37),284590,AIM44
sp|Q6CRV9|AIM44_KLULA,361,NSS,Kluyveromyces lactis (strain ATCC 8585 / CBS 2359 / DSM 70799 / NBRC 1267 / NRRL Y-1140 / WM37),284590,AIM44
sp|Q6CRV9|AIM44_KLULA,532,NDS,Kluyveromyces lactis (strain ATCC 8585 / CBS 2359 / DSM 70799 / NBRC 1267 / NRRL Y-1140 / WM37),284590,AIM44
sp|Q6CRV9|AIM44_KLULA,583,NLT,Kluyveromyces lactis (strain ATCC 8585 / CBS 2359 / DSM 70799 / NBRC 1267 / NRRL Y-1140 / WM37),284590,AIM44
sp|Q6CRY0|RFU1_KLULA,70,NTS,Kluyveromyces lactis (strain ATCC 8585 / CBS 2359 / DSM 70799 / NBRC 1267 / NRRL Y-1140 / WM37),284590,RFU1
sp|Q6CRY0|RFU1_KLULA,146,NQS,Kluyveromyces lactis (strain ATCC 8585 / CBS 2359 / DSM 70799 / NBRC 1267 / NRRL Y-1140 / WM37),284590,RFU1
sp|Q6CRY0|RFU1_KLULA,153,NHS,Kluyveromyces lactis (strain ATCC 8585 / CBS 2359 / DSM 70799 / NBRC 1267 / NRRL Y-1140 / WM37),284590,RFU1
sp|Q6CRY0|RFU1_KLULA,176,NAT,Kluyveromyces lactis (strain ATCC 8585 / CBS 2359 / DSM 70799 / NBRC 1267 / NRRL Y-1140 / WM37),284590,RFU1
sp|Q6CRY2|MED14_KLULA,12,NET,Kluyveromyces lactis (strain ATCC 8585 / CBS 2359 / DSM 70799 / NBRC 1267 / NRRL Y-1140 / WM37),284590,RGR1
sp|Q6CRY2|MED14_KLULA,47,NLT,Kluyveromyces lactis (strain ATCC 8585 / CBS 2359 / DSM 70799 / NBRC 1267 / NRRL Y-1140 / WM37),284590,RGR1
sp|Q6CRY2|MED14_KLULA,126,NCT,Kluyveromyces lactis (strain ATCC 8585 / CBS 2359 / DSM 70799 / NBRC 1267 / NRRL Y-1140 / WM37),284590,RGR1
sp|Q6CRY2|MED14_KLULA,170,NGS,Kluyveromyces lactis (strain ATCC 8585 / CBS 2359 / DSM 70799 / NBRC 1267 / NRRL Y-1140 / WM37),284590,RGR1
sp|Q6CRY2|MED14_KLULA,176,NLT,Kluyveromyces lactis (strain ATCC 8585 / CBS 2359 / DSM 70799 / NBRC 1267 / NRRL Y-1140 / WM37),284590,RGR1
sp|Q6CRY2|MED14_KLULA,453,NQS,Kluyveromyces lactis (strain ATCC 8585 / CBS 2359 / DSM 70799 / NBRC 1267 / NRRL Y-1140 / WM37),284590,RGR1
sp|Q6CRY2|MED14_KLULA,628,NIT,Kluyveromyces lactis (strain ATCC 8585 / CBS 2359 / DSM 70799 / NBRC 1267 / NRRL Y-1140 / WM37),284590,RGR1
sp|Q6CRY2|MED14_KLULA,924,NTT,Kluyveromyces lactis (strain ATCC 8585 / CBS 2359 / DSM 70799 / NBRC 1267 / NRRL Y-1140 / WM37),284590,RGR1
sp|Q6CRY6|FYV7_KLULA,21,NLT,Kluyveromyces lactis (strain ATCC 8585 / CBS 2359 / DSM 70799 / NBRC 1267 / NRRL Y-1140 / WM37),284590,FYV7
sp|Q6CRY8|SCP3_KLULA,125,NAT,Kluyveromyces lactis (strain ATCC 8585 / CBS 2359 / DSM 70799 / NBRC 1267 / NRRL Y-1140 / WM37),284590,SPC3
sp|Q6CS52|OCA5_KLULA,479,NAS,Kluyveromyces lactis (strain ATCC 8585 / CBS 2359 / DSM 70799 / NBRC 1267 / NRRL Y-1140 / WM37),284590,OCA5
sp|Q6CS73|MPS2_KLULA,27,NRT,Kluyveromyces lactis (strain ATCC 8585 / CBS 2359 / DSM 70799 / NBRC 1267 / NRRL Y-1140 / WM37),284590,MPS2
sp|Q6CS73|MPS2_KLULA,307,NSS,Kluyveromyces lactis (strain ATCC 8585 / CBS 2359 / DSM 70799 / NBRC 1267 / NRRL Y-1140 / WM37),284590,MPS2
sp|Q6CS99|ATG17_KLULA,277,NET,Kluyveromyces lactis (strain ATCC 8585 / CBS 2359 / DSM 70799 / NBRC 1267 / NRRL Y-1140 / WM37),284590,ATG17
sp|Q6CSB9|ARP4_KLULA,77,NST,Kluyveromyces lactis (strain ATCC 8585 / CBS 2359 / DSM 70799 / NBRC 1267 / NRRL Y-1140 / WM37),284590,ARP4
sp|Q6CSB9|ARP4_KLULA,142,NSS,Kluyveromyces lactis (strain ATCC 8585 / CBS 2359 / DSM 70799 / NBRC 1267 / NRRL Y-1140 / WM37),284590,ARP4
sp|Q6CSB9|ARP4_KLULA,226,NES,Kluyveromyces lactis (strain ATCC 8585 / CBS 2359 / DSM 70799 / NBRC 1267 / NRRL Y-1140 / WM37),284590,ARP4
sp|Q6CSB9|ARP4_KLULA,392,NES,Kluyveromyces lactis (strain ATCC 8585 / CBS 2359 / DSM 70799 / NBRC 1267 / NRRL Y-1140 / WM37),284590,ARP4
sp|Q6CSB9|ARP4_KLULA,421,NKS,Kluyveromyces lactis (strain ATCC 8585 / CBS 2359 / DSM 70799 / NBRC 1267 / NRRL Y-1140 / WM37),284590,ARP4
sp|Q6CSB9|ARP4_KLULA,460,NKS,Kluyveromyces lactis (strain ATCC 8585 / CBS 2359 / DSM 70799 / NBRC 1267 / NRRL Y-1140 / WM37),284590,ARP4
sp|Q6CSC1|IML2_KLULA,176,NAS,Kluyveromyces lactis (strain ATCC 8585 / CBS 2359 / DSM 70799 / NBRC 1267 / NRRL Y-1140 / WM37),284590,IML2
sp|Q6CSC1|IML2_KLULA,192,NES,Kluyveromyces lactis (strain ATCC 8585 / CBS 2359 / DSM 70799 / NBRC 1267 / NRRL Y-1140 / WM37),284590,IML2
sp|Q6CSC1|IML2_KLULA,593,NLS,Kluyveromyces lactis (strain ATCC 8585 / CBS 2359 / DSM 70799 / NBRC 1267 / NRRL Y-1140 / WM37),284590,IML2
sp|Q6CSC2|IRS4_KLULA,150,NGS,Kluyveromyces lactis (strain ATCC 8585 / CBS 2359 / DSM 70799 / NBRC 1267 / NRRL Y-1140 / WM37),284590,IRS4
sp|Q6CSC2|IRS4_KLULA,157,NSS,Kluyveromyces lactis (strain ATCC 8585 / CBS 2359 / DSM 70799 / NBRC 1267 / NRRL Y-1140 / WM37),284590,IRS4
sp|Q6CSC2|IRS4_KLULA,308,NGT,Kluyveromyces lactis (strain ATCC 8585 / CBS 2359 / DSM 70799 / NBRC 1267 / NRRL Y-1140 / WM37),284590,IRS4
sp|Q6CSC2|IRS4_KLULA,396,NNS,Kluyveromyces lactis (strain ATCC 8585 / CBS 2359 / DSM 70799 / NBRC 1267 / NRRL Y-1140 / WM37),284590,IRS4
sp|Q6CSC2|IRS4_KLULA,401,NHS,Kluyveromyces lactis (strain ATCC 8585 / CBS 2359 / DSM 70799 / NBRC 1267 / NRRL Y-1140 / WM37),284590,IRS4
sp|Q6CSC2|IRS4_KLULA,548,NLS,Kluyveromyces lactis (strain ATCC 8585 / CBS 2359 / DSM 70799 / NBRC 1267 / NRRL Y-1140 / WM37),284590,IRS4
sp|Q6CSD1|SEC9_KLULA,83,NNS,Kluyveromyces lactis (strain ATCC 8585 / CBS 2359 / DSM 70799 / NBRC 1267 / NRRL Y-1140 / WM37),284590,SEC9
sp|Q6CSD1|SEC9_KLULA,97,NAS,Kluyveromyces lactis (strain ATCC 8585 / CBS 2359 / DSM 70799 / NBRC 1267 / NRRL Y-1140 / WM37),284590,SEC9
sp|Q6CSD1|SEC9_KLULA,116,NAS,Kluyveromyces lactis (strain ATCC 8585 / CBS 2359 / DSM 70799 / NBRC 1267 / NRRL Y-1140 / WM37),284590,SEC9
sp|Q6CSD1|SEC9_KLULA,130,NAS,Kluyveromyces lactis (strain ATCC 8585 / CBS 2359 / DSM 70799 / NBRC 1267 / NRRL Y-1140 / WM37),284590,SEC9
sp|Q6CSD1|SEC9_KLULA,155,NNS,Kluyveromyces lactis (strain ATCC 8585 / CBS 2359 / DSM 70799 / NBRC 1267 / NRRL Y-1140 / WM37),284590,SEC9
sp|Q6CSD1|SEC9_KLULA,160,NKS,Kluyveromyces lactis (strain ATCC 8585 / CBS 2359 / DSM 70799 / NBRC 1267 / NRRL Y-1140 / WM37),284590,SEC9
sp|Q6CSD1|SEC9_KLULA,268,NET,Kluyveromyces lactis (strain ATCC 8585 / CBS 2359 / DSM 70799 / NBRC 1267 / NRRL Y-1140 / WM37),284590,SEC9
sp|Q6CSD1|SEC9_KLULA,293,NNS,Kluyveromyces lactis (strain ATCC 8585 / CBS 2359 / DSM 70799 / NBRC 1267 / NRRL Y-1140 / WM37),284590,SEC9
sp|Q6CSD1|SEC9_KLULA,548,NTT,Kluyveromyces lactis (strain ATCC 8585 / CBS 2359 / DSM 70799 / NBRC 1267 / NRRL Y-1140 / WM37),284590,SEC9
sp|Q6CSF8|AEP2_KLULA,121,NKT,Kluyveromyces lactis (strain ATCC 8585 / CBS 2359 / DSM 70799 / NBRC 1267 / NRRL Y-1140 / WM37),284590,AEP2
sp|Q6CSF8|AEP2_KLULA,226,NAS,Kluyveromyces lactis (strain ATCC 8585 / CBS 2359 / DSM 70799 / NBRC 1267 / NRRL Y-1140 / WM37),284590,AEP2
sp|Q6CSF8|AEP2_KLULA,297,NVT,Kluyveromyces lactis (strain ATCC 8585 / CBS 2359 / DSM 70799 / NBRC 1267 / NRRL Y-1140 / WM37),284590,AEP2
sp|Q6CSF8|AEP2_KLULA,329,NIT,Kluyveromyces lactis (strain ATCC 8585 / CBS 2359 / DSM 70799 / NBRC 1267 / NRRL Y-1140 / WM37),284590,AEP2
sp|Q6CSF8|AEP2_KLULA,493,NES,Kluyveromyces lactis (strain ATCC 8585 / CBS 2359 / DSM 70799 / NBRC 1267 / NRRL Y-1140 / WM37),284590,AEP2
sp|Q6CSG8|U507_KLULA,110,NST,Kluyveromyces lactis (strain ATCC 8585 / CBS 2359 / DSM 70799 / NBRC 1267 / NRRL Y-1140 / WM37),284590,KLLA0D01133g
sp|Q6CSG8|U507_KLULA,144,NYT,Kluyveromyces lactis (strain ATCC 8585 / CBS 2359 / DSM 70799 / NBRC 1267 / NRRL Y-1140 / WM37),284590,KLLA0D01133g
sp|Q6CSI1|HAT2_KLULA,89,NVT,Kluyveromyces lactis (strain ATCC 8585 / CBS 2359 / DSM 70799 / NBRC 1267 / NRRL Y-1140 / WM37),284590,HAT2
sp|Q6CSI1|HAT2_KLULA,204,NKS,Kluyveromyces lactis (strain ATCC 8585 / CBS 2359 / DSM 70799 / NBRC 1267 / NRRL Y-1140 / WM37),284590,HAT2
sp|Q6CSN3|PUL1_KLULA,128,NTS,Kluyveromyces lactis (strain ATCC 8585 / CBS 2359 / DSM 70799 / NBRC 1267 / NRRL Y-1140 / WM37),284590,PUL1
sp|Q6CSN3|PUL1_KLULA,182,NVT,Kluyveromyces lactis (strain ATCC 8585 / CBS 2359 / DSM 70799 / NBRC 1267 / NRRL Y-1140 / WM37),284590,PUL1
sp|Q6CSN3|PUL1_KLULA,296,NVS,Kluyveromyces lactis (strain ATCC 8585 / CBS 2359 / DSM 70799 / NBRC 1267 / NRRL Y-1140 / WM37),284590,PUL1
sp|Q6CSN3|PUL1_KLULA,316,NET,Kluyveromyces lactis (strain ATCC 8585 / CBS 2359 / DSM 70799 / NBRC 1267 / NRRL Y-1140 / WM37),284590,PUL1
sp|Q6CSP9|NOG2_KLULA,168,NKT,Kluyveromyces lactis (strain ATCC 8585 / CBS 2359 / DSM 70799 / NBRC 1267 / NRRL Y-1140 / WM37),284590,NOG2
sp|Q6CSP9|NOG2_KLULA,247,NET,Kluyveromyces lactis (strain ATCC 8585 / CBS 2359 / DSM 70799 / NBRC 1267 / NRRL Y-1140 / WM37),284590,NOG2
sp|Q6CSR7|SFH1_KLULA,259,NNS,Kluyveromyces lactis (strain ATCC 8585 / CBS 2359 / DSM 70799 / NBRC 1267 / NRRL Y-1140 / WM37),284590,SFH1
sp|Q6CSR7|SFH1_KLULA,293,NLT,Kluyveromyces lactis (strain ATCC 8585 / CBS 2359 / DSM 70799 / NBRC 1267 / NRRL Y-1140 / WM37),284590,SFH1
sp|Q6CSS3|SWC4_KLULA,136,NNS,Kluyveromyces lactis (strain ATCC 8585 / CBS 2359 / DSM 70799 / NBRC 1267 / NRRL Y-1140 / WM37),284590,SWC4
sp|Q6CSS3|SWC4_KLULA,169,NGT,Kluyveromyces lactis (strain ATCC 8585 / CBS 2359 / DSM 70799 / NBRC 1267 / NRRL Y-1140 / WM37),284590,SWC4
sp|Q6CST6|SNU71_KLULA,64,NET,Kluyveromyces lactis (strain ATCC 8585 / CBS 2359 / DSM 70799 / NBRC 1267 / NRRL Y-1140 / WM37),284590,SNU71
sp|Q6CST6|SNU71_KLULA,131,NET,Kluyveromyces lactis (strain ATCC 8585 / CBS 2359 / DSM 70799 / NBRC 1267 / NRRL Y-1140 / WM37),284590,SNU71
sp|Q6CST6|SNU71_KLULA,175,NGS,Kluyveromyces lactis (strain ATCC 8585 / CBS 2359 / DSM 70799 / NBRC 1267 / NRRL Y-1140 / WM37),284590,SNU71
sp|Q6CSY3|ALO_KLULA,152,NLT,Kluyveromyces lactis (strain ATCC 8585 / CBS 2359 / DSM 70799 / NBRC 1267 / NRRL Y-1140 / WM37),284590,ALO1
sp|Q6CSY3|ALO_KLULA,365,NTT,Kluyveromyces lactis (strain ATCC 8585 / CBS 2359 / DSM 70799 / NBRC 1267 / NRRL Y-1140 / WM37),284590,ALO1
sp|Q6CSY3|ALO_KLULA,377,NRT,Kluyveromyces lactis (strain ATCC 8585 / CBS 2359 / DSM 70799 / NBRC 1267 / NRRL Y-1140 / WM37),284590,ALO1
sp|Q6CSY3|ALO_KLULA,420,NAT,Kluyveromyces lactis (strain ATCC 8585 / CBS 2359 / DSM 70799 / NBRC 1267 / NRRL Y-1140 / WM37),284590,ALO1
sp|Q6CT00|CMR1_KLULA,29,NVS,Kluyveromyces lactis (strain ATCC 8585 / CBS 2359 / DSM 70799 / NBRC 1267 / NRRL Y-1140 / WM37),284590,KLLA0C16533g
sp|Q6CT00|CMR1_KLULA,147,NFS,Kluyveromyces lactis (strain ATCC 8585 / CBS 2359 / DSM 70799 / NBRC 1267 / NRRL Y-1140 / WM37),284590,KLLA0C16533g
sp|Q6CT00|CMR1_KLULA,503,NSS,Kluyveromyces lactis (strain ATCC 8585 / CBS 2359 / DSM 70799 / NBRC 1267 / NRRL Y-1140 / WM37),284590,KLLA0C16533g
sp|Q6CT09|NOP14_KLULA,105,NRS,Kluyveromyces lactis (strain ATCC 8585 / CBS 2359 / DSM 70799 / NBRC 1267 / NRRL Y-1140 / WM37),284590,NOP14
sp|Q6CT09|NOP14_KLULA,121,NLT,Kluyveromyces lactis (strain ATCC 8585 / CBS 2359 / DSM 70799 / NBRC 1267 / NRRL Y-1140 / WM37),284590,NOP14
sp|Q6CT09|NOP14_KLULA,625,NLS,Kluyveromyces lactis (strain ATCC 8585 / CBS 2359 / DSM 70799 / NBRC 1267 / NRRL Y-1140 / WM37),284590,NOP14
sp|Q6CT09|NOP14_KLULA,634,NWS,Kluyveromyces lactis (strain ATCC 8585 / CBS 2359 / DSM 70799 / NBRC 1267 / NRRL Y-1140 / WM37),284590,NOP14
sp|Q6CT43|SLX9_KLULA,52,NKS,Kluyveromyces lactis (strain ATCC 8585 / CBS 2359 / DSM 70799 / NBRC 1267 / NRRL Y-1140 / WM37),284590,SLX9
sp|Q6CT43|SLX9_KLULA,67,NLT,Kluyveromyces lactis (strain ATCC 8585 / CBS 2359 / DSM 70799 / NBRC 1267 / NRRL Y-1140 / WM37),284590,SLX9
sp|Q6CT43|SLX9_KLULA,123,NSS,Kluyveromyces lactis (strain ATCC 8585 / CBS 2359 / DSM 70799 / NBRC 1267 / NRRL Y-1140 / WM37),284590,SLX9
sp|Q6CT43|SLX9_KLULA,179,NET,Kluyveromyces lactis (strain ATCC 8585 / CBS 2359 / DSM 70799 / NBRC 1267 / NRRL Y-1140 / WM37),284590,SLX9
sp|Q6CT72|CG121_KLULA,25,NVT,Kluyveromyces lactis (strain ATCC 8585 / CBS 2359 / DSM 70799 / NBRC 1267 / NRRL Y-1140 / WM37),284590,CGI121
sp|Q6CT72|CG121_KLULA,28,NSS,Kluyveromyces lactis (strain ATCC 8585 / CBS 2359 / DSM 70799 / NBRC 1267 / NRRL Y-1140 / WM37),284590,CGI121
sp|Q6CT72|CG121_KLULA,123,NAS,Kluyveromyces lactis (strain ATCC 8585 / CBS 2359 / DSM 70799 / NBRC 1267 / NRRL Y-1140 / WM37),284590,CGI121
sp|Q6CT73|TFB3_KLULA,90,NKT,Kluyveromyces lactis (strain ATCC 8585 / CBS 2359 / DSM 70799 / NBRC 1267 / NRRL Y-1140 / WM37),284590,TFB3
sp|Q6CT73|TFB3_KLULA,272,NDS,Kluyveromyces lactis (strain ATCC 8585 / CBS 2359 / DSM 70799 / NBRC 1267 / NRRL Y-1140 / WM37),284590,TFB3
sp|Q6CT76|MED21_KLULA,36,NDS,Kluyveromyces lactis (strain ATCC 8585 / CBS 2359 / DSM 70799 / NBRC 1267 / NRRL Y-1140 / WM37),284590,SRB7
sp|Q6CT76|MED21_KLULA,134,NES,Kluyveromyces lactis (strain ATCC 8585 / CBS 2359 / DSM 70799 / NBRC 1267 / NRRL Y-1140 / WM37),284590,SRB7
sp|Q6CT96|GNT1B_KLULA,108,NDS,Kluyveromyces lactis (strain ATCC 8585 / CBS 2359 / DSM 70799 / NBRC 1267 / NRRL Y-1140 / WM37),284590,GNT1-B
sp|Q6CT96|GNT1B_KLULA,126,NKS,Kluyveromyces lactis (strain ATCC 8585 / CBS 2359 / DSM 70799 / NBRC 1267 / NRRL Y-1140 / WM37),284590,GNT1-B
sp|Q6CT96|GNT1B_KLULA,176,NLT,Kluyveromyces lactis (strain ATCC 8585 / CBS 2359 / DSM 70799 / NBRC 1267 / NRRL Y-1140 / WM37),284590,GNT1-B
sp|Q6CTA7|PXR1_KLULA,18,NTT,Kluyveromyces lactis (strain ATCC 8585 / CBS 2359 / DSM 70799 / NBRC 1267 / NRRL Y-1140 / WM37),284590,PXR1
sp|Q6CTA7|PXR1_KLULA,23,NNT,Kluyveromyces lactis (strain ATCC 8585 / CBS 2359 / DSM 70799 / NBRC 1267 / NRRL Y-1140 / WM37),284590,PXR1
sp|Q6CTB6|YME2_KLULA,88,NQT,Kluyveromyces lactis (strain ATCC 8585 / CBS 2359 / DSM 70799 / NBRC 1267 / NRRL Y-1140 / WM37),284590,YME2
sp|Q6CTB6|YME2_KLULA,135,NYT,Kluyveromyces lactis (strain ATCC 8585 / CBS 2359 / DSM 70799 / NBRC 1267 / NRRL Y-1140 / WM37),284590,YME2
sp|Q6CTB6|YME2_KLULA,268,NHT,Kluyveromyces lactis (strain ATCC 8585 / CBS 2359 / DSM 70799 / NBRC 1267 / NRRL Y-1140 / WM37),284590,YME2
sp|Q6CTB6|YME2_KLULA,363,NNT,Kluyveromyces lactis (strain ATCC 8585 / CBS 2359 / DSM 70799 / NBRC 1267 / NRRL Y-1140 / WM37),284590,YME2
sp|Q6CTB6|YME2_KLULA,675,NGS,Kluyveromyces lactis (strain ATCC 8585 / CBS 2359 / DSM 70799 / NBRC 1267 / NRRL Y-1140 / WM37),284590,YME2
sp|Q6CTC3|NST1_KLULA,197,NGS,Kluyveromyces lactis (strain ATCC 8585 / CBS 2359 / DSM 70799 / NBRC 1267 / NRRL Y-1140 / WM37),284590,NST1
sp|Q6CTC3|NST1_KLULA,200,NNT,Kluyveromyces lactis (strain ATCC 8585 / CBS 2359 / DSM 70799 / NBRC 1267 / NRRL Y-1140 / WM37),284590,NST1
sp|Q6CTC3|NST1_KLULA,231,NDS,Kluyveromyces lactis (strain ATCC 8585 / CBS 2359 / DSM 70799 / NBRC 1267 / NRRL Y-1140 / WM37),284590,NST1
sp|Q6CTC3|NST1_KLULA,249,NAS,Kluyveromyces lactis (strain ATCC 8585 / CBS 2359 / DSM 70799 / NBRC 1267 / NRRL Y-1140 / WM37),284590,NST1
sp|Q6CTC3|NST1_KLULA,308,NKT,Kluyveromyces lactis (strain ATCC 8585 / CBS 2359 / DSM 70799 / NBRC 1267 / NRRL Y-1140 / WM37),284590,NST1
sp|Q6CTC3|NST1_KLULA,521,NKT,Kluyveromyces lactis (strain ATCC 8585 / CBS 2359 / DSM 70799 / NBRC 1267 / NRRL Y-1140 / WM37),284590,NST1
sp|Q6CTC3|NST1_KLULA,634,NVS,Kluyveromyces lactis (strain ATCC 8585 / CBS 2359 / DSM 70799 / NBRC 1267 / NRRL Y-1140 / WM37),284590,NST1
sp|Q6CTC3|NST1_KLULA,866,NNS,Kluyveromyces lactis (strain ATCC 8585 / CBS 2359 / DSM 70799 / NBRC 1267 / NRRL Y-1140 / WM37),284590,NST1
sp|Q6CTC3|NST1_KLULA,1001,NLT,Kluyveromyces lactis (strain ATCC 8585 / CBS 2359 / DSM 70799 / NBRC 1267 / NRRL Y-1140 / WM37),284590,NST1
sp|Q6CTC3|NST1_KLULA,1253,NQT,Kluyveromyces lactis (strain ATCC 8585 / CBS 2359 / DSM 70799 / NBRC 1267 / NRRL Y-1140 / WM37),284590,NST1
sp|Q6CTE6|MIC27_KLULA,27,NNS,Kluyveromyces lactis (strain ATCC 8585 / CBS 2359 / DSM 70799 / NBRC 1267 / NRRL Y-1140 / WM37),284590,MIC27
sp|Q6CTE6|MIC27_KLULA,217,NQS,Kluyveromyces lactis (strain ATCC 8585 / CBS 2359 / DSM 70799 / NBRC 1267 / NRRL Y-1140 / WM37),284590,MIC27
sp|Q6CTF5|MSC6_KLULA,22,NVS,Kluyveromyces lactis (strain ATCC 8585 / CBS 2359 / DSM 70799 / NBRC 1267 / NRRL Y-1140 / WM37),284590,MSC6
sp|Q6CTF5|MSC6_KLULA,30,NAT,Kluyveromyces lactis (strain ATCC 8585 / CBS 2359 / DSM 70799 / NBRC 1267 / NRRL Y-1140 / WM37),284590,MSC6
sp|Q6CTF5|MSC6_KLULA,33,NGS,Kluyveromyces lactis (strain ATCC 8585 / CBS 2359 / DSM 70799 / NBRC 1267 / NRRL Y-1140 / WM37),284590,MSC6
sp|Q6CTF5|MSC6_KLULA,100,NSS,Kluyveromyces lactis (strain ATCC 8585 / CBS 2359 / DSM 70799 / NBRC 1267 / NRRL Y-1140 / WM37),284590,MSC6
sp|Q6CTF5|MSC6_KLULA,185,NNT,Kluyveromyces lactis (strain ATCC 8585 / CBS 2359 / DSM 70799 / NBRC 1267 / NRRL Y-1140 / WM37),284590,MSC6
sp|Q6CTF5|MSC6_KLULA,221,NIT,Kluyveromyces lactis (strain ATCC 8585 / CBS 2359 / DSM 70799 / NBRC 1267 / NRRL Y-1140 / WM37),284590,MSC6
sp|Q6CTF5|MSC6_KLULA,380,NIT,Kluyveromyces lactis (strain ATCC 8585 / CBS 2359 / DSM 70799 / NBRC 1267 / NRRL Y-1140 / WM37),284590,MSC6
sp|Q6CTF5|MSC6_KLULA,508,NES,Kluyveromyces lactis (strain ATCC 8585 / CBS 2359 / DSM 70799 / NBRC 1267 / NRRL Y-1140 / WM37),284590,MSC6
sp|Q6CTF5|MSC6_KLULA,552,NKS,Kluyveromyces lactis (strain ATCC 8585 / CBS 2359 / DSM 70799 / NBRC 1267 / NRRL Y-1140 / WM37),284590,MSC6
sp|Q6CTF5|MSC6_KLULA,555,NDS,Kluyveromyces lactis (strain ATCC 8585 / CBS 2359 / DSM 70799 / NBRC 1267 / NRRL Y-1140 / WM37),284590,MSC6
sp|Q6CTF5|MSC6_KLULA,615,NDT,Kluyveromyces lactis (strain ATCC 8585 / CBS 2359 / DSM 70799 / NBRC 1267 / NRRL Y-1140 / WM37),284590,MSC6
sp|Q6CTF5|MSC6_KLULA,668,NNT,Kluyveromyces lactis (strain ATCC 8585 / CBS 2359 / DSM 70799 / NBRC 1267 / NRRL Y-1140 / WM37),284590,MSC6
sp|Q6CTI0|EIS1_KLULA,74,NKT,Kluyveromyces lactis (strain ATCC 8585 / CBS 2359 / DSM 70799 / NBRC 1267 / NRRL Y-1140 / WM37),284590,EIS1
sp|Q6CTI0|EIS1_KLULA,88,NAS,Kluyveromyces lactis (strain ATCC 8585 / CBS 2359 / DSM 70799 / NBRC 1267 / NRRL Y-1140 / WM37),284590,EIS1
sp|Q6CTI0|EIS1_KLULA,143,NSS,Kluyveromyces lactis (strain ATCC 8585 / CBS 2359 / DSM 70799 / NBRC 1267 / NRRL Y-1140 / WM37),284590,EIS1
sp|Q6CTI0|EIS1_KLULA,265,NLT,Kluyveromyces lactis (strain ATCC 8585 / CBS 2359 / DSM 70799 / NBRC 1267 / NRRL Y-1140 / WM37),284590,EIS1
sp|Q6CTI0|EIS1_KLULA,393,NDS,Kluyveromyces lactis (strain ATCC 8585 / CBS 2359 / DSM 70799 / NBRC 1267 / NRRL Y-1140 / WM37),284590,EIS1
sp|Q6CTI7|MZM1_KLULA,89,NET,Kluyveromyces lactis (strain ATCC 8585 / CBS 2359 / DSM 70799 / NBRC 1267 / NRRL Y-1140 / WM37),284590,MZM1
sp|Q6CTM7|PALF_KLULA,65,NET,Kluyveromyces lactis (strain ATCC 8585 / CBS 2359 / DSM 70799 / NBRC 1267 / NRRL Y-1140 / WM37),284590,RIM8
sp|Q6CTM7|PALF_KLULA,207,NSS,Kluyveromyces lactis (strain ATCC 8585 / CBS 2359 / DSM 70799 / NBRC 1267 / NRRL Y-1140 / WM37),284590,RIM8
sp|Q6CTM7|PALF_KLULA,245,NGS,Kluyveromyces lactis (strain ATCC 8585 / CBS 2359 / DSM 70799 / NBRC 1267 / NRRL Y-1140 / WM37),284590,RIM8
sp|Q6CTM7|PALF_KLULA,251,NNS,Kluyveromyces lactis (strain ATCC 8585 / CBS 2359 / DSM 70799 / NBRC 1267 / NRRL Y-1140 / WM37),284590,RIM8
sp|Q6CTM7|PALF_KLULA,257,NAS,Kluyveromyces lactis (strain ATCC 8585 / CBS 2359 / DSM 70799 / NBRC 1267 / NRRL Y-1140 / WM37),284590,RIM8
sp|Q6CTM7|PALF_KLULA,264,NKT,Kluyveromyces lactis (strain ATCC 8585 / CBS 2359 / DSM 70799 / NBRC 1267 / NRRL Y-1140 / WM37),284590,RIM8
sp|Q6CTM7|PALF_KLULA,378,NLS,Kluyveromyces lactis (strain ATCC 8585 / CBS 2359 / DSM 70799 / NBRC 1267 / NRRL Y-1140 / WM37),284590,RIM8
sp|Q6CTM7|PALF_KLULA,445,NVT,Kluyveromyces lactis (strain ATCC 8585 / CBS 2359 / DSM 70799 / NBRC 1267 / NRRL Y-1140 / WM37),284590,RIM8
sp|Q6CTQ5|YIM1_KLULA,11,NSS,Kluyveromyces lactis (strain ATCC 8585 / CBS 2359 / DSM 70799 / NBRC 1267 / NRRL Y-1140 / WM37),284590,YIM1
sp|Q6CTQ5|YIM1_KLULA,267,NIT,Kluyveromyces lactis (strain ATCC 8585 / CBS 2359 / DSM 70799 / NBRC 1267 / NRRL Y-1140 / WM37),284590,YIM1
sp|Q6CTQ9|MED20_KLULA,52,NDT,Kluyveromyces lactis (strain ATCC 8585 / CBS 2359 / DSM 70799 / NBRC 1267 / NRRL Y-1140 / WM37),284590,SRB2
sp|Q6CTQ9|MED20_KLULA,67,NET,Kluyveromyces lactis (strain ATCC 8585 / CBS 2359 / DSM 70799 / NBRC 1267 / NRRL Y-1140 / WM37),284590,SRB2
sp|Q6CTQ9|MED20_KLULA,74,NQS,Kluyveromyces lactis (strain ATCC 8585 / CBS 2359 / DSM 70799 / NBRC 1267 / NRRL Y-1140 / WM37),284590,SRB2
sp|Q6CTS4|MHR1_KLULA,113,NES,Kluyveromyces lactis (strain ATCC 8585 / CBS 2359 / DSM 70799 / NBRC 1267 / NRRL Y-1140 / WM37),284590,MHR1
sp|Q6CTS4|MHR1_KLULA,175,NHT,Kluyveromyces lactis (strain ATCC 8585 / CBS 2359 / DSM 70799 / NBRC 1267 / NRRL Y-1140 / WM37),284590,MHR1
sp|Q6CTS4|MHR1_KLULA,184,NVS,Kluyveromyces lactis (strain ATCC 8585 / CBS 2359 / DSM 70799 / NBRC 1267 / NRRL Y-1140 / WM37),284590,MHR1
sp|Q6CTS4|MHR1_KLULA,216,NIS,Kluyveromyces lactis (strain ATCC 8585 / CBS 2359 / DSM 70799 / NBRC 1267 / NRRL Y-1140 / WM37),284590,MHR1
sp|Q6CTS8|BFR2_KLULA,223,NNS,Kluyveromyces lactis (strain ATCC 8585 / CBS 2359 / DSM 70799 / NBRC 1267 / NRRL Y-1140 / WM37),284590,BFR2
sp|Q6CTS8|BFR2_KLULA,256,NQS,Kluyveromyces lactis (strain ATCC 8585 / CBS 2359 / DSM 70799 / NBRC 1267 / NRRL Y-1140 / WM37),284590,BFR2
sp|Q6CTS8|BFR2_KLULA,319,NQS,Kluyveromyces lactis (strain ATCC 8585 / CBS 2359 / DSM 70799 / NBRC 1267 / NRRL Y-1140 / WM37),284590,BFR2
sp|Q6CTS8|BFR2_KLULA,343,NRS,Kluyveromyces lactis (strain ATCC 8585 / CBS 2359 / DSM 70799 / NBRC 1267 / NRRL Y-1140 / WM37),284590,BFR2
sp|Q6CTS8|BFR2_KLULA,459,NYS,Kluyveromyces lactis (strain ATCC 8585 / CBS 2359 / DSM 70799 / NBRC 1267 / NRRL Y-1140 / WM37),284590,BFR2
sp|Q6CTT2|CFT1_KLULA,20,NFT,Kluyveromyces lactis (strain ATCC 8585 / CBS 2359 / DSM 70799 / NBRC 1267 / NRRL Y-1140 / WM37),284590,CFT1
sp|Q6CTT2|CFT1_KLULA,111,NLS,Kluyveromyces lactis (strain ATCC 8585 / CBS 2359 / DSM 70799 / NBRC 1267 / NRRL Y-1140 / WM37),284590,CFT1
sp|Q6CTT2|CFT1_KLULA,202,NFS,Kluyveromyces lactis (strain ATCC 8585 / CBS 2359 / DSM 70799 / NBRC 1267 / NRRL Y-1140 / WM37),284590,CFT1
sp|Q6CTT2|CFT1_KLULA,431,NNT,Kluyveromyces lactis (strain ATCC 8585 / CBS 2359 / DSM 70799 / NBRC 1267 / NRRL Y-1140 / WM37),284590,CFT1
sp|Q6CTT2|CFT1_KLULA,671,NSS,Kluyveromyces lactis (strain ATCC 8585 / CBS 2359 / DSM 70799 / NBRC 1267 / NRRL Y-1140 / WM37),284590,CFT1
sp|Q6CTT2|CFT1_KLULA,929,NST,Kluyveromyces lactis (strain ATCC 8585 / CBS 2359 / DSM 70799 / NBRC 1267 / NRRL Y-1140 / WM37),284590,CFT1
sp|Q6CTT3|GPI11_KLULA,20,NLT,Kluyveromyces lactis (strain ATCC 8585 / CBS 2359 / DSM 70799 / NBRC 1267 / NRRL Y-1140 / WM37),284590,GPI11
sp|Q6CTU5|CLP1_KLULA,88,NKS,Kluyveromyces lactis (strain ATCC 8585 / CBS 2359 / DSM 70799 / NBRC 1267 / NRRL Y-1140 / WM37),284590,CLP1
sp|Q6CTU5|CLP1_KLULA,120,NAS,Kluyveromyces lactis (strain ATCC 8585 / CBS 2359 / DSM 70799 / NBRC 1267 / NRRL Y-1140 / WM37),284590,CLP1
sp|Q6CTU5|CLP1_KLULA,347,NIS,Kluyveromyces lactis (strain ATCC 8585 / CBS 2359 / DSM 70799 / NBRC 1267 / NRRL Y-1140 / WM37),284590,CLP1
sp|Q6CTU5|CLP1_KLULA,369,NSS,Kluyveromyces lactis (strain ATCC 8585 / CBS 2359 / DSM 70799 / NBRC 1267 / NRRL Y-1140 / WM37),284590,CLP1
sp|Q6CTU5|CLP1_KLULA,382,NIS,Kluyveromyces lactis (strain ATCC 8585 / CBS 2359 / DSM 70799 / NBRC 1267 / NRRL Y-1140 / WM37),284590,CLP1
sp|Q6CTU5|CLP1_KLULA,407,NDS,Kluyveromyces lactis (strain ATCC 8585 / CBS 2359 / DSM 70799 / NBRC 1267 / NRRL Y-1140 / WM37),284590,CLP1
sp|Q6CTU8|ATG29_KLULA,136,NLS,Kluyveromyces lactis (strain ATCC 8585 / CBS 2359 / DSM 70799 / NBRC 1267 / NRRL Y-1140 / WM37),284590,ATG29
sp|Q6CTW6|COX10_KLULA,16,NLS,Kluyveromyces lactis (strain ATCC 8585 / CBS 2359 / DSM 70799 / NBRC 1267 / NRRL Y-1140 / WM37),284590,COX10
sp|Q6CTW6|COX10_KLULA,44,NNS,Kluyveromyces lactis (strain ATCC 8585 / CBS 2359 / DSM 70799 / NBRC 1267 / NRRL Y-1140 / WM37),284590,COX10
sp|Q6CTW6|COX10_KLULA,69,NET,Kluyveromyces lactis (strain ATCC 8585 / CBS 2359 / DSM 70799 / NBRC 1267 / NRRL Y-1140 / WM37),284590,COX10
sp|Q6CTW6|COX10_KLULA,89,NDT,Kluyveromyces lactis (strain ATCC 8585 / CBS 2359 / DSM 70799 / NBRC 1267 / NRRL Y-1140 / WM37),284590,COX10
sp|Q6CTW6|COX10_KLULA,360,NVT,Kluyveromyces lactis (strain ATCC 8585 / CBS 2359 / DSM 70799 / NBRC 1267 / NRRL Y-1140 / WM37),284590,COX10
sp|Q6CTW6|COX10_KLULA,391,NYS,Kluyveromyces lactis (strain ATCC 8585 / CBS 2359 / DSM 70799 / NBRC 1267 / NRRL Y-1140 / WM37),284590,COX10
sp|Q6CTW6|COX10_KLULA,399,NKT,Kluyveromyces lactis (strain ATCC 8585 / CBS 2359 / DSM 70799 / NBRC 1267 / NRRL Y-1140 / WM37),284590,COX10
sp|Q6CTY3|ATP23_KLULA,74,NYS,Kluyveromyces lactis (strain ATCC 8585 / CBS 2359 / DSM 70799 / NBRC 1267 / NRRL Y-1140 / WM37),284590,ATP23
sp|Q6CTY3|ATP23_KLULA,237,NDT,Kluyveromyces lactis (strain ATCC 8585 / CBS 2359 / DSM 70799 / NBRC 1267 / NRRL Y-1140 / WM37),284590,ATP23
sp|Q6CTY9|ATX10_KLULA,89,NLS,Kluyveromyces lactis (strain ATCC 8585 / CBS 2359 / DSM 70799 / NBRC 1267 / NRRL Y-1140 / WM37),284590,CTR86
sp|Q6CTY9|ATX10_KLULA,138,NCT,Kluyveromyces lactis (strain ATCC 8585 / CBS 2359 / DSM 70799 / NBRC 1267 / NRRL Y-1140 / WM37),284590,CTR86
sp|Q6CTY9|ATX10_KLULA,228,NLS,Kluyveromyces lactis (strain ATCC 8585 / CBS 2359 / DSM 70799 / NBRC 1267 / NRRL Y-1140 / WM37),284590,CTR86
sp|Q6CTY9|ATX10_KLULA,373,NKS,Kluyveromyces lactis (strain ATCC 8585 / CBS 2359 / DSM 70799 / NBRC 1267 / NRRL Y-1140 / WM37),284590,CTR86
sp|Q6CTY9|ATX10_KLULA,414,NDS,Kluyveromyces lactis (strain ATCC 8585 / CBS 2359 / DSM 70799 / NBRC 1267 / NRRL Y-1140 / WM37),284590,CTR86
sp|Q6CTY9|ATX10_KLULA,479,NNS,Kluyveromyces lactis (strain ATCC 8585 / CBS 2359 / DSM 70799 / NBRC 1267 / NRRL Y-1140 / WM37),284590,CTR86
sp|Q6CU30|RGI1_KLULA,12,NVT,Kluyveromyces lactis (strain ATCC 8585 / CBS 2359 / DSM 70799 / NBRC 1267 / NRRL Y-1140 / WM37),284590,RGI1
sp|Q6CU30|RGI1_KLULA,36,NET,Kluyveromyces lactis (strain ATCC 8585 / CBS 2359 / DSM 70799 / NBRC 1267 / NRRL Y-1140 / WM37),284590,RGI1
sp|Q6CU30|RGI1_KLULA,143,NDS,Kluyveromyces lactis (strain ATCC 8585 / CBS 2359 / DSM 70799 / NBRC 1267 / NRRL Y-1140 / WM37),284590,RGI1
sp|Q6CU48|CSN11_KLULA,26,NES,Kluyveromyces lactis (strain ATCC 8585 / CBS 2359 / DSM 70799 / NBRC 1267 / NRRL Y-1140 / WM37),284590,PCI8
sp|Q6CU48|CSN11_KLULA,167,NET,Kluyveromyces lactis (strain ATCC 8585 / CBS 2359 / DSM 70799 / NBRC 1267 / NRRL Y-1140 / WM37),284590,PCI8
sp|Q6CU48|CSN11_KLULA,381,NET,Kluyveromyces lactis (strain ATCC 8585 / CBS 2359 / DSM 70799 / NBRC 1267 / NRRL Y-1140 / WM37),284590,PCI8
sp|Q6CU52|AIM9_KLULA,113,NLT,Kluyveromyces lactis (strain ATCC 8585 / CBS 2359 / DSM 70799 / NBRC 1267 / NRRL Y-1140 / WM37),284590,AIM9
sp|Q6CU59|YTM1_KLULA,129,NLS,Kluyveromyces lactis (strain ATCC 8585 / CBS 2359 / DSM 70799 / NBRC 1267 / NRRL Y-1140 / WM37),284590,YTM1
sp|Q6CU59|YTM1_KLULA,240,NVS,Kluyveromyces lactis (strain ATCC 8585 / CBS 2359 / DSM 70799 / NBRC 1267 / NRRL Y-1140 / WM37),284590,YTM1
sp|Q6CU59|YTM1_KLULA,345,NSS,Kluyveromyces lactis (strain ATCC 8585 / CBS 2359 / DSM 70799 / NBRC 1267 / NRRL Y-1140 / WM37),284590,YTM1
sp|Q6CU61|DML1_KLULA,6,NVS,Kluyveromyces lactis (strain ATCC 8585 / CBS 2359 / DSM 70799 / NBRC 1267 / NRRL Y-1140 / WM37),284590,DML1
sp|Q6CU61|DML1_KLULA,65,NGS,Kluyveromyces lactis (strain ATCC 8585 / CBS 2359 / DSM 70799 / NBRC 1267 / NRRL Y-1140 / WM37),284590,DML1
sp|Q6CU61|DML1_KLULA,183,NYS,Kluyveromyces lactis (strain ATCC 8585 / CBS 2359 / DSM 70799 / NBRC 1267 / NRRL Y-1140 / WM37),284590,DML1
sp|Q6CU63|PALA_KLULA,26,NNT,Kluyveromyces lactis (strain ATCC 8585 / CBS 2359 / DSM 70799 / NBRC 1267 / NRRL Y-1140 / WM37),284590,RIM20
sp|Q6CU63|PALA_KLULA,215,NCS,Kluyveromyces lactis (strain ATCC 8585 / CBS 2359 / DSM 70799 / NBRC 1267 / NRRL Y-1140 / WM37),284590,RIM20
sp|Q6CU63|PALA_KLULA,483,NVS,Kluyveromyces lactis (strain ATCC 8585 / CBS 2359 / DSM 70799 / NBRC 1267 / NRRL Y-1140 / WM37),284590,RIM20
sp|Q6CU63|PALA_KLULA,642,NDT,Kluyveromyces lactis (strain ATCC 8585 / CBS 2359 / DSM 70799 / NBRC 1267 / NRRL Y-1140 / WM37),284590,RIM20
sp|Q6CU63|PALA_KLULA,650,NES,Kluyveromyces lactis (strain ATCC 8585 / CBS 2359 / DSM 70799 / NBRC 1267 / NRRL Y-1140 / WM37),284590,RIM20
sp|Q6CU86|RRP36_KLULA,30,NDT,Kluyveromyces lactis (strain ATCC 8585 / CBS 2359 / DSM 70799 / NBRC 1267 / NRRL Y-1140 / WM37),284590,RRP36
sp|Q6CU86|RRP36_KLULA,182,NKS,Kluyveromyces lactis (strain ATCC 8585 / CBS 2359 / DSM 70799 / NBRC 1267 / NRRL Y-1140 / WM37),284590,RRP36
sp|Q6CU99|SMP3_KLULA,435,NKT,Kluyveromyces lactis (strain ATCC 8585 / CBS 2359 / DSM 70799 / NBRC 1267 / NRRL Y-1140 / WM37),284590,SMP3
sp|Q6CU99|SMP3_KLULA,500,NVS,Kluyveromyces lactis (strain ATCC 8585 / CBS 2359 / DSM 70799 / NBRC 1267 / NRRL Y-1140 / WM37),284590,SMP3
sp|Q6CUA2|SHE9_KLULA,33,NST,Kluyveromyces lactis (strain ATCC 8585 / CBS 2359 / DSM 70799 / NBRC 1267 / NRRL Y-1140 / WM37),284590,SHE9
sp|Q6CUA2|SHE9_KLULA,56,NET,Kluyveromyces lactis (strain ATCC 8585 / CBS 2359 / DSM 70799 / NBRC 1267 / NRRL Y-1140 / WM37),284590,SHE9
sp|Q6CUA2|SHE9_KLULA,92,NDS,Kluyveromyces lactis (strain ATCC 8585 / CBS 2359 / DSM 70799 / NBRC 1267 / NRRL Y-1140 / WM37),284590,SHE9
sp|Q6CUA2|SHE9_KLULA,95,NDS,Kluyveromyces lactis (strain ATCC 8585 / CBS 2359 / DSM 70799 / NBRC 1267 / NRRL Y-1140 / WM37),284590,SHE9
sp|Q6CUA3|SPP2_KLULA,141,NDS,Kluyveromyces lactis (strain ATCC 8585 / CBS 2359 / DSM 70799 / NBRC 1267 / NRRL Y-1140 / WM37),284590,SPP2
sp|Q6CUA4|MDM32_KLULA,54,NKS,Kluyveromyces lactis (strain ATCC 8585 / CBS 2359 / DSM 70799 / NBRC 1267 / NRRL Y-1140 / WM37),284590,MDM32
sp|Q6CUA4|MDM32_KLULA,230,NLT,Kluyveromyces lactis (strain ATCC 8585 / CBS 2359 / DSM 70799 / NBRC 1267 / NRRL Y-1140 / WM37),284590,MDM32
sp|Q6CUA4|MDM32_KLULA,312,NHS,Kluyveromyces lactis (strain ATCC 8585 / CBS 2359 / DSM 70799 / NBRC 1267 / NRRL Y-1140 / WM37),284590,MDM32
sp|Q6CUA5|PNO1_KLULA,112,NWS,Kluyveromyces lactis (strain ATCC 8585 / CBS 2359 / DSM 70799 / NBRC 1267 / NRRL Y-1140 / WM37),284590,PNO1
sp|Q6CUA5|PNO1_KLULA,218,NAT,Kluyveromyces lactis (strain ATCC 8585 / CBS 2359 / DSM 70799 / NBRC 1267 / NRRL Y-1140 / WM37),284590,PNO1
sp|Q6CUC1|AIM34_KLULA,108,NDS,Kluyveromyces lactis (strain ATCC 8585 / CBS 2359 / DSM 70799 / NBRC 1267 / NRRL Y-1140 / WM37),284590,AIM34
sp|Q6CUC4|MVP1_KLULA,18,NIS,Kluyveromyces lactis (strain ATCC 8585 / CBS 2359 / DSM 70799 / NBRC 1267 / NRRL Y-1140 / WM37),284590,MVP1
sp|Q6CUC4|MVP1_KLULA,28,NSS,Kluyveromyces lactis (strain ATCC 8585 / CBS 2359 / DSM 70799 / NBRC 1267 / NRRL Y-1140 / WM37),284590,MVP1
sp|Q6CUC4|MVP1_KLULA,452,NRS,Kluyveromyces lactis (strain ATCC 8585 / CBS 2359 / DSM 70799 / NBRC 1267 / NRRL Y-1140 / WM37),284590,MVP1
sp|Q6CUC6|TAF4_KLULA,74,NSS,Kluyveromyces lactis (strain ATCC 8585 / CBS 2359 / DSM 70799 / NBRC 1267 / NRRL Y-1140 / WM37),284590,TAF4
sp|Q6CUC6|TAF4_KLULA,168,NIS,Kluyveromyces lactis (strain ATCC 8585 / CBS 2359 / DSM 70799 / NBRC 1267 / NRRL Y-1140 / WM37),284590,TAF4
sp|Q6CUC6|TAF4_KLULA,279,NAT,Kluyveromyces lactis (strain ATCC 8585 / CBS 2359 / DSM 70799 / NBRC 1267 / NRRL Y-1140 / WM37),284590,TAF4
sp|Q6CUC6|TAF4_KLULA,313,NVS,Kluyveromyces lactis (strain ATCC 8585 / CBS 2359 / DSM 70799 / NBRC 1267 / NRRL Y-1140 / WM37),284590,TAF4
sp|Q6CUE1|SDS23_KLULA,206,NLT,Kluyveromyces lactis (strain ATCC 8585 / CBS 2359 / DSM 70799 / NBRC 1267 / NRRL Y-1140 / WM37),284590,SDS23
sp|Q6CUE1|SDS23_KLULA,279,NLS,Kluyveromyces lactis (strain ATCC 8585 / CBS 2359 / DSM 70799 / NBRC 1267 / NRRL Y-1140 / WM37),284590,SDS23
sp|Q6CUE1|SDS23_KLULA,392,NIS,Kluyveromyces lactis (strain ATCC 8585 / CBS 2359 / DSM 70799 / NBRC 1267 / NRRL Y-1140 / WM37),284590,SDS23
sp|Q6CUG3|PALI2_KLULA,177,NLT,Kluyveromyces lactis (strain ATCC 8585 / CBS 2359 / DSM 70799 / NBRC 1267 / NRRL Y-1140 / WM37),284590,KLLA0C05060g
sp|Q6CUI0|EFM7_KLULA,187,NHT,Kluyveromyces lactis (strain ATCC 8585 / CBS 2359 / DSM 70799 / NBRC 1267 / NRRL Y-1140 / WM37),284590,EFM7
sp|Q6CUQ5|CWC25_KLULA,75,NTS,Kluyveromyces lactis (strain ATCC 8585 / CBS 2359 / DSM 70799 / NBRC 1267 / NRRL Y-1140 / WM37),284590,CWC25
sp|Q6CUQ5|CWC25_KLULA,105,NKS,Kluyveromyces lactis (strain ATCC 8585 / CBS 2359 / DSM 70799 / NBRC 1267 / NRRL Y-1140 / WM37),284590,CWC25
sp|Q6CUQ5|CWC25_KLULA,188,NGS,Kluyveromyces lactis (strain ATCC 8585 / CBS 2359 / DSM 70799 / NBRC 1267 / NRRL Y-1140 / WM37),284590,CWC25
sp|Q6CUQ9|DPH4_KLULA,45,NNT,Kluyveromyces lactis (strain ATCC 8585 / CBS 2359 / DSM 70799 / NBRC 1267 / NRRL Y-1140 / WM37),284590,DPH4
sp|Q6CUR6|RTC4_KLULA,6,NAS,Kluyveromyces lactis (strain ATCC 8585 / CBS 2359 / DSM 70799 / NBRC 1267 / NRRL Y-1140 / WM37),284590,RTC4
sp|Q6CUR6|RTC4_KLULA,40,NGS,Kluyveromyces lactis (strain ATCC 8585 / CBS 2359 / DSM 70799 / NBRC 1267 / NRRL Y-1140 / WM37),284590,RTC4
sp|Q6CUS9|CWC23_KLULA,52,NES,Kluyveromyces lactis (strain ATCC 8585 / CBS 2359 / DSM 70799 / NBRC 1267 / NRRL Y-1140 / WM37),284590,CWC23
sp|Q6CUS9|CWC23_KLULA,57,NIT,Kluyveromyces lactis (strain ATCC 8585 / CBS 2359 / DSM 70799 / NBRC 1267 / NRRL Y-1140 / WM37),284590,CWC23
sp|Q6CUS9|CWC23_KLULA,262,NSS,Kluyveromyces lactis (strain ATCC 8585 / CBS 2359 / DSM 70799 / NBRC 1267 / NRRL Y-1140 / WM37),284590,CWC23
sp|Q6CUU2|TOF1_KLULA,134,NKS,Kluyveromyces lactis (strain ATCC 8585 / CBS 2359 / DSM 70799 / NBRC 1267 / NRRL Y-1140 / WM37),284590,TOF1
sp|Q6CUU2|TOF1_KLULA,258,NIT,Kluyveromyces lactis (strain ATCC 8585 / CBS 2359 / DSM 70799 / NBRC 1267 / NRRL Y-1140 / WM37),284590,TOF1
sp|Q6CUU2|TOF1_KLULA,338,NMT,Kluyveromyces lactis (strain ATCC 8585 / CBS 2359 / DSM 70799 / NBRC 1267 / NRRL Y-1140 / WM37),284590,TOF1
sp|Q6CUU2|TOF1_KLULA,363,NTS,Kluyveromyces lactis (strain ATCC 8585 / CBS 2359 / DSM 70799 / NBRC 1267 / NRRL Y-1140 / WM37),284590,TOF1
sp|Q6CUU2|TOF1_KLULA,410,NKT,Kluyveromyces lactis (strain ATCC 8585 / CBS 2359 / DSM 70799 / NBRC 1267 / NRRL Y-1140 / WM37),284590,TOF1
sp|Q6CUU2|TOF1_KLULA,441,NIT,Kluyveromyces lactis (strain ATCC 8585 / CBS 2359 / DSM 70799 / NBRC 1267 / NRRL Y-1140 / WM37),284590,TOF1
sp|Q6CUU2|TOF1_KLULA,463,NAT,Kluyveromyces lactis (strain ATCC 8585 / CBS 2359 / DSM 70799 / NBRC 1267 / NRRL Y-1140 / WM37),284590,TOF1
sp|Q6CUU2|TOF1_KLULA,598,NLT,Kluyveromyces lactis (strain ATCC 8585 / CBS 2359 / DSM 70799 / NBRC 1267 / NRRL Y-1140 / WM37),284590,TOF1
sp|Q6CUU2|TOF1_KLULA,613,NSS,Kluyveromyces lactis (strain ATCC 8585 / CBS 2359 / DSM 70799 / NBRC 1267 / NRRL Y-1140 / WM37),284590,TOF1
sp|Q6CUU2|TOF1_KLULA,629,NHT,Kluyveromyces lactis (strain ATCC 8585 / CBS 2359 / DSM 70799 / NBRC 1267 / NRRL Y-1140 / WM37),284590,TOF1
sp|Q6CUU2|TOF1_KLULA,871,NAT,Kluyveromyces lactis (strain ATCC 8585 / CBS 2359 / DSM 70799 / NBRC 1267 / NRRL Y-1140 / WM37),284590,TOF1
sp|Q6CUU2|TOF1_KLULA,911,NKT,Kluyveromyces lactis (strain ATCC 8585 / CBS 2359 / DSM 70799 / NBRC 1267 / NRRL Y-1140 / WM37),284590,TOF1
sp|Q6CUU2|TOF1_KLULA,963,NGS,Kluyveromyces lactis (strain ATCC 8585 / CBS 2359 / DSM 70799 / NBRC 1267 / NRRL Y-1140 / WM37),284590,TOF1
sp|Q6CUU2|TOF1_KLULA,1009,NES,Kluyveromyces lactis (strain ATCC 8585 / CBS 2359 / DSM 70799 / NBRC 1267 / NRRL Y-1140 / WM37),284590,TOF1
sp|Q6CUU2|TOF1_KLULA,1016,NAS,Kluyveromyces lactis (strain ATCC 8585 / CBS 2359 / DSM 70799 / NBRC 1267 / NRRL Y-1140 / WM37),284590,TOF1
sp|Q6CUU2|TOF1_KLULA,1048,NET,Kluyveromyces lactis (strain ATCC 8585 / CBS 2359 / DSM 70799 / NBRC 1267 / NRRL Y-1140 / WM37),284590,TOF1
sp|Q6CUU2|TOF1_KLULA,1060,NGS,Kluyveromyces lactis (strain ATCC 8585 / CBS 2359 / DSM 70799 / NBRC 1267 / NRRL Y-1140 / WM37),284590,TOF1
sp|Q6CUU2|TOF1_KLULA,1094,NET,Kluyveromyces lactis (strain ATCC 8585 / CBS 2359 / DSM 70799 / NBRC 1267 / NRRL Y-1140 / WM37),284590,TOF1
sp|Q6CUV7|PRM1_KLULA,65,NSS,Kluyveromyces lactis (strain ATCC 8585 / CBS 2359 / DSM 70799 / NBRC 1267 / NRRL Y-1140 / WM37),284590,PRM1
sp|Q6CUV7|PRM1_KLULA,133,NAT,Kluyveromyces lactis (strain ATCC 8585 / CBS 2359 / DSM 70799 / NBRC 1267 / NRRL Y-1140 / WM37),284590,PRM1
sp|Q6CUV7|PRM1_KLULA,143,NGT,Kluyveromyces lactis (strain ATCC 8585 / CBS 2359 / DSM 70799 / NBRC 1267 / NRRL Y-1140 / WM37),284590,PRM1
sp|Q6CUV7|PRM1_KLULA,195,NLT,Kluyveromyces lactis (strain ATCC 8585 / CBS 2359 / DSM 70799 / NBRC 1267 / NRRL Y-1140 / WM37),284590,PRM1
sp|Q6CUV7|PRM1_KLULA,229,NKT,Kluyveromyces lactis (strain ATCC 8585 / CBS 2359 / DSM 70799 / NBRC 1267 / NRRL Y-1140 / WM37),284590,PRM1
sp|Q6CUV7|PRM1_KLULA,250,NAS,Kluyveromyces lactis (strain ATCC 8585 / CBS 2359 / DSM 70799 / NBRC 1267 / NRRL Y-1140 / WM37),284590,PRM1
sp|Q6CUV7|PRM1_KLULA,277,NKS,Kluyveromyces lactis (strain ATCC 8585 / CBS 2359 / DSM 70799 / NBRC 1267 / NRRL Y-1140 / WM37),284590,PRM1
sp|Q6CUV7|PRM1_KLULA,293,NAS,Kluyveromyces lactis (strain ATCC 8585 / CBS 2359 / DSM 70799 / NBRC 1267 / NRRL Y-1140 / WM37),284590,PRM1
sp|Q6CUV7|PRM1_KLULA,447,NDT,Kluyveromyces lactis (strain ATCC 8585 / CBS 2359 / DSM 70799 / NBRC 1267 / NRRL Y-1140 / WM37),284590,PRM1
sp|Q6CUV7|PRM1_KLULA,466,NDT,Kluyveromyces lactis (strain ATCC 8585 / CBS 2359 / DSM 70799 / NBRC 1267 / NRRL Y-1140 / WM37),284590,PRM1
sp|Q6CUV7|PRM1_KLULA,482,NTT,Kluyveromyces lactis (strain ATCC 8585 / CBS 2359 / DSM 70799 / NBRC 1267 / NRRL Y-1140 / WM37),284590,PRM1
sp|Q6CUV7|PRM1_KLULA,488,NGT,Kluyveromyces lactis (strain ATCC 8585 / CBS 2359 / DSM 70799 / NBRC 1267 / NRRL Y-1140 / WM37),284590,PRM1
sp|Q6CUV7|PRM1_KLULA,507,NGT,Kluyveromyces lactis (strain ATCC 8585 / CBS 2359 / DSM 70799 / NBRC 1267 / NRRL Y-1140 / WM37),284590,PRM1
sp|Q6CUV7|PRM1_KLULA,549,NGS,Kluyveromyces lactis (strain ATCC 8585 / CBS 2359 / DSM 70799 / NBRC 1267 / NRRL Y-1140 / WM37),284590,PRM1
sp|Q6CUV7|PRM1_KLULA,560,NLT,Kluyveromyces lactis (strain ATCC 8585 / CBS 2359 / DSM 70799 / NBRC 1267 / NRRL Y-1140 / WM37),284590,PRM1
sp|Q6CUV7|PRM1_KLULA,565,NST,Kluyveromyces lactis (strain ATCC 8585 / CBS 2359 / DSM 70799 / NBRC 1267 / NRRL Y-1140 / WM37),284590,PRM1
sp|Q6CUV7|PRM1_KLULA,576,NST,Kluyveromyces lactis (strain ATCC 8585 / CBS 2359 / DSM 70799 / NBRC 1267 / NRRL Y-1140 / WM37),284590,PRM1
sp|Q6CUV9|LCD1_KLULA,112,NSS,Kluyveromyces lactis (strain ATCC 8585 / CBS 2359 / DSM 70799 / NBRC 1267 / NRRL Y-1140 / WM37),284590,LCD1
sp|Q6CUV9|LCD1_KLULA,357,NFT,Kluyveromyces lactis (strain ATCC 8585 / CBS 2359 / DSM 70799 / NBRC 1267 / NRRL Y-1140 / WM37),284590,LCD1
sp|Q6CUV9|LCD1_KLULA,373,NVT,Kluyveromyces lactis (strain ATCC 8585 / CBS 2359 / DSM 70799 / NBRC 1267 / NRRL Y-1140 / WM37),284590,LCD1
sp|Q6CUV9|LCD1_KLULA,431,NHS,Kluyveromyces lactis (strain ATCC 8585 / CBS 2359 / DSM 70799 / NBRC 1267 / NRRL Y-1140 / WM37),284590,LCD1
sp|Q6CUV9|LCD1_KLULA,476,NIT,Kluyveromyces lactis (strain ATCC 8585 / CBS 2359 / DSM 70799 / NBRC 1267 / NRRL Y-1140 / WM37),284590,LCD1
sp|Q6CUV9|LCD1_KLULA,630,NNS,Kluyveromyces lactis (strain ATCC 8585 / CBS 2359 / DSM 70799 / NBRC 1267 / NRRL Y-1140 / WM37),284590,LCD1
sp|Q6CUZ1|ATG22_KLULA,158,NCS,Kluyveromyces lactis (strain ATCC 8585 / CBS 2359 / DSM 70799 / NBRC 1267 / NRRL Y-1140 / WM37),284590,ATG22
sp|Q6CUZ1|ATG22_KLULA,310,NST,Kluyveromyces lactis (strain ATCC 8585 / CBS 2359 / DSM 70799 / NBRC 1267 / NRRL Y-1140 / WM37),284590,ATG22
sp|Q6CUZ6|MGR1_KLULA,42,NTT,Kluyveromyces lactis (strain ATCC 8585 / CBS 2359 / DSM 70799 / NBRC 1267 / NRRL Y-1140 / WM37),284590,MGR1
sp|Q6CUZ6|MGR1_KLULA,248,NMT,Kluyveromyces lactis (strain ATCC 8585 / CBS 2359 / DSM 70799 / NBRC 1267 / NRRL Y-1140 / WM37),284590,MGR1
sp|Q6CV05|ZWINT_KLULA,42,NQT,Kluyveromyces lactis (strain ATCC 8585 / CBS 2359 / DSM 70799 / NBRC 1267 / NRRL Y-1140 / WM37),284590,KRE28
sp|Q6CV05|ZWINT_KLULA,106,NLS,Kluyveromyces lactis (strain ATCC 8585 / CBS 2359 / DSM 70799 / NBRC 1267 / NRRL Y-1140 / WM37),284590,KRE28
sp|Q6CV05|ZWINT_KLULA,111,NES,Kluyveromyces lactis (strain ATCC 8585 / CBS 2359 / DSM 70799 / NBRC 1267 / NRRL Y-1140 / WM37),284590,KRE28
sp|Q6CV11|PBN1_KLULA,44,NQS,Kluyveromyces lactis (strain ATCC 8585 / CBS 2359 / DSM 70799 / NBRC 1267 / NRRL Y-1140 / WM37),284590,PBN1
sp|Q6CV11|PBN1_KLULA,95,NSS,Kluyveromyces lactis (strain ATCC 8585 / CBS 2359 / DSM 70799 / NBRC 1267 / NRRL Y-1140 / WM37),284590,PBN1
sp|Q6CV11|PBN1_KLULA,169,NGT,Kluyveromyces lactis (strain ATCC 8585 / CBS 2359 / DSM 70799 / NBRC 1267 / NRRL Y-1140 / WM37),284590,PBN1
sp|Q6CV11|PBN1_KLULA,375,NST,Kluyveromyces lactis (strain ATCC 8585 / CBS 2359 / DSM 70799 / NBRC 1267 / NRRL Y-1140 / WM37),284590,PBN1
sp|Q6CV83|XPOT_KLULA,12,NSS,Kluyveromyces lactis (strain ATCC 8585 / CBS 2359 / DSM 70799 / NBRC 1267 / NRRL Y-1140 / WM37),284590,LOS1
sp|Q6CV83|XPOT_KLULA,93,NSS,Kluyveromyces lactis (strain ATCC 8585 / CBS 2359 / DSM 70799 / NBRC 1267 / NRRL Y-1140 / WM37),284590,LOS1
sp|Q6CV83|XPOT_KLULA,302,NLT,Kluyveromyces lactis (strain ATCC 8585 / CBS 2359 / DSM 70799 / NBRC 1267 / NRRL Y-1140 / WM37),284590,LOS1
sp|Q6CV83|XPOT_KLULA,341,NDS,Kluyveromyces lactis (strain ATCC 8585 / CBS 2359 / DSM 70799 / NBRC 1267 / NRRL Y-1140 / WM37),284590,LOS1
sp|Q6CV83|XPOT_KLULA,517,NKT,Kluyveromyces lactis (strain ATCC 8585 / CBS 2359 / DSM 70799 / NBRC 1267 / NRRL Y-1140 / WM37),284590,LOS1
sp|Q6CV83|XPOT_KLULA,884,NCT,Kluyveromyces lactis (strain ATCC 8585 / CBS 2359 / DSM 70799 / NBRC 1267 / NRRL Y-1140 / WM37),284590,LOS1
sp|Q6CV83|XPOT_KLULA,1003,NNS,Kluyveromyces lactis (strain ATCC 8585 / CBS 2359 / DSM 70799 / NBRC 1267 / NRRL Y-1140 / WM37),284590,LOS1
sp|Q6CVA8|HSE1_KLULA,234,NST,Kluyveromyces lactis (strain ATCC 8585 / CBS 2359 / DSM 70799 / NBRC 1267 / NRRL Y-1140 / WM37),284590,HSE1
sp|Q6CVA8|HSE1_KLULA,463,NYT,Kluyveromyces lactis (strain ATCC 8585 / CBS 2359 / DSM 70799 / NBRC 1267 / NRRL Y-1140 / WM37),284590,HSE1
sp|Q6CVA8|HSE1_KLULA,500,NMS,Kluyveromyces lactis (strain ATCC 8585 / CBS 2359 / DSM 70799 / NBRC 1267 / NRRL Y-1140 / WM37),284590,HSE1
sp|Q6CVF1|SHE2_KLULA,137,NDS,Kluyveromyces lactis (strain ATCC 8585 / CBS 2359 / DSM 70799 / NBRC 1267 / NRRL Y-1140 / WM37),284590,SHE2
sp|Q6CVK3|SPT6_KLULA,455,NQS,Kluyveromyces lactis (strain ATCC 8585 / CBS 2359 / DSM 70799 / NBRC 1267 / NRRL Y-1140 / WM37),284590,SPT6
sp|Q6CVK3|SPT6_KLULA,498,NSS,Kluyveromyces lactis (strain ATCC 8585 / CBS 2359 / DSM 70799 / NBRC 1267 / NRRL Y-1140 / WM37),284590,SPT6
sp|Q6CVK3|SPT6_KLULA,514,NDT,Kluyveromyces lactis (strain ATCC 8585 / CBS 2359 / DSM 70799 / NBRC 1267 / NRRL Y-1140 / WM37),284590,SPT6
sp|Q6CVK3|SPT6_KLULA,526,NIS,Kluyveromyces lactis (strain ATCC 8585 / CBS 2359 / DSM 70799 / NBRC 1267 / NRRL Y-1140 / WM37),284590,SPT6
sp|Q6CVK3|SPT6_KLULA,678,NTS,Kluyveromyces lactis (strain ATCC 8585 / CBS 2359 / DSM 70799 / NBRC 1267 / NRRL Y-1140 / WM37),284590,SPT6
sp|Q6CVK3|SPT6_KLULA,893,NLT,Kluyveromyces lactis (strain ATCC 8585 / CBS 2359 / DSM 70799 / NBRC 1267 / NRRL Y-1140 / WM37),284590,SPT6
sp|Q6CVK3|SPT6_KLULA,1197,NIS,Kluyveromyces lactis (strain ATCC 8585 / CBS 2359 / DSM 70799 / NBRC 1267 / NRRL Y-1140 / WM37),284590,SPT6
sp|Q6CVK3|SPT6_KLULA,1261,NFT,Kluyveromyces lactis (strain ATCC 8585 / CBS 2359 / DSM 70799 / NBRC 1267 / NRRL Y-1140 / WM37),284590,SPT6
sp|Q6CVK3|SPT6_KLULA,1377,NRS,Kluyveromyces lactis (strain ATCC 8585 / CBS 2359 / DSM 70799 / NBRC 1267 / NRRL Y-1140 / WM37),284590,SPT6
sp|Q6CVK3|SPT6_KLULA,1444,NKT,Kluyveromyces lactis (strain ATCC 8585 / CBS 2359 / DSM 70799 / NBRC 1267 / NRRL Y-1140 / WM37),284590,SPT6
sp|Q6CVK3|SPT6_KLULA,1452,NNS,Kluyveromyces lactis (strain ATCC 8585 / CBS 2359 / DSM 70799 / NBRC 1267 / NRRL Y-1140 / WM37),284590,SPT6
sp|Q6CVN2|JIP5_KLULA,198,NDT,Kluyveromyces lactis (strain ATCC 8585 / CBS 2359 / DSM 70799 / NBRC 1267 / NRRL Y-1140 / WM37),284590,JIP5
sp|Q6CVN2|JIP5_KLULA,247,NES,Kluyveromyces lactis (strain ATCC 8585 / CBS 2359 / DSM 70799 / NBRC 1267 / NRRL Y-1140 / WM37),284590,JIP5
sp|Q6CVN2|JIP5_KLULA,319,NES,Kluyveromyces lactis (strain ATCC 8585 / CBS 2359 / DSM 70799 / NBRC 1267 / NRRL Y-1140 / WM37),284590,JIP5
sp|Q6CVN2|JIP5_KLULA,402,NES,Kluyveromyces lactis (strain ATCC 8585 / CBS 2359 / DSM 70799 / NBRC 1267 / NRRL Y-1140 / WM37),284590,JIP5
sp|Q6CVN2|JIP5_KLULA,451,NES,Kluyveromyces lactis (strain ATCC 8585 / CBS 2359 / DSM 70799 / NBRC 1267 / NRRL Y-1140 / WM37),284590,JIP5
sp|Q6CVS2|AMN1_KLULA,218,NLT,Kluyveromyces lactis (strain ATCC 8585 / CBS 2359 / DSM 70799 / NBRC 1267 / NRRL Y-1140 / WM37),284590,AMN1
sp|Q6CVS3|LGE1_KLULA,95,NST,Kluyveromyces lactis (strain ATCC 8585 / CBS 2359 / DSM 70799 / NBRC 1267 / NRRL Y-1140 / WM37),284590,LGE1
sp|Q6CVT9|AIM3_KLULA,43,NNS,Kluyveromyces lactis (strain ATCC 8585 / CBS 2359 / DSM 70799 / NBRC 1267 / NRRL Y-1140 / WM37),284590,AIM3
sp|Q6CVT9|AIM3_KLULA,545,NES,Kluyveromyces lactis (strain ATCC 8585 / CBS 2359 / DSM 70799 / NBRC 1267 / NRRL Y-1140 / WM37),284590,AIM3
sp|Q6CVT9|AIM3_KLULA,692,NGS,Kluyveromyces lactis (strain ATCC 8585 / CBS 2359 / DSM 70799 / NBRC 1267 / NRRL Y-1140 / WM37),284590,AIM3
sp|Q6CVT9|AIM3_KLULA,706,NSS,Kluyveromyces lactis (strain ATCC 8585 / CBS 2359 / DSM 70799 / NBRC 1267 / NRRL Y-1140 / WM37),284590,AIM3
sp|Q6CVT9|AIM3_KLULA,756,NET,Kluyveromyces lactis (strain ATCC 8585 / CBS 2359 / DSM 70799 / NBRC 1267 / NRRL Y-1140 / WM37),284590,AIM3
sp|Q6CVT9|AIM3_KLULA,811,NES,Kluyveromyces lactis (strain ATCC 8585 / CBS 2359 / DSM 70799 / NBRC 1267 / NRRL Y-1140 / WM37),284590,AIM3
sp|Q6CVT9|AIM3_KLULA,823,NNS,Kluyveromyces lactis (strain ATCC 8585 / CBS 2359 / DSM 70799 / NBRC 1267 / NRRL Y-1140 / WM37),284590,AIM3
sp|Q6CVU5|MED1_KLULA,166,NST,Kluyveromyces lactis (strain ATCC 8585 / CBS 2359 / DSM 70799 / NBRC 1267 / NRRL Y-1140 / WM37),284590,MED1
sp|Q6CVU5|MED1_KLULA,211,NES,Kluyveromyces lactis (strain ATCC 8585 / CBS 2359 / DSM 70799 / NBRC 1267 / NRRL Y-1140 / WM37),284590,MED1
sp|Q6CVU5|MED1_KLULA,245,NET,Kluyveromyces lactis (strain ATCC 8585 / CBS 2359 / DSM 70799 / NBRC 1267 / NRRL Y-1140 / WM37),284590,MED1
sp|Q6CVU5|MED1_KLULA,314,NVT,Kluyveromyces lactis (strain ATCC 8585 / CBS 2359 / DSM 70799 / NBRC 1267 / NRRL Y-1140 / WM37),284590,MED1
sp|Q6CVX2|AIM39_KLULA,31,NHT,Kluyveromyces lactis (strain ATCC 8585 / CBS 2359 / DSM 70799 / NBRC 1267 / NRRL Y-1140 / WM37),284590,AIM39
sp|Q6CVX2|AIM39_KLULA,62,NAS,Kluyveromyces lactis (strain ATCC 8585 / CBS 2359 / DSM 70799 / NBRC 1267 / NRRL Y-1140 / WM37),284590,AIM39
sp|Q6CVX2|AIM39_KLULA,205,NDS,Kluyveromyces lactis (strain ATCC 8585 / CBS 2359 / DSM 70799 / NBRC 1267 / NRRL Y-1140 / WM37),284590,AIM39
sp|Q6CVX9|TFB4_KLULA,167,NTS,Kluyveromyces lactis (strain ATCC 8585 / CBS 2359 / DSM 70799 / NBRC 1267 / NRRL Y-1140 / WM37),284590,TFB4
sp|Q6CVX9|TFB4_KLULA,333,NVS,Kluyveromyces lactis (strain ATCC 8585 / CBS 2359 / DSM 70799 / NBRC 1267 / NRRL Y-1140 / WM37),284590,TFB4
sp|Q6CW19|SOP4_KLULA,32,NVS,Kluyveromyces lactis (strain ATCC 8585 / CBS 2359 / DSM 70799 / NBRC 1267 / NRRL Y-1140 / WM37),284590,SOP4
sp|Q6CW19|SOP4_KLULA,85,NRT,Kluyveromyces lactis (strain ATCC 8585 / CBS 2359 / DSM 70799 / NBRC 1267 / NRRL Y-1140 / WM37),284590,SOP4
sp|Q6CW19|SOP4_KLULA,120,NLS,Kluyveromyces lactis (strain ATCC 8585 / CBS 2359 / DSM 70799 / NBRC 1267 / NRRL Y-1140 / WM37),284590,SOP4
sp|Q6CW35|JJJ2_KLULA,196,NSS,Kluyveromyces lactis (strain ATCC 8585 / CBS 2359 / DSM 70799 / NBRC 1267 / NRRL Y-1140 / WM37),284590,JJJ2
sp|Q6CW35|JJJ2_KLULA,304,NSS,Kluyveromyces lactis (strain ATCC 8585 / CBS 2359 / DSM 70799 / NBRC 1267 / NRRL Y-1140 / WM37),284590,JJJ2
sp|Q6CW35|JJJ2_KLULA,398,NLS,Kluyveromyces lactis (strain ATCC 8585 / CBS 2359 / DSM 70799 / NBRC 1267 / NRRL Y-1140 / WM37),284590,JJJ2
sp|Q6CW35|JJJ2_KLULA,576,NET,Kluyveromyces lactis (strain ATCC 8585 / CBS 2359 / DSM 70799 / NBRC 1267 / NRRL Y-1140 / WM37),284590,JJJ2
sp|Q6CW43|PSF1_KLULA,117,NLS,Kluyveromyces lactis (strain ATCC 8585 / CBS 2359 / DSM 70799 / NBRC 1267 / NRRL Y-1140 / WM37),284590,PSF1
sp|Q6CW75|THG1_KLULA,139,NLT,Kluyveromyces lactis (strain ATCC 8585 / CBS 2359 / DSM 70799 / NBRC 1267 / NRRL Y-1140 / WM37),284590,THG1
sp|Q6CW96|TIM21_KLULA,125,NDT,Kluyveromyces lactis (strain ATCC 8585 / CBS 2359 / DSM 70799 / NBRC 1267 / NRRL Y-1140 / WM37),284590,TIM21
sp|Q6CWA7|ATG23_KLULA,139,NTT,Kluyveromyces lactis (strain ATCC 8585 / CBS 2359 / DSM 70799 / NBRC 1267 / NRRL Y-1140 / WM37),284590,ATG23
sp|Q6CWA7|ATG23_KLULA,154,NSS,Kluyveromyces lactis (strain ATCC 8585 / CBS 2359 / DSM 70799 / NBRC 1267 / NRRL Y-1140 / WM37),284590,ATG23
sp|Q6CWA7|ATG23_KLULA,203,NRT,Kluyveromyces lactis (strain ATCC 8585 / CBS 2359 / DSM 70799 / NBRC 1267 / NRRL Y-1140 / WM37),284590,ATG23
sp|Q6CWA7|ATG23_KLULA,288,NKS,Kluyveromyces lactis (strain ATCC 8585 / CBS 2359 / DSM 70799 / NBRC 1267 / NRRL Y-1140 / WM37),284590,ATG23
sp|Q6CWA7|ATG23_KLULA,298,NFS,Kluyveromyces lactis (strain ATCC 8585 / CBS 2359 / DSM 70799 / NBRC 1267 / NRRL Y-1140 / WM37),284590,ATG23
sp|Q6CWA7|ATG23_KLULA,423,NKT,Kluyveromyces lactis (strain ATCC 8585 / CBS 2359 / DSM 70799 / NBRC 1267 / NRRL Y-1140 / WM37),284590,ATG23
sp|Q6CWB2|DIF1_KLULA,55,NNT,Kluyveromyces lactis (strain ATCC 8585 / CBS 2359 / DSM 70799 / NBRC 1267 / NRRL Y-1140 / WM37),284590,DIF1
sp|Q6CWB2|DIF1_KLULA,65,NGS,Kluyveromyces lactis (strain ATCC 8585 / CBS 2359 / DSM 70799 / NBRC 1267 / NRRL Y-1140 / WM37),284590,DIF1
sp|Q6CWB2|DIF1_KLULA,68,NSS,Kluyveromyces lactis (strain ATCC 8585 / CBS 2359 / DSM 70799 / NBRC 1267 / NRRL Y-1140 / WM37),284590,DIF1
sp|Q6CWC1|OAT_KLULA,8,NLS,Kluyveromyces lactis (strain ATCC 8585 / CBS 2359 / DSM 70799 / NBRC 1267 / NRRL Y-1140 / WM37),284590,CAR2
sp|Q6CWC1|OAT_KLULA,175,NVT,Kluyveromyces lactis (strain ATCC 8585 / CBS 2359 / DSM 70799 / NBRC 1267 / NRRL Y-1140 / WM37),284590,CAR2
sp|Q6CWC4|RM04_KLULA,58,NLT,Kluyveromyces lactis (strain ATCC 8585 / CBS 2359 / DSM 70799 / NBRC 1267 / NRRL Y-1140 / WM37),284590,MRPL4
sp|Q6CWC4|RM04_KLULA,250,NNT,Kluyveromyces lactis (strain ATCC 8585 / CBS 2359 / DSM 70799 / NBRC 1267 / NRRL Y-1140 / WM37),284590,MRPL4
sp|Q6CWC4|RM04_KLULA,285,NGS,Kluyveromyces lactis (strain ATCC 8585 / CBS 2359 / DSM 70799 / NBRC 1267 / NRRL Y-1140 / WM37),284590,MRPL4
sp|Q6CWD0|RS3A_KLULA,49,NKS,Kluyveromyces lactis (strain ATCC 8585 / CBS 2359 / DSM 70799 / NBRC 1267 / NRRL Y-1140 / WM37),284590,RPS1
sp|Q6CWD0|RS3A_KLULA,56,NAS,Kluyveromyces lactis (strain ATCC 8585 / CBS 2359 / DSM 70799 / NBRC 1267 / NRRL Y-1140 / WM37),284590,RPS1
sp|Q6CWD0|RS3A_KLULA,124,NVT,Kluyveromyces lactis (strain ATCC 8585 / CBS 2359 / DSM 70799 / NBRC 1267 / NRRL Y-1140 / WM37),284590,RPS1
sp|Q6CWD0|RS3A_KLULA,178,NST,Kluyveromyces lactis (strain ATCC 8585 / CBS 2359 / DSM 70799 / NBRC 1267 / NRRL Y-1140 / WM37),284590,RPS1
sp|Q6CWD0|RS3A_KLULA,199,NAT,Kluyveromyces lactis (strain ATCC 8585 / CBS 2359 / DSM 70799 / NBRC 1267 / NRRL Y-1140 / WM37),284590,RPS1
sp|Q6CWD4|SMA2_KLULA,25,NFT,Kluyveromyces lactis (strain ATCC 8585 / CBS 2359 / DSM 70799 / NBRC 1267 / NRRL Y-1140 / WM37),284590,SMA2
sp|Q6CWD4|SMA2_KLULA,87,NQS,Kluyveromyces lactis (strain ATCC 8585 / CBS 2359 / DSM 70799 / NBRC 1267 / NRRL Y-1140 / WM37),284590,SMA2
sp|Q6CWD4|SMA2_KLULA,270,NAT,Kluyveromyces lactis (strain ATCC 8585 / CBS 2359 / DSM 70799 / NBRC 1267 / NRRL Y-1140 / WM37),284590,SMA2
sp|Q6CWD4|SMA2_KLULA,358,NYS,Kluyveromyces lactis (strain ATCC 8585 / CBS 2359 / DSM 70799 / NBRC 1267 / NRRL Y-1140 / WM37),284590,SMA2
sp|Q6CWG6|NACA_KLULA,9,NVS,Kluyveromyces lactis (strain ATCC 8585 / CBS 2359 / DSM 70799 / NBRC 1267 / NRRL Y-1140 / WM37),284590,EGD2
sp|Q6CWH3|RIX1_KLULA,37,NQS,Kluyveromyces lactis (strain ATCC 8585 / CBS 2359 / DSM 70799 / NBRC 1267 / NRRL Y-1140 / WM37),284590,RIX1
sp|Q6CWH3|RIX1_KLULA,175,NTT,Kluyveromyces lactis (strain ATCC 8585 / CBS 2359 / DSM 70799 / NBRC 1267 / NRRL Y-1140 / WM37),284590,RIX1
sp|Q6CWH3|RIX1_KLULA,301,NES,Kluyveromyces lactis (strain ATCC 8585 / CBS 2359 / DSM 70799 / NBRC 1267 / NRRL Y-1140 / WM37),284590,RIX1
sp|Q6CWH3|RIX1_KLULA,515,NKT,Kluyveromyces lactis (strain ATCC 8585 / CBS 2359 / DSM 70799 / NBRC 1267 / NRRL Y-1140 / WM37),284590,RIX1
sp|Q6CWH3|RIX1_KLULA,765,NVS,Kluyveromyces lactis (strain ATCC 8585 / CBS 2359 / DSM 70799 / NBRC 1267 / NRRL Y-1140 / WM37),284590,RIX1
sp|Q6CWI2|IML1_KLULA,56,NVT,Kluyveromyces lactis (strain ATCC 8585 / CBS 2359 / DSM 70799 / NBRC 1267 / NRRL Y-1140 / WM37),284590,IML1
sp|Q6CWI2|IML1_KLULA,61,NNT,Kluyveromyces lactis (strain ATCC 8585 / CBS 2359 / DSM 70799 / NBRC 1267 / NRRL Y-1140 / WM37),284590,IML1
sp|Q6CWI2|IML1_KLULA,114,NDS,Kluyveromyces lactis (strain ATCC 8585 / CBS 2359 / DSM 70799 / NBRC 1267 / NRRL Y-1140 / WM37),284590,IML1
sp|Q6CWI2|IML1_KLULA,415,NVS,Kluyveromyces lactis (strain ATCC 8585 / CBS 2359 / DSM 70799 / NBRC 1267 / NRRL Y-1140 / WM37),284590,IML1
sp|Q6CWI2|IML1_KLULA,528,NDS,Kluyveromyces lactis (strain ATCC 8585 / CBS 2359 / DSM 70799 / NBRC 1267 / NRRL Y-1140 / WM37),284590,IML1
sp|Q6CWI2|IML1_KLULA,881,NHT,Kluyveromyces lactis (strain ATCC 8585 / CBS 2359 / DSM 70799 / NBRC 1267 / NRRL Y-1140 / WM37),284590,IML1
sp|Q6CWI2|IML1_KLULA,920,NVT,Kluyveromyces lactis (strain ATCC 8585 / CBS 2359 / DSM 70799 / NBRC 1267 / NRRL Y-1140 / WM37),284590,IML1
sp|Q6CWI2|IML1_KLULA,1029,NDT,Kluyveromyces lactis (strain ATCC 8585 / CBS 2359 / DSM 70799 / NBRC 1267 / NRRL Y-1140 / WM37),284590,IML1
sp|Q6CWI2|IML1_KLULA,1244,NKT,Kluyveromyces lactis (strain ATCC 8585 / CBS 2359 / DSM 70799 / NBRC 1267 / NRRL Y-1140 / WM37),284590,IML1
sp|Q6CWI2|IML1_KLULA,1256,NES,Kluyveromyces lactis (strain ATCC 8585 / CBS 2359 / DSM 70799 / NBRC 1267 / NRRL Y-1140 / WM37),284590,IML1
sp|Q6CWI2|IML1_KLULA,1268,NKS,Kluyveromyces lactis (strain ATCC 8585 / CBS 2359 / DSM 70799 / NBRC 1267 / NRRL Y-1140 / WM37),284590,IML1
sp|Q6CWI2|IML1_KLULA,1358,NWS,Kluyveromyces lactis (strain ATCC 8585 / CBS 2359 / DSM 70799 / NBRC 1267 / NRRL Y-1140 / WM37),284590,IML1
sp|Q6CWI4|HIR3_KLULA,8,NLS,Kluyveromyces lactis (strain ATCC 8585 / CBS 2359 / DSM 70799 / NBRC 1267 / NRRL Y-1140 / WM37),284590,HIR3
sp|Q6CWI4|HIR3_KLULA,144,NST,Kluyveromyces lactis (strain ATCC 8585 / CBS 2359 / DSM 70799 / NBRC 1267 / NRRL Y-1140 / WM37),284590,HIR3
sp|Q6CWI4|HIR3_KLULA,307,NES,Kluyveromyces lactis (strain ATCC 8585 / CBS 2359 / DSM 70799 / NBRC 1267 / NRRL Y-1140 / WM37),284590,HIR3
sp|Q6CWI4|HIR3_KLULA,383,NQS,Kluyveromyces lactis (strain ATCC 8585 / CBS 2359 / DSM 70799 / NBRC 1267 / NRRL Y-1140 / WM37),284590,HIR3
sp|Q6CWI4|HIR3_KLULA,437,NFS,Kluyveromyces lactis (strain ATCC 8585 / CBS 2359 / DSM 70799 / NBRC 1267 / NRRL Y-1140 / WM37),284590,HIR3
sp|Q6CWI4|HIR3_KLULA,631,NST,Kluyveromyces lactis (strain ATCC 8585 / CBS 2359 / DSM 70799 / NBRC 1267 / NRRL Y-1140 / WM37),284590,HIR3
sp|Q6CWI4|HIR3_KLULA,661,NIS,Kluyveromyces lactis (strain ATCC 8585 / CBS 2359 / DSM 70799 / NBRC 1267 / NRRL Y-1140 / WM37),284590,HIR3
sp|Q6CWI4|HIR3_KLULA,726,NTS,Kluyveromyces lactis (strain ATCC 8585 / CBS 2359 / DSM 70799 / NBRC 1267 / NRRL Y-1140 / WM37),284590,HIR3
sp|Q6CWI4|HIR3_KLULA,842,NAS,Kluyveromyces lactis (strain ATCC 8585 / CBS 2359 / DSM 70799 / NBRC 1267 / NRRL Y-1140 / WM37),284590,HIR3
sp|Q6CWI4|HIR3_KLULA,929,NDS,Kluyveromyces lactis (strain ATCC 8585 / CBS 2359 / DSM 70799 / NBRC 1267 / NRRL Y-1140 / WM37),284590,HIR3
sp|Q6CWI4|HIR3_KLULA,992,NRS,Kluyveromyces lactis (strain ATCC 8585 / CBS 2359 / DSM 70799 / NBRC 1267 / NRRL Y-1140 / WM37),284590,HIR3
sp|Q6CWJ6|QCR2_KLULA,60,NKS,Kluyveromyces lactis (strain ATCC 8585 / CBS 2359 / DSM 70799 / NBRC 1267 / NRRL Y-1140 / WM37),284590,QCR2
sp|Q6CWJ6|QCR2_KLULA,147,NVS,Kluyveromyces lactis (strain ATCC 8585 / CBS 2359 / DSM 70799 / NBRC 1267 / NRRL Y-1140 / WM37),284590,QCR2
sp|Q6CWJ6|QCR2_KLULA,201,NDS,Kluyveromyces lactis (strain ATCC 8585 / CBS 2359 / DSM 70799 / NBRC 1267 / NRRL Y-1140 / WM37),284590,QCR2
sp|Q6CWJ7|RPC3_KLULA,186,NDT,Kluyveromyces lactis (strain ATCC 8585 / CBS 2359 / DSM 70799 / NBRC 1267 / NRRL Y-1140 / WM37),284590,RPC82
sp|Q6CWJ7|RPC3_KLULA,235,NTT,Kluyveromyces lactis (strain ATCC 8585 / CBS 2359 / DSM 70799 / NBRC 1267 / NRRL Y-1140 / WM37),284590,RPC82
sp|Q6CWJ7|RPC3_KLULA,283,NES,Kluyveromyces lactis (strain ATCC 8585 / CBS 2359 / DSM 70799 / NBRC 1267 / NRRL Y-1140 / WM37),284590,RPC82
sp|Q6CWJ7|RPC3_KLULA,392,NQS,Kluyveromyces lactis (strain ATCC 8585 / CBS 2359 / DSM 70799 / NBRC 1267 / NRRL Y-1140 / WM37),284590,RPC82
sp|Q6CWJ7|RPC3_KLULA,402,NQS,Kluyveromyces lactis (strain ATCC 8585 / CBS 2359 / DSM 70799 / NBRC 1267 / NRRL Y-1140 / WM37),284590,RPC82
sp|Q6CWJ7|RPC3_KLULA,583,NLT,Kluyveromyces lactis (strain ATCC 8585 / CBS 2359 / DSM 70799 / NBRC 1267 / NRRL Y-1140 / WM37),284590,RPC82
sp|Q6CWJ7|RPC3_KLULA,602,NAT,Kluyveromyces lactis (strain ATCC 8585 / CBS 2359 / DSM 70799 / NBRC 1267 / NRRL Y-1140 / WM37),284590,RPC82
sp|Q6CWU8|SSN2_KLULA,84,NES,Kluyveromyces lactis (strain ATCC 8585 / CBS 2359 / DSM 70799 / NBRC 1267 / NRRL Y-1140 / WM37),284590,SSN2
sp|Q6CWU8|SSN2_KLULA,124,NLT,Kluyveromyces lactis (strain ATCC 8585 / CBS 2359 / DSM 70799 / NBRC 1267 / NRRL Y-1140 / WM37),284590,SSN2
sp|Q6CWU8|SSN2_KLULA,130,NET,Kluyveromyces lactis (strain ATCC 8585 / CBS 2359 / DSM 70799 / NBRC 1267 / NRRL Y-1140 / WM37),284590,SSN2
sp|Q6CWU8|SSN2_KLULA,357,NNS,Kluyveromyces lactis (strain ATCC 8585 / CBS 2359 / DSM 70799 / NBRC 1267 / NRRL Y-1140 / WM37),284590,SSN2
sp|Q6CWU8|SSN2_KLULA,361,NVS,Kluyveromyces lactis (strain ATCC 8585 / CBS 2359 / DSM 70799 / NBRC 1267 / NRRL Y-1140 / WM37),284590,SSN2
sp|Q6CWU8|SSN2_KLULA,380,NVT,Kluyveromyces lactis (strain ATCC 8585 / CBS 2359 / DSM 70799 / NBRC 1267 / NRRL Y-1140 / WM37),284590,SSN2
sp|Q6CWU8|SSN2_KLULA,387,NKT,Kluyveromyces lactis (strain ATCC 8585 / CBS 2359 / DSM 70799 / NBRC 1267 / NRRL Y-1140 / WM37),284590,SSN2
sp|Q6CWU8|SSN2_KLULA,413,NIT,Kluyveromyces lactis (strain ATCC 8585 / CBS 2359 / DSM 70799 / NBRC 1267 / NRRL Y-1140 / WM37),284590,SSN2
sp|Q6CWU8|SSN2_KLULA,443,NST,Kluyveromyces lactis (strain ATCC 8585 / CBS 2359 / DSM 70799 / NBRC 1267 / NRRL Y-1140 / WM37),284590,SSN2
sp|Q6CWU8|SSN2_KLULA,474,NIS,Kluyveromyces lactis (strain ATCC 8585 / CBS 2359 / DSM 70799 / NBRC 1267 / NRRL Y-1140 / WM37),284590,SSN2
sp|Q6CWU8|SSN2_KLULA,638,NIS,Kluyveromyces lactis (strain ATCC 8585 / CBS 2359 / DSM 70799 / NBRC 1267 / NRRL Y-1140 / WM37),284590,SSN2
sp|Q6CWU8|SSN2_KLULA,741,NQT,Kluyveromyces lactis (strain ATCC 8585 / CBS 2359 / DSM 70799 / NBRC 1267 / NRRL Y-1140 / WM37),284590,SSN2
sp|Q6CWU8|SSN2_KLULA,752,NNS,Kluyveromyces lactis (strain ATCC 8585 / CBS 2359 / DSM 70799 / NBRC 1267 / NRRL Y-1140 / WM37),284590,SSN2
sp|Q6CWU8|SSN2_KLULA,893,NFS,Kluyveromyces lactis (strain ATCC 8585 / CBS 2359 / DSM 70799 / NBRC 1267 / NRRL Y-1140 / WM37),284590,SSN2
sp|Q6CWU8|SSN2_KLULA,1119,NAS,Kluyveromyces lactis (strain ATCC 8585 / CBS 2359 / DSM 70799 / NBRC 1267 / NRRL Y-1140 / WM37),284590,SSN2
sp|Q6CWW0|LCMT1_KLULA,60,NIT,Kluyveromyces lactis (strain ATCC 8585 / CBS 2359 / DSM 70799 / NBRC 1267 / NRRL Y-1140 / WM37),284590,PPM1
sp|Q6CWW0|LCMT1_KLULA,180,NVT,Kluyveromyces lactis (strain ATCC 8585 / CBS 2359 / DSM 70799 / NBRC 1267 / NRRL Y-1140 / WM37),284590,PPM1
sp|Q6CWW7|TMEDA_KLULA,173,NES,Kluyveromyces lactis (strain ATCC 8585 / CBS 2359 / DSM 70799 / NBRC 1267 / NRRL Y-1140 / WM37),284590,ERV25
sp|Q6CWW7|TMEDA_KLULA,182,NFS,Kluyveromyces lactis (strain ATCC 8585 / CBS 2359 / DSM 70799 / NBRC 1267 / NRRL Y-1140 / WM37),284590,ERV25
sp|Q6CWX4|DYL1_KLULA,25,NAT,Kluyveromyces lactis (strain ATCC 8585 / CBS 2359 / DSM 70799 / NBRC 1267 / NRRL Y-1140 / WM37),284590,DYN2
sp|Q6CWX7|ZRG8_KLULA,23,NES,Kluyveromyces lactis (strain ATCC 8585 / CBS 2359 / DSM 70799 / NBRC 1267 / NRRL Y-1140 / WM37),284590,ZRG8
sp|Q6CWX7|ZRG8_KLULA,87,NTS,Kluyveromyces lactis (strain ATCC 8585 / CBS 2359 / DSM 70799 / NBRC 1267 / NRRL Y-1140 / WM37),284590,ZRG8
sp|Q6CWX7|ZRG8_KLULA,135,NRT,Kluyveromyces lactis (strain ATCC 8585 / CBS 2359 / DSM 70799 / NBRC 1267 / NRRL Y-1140 / WM37),284590,ZRG8
sp|Q6CWX7|ZRG8_KLULA,480,NKS,Kluyveromyces lactis (strain ATCC 8585 / CBS 2359 / DSM 70799 / NBRC 1267 / NRRL Y-1140 / WM37),284590,ZRG8
sp|Q6CWX7|ZRG8_KLULA,504,NLS,Kluyveromyces lactis (strain ATCC 8585 / CBS 2359 / DSM 70799 / NBRC 1267 / NRRL Y-1140 / WM37),284590,ZRG8
sp|Q6CWX7|ZRG8_KLULA,607,NHS,Kluyveromyces lactis (strain ATCC 8585 / CBS 2359 / DSM 70799 / NBRC 1267 / NRRL Y-1140 / WM37),284590,ZRG8
sp|Q6CWX7|ZRG8_KLULA,693,NLS,Kluyveromyces lactis (strain ATCC 8585 / CBS 2359 / DSM 70799 / NBRC 1267 / NRRL Y-1140 / WM37),284590,ZRG8
sp|Q6CWX7|ZRG8_KLULA,701,NRT,Kluyveromyces lactis (strain ATCC 8585 / CBS 2359 / DSM 70799 / NBRC 1267 / NRRL Y-1140 / WM37),284590,ZRG8
sp|Q6CWX7|ZRG8_KLULA,736,NKT,Kluyveromyces lactis (strain ATCC 8585 / CBS 2359 / DSM 70799 / NBRC 1267 / NRRL Y-1140 / WM37),284590,ZRG8
sp|Q6CWX7|ZRG8_KLULA,777,NKT,Kluyveromyces lactis (strain ATCC 8585 / CBS 2359 / DSM 70799 / NBRC 1267 / NRRL Y-1140 / WM37),284590,ZRG8
sp|Q6CWX7|ZRG8_KLULA,787,NSS,Kluyveromyces lactis (strain ATCC 8585 / CBS 2359 / DSM 70799 / NBRC 1267 / NRRL Y-1140 / WM37),284590,ZRG8
sp|Q6CWX7|ZRG8_KLULA,800,NSS,Kluyveromyces lactis (strain ATCC 8585 / CBS 2359 / DSM 70799 / NBRC 1267 / NRRL Y-1140 / WM37),284590,ZRG8
sp|Q6CX30|FKBP_KLULA,101,NAT,Kluyveromyces lactis (strain ATCC 8585 / CBS 2359 / DSM 70799 / NBRC 1267 / NRRL Y-1140 / WM37),284590,FPR1
sp|Q6CX31|EAF7_KLULA,347,NET,Kluyveromyces lactis (strain ATCC 8585 / CBS 2359 / DSM 70799 / NBRC 1267 / NRRL Y-1140 / WM37),284590,EAF7
sp|Q6CX42|EAF5_KLULA,61,NQT,Kluyveromyces lactis (strain ATCC 8585 / CBS 2359 / DSM 70799 / NBRC 1267 / NRRL Y-1140 / WM37),284590,EAF5
sp|Q6CX42|EAF5_KLULA,122,NKS,Kluyveromyces lactis (strain ATCC 8585 / CBS 2359 / DSM 70799 / NBRC 1267 / NRRL Y-1140 / WM37),284590,EAF5
sp|Q6CX42|EAF5_KLULA,125,NSS,Kluyveromyces lactis (strain ATCC 8585 / CBS 2359 / DSM 70799 / NBRC 1267 / NRRL Y-1140 / WM37),284590,EAF5
sp|Q6CX42|EAF5_KLULA,163,NNS,Kluyveromyces lactis (strain ATCC 8585 / CBS 2359 / DSM 70799 / NBRC 1267 / NRRL Y-1140 / WM37),284590,EAF5
sp|Q6CX49|VAC8_KLULA,188,NAT,Kluyveromyces lactis (strain ATCC 8585 / CBS 2359 / DSM 70799 / NBRC 1267 / NRRL Y-1140 / WM37),284590,VAC8
sp|Q6CX49|VAC8_KLULA,195,NMT,Kluyveromyces lactis (strain ATCC 8585 / CBS 2359 / DSM 70799 / NBRC 1267 / NRRL Y-1140 / WM37),284590,VAC8
sp|Q6CX49|VAC8_KLULA,263,NST,Kluyveromyces lactis (strain ATCC 8585 / CBS 2359 / DSM 70799 / NBRC 1267 / NRRL Y-1140 / WM37),284590,VAC8
sp|Q6CX49|VAC8_KLULA,320,NIS,Kluyveromyces lactis (strain ATCC 8585 / CBS 2359 / DSM 70799 / NBRC 1267 / NRRL Y-1140 / WM37),284590,VAC8
sp|Q6CX49|VAC8_KLULA,498,NET,Kluyveromyces lactis (strain ATCC 8585 / CBS 2359 / DSM 70799 / NBRC 1267 / NRRL Y-1140 / WM37),284590,VAC8
sp|Q6CX49|VAC8_KLULA,569,NIT,Kluyveromyces lactis (strain ATCC 8585 / CBS 2359 / DSM 70799 / NBRC 1267 / NRRL Y-1140 / WM37),284590,VAC8
sp|Q6CX98|DYN3_KLULA,19,NDT,Kluyveromyces lactis (strain ATCC 8585 / CBS 2359 / DSM 70799 / NBRC 1267 / NRRL Y-1140 / WM37),284590,DYN3
sp|Q6CX98|DYN3_KLULA,83,NIT,Kluyveromyces lactis (strain ATCC 8585 / CBS 2359 / DSM 70799 / NBRC 1267 / NRRL Y-1140 / WM37),284590,DYN3
sp|Q6CX98|DYN3_KLULA,230,NVT,Kluyveromyces lactis (strain ATCC 8585 / CBS 2359 / DSM 70799 / NBRC 1267 / NRRL Y-1140 / WM37),284590,DYN3
sp|Q6CX98|DYN3_KLULA,256,NLS,Kluyveromyces lactis (strain ATCC 8585 / CBS 2359 / DSM 70799 / NBRC 1267 / NRRL Y-1140 / WM37),284590,DYN3
sp|Q6CX98|DYN3_KLULA,312,NSS,Kluyveromyces lactis (strain ATCC 8585 / CBS 2359 / DSM 70799 / NBRC 1267 / NRRL Y-1140 / WM37),284590,DYN3
sp|Q6CXH8|RSE1_KLULA,74,NGT,Kluyveromyces lactis (strain ATCC 8585 / CBS 2359 / DSM 70799 / NBRC 1267 / NRRL Y-1140 / WM37),284590,RSE1
sp|Q6CXH8|RSE1_KLULA,113,NLT,Kluyveromyces lactis (strain ATCC 8585 / CBS 2359 / DSM 70799 / NBRC 1267 / NRRL Y-1140 / WM37),284590,RSE1
sp|Q6CXH8|RSE1_KLULA,318,NGT,Kluyveromyces lactis (strain ATCC 8585 / CBS 2359 / DSM 70799 / NBRC 1267 / NRRL Y-1140 / WM37),284590,RSE1
sp|Q6CXH8|RSE1_KLULA,379,NVS,Kluyveromyces lactis (strain ATCC 8585 / CBS 2359 / DSM 70799 / NBRC 1267 / NRRL Y-1140 / WM37),284590,RSE1
sp|Q6CXH8|RSE1_KLULA,420,NLS,Kluyveromyces lactis (strain ATCC 8585 / CBS 2359 / DSM 70799 / NBRC 1267 / NRRL Y-1140 / WM37),284590,RSE1
sp|Q6CXH8|RSE1_KLULA,440,NST,Kluyveromyces lactis (strain ATCC 8585 / CBS 2359 / DSM 70799 / NBRC 1267 / NRRL Y-1140 / WM37),284590,RSE1
sp|Q6CXH8|RSE1_KLULA,451,NQT,Kluyveromyces lactis (strain ATCC 8585 / CBS 2359 / DSM 70799 / NBRC 1267 / NRRL Y-1140 / WM37),284590,RSE1
sp|Q6CXH8|RSE1_KLULA,488,NET,Kluyveromyces lactis (strain ATCC 8585 / CBS 2359 / DSM 70799 / NBRC 1267 / NRRL Y-1140 / WM37),284590,RSE1
sp|Q6CXH8|RSE1_KLULA,578,NET,Kluyveromyces lactis (strain ATCC 8585 / CBS 2359 / DSM 70799 / NBRC 1267 / NRRL Y-1140 / WM37),284590,RSE1
sp|Q6CXH8|RSE1_KLULA,733,NDS,Kluyveromyces lactis (strain ATCC 8585 / CBS 2359 / DSM 70799 / NBRC 1267 / NRRL Y-1140 / WM37),284590,RSE1
sp|Q6CXH8|RSE1_KLULA,754,NSS,Kluyveromyces lactis (strain ATCC 8585 / CBS 2359 / DSM 70799 / NBRC 1267 / NRRL Y-1140 / WM37),284590,RSE1
sp|Q6CXH8|RSE1_KLULA,1037,NNS,Kluyveromyces lactis (strain ATCC 8585 / CBS 2359 / DSM 70799 / NBRC 1267 / NRRL Y-1140 / WM37),284590,RSE1
sp|Q6CXH8|RSE1_KLULA,1105,NDT,Kluyveromyces lactis (strain ATCC 8585 / CBS 2359 / DSM 70799 / NBRC 1267 / NRRL Y-1140 / WM37),284590,RSE1
sp|Q6CXH8|RSE1_KLULA,1118,NMS,Kluyveromyces lactis (strain ATCC 8585 / CBS 2359 / DSM 70799 / NBRC 1267 / NRRL Y-1140 / WM37),284590,RSE1
sp|Q6CXI9|SGO1_KLULA,32,NSS,Kluyveromyces lactis (strain ATCC 8585 / CBS 2359 / DSM 70799 / NBRC 1267 / NRRL Y-1140 / WM37),284590,SGO1
sp|Q6CXI9|SGO1_KLULA,53,NVS,Kluyveromyces lactis (strain ATCC 8585 / CBS 2359 / DSM 70799 / NBRC 1267 / NRRL Y-1140 / WM37),284590,SGO1
sp|Q6CXI9|SGO1_KLULA,135,NTT,Kluyveromyces lactis (strain ATCC 8585 / CBS 2359 / DSM 70799 / NBRC 1267 / NRRL Y-1140 / WM37),284590,SGO1
sp|Q6CXI9|SGO1_KLULA,240,NVS,Kluyveromyces lactis (strain ATCC 8585 / CBS 2359 / DSM 70799 / NBRC 1267 / NRRL Y-1140 / WM37),284590,SGO1
sp|Q6CXI9|SGO1_KLULA,266,NNT,Kluyveromyces lactis (strain ATCC 8585 / CBS 2359 / DSM 70799 / NBRC 1267 / NRRL Y-1140 / WM37),284590,SGO1
sp|Q6CXI9|SGO1_KLULA,282,NFT,Kluyveromyces lactis (strain ATCC 8585 / CBS 2359 / DSM 70799 / NBRC 1267 / NRRL Y-1140 / WM37),284590,SGO1
sp|Q6CXI9|SGO1_KLULA,526,NNS,Kluyveromyces lactis (strain ATCC 8585 / CBS 2359 / DSM 70799 / NBRC 1267 / NRRL Y-1140 / WM37),284590,SGO1
sp|Q6CXI9|SGO1_KLULA,532,NVS,Kluyveromyces lactis (strain ATCC 8585 / CBS 2359 / DSM 70799 / NBRC 1267 / NRRL Y-1140 / WM37),284590,SGO1
sp|Q6CXK4|ERFD_KLULA,98,NFS,Kluyveromyces lactis (strain ATCC 8585 / CBS 2359 / DSM 70799 / NBRC 1267 / NRRL Y-1140 / WM37),284590,ERF4
sp|Q6CXK4|ERFD_KLULA,206,NRS,Kluyveromyces lactis (strain ATCC 8585 / CBS 2359 / DSM 70799 / NBRC 1267 / NRRL Y-1140 / WM37),284590,ERF4
sp|Q6CXK7|PALH_KLULA,141,NLS,Kluyveromyces lactis (strain ATCC 8585 / CBS 2359 / DSM 70799 / NBRC 1267 / NRRL Y-1140 / WM37),284590,RIM21
sp|Q6CXK7|PALH_KLULA,156,NYT,Kluyveromyces lactis (strain ATCC 8585 / CBS 2359 / DSM 70799 / NBRC 1267 / NRRL Y-1140 / WM37),284590,RIM21
sp|Q6CXK7|PALH_KLULA,315,NTT,Kluyveromyces lactis (strain ATCC 8585 / CBS 2359 / DSM 70799 / NBRC 1267 / NRRL Y-1140 / WM37),284590,RIM21
sp|Q6CXK7|PALH_KLULA,393,NVS,Kluyveromyces lactis (strain ATCC 8585 / CBS 2359 / DSM 70799 / NBRC 1267 / NRRL Y-1140 / WM37),284590,RIM21
sp|Q6CXK7|PALH_KLULA,402,NDS,Kluyveromyces lactis (strain ATCC 8585 / CBS 2359 / DSM 70799 / NBRC 1267 / NRRL Y-1140 / WM37),284590,RIM21
sp|Q6CXK7|PALH_KLULA,411,NSS,Kluyveromyces lactis (strain ATCC 8585 / CBS 2359 / DSM 70799 / NBRC 1267 / NRRL Y-1140 / WM37),284590,RIM21
sp|Q6CXK7|PALH_KLULA,437,NIT,Kluyveromyces lactis (strain ATCC 8585 / CBS 2359 / DSM 70799 / NBRC 1267 / NRRL Y-1140 / WM37),284590,RIM21
sp|Q6CXL4|TOS6_KLULA,71,NST,Kluyveromyces lactis (strain ATCC 8585 / CBS 2359 / DSM 70799 / NBRC 1267 / NRRL Y-1140 / WM37),284590,TOS6
sp|Q6CXL5|CSN10_KLULA,300,NQS,Kluyveromyces lactis (strain ATCC 8585 / CBS 2359 / DSM 70799 / NBRC 1267 / NRRL Y-1140 / WM37),284590,RRI2
sp|Q6CXL5|CSN10_KLULA,516,NVS,Kluyveromyces lactis (strain ATCC 8585 / CBS 2359 / DSM 70799 / NBRC 1267 / NRRL Y-1140 / WM37),284590,RRI2
sp|Q6CXL5|CSN10_KLULA,575,NSS,Kluyveromyces lactis (strain ATCC 8585 / CBS 2359 / DSM 70799 / NBRC 1267 / NRRL Y-1140 / WM37),284590,RRI2
sp|Q6CXP4|LST4_KLULA,21,NVT,Kluyveromyces lactis (strain ATCC 8585 / CBS 2359 / DSM 70799 / NBRC 1267 / NRRL Y-1140 / WM37),284590,LST4
sp|Q6CXP4|LST4_KLULA,190,NDT,Kluyveromyces lactis (strain ATCC 8585 / CBS 2359 / DSM 70799 / NBRC 1267 / NRRL Y-1140 / WM37),284590,LST4
sp|Q6CXP4|LST4_KLULA,335,NMS,Kluyveromyces lactis (strain ATCC 8585 / CBS 2359 / DSM 70799 / NBRC 1267 / NRRL Y-1140 / WM37),284590,LST4
sp|Q6CXP4|LST4_KLULA,350,NSS,Kluyveromyces lactis (strain ATCC 8585 / CBS 2359 / DSM 70799 / NBRC 1267 / NRRL Y-1140 / WM37),284590,LST4
sp|Q6CXP4|LST4_KLULA,429,NES,Kluyveromyces lactis (strain ATCC 8585 / CBS 2359 / DSM 70799 / NBRC 1267 / NRRL Y-1140 / WM37),284590,LST4
sp|Q6CXP4|LST4_KLULA,442,NSS,Kluyveromyces lactis (strain ATCC 8585 / CBS 2359 / DSM 70799 / NBRC 1267 / NRRL Y-1140 / WM37),284590,LST4
sp|Q6CXP4|LST4_KLULA,458,NGS,Kluyveromyces lactis (strain ATCC 8585 / CBS 2359 / DSM 70799 / NBRC 1267 / NRRL Y-1140 / WM37),284590,LST4
sp|Q6CXR8|PAM17_KLULA,36,NST,Kluyveromyces lactis (strain ATCC 8585 / CBS 2359 / DSM 70799 / NBRC 1267 / NRRL Y-1140 / WM37),284590,PAM17
sp|Q6CXR8|PAM17_KLULA,77,NGS,Kluyveromyces lactis (strain ATCC 8585 / CBS 2359 / DSM 70799 / NBRC 1267 / NRRL Y-1140 / WM37),284590,PAM17
sp|Q6CXS0|OAF3_KLULA,57,NAS,Kluyveromyces lactis (strain ATCC 8585 / CBS 2359 / DSM 70799 / NBRC 1267 / NRRL Y-1140 / WM37),284590,OAF3
sp|Q6CXS0|OAF3_KLULA,150,NRS,Kluyveromyces lactis (strain ATCC 8585 / CBS 2359 / DSM 70799 / NBRC 1267 / NRRL Y-1140 / WM37),284590,OAF3
sp|Q6CXS0|OAF3_KLULA,358,NDT,Kluyveromyces lactis (strain ATCC 8585 / CBS 2359 / DSM 70799 / NBRC 1267 / NRRL Y-1140 / WM37),284590,OAF3
sp|Q6CXX3|HIR1_KLULA,57,NAS,Kluyveromyces lactis (strain ATCC 8585 / CBS 2359 / DSM 70799 / NBRC 1267 / NRRL Y-1140 / WM37),284590,HIR1
sp|Q6CXX3|HIR1_KLULA,162,NGS,Kluyveromyces lactis (strain ATCC 8585 / CBS 2359 / DSM 70799 / NBRC 1267 / NRRL Y-1140 / WM37),284590,HIR1
sp|Q6CXX3|HIR1_KLULA,459,NHT,Kluyveromyces lactis (strain ATCC 8585 / CBS 2359 / DSM 70799 / NBRC 1267 / NRRL Y-1140 / WM37),284590,HIR1
sp|Q6CXX3|HIR1_KLULA,463,NNT,Kluyveromyces lactis (strain ATCC 8585 / CBS 2359 / DSM 70799 / NBRC 1267 / NRRL Y-1140 / WM37),284590,HIR1
sp|Q6CXX3|HIR1_KLULA,531,NNT,Kluyveromyces lactis (strain ATCC 8585 / CBS 2359 / DSM 70799 / NBRC 1267 / NRRL Y-1140 / WM37),284590,HIR1
sp|Q6CXX3|HIR1_KLULA,683,NST,Kluyveromyces lactis (strain ATCC 8585 / CBS 2359 / DSM 70799 / NBRC 1267 / NRRL Y-1140 / WM37),284590,HIR1
sp|Q6CXY0|ALG13_KLULA,2,NNT,Kluyveromyces lactis (strain ATCC 8585 / CBS 2359 / DSM 70799 / NBRC 1267 / NRRL Y-1140 / WM37),284590,ALG13
sp|Q6CXY0|ALG13_KLULA,133,NDT,Kluyveromyces lactis (strain ATCC 8585 / CBS 2359 / DSM 70799 / NBRC 1267 / NRRL Y-1140 / WM37),284590,ALG13
sp|Q6CXZ7|PALI1_KLULA,116,NTS,Kluyveromyces lactis (strain ATCC 8585 / CBS 2359 / DSM 70799 / NBRC 1267 / NRRL Y-1140 / WM37),284590,KLLA0A04389g
sp|Q6CY10|LTE1_KLULA,233,NES,Kluyveromyces lactis (strain ATCC 8585 / CBS 2359 / DSM 70799 / NBRC 1267 / NRRL Y-1140 / WM37),284590,LTE1
sp|Q6CY10|LTE1_KLULA,276,NAS,Kluyveromyces lactis (strain ATCC 8585 / CBS 2359 / DSM 70799 / NBRC 1267 / NRRL Y-1140 / WM37),284590,LTE1
sp|Q6CY10|LTE1_KLULA,325,NVS,Kluyveromyces lactis (strain ATCC 8585 / CBS 2359 / DSM 70799 / NBRC 1267 / NRRL Y-1140 / WM37),284590,LTE1
sp|Q6CY10|LTE1_KLULA,371,NGS,Kluyveromyces lactis (strain ATCC 8585 / CBS 2359 / DSM 70799 / NBRC 1267 / NRRL Y-1140 / WM37),284590,LTE1
sp|Q6CY10|LTE1_KLULA,382,NNT,Kluyveromyces lactis (strain ATCC 8585 / CBS 2359 / DSM 70799 / NBRC 1267 / NRRL Y-1140 / WM37),284590,LTE1
sp|Q6CY10|LTE1_KLULA,521,NKS,Kluyveromyces lactis (strain ATCC 8585 / CBS 2359 / DSM 70799 / NBRC 1267 / NRRL Y-1140 / WM37),284590,LTE1
sp|Q6CY10|LTE1_KLULA,551,NNS,Kluyveromyces lactis (strain ATCC 8585 / CBS 2359 / DSM 70799 / NBRC 1267 / NRRL Y-1140 / WM37),284590,LTE1
sp|Q6CY10|LTE1_KLULA,570,NSS,Kluyveromyces lactis (strain ATCC 8585 / CBS 2359 / DSM 70799 / NBRC 1267 / NRRL Y-1140 / WM37),284590,LTE1
sp|Q6CY10|LTE1_KLULA,743,NYS,Kluyveromyces lactis (strain ATCC 8585 / CBS 2359 / DSM 70799 / NBRC 1267 / NRRL Y-1140 / WM37),284590,LTE1
sp|Q6CY10|LTE1_KLULA,809,NDS,Kluyveromyces lactis (strain ATCC 8585 / CBS 2359 / DSM 70799 / NBRC 1267 / NRRL Y-1140 / WM37),284590,LTE1
sp|Q6CY10|LTE1_KLULA,1169,NLS,Kluyveromyces lactis (strain ATCC 8585 / CBS 2359 / DSM 70799 / NBRC 1267 / NRRL Y-1140 / WM37),284590,LTE1
sp|Q6CY10|LTE1_KLULA,1181,NLT,Kluyveromyces lactis (strain ATCC 8585 / CBS 2359 / DSM 70799 / NBRC 1267 / NRRL Y-1140 / WM37),284590,LTE1
sp|Q6CY10|LTE1_KLULA,1265,NYS,Kluyveromyces lactis (strain ATCC 8585 / CBS 2359 / DSM 70799 / NBRC 1267 / NRRL Y-1140 / WM37),284590,LTE1
sp|Q6CY85|PNS1_KLULA,26,NAS,Kluyveromyces lactis (strain ATCC 8585 / CBS 2359 / DSM 70799 / NBRC 1267 / NRRL Y-1140 / WM37),284590,PNS1
sp|Q6CY85|PNS1_KLULA,121,NSS,Kluyveromyces lactis (strain ATCC 8585 / CBS 2359 / DSM 70799 / NBRC 1267 / NRRL Y-1140 / WM37),284590,PNS1
sp|Q6CY85|PNS1_KLULA,484,NFT,Kluyveromyces lactis (strain ATCC 8585 / CBS 2359 / DSM 70799 / NBRC 1267 / NRRL Y-1140 / WM37),284590,PNS1
sp|Q6CYA2|SYF1_KLULA,356,NHT,Kluyveromyces lactis (strain ATCC 8585 / CBS 2359 / DSM 70799 / NBRC 1267 / NRRL Y-1140 / WM37),284590,SYF1
sp|Q6CYA2|SYF1_KLULA,546,NES,Kluyveromyces lactis (strain ATCC 8585 / CBS 2359 / DSM 70799 / NBRC 1267 / NRRL Y-1140 / WM37),284590,SYF1
sp|Q6CYA2|SYF1_KLULA,639,NIS,Kluyveromyces lactis (strain ATCC 8585 / CBS 2359 / DSM 70799 / NBRC 1267 / NRRL Y-1140 / WM37),284590,SYF1
sp|Q6CYA2|SYF1_KLULA,655,NRS,Kluyveromyces lactis (strain ATCC 8585 / CBS 2359 / DSM 70799 / NBRC 1267 / NRRL Y-1140 / WM37),284590,SYF1
sp|Q6CYA2|SYF1_KLULA,664,NHT,Kluyveromyces lactis (strain ATCC 8585 / CBS 2359 / DSM 70799 / NBRC 1267 / NRRL Y-1140 / WM37),284590,SYF1
sp|Q6CYB3|ERG6_KLULA,22,NVT,Kluyveromyces lactis (strain ATCC 8585 / CBS 2359 / DSM 70799 / NBRC 1267 / NRRL Y-1140 / WM37),284590,ERG6
sp|Q6CYB3|ERG6_KLULA,35,NKS,Kluyveromyces lactis (strain ATCC 8585 / CBS 2359 / DSM 70799 / NBRC 1267 / NRRL Y-1140 / WM37),284590,ERG6
sp|Q6CYB3|ERG6_KLULA,67,NES,Kluyveromyces lactis (strain ATCC 8585 / CBS 2359 / DSM 70799 / NBRC 1267 / NRRL Y-1140 / WM37),284590,ERG6
sp|Q6CYC1|MDM34_KLULA,130,NDS,Kluyveromyces lactis (strain ATCC 8585 / CBS 2359 / DSM 70799 / NBRC 1267 / NRRL Y-1140 / WM37),284590,MDM34
sp|Q6CYC1|MDM34_KLULA,205,NMS,Kluyveromyces lactis (strain ATCC 8585 / CBS 2359 / DSM 70799 / NBRC 1267 / NRRL Y-1140 / WM37),284590,MDM34
sp|Q6CYD0|GMT_KLULA,78,NRT,Kluyveromyces lactis (strain ATCC 8585 / CBS 2359 / DSM 70799 / NBRC 1267 / NRRL Y-1140 / WM37),284590,VRG4
sp|Q6CYD0|GMT_KLULA,116,NLT,Kluyveromyces lactis (strain ATCC 8585 / CBS 2359 / DSM 70799 / NBRC 1267 / NRRL Y-1140 / WM37),284590,VRG4
sp|Q6CYD0|GMT_KLULA,232,NLT,Kluyveromyces lactis (strain ATCC 8585 / CBS 2359 / DSM 70799 / NBRC 1267 / NRRL Y-1140 / WM37),284590,VRG4
sp|Q6CYD0|GMT_KLULA,236,NLS,Kluyveromyces lactis (strain ATCC 8585 / CBS 2359 / DSM 70799 / NBRC 1267 / NRRL Y-1140 / WM37),284590,VRG4
sp|Q6CYD8|SHE10_KLULA,27,NYT,Kluyveromyces lactis (strain ATCC 8585 / CBS 2359 / DSM 70799 / NBRC 1267 / NRRL Y-1140 / WM37),284590,SHE10
sp|Q6CYD8|SHE10_KLULA,238,NKS,Kluyveromyces lactis (strain ATCC 8585 / CBS 2359 / DSM 70799 / NBRC 1267 / NRRL Y-1140 / WM37),284590,SHE10
sp|Q6CYD8|SHE10_KLULA,366,NTS,Kluyveromyces lactis (strain ATCC 8585 / CBS 2359 / DSM 70799 / NBRC 1267 / NRRL Y-1140 / WM37),284590,SHE10
sp|Q6CYD8|SHE10_KLULA,383,NCT,Kluyveromyces lactis (strain ATCC 8585 / CBS 2359 / DSM 70799 / NBRC 1267 / NRRL Y-1140 / WM37),284590,SHE10
sp|Q6CYD8|SHE10_KLULA,393,NKT,Kluyveromyces lactis (strain ATCC 8585 / CBS 2359 / DSM 70799 / NBRC 1267 / NRRL Y-1140 / WM37),284590,SHE10
sp|Q6CYD8|SHE10_KLULA,401,NNT,Kluyveromyces lactis (strain ATCC 8585 / CBS 2359 / DSM 70799 / NBRC 1267 / NRRL Y-1140 / WM37),284590,SHE10
sp|Q6CYD8|SHE10_KLULA,629,NVS,Kluyveromyces lactis (strain ATCC 8585 / CBS 2359 / DSM 70799 / NBRC 1267 / NRRL Y-1140 / WM37),284590,SHE10
sp|Q6CYG2|ATG32_KLULA,119,NTS,Kluyveromyces lactis (strain ATCC 8585 / CBS 2359 / DSM 70799 / NBRC 1267 / NRRL Y-1140 / WM37),284590,ATG32
sp|Q6CYG2|ATG32_KLULA,151,NLS,Kluyveromyces lactis (strain ATCC 8585 / CBS 2359 / DSM 70799 / NBRC 1267 / NRRL Y-1140 / WM37),284590,ATG32
sp|Q6CYG2|ATG32_KLULA,425,NSS,Kluyveromyces lactis (strain ATCC 8585 / CBS 2359 / DSM 70799 / NBRC 1267 / NRRL Y-1140 / WM37),284590,ATG32
sp|Q874T6|GLNA_KLULA,188,NIS,Kluyveromyces lactis (strain ATCC 8585 / CBS 2359 / DSM 70799 / NBRC 1267 / NRRL Y-1140 / WM37),284590,GLN1
sp|Q874T6|GLNA_KLULA,254,NVS,Kluyveromyces lactis (strain ATCC 8585 / CBS 2359 / DSM 70799 / NBRC 1267 / NRRL Y-1140 / WM37),284590,GLN1
sp|Q874T6|GLNA_KLULA,362,NMT,Kluyveromyces lactis (strain ATCC 8585 / CBS 2359 / DSM 70799 / NBRC 1267 / NRRL Y-1140 / WM37),284590,GLN1
sp|Q875N2|RS16_KLULA,32,NGS,Kluyveromyces lactis (strain ATCC 8585 / CBS 2359 / DSM 70799 / NBRC 1267 / NRRL Y-1140 / WM37),284590,RPS16
sp|Q8J2P4|SC61B_KLULA,27,NQT,Kluyveromyces lactis (strain ATCC 8585 / CBS 2359 / DSM 70799 / NBRC 1267 / NRRL Y-1140 / WM37),284590,SBH1
sp|Q96X43|URE2_KLULA,16,NLS,Kluyveromyces lactis (strain ATCC 8585 / CBS 2359 / DSM 70799 / NBRC 1267 / NRRL Y-1140 / WM37),284590,URE2
sp|Q96X43|URE2_KLULA,30,NTT,Kluyveromyces lactis (strain ATCC 8585 / CBS 2359 / DSM 70799 / NBRC 1267 / NRRL Y-1140 / WM37),284590,URE2
sp|Q96X43|URE2_KLULA,37,NIS,Kluyveromyces lactis (strain ATCC 8585 / CBS 2359 / DSM 70799 / NBRC 1267 / NRRL Y-1140 / WM37),284590,URE2
sp|Q96X43|URE2_KLULA,210,NLS,Kluyveromyces lactis (strain ATCC 8585 / CBS 2359 / DSM 70799 / NBRC 1267 / NRRL Y-1140 / WM37),284590,URE2
sp|Q9HDS5|MTAL2_KLULA,190,NTT,Kluyveromyces lactis (strain ATCC 8585 / CBS 2359 / DSM 70799 / NBRC 1267 / NRRL Y-1140 / WM37),284590,HMLALPHA2
sp|Q9HDS6|MTAL3_KLULA,45,NDS,Kluyveromyces lactis (strain ATCC 8585 / CBS 2359 / DSM 70799 / NBRC 1267 / NRRL Y-1140 / WM37),284590,HMLALPHA3
sp|Q9HDS6|MTAL3_KLULA,120,NQT,Kluyveromyces lactis (strain ATCC 8585 / CBS 2359 / DSM 70799 / NBRC 1267 / NRRL Y-1140 / WM37),284590,HMLALPHA3
sp|Q9HDS6|MTAL3_KLULA,327,NCS,Kluyveromyces lactis (strain ATCC 8585 / CBS 2359 / DSM 70799 / NBRC 1267 / NRRL Y-1140 / WM37),284590,HMLALPHA3
sp|Q9HDS6|MTAL3_KLULA,333,NIS,Kluyveromyces lactis (strain ATCC 8585 / CBS 2359 / DSM 70799 / NBRC 1267 / NRRL Y-1140 / WM37),284590,HMLALPHA3
sp|Q9HDS6|MTAL3_KLULA,461,NMT,Kluyveromyces lactis (strain ATCC 8585 / CBS 2359 / DSM 70799 / NBRC 1267 / NRRL Y-1140 / WM37),284590,HMLALPHA3
sp|Q9HDS6|MTAL3_KLULA,573,NFT,Kluyveromyces lactis (strain ATCC 8585 / CBS 2359 / DSM 70799 / NBRC 1267 / NRRL Y-1140 / WM37),284590,HMLALPHA3
sp|Q9HDS6|MTAL3_KLULA,609,NLS,Kluyveromyces lactis (strain ATCC 8585 / CBS 2359 / DSM 70799 / NBRC 1267 / NRRL Y-1140 / WM37),284590,HMLALPHA3
sp|Q9HDS6|MTAL3_KLULA,696,NMT,Kluyveromyces lactis (strain ATCC 8585 / CBS 2359 / DSM 70799 / NBRC 1267 / NRRL Y-1140 / WM37),284590,HMLALPHA3
sp|Q9HDS6|MTAL3_KLULA,763,NMS,Kluyveromyces lactis (strain ATCC 8585 / CBS 2359 / DSM 70799 / NBRC 1267 / NRRL Y-1140 / WM37),284590,HMLALPHA3
sp|Q9HDS6|MTAL3_KLULA,778,NTT,Kluyveromyces lactis (strain ATCC 8585 / CBS 2359 / DSM 70799 / NBRC 1267 / NRRL Y-1140 / WM37),284590,HMLALPHA3
sp|Q9HG13|MATA2_KLULA,3,NST,Kluyveromyces lactis (strain ATCC 8585 / CBS 2359 / DSM 70799 / NBRC 1267 / NRRL Y-1140 / WM37),284590,MATA2
sp|Q9HG13|MATA2_KLULA,31,NNS,Kluyveromyces lactis (strain ATCC 8585 / CBS 2359 / DSM 70799 / NBRC 1267 / NRRL Y-1140 / WM37),284590,MATA2
sp|Q9HG13|MATA2_KLULA,48,NDT,Kluyveromyces lactis (strain ATCC 8585 / CBS 2359 / DSM 70799 / NBRC 1267 / NRRL Y-1140 / WM37),284590,MATA2
sp|Q9HG13|MATA2_KLULA,85,NKS,Kluyveromyces lactis (strain ATCC 8585 / CBS 2359 / DSM 70799 / NBRC 1267 / NRRL Y-1140 / WM37),284590,MATA2
sp|Q9HG13|MATA2_KLULA,106,NES,Kluyveromyces lactis (strain ATCC 8585 / CBS 2359 / DSM 70799 / NBRC 1267 / NRRL Y-1140 / WM37),284590,MATA2
sp|Q9HG13|MATA2_KLULA,218,NLS,Kluyveromyces lactis (strain ATCC 8585 / CBS 2359 / DSM 70799 / NBRC 1267 / NRRL Y-1140 / WM37),284590,MATA2
sp|Q9Y7B5|ACS2_KLULA,92,NAS,Kluyveromyces lactis (strain ATCC 8585 / CBS 2359 / DSM 70799 / NBRC 1267 / NRRL Y-1140 / WM37),284590,ACS2
sp|Q9Y7B5|ACS2_KLULA,538,NVS,Kluyveromyces lactis (strain ATCC 8585 / CBS 2359 / DSM 70799 / NBRC 1267 / NRRL Y-1140 / WM37),284590,ACS2
sp|P78699|SOM1_KLULA,22,NCS,Kluyveromyces lactis (strain ATCC 8585 / CBS 2359 / DSM 70799 / NBRC 1267 / NRRL Y-1140 / WM37),284590,SOM1
sp|Q6CIF3|AEP3_KLULA,61,NTS,Kluyveromyces lactis (strain ATCC 8585 / CBS 2359 / DSM 70799 / NBRC 1267 / NRRL Y-1140 / WM37),284590,AEP3
sp|Q6CIF3|AEP3_KLULA,136,NVS,Kluyveromyces lactis (strain ATCC 8585 / CBS 2359 / DSM 70799 / NBRC 1267 / NRRL Y-1140 / WM37),284590,AEP3
sp|Q6CIF3|AEP3_KLULA,285,NIS,Kluyveromyces lactis (strain ATCC 8585 / CBS 2359 / DSM 70799 / NBRC 1267 / NRRL Y-1140 / WM37),284590,AEP3
sp|Q6CIF3|AEP3_KLULA,303,NIS,Kluyveromyces lactis (strain ATCC 8585 / CBS 2359 / DSM 70799 / NBRC 1267 / NRRL Y-1140 / WM37),284590,AEP3
sp|Q6CK85|RRG1_KLULA,192,NYT,Kluyveromyces lactis (strain ATCC 8585 / CBS 2359 / DSM 70799 / NBRC 1267 / NRRL Y-1140 / WM37),284590,RRG1
sp|Q6CKS3|RRG7_KLULA,23,NES,Kluyveromyces lactis (strain ATCC 8585 / CBS 2359 / DSM 70799 / NBRC 1267 / NRRL Y-1140 / WM37),284590,RRG7
sp|Q6CKS3|RRG7_KLULA,28,NST,Kluyveromyces lactis (strain ATCC 8585 / CBS 2359 / DSM 70799 / NBRC 1267 / NRRL Y-1140 / WM37),284590,RRG7
sp|Q6CKS3|RRG7_KLULA,149,NSS,Kluyveromyces lactis (strain ATCC 8585 / CBS 2359 / DSM 70799 / NBRC 1267 / NRRL Y-1140 / WM37),284590,RRG7
sp|Q6CM46|CS111_KLULA,25,NET,Kluyveromyces lactis (strain ATCC 8585 / CBS 2359 / DSM 70799 / NBRC 1267 / NRRL Y-1140 / WM37),284590,COS111
sp|Q6CM46|CS111_KLULA,42,NDT,Kluyveromyces lactis (strain ATCC 8585 / CBS 2359 / DSM 70799 / NBRC 1267 / NRRL Y-1140 / WM37),284590,COS111
sp|Q6CM46|CS111_KLULA,289,NSS,Kluyveromyces lactis (strain ATCC 8585 / CBS 2359 / DSM 70799 / NBRC 1267 / NRRL Y-1140 / WM37),284590,COS111
sp|Q6CM46|CS111_KLULA,298,NRT,Kluyveromyces lactis (strain ATCC 8585 / CBS 2359 / DSM 70799 / NBRC 1267 / NRRL Y-1140 / WM37),284590,COS111
sp|Q6CM46|CS111_KLULA,348,NGS,Kluyveromyces lactis (strain ATCC 8585 / CBS 2359 / DSM 70799 / NBRC 1267 / NRRL Y-1140 / WM37),284590,COS111
sp|Q6CM46|CS111_KLULA,411,NLS,Kluyveromyces lactis (strain ATCC 8585 / CBS 2359 / DSM 70799 / NBRC 1267 / NRRL Y-1140 / WM37),284590,COS111
sp|Q6CM46|CS111_KLULA,414,NLS,Kluyveromyces lactis (strain ATCC 8585 / CBS 2359 / DSM 70799 / NBRC 1267 / NRRL Y-1140 / WM37),284590,COS111
sp|Q6CM46|CS111_KLULA,597,NCS,Kluyveromyces lactis (strain ATCC 8585 / CBS 2359 / DSM 70799 / NBRC 1267 / NRRL Y-1140 / WM37),284590,COS111
sp|Q6CPQ2|SIA1_KLULA,396,NST,Kluyveromyces lactis (strain ATCC 8585 / CBS 2359 / DSM 70799 / NBRC 1267 / NRRL Y-1140 / WM37),284590,SIA1
sp|Q6CPQ2|SIA1_KLULA,426,NVT,Kluyveromyces lactis (strain ATCC 8585 / CBS 2359 / DSM 70799 / NBRC 1267 / NRRL Y-1140 / WM37),284590,SIA1
sp|Q6CQ02|IRC19_KLULA,19,NSS,Kluyveromyces lactis (strain ATCC 8585 / CBS 2359 / DSM 70799 / NBRC 1267 / NRRL Y-1140 / WM37),284590,IRC19
sp|Q6CQ02|IRC19_KLULA,146,NRS,Kluyveromyces lactis (strain ATCC 8585 / CBS 2359 / DSM 70799 / NBRC 1267 / NRRL Y-1140 / WM37),284590,IRC19
sp|Q6CQ63|AIM6_KLULA,32,NAS,Kluyveromyces lactis (strain ATCC 8585 / CBS 2359 / DSM 70799 / NBRC 1267 / NRRL Y-1140 / WM37),284590,AIM6
sp|Q6CQ63|AIM6_KLULA,153,NNT,Kluyveromyces lactis (strain ATCC 8585 / CBS 2359 / DSM 70799 / NBRC 1267 / NRRL Y-1140 / WM37),284590,AIM6
sp|Q6CU41|TDA2_KLULA,60,NVT,Kluyveromyces lactis (strain ATCC 8585 / CBS 2359 / DSM 70799 / NBRC 1267 / NRRL Y-1140 / WM37),284590,TDA2
sp|Q6CU64|EFR3_KLULA,68,NVS,Kluyveromyces lactis (strain ATCC 8585 / CBS 2359 / DSM 70799 / NBRC 1267 / NRRL Y-1140 / WM37),284590,EFR3
sp|Q6CU64|EFR3_KLULA,159,NDT,Kluyveromyces lactis (strain ATCC 8585 / CBS 2359 / DSM 70799 / NBRC 1267 / NRRL Y-1140 / WM37),284590,EFR3
sp|Q6CU64|EFR3_KLULA,255,NTT,Kluyveromyces lactis (strain ATCC 8585 / CBS 2359 / DSM 70799 / NBRC 1267 / NRRL Y-1140 / WM37),284590,EFR3
sp|Q6CU64|EFR3_KLULA,558,NGT,Kluyveromyces lactis (strain ATCC 8585 / CBS 2359 / DSM 70799 / NBRC 1267 / NRRL Y-1140 / WM37),284590,EFR3
sp|Q6CU64|EFR3_KLULA,597,NDT,Kluyveromyces lactis (strain ATCC 8585 / CBS 2359 / DSM 70799 / NBRC 1267 / NRRL Y-1140 / WM37),284590,EFR3
sp|Q6CU64|EFR3_KLULA,644,NIT,Kluyveromyces lactis (strain ATCC 8585 / CBS 2359 / DSM 70799 / NBRC 1267 / NRRL Y-1140 / WM37),284590,EFR3
sp|Q6CVZ8|NMD4_KLULA,88,NET,Kluyveromyces lactis (strain ATCC 8585 / CBS 2359 / DSM 70799 / NBRC 1267 / NRRL Y-1140 / WM37),284590,NMD4
sp|Q6CVZ8|NMD4_KLULA,242,NKS,Kluyveromyces lactis (strain ATCC 8585 / CBS 2359 / DSM 70799 / NBRC 1267 / NRRL Y-1140 / WM37),284590,NMD4
sp|Q6CWN7|LOT5_KLULA,149,NVS,Kluyveromyces lactis (strain ATCC 8585 / CBS 2359 / DSM 70799 / NBRC 1267 / NRRL Y-1140 / WM37),284590,LOT5
sp|Q6CWN7|LOT5_KLULA,155,NFT,Kluyveromyces lactis (strain ATCC 8585 / CBS 2359 / DSM 70799 / NBRC 1267 / NRRL Y-1140 / WM37),284590,LOT5
sp|Q6CXH7|AIM32_KLULA,277,NET,Kluyveromyces lactis (strain ATCC 8585 / CBS 2359 / DSM 70799 / NBRC 1267 / NRRL Y-1140 / WM37),284590,AIM32
sp|Q6CXR1|U508_KLULA,322,NES,Kluyveromyces lactis (strain ATCC 8585 / CBS 2359 / DSM 70799 / NBRC 1267 / NRRL Y-1140 / WM37),284590,KLLA0A06237g
sp|Q6CXR1|U508_KLULA,388,NDS,Kluyveromyces lactis (strain ATCC 8585 / CBS 2359 / DSM 70799 / NBRC 1267 / NRRL Y-1140 / WM37),284590,KLLA0A06237g
sp|Q6CXR1|U508_KLULA,397,NSS,Kluyveromyces lactis (strain ATCC 8585 / CBS 2359 / DSM 70799 / NBRC 1267 / NRRL Y-1140 / WM37),284590,KLLA0A06237g
sp|Q6CXR1|U508_KLULA,455,NLS,Kluyveromyces lactis (strain ATCC 8585 / CBS 2359 / DSM 70799 / NBRC 1267 / NRRL Y-1140 / WM37),284590,KLLA0A06237g
sp|Q6CXR1|U508_KLULA,487,NST,Kluyveromyces lactis (strain ATCC 8585 / CBS 2359 / DSM 70799 / NBRC 1267 / NRRL Y-1140 / WM37),284590,KLLA0A06237g
sp|Q6CXR1|U508_KLULA,562,NNS,Kluyveromyces lactis (strain ATCC 8585 / CBS 2359 / DSM 70799 / NBRC 1267 / NRRL Y-1140 / WM37),284590,KLLA0A06237g
sp|Q6CXR1|U508_KLULA,666,NMS,Kluyveromyces lactis (strain ATCC 8585 / CBS 2359 / DSM 70799 / NBRC 1267 / NRRL Y-1140 / WM37),284590,KLLA0A06237g
sp|Q6CXR1|U508_KLULA,679,NSS,Kluyveromyces lactis (strain ATCC 8585 / CBS 2359 / DSM 70799 / NBRC 1267 / NRRL Y-1140 / WM37),284590,KLLA0A06237g
sp|Q6CXR1|U508_KLULA,687,NVS,Kluyveromyces lactis (strain ATCC 8585 / CBS 2359 / DSM 70799 / NBRC 1267 / NRRL Y-1140 / WM37),284590,KLLA0A06237g
sp|Q6CXR1|U508_KLULA,690,NMS,Kluyveromyces lactis (strain ATCC 8585 / CBS 2359 / DSM 70799 / NBRC 1267 / NRRL Y-1140 / WM37),284590,KLLA0A06237g
sp|Q6CXR1|U508_KLULA,757,NGS,Kluyveromyces lactis (strain ATCC 8585 / CBS 2359 / DSM 70799 / NBRC 1267 / NRRL Y-1140 / WM37),284590,KLLA0A06237g
sp|Q6CYE2|IRC6_KLULA,188,NIS,Kluyveromyces lactis (strain ATCC 8585 / CBS 2359 / DSM 70799 / NBRC 1267 / NRRL Y-1140 / WM37),284590,IRC6
